# Reference: Mase, H. & Kirby, J.T. (1992). Hybrid frequency-domain KdV equation for random wave transformation. Proc. 23rd Int. Conf. Coastal Engineering (ASCE), 474-487.
# Source repo: https://github.com/fengyanshi/FUNWAVE-TVD  commit b4c322e7582035ee19df8e6409a3dfedaff1cb96, path benchmarks/car_mase_kirby/postprocessing/r2d200.dat
# (r2d470.dat also at benchmarks/car_mase_kirby/fft/r2d470.dat, same values to 4e-9, different formatting; it is the record used to drive the FUNWAVE wavemaker)
# Content: MEASURED surface elevation at the gauge in still-water depth h = 20.0 cm (file name r2dNNN = depth in mm; error_series.m: 'fnam(:,...)='r2d200.dat'' with
#   'h=[47 35 30 25 20 17.5 15 12.5 10 7.5 5 2.5]' in comp_mkskew.m and the plot labels 'h=35.0cm' ... 'h= 2.5cm' in comp_series.m).
# Column: (1) eta [cm], one sample per line, no time column.
#   Time step 0.05 s: error_series.m 'data_time=[0:length(gage_m)-1]*0.05;' and fft4wavemaker.m 'sample_frequency=0.05;' (used as the sampling interval, t=[0:..]*sample_frequency).
#   Units cm: fft4wavemaker.m 'scale_fac=0.01;' converts to m for the wavemaker; error_series.m compares std(data) with 'model(:,k-1)=gage(:,2)*100' (model m -> cm).
#   t = 0 at first sample; 15000 samples = 750 s. Time origin relative to wavemaker start is not documented.
# Geometry (FUNWAVE work/input.txt, model setup): 'DEPTH_FLAT = 0.47', 'SLP = 0.05' (1:20 slope), 'Xslp = 10.0' (slope toe at x = 10 m in the model frame), 'DX = 0.04'.
#   Model gauge positions (work/gauges_004.txt, grid index i, x=(i-1)*DX): 250 313 338 363 388 400 413 425 438 450 463 475 for h = 47 35 30 25 20 17.5 15 12.5 10 7.5 5 2.5 cm.
#   In a lab-independent form: gauge distance shoreward of the slope toe = (47 cm - h)/0.05 (follows from the stated depth and slope; lab x-coordinates are not in the repo).
# Waves: irregular; FUNWAVE uses 'PeakPeriod = 1.0' (spectrum details not stated in repo). Regular sampling -> original instrument record.
1.70500
0.438000
-0.453000
-0.975000
-1.42600
-1.63800
-1.96800
-2.10300
-1.97700
-1.73000
-1.36300
-0.975000
-0.545000
-5.10000E-02
0.413000
0.926000
1.44900
1.88900
2.14100
2.19900
2.04400
1.76400
1.27000
0.723000
0.162000
-0.400000
-0.913000
-1.36300
-1.69200
-1.90500
-2.05500
-1.98200
-1.74500
-1.37200
-0.825000
-9.00000E-02
0.655000
1.34300
1.83600
2.12200
2.23800
2.11200
1.80700
1.30400
0.733000
0.142000
-0.400000
-0.835000
-1.20800
-1.54200
-1.71100
-1.65300
-1.45900
-1.30000
-1.14500
-0.864000
-0.313000
0.481000
1.43000
2.30100
2.81800
2.91500
2.62000
2.07300
1.38100
0.617000
-0.119000
-0.893000
-1.55600
-1.94300
-2.36900
-2.46600
-2.35500
-2.21900
-2.10300
-1.84200
-1.33400
-0.588000
0.321000
1.30900
2.19900
2.84800
3.07000
2.96900
2.61000
1.91400
1.02300
0.171000
-0.569000
-1.22700
-1.65300
-1.84200
-2.19500
-2.43200
-2.61600
-2.61600
-2.46100
-2.13700
-1.65300
-0.898000
7.50000E-02
1.10500
2.07800
2.81400
2.90100
2.18500
1.17800
0.302000
-0.279000
-0.763000
-1.10600
-1.04800
-0.825000
-0.719000
-0.603000
-0.583000
-0.588000
-0.511000
-0.385000
-0.230000
-1.20000E-02
0.200000
0.375000
0.433000
0.380000
0.259000
0.128000
-8.00000E-03
-0.124000
-0.182000
-0.133000
-2.20000E-02
0.113000
0.365000
0.520000
0.423000
0.152000
-0.279000
-0.758000
-1.05300
-1.00000
-0.690000
-0.245000
0.394000
1.36200
2.46000
3.59300
3.76700
1.75400
-4.60000E-02
-1.45500
-2.37400
-3.00300
-3.19700
-3.29300
-3.09000
-2.59700
-1.88500
-1.01400
1.20000E-02
0.926000
1.61400
2.03000
2.19400
2.07800
1.72500
1.09600
0.346000
-0.390000
-1.10100
-1.65300
-1.89500
-1.79300
-1.42600
-0.874000
2.60000E-02
0.999000
1.65700
1.69600
1.36700
0.723000
0.128000
-0.438000
-1.04800
-1.54200
-1.78400
-1.93800
-1.98200
-1.94300
-1.61400
-0.821000
0.244000
1.53600
2.99800
3.86900
3.99400
2.60100
0.960000
-0.317000
-1.15000
-1.72600
-2.10300
-2.29700
-2.43200
-2.21900
-1.77400
-1.35800
-0.854000
-0.298000
0.292000
0.776000
1.07200
1.26500
1.38100
1.35200
1.19700
1.00400
0.863000
0.786000
0.670000
0.568000
0.355000
-1.20000E-02
-0.409000
-0.646000
-0.782000
-0.975000
-1.09200
-0.946000
-0.685000
-0.346000
1.70000E-02
0.336000
0.597000
0.781000
0.883000
0.883000
0.863000
0.796000
0.646000
0.399000
0.181000
4.60000E-02
-5.10000E-02
-0.138000
-0.317000
-0.472000
-0.492000
-0.453000
-0.448000
-0.438000
-0.380000
-0.240000
3.10000E-02
0.457000
1.01800
1.58000
1.75400
1.39600
0.578000
-0.254000
-0.922000
-1.35800
-1.63400
-1.69200
-1.55600
-1.15000
-0.579000
7.00000E-03
0.510000
1.01300
1.43900
1.71000
1.90400
1.75400
1.30900
0.602000
-6.60000E-02
-0.709000
-1.22200
-1.51300
-1.64800
-1.70100
-1.68700
-1.45500
-0.995000
-0.414000
0.142000
0.680000
1.09100
1.35200
1.54600
1.65700
1.66700
1.46400
1.03800
0.559000
0.113000
-0.298000
-0.671000
-0.922000
-1.09200
-1.20800
-1.20800
-1.07200
-0.917000
-0.792000
-0.637000
-0.361000
-3.00000E-03
0.307000
0.578000
0.752000
0.922000
1.15400
1.46800
1.84100
2.06400
1.82600
1.39100
0.820000
0.171000
-0.569000
-1.33800
-1.92400
-2.33000
-2.66000
-2.88200
-2.82900
-2.45100
-1.79300
-1.00900
-4.60000E-02
0.960000
1.94700
2.61500
2.83300
2.60100
2.06800
1.35200
0.612000
-5.10000E-02
-0.680000
-1.18800
-1.47900
-1.77900
-1.73000
-1.36700
-0.845000
-0.400000
-0.119000
1.70000E-02
5.00000E-02
1.20000E-02
2.00000E-03
1.70000E-02
-2.70000E-02
-0.148000
-0.245000
-0.109000
0.200000
0.651000
1.21200
1.67600
1.71500
1.38100
0.815000
0.181000
-0.361000
-0.835000
-1.12500
-1.24600
-1.16400
-0.898000
-0.433000
6.00000E-02
0.592000
1.14900
1.54600
1.61400
1.30400
0.733000
0.186000
-0.221000
-0.472000
-0.535000
-0.400000
-0.138000
-3.00000E-03
5.50000E-02
7.50000E-02
3.60000E-02
-4.60000E-02
-0.240000
-0.511000
-0.753000
-0.792000
-0.564000
-0.187000
0.326000
1.02300
1.69600
2.04900
1.88900
1.39600
0.786000
0.196000
-0.245000
-0.622000
-0.913000
-1.27100
-1.53200
-1.55100
-1.35800
-1.16900
-1.15000
-1.13500
-0.961000
-0.709000
-0.419000
7.00000E-03
0.612000
1.34700
2.10200
2.58600
2.41200
1.52200
0.462000
-0.342000
-0.980000
-1.54200
-1.78400
-1.80800
-1.71100
-1.53700
-1.34300
-1.07200
-0.772000
-0.613000
-0.574000
-0.342000
0.162000
0.883000
1.54100
1.83100
1.56000
0.951000
0.259000
-0.448000
-1.07700
-1.45500
-1.63800
-1.67700
-1.61400
-1.22700
-0.569000
0.176000
1.02800
1.65200
1.86500
1.60400
1.00400
0.302000
-0.375000
-0.932000
-1.31900
-1.48800
-1.61400
-1.54700
-1.36700
-1.00900
-0.458000
0.273000
1.15400
1.98600
2.32500
2.09700
1.42000
0.607000
-9.00000E-02
-0.666000
-1.03400
-1.20800
-1.42100
-1.51700
-1.43000
-1.22200
-0.864000
-0.400000
0.171000
0.907000
1.66700
2.23800
2.37800
2.04400
1.43400
0.801000
0.171000
-0.429000
-1.03800
-1.45900
-1.78800
-1.82200
-1.64800
-1.43000
-1.08200
-0.429000
0.346000
1.27500
2.27700
3.17200
3.63100
3.45700
2.57200
1.33300
8.40000E-02
-0.903000
-1.72600
-2.29200
-2.64000
-2.79500
-2.67900
-2.49500
-2.00100
-1.14500
-1.70000E-02
1.23100
2.65900
3.69000
3.90200
3.26400
2.10200
0.989000
9.40000E-02
-0.603000
-1.22200
-1.49300
-1.65800
-1.86600
-1.88500
-1.65300
-1.28500
-0.874000
-0.477000
-4.20000E-02
0.607000
1.33300
1.92300
2.14100
1.91400
1.48800
0.941000
0.326000
-0.172000
-0.487000
-0.651000
-0.627000
-0.603000
-0.385000
-0.158000
-1.04000E-01
-8.50000E-02
-2.70000E-02
-4.20000E-02
-0.192000
-0.419000
-0.651000
-0.748000
-0.690000
-0.525000
-0.356000
-0.133000
0.244000
0.670000
0.946000
0.917000
0.723000
0.481000
0.360000
0.423000
0.631000
0.907000
1.09600
0.917000
0.254000
-0.709000
-1.60000
-2.26800
-2.79000
-3.06100
-3.12400
-2.69800
-1.77900
-0.419000
1.32300
3.09400
4.06200
4.28500
3.05600
1.21200
-0.356000
-1.44000
-2.18500
-2.72200
-2.70300
-2.56800
-2.20900
-1.69200
-0.975000
-4.60000E-02
0.830000
1.59900
2.10200
2.08800
1.80700
1.28400
0.626000
2.60000E-02
-0.472000
-0.859000
-1.02400
-1.10600
-1.11100
-1.17400
-1.27100
-1.19300
-0.961000
-0.574000
-1.04000E-01
0.423000
0.999000
1.36700
1.50200
1.40500
1.18800
0.839000
0.481000
0.171000
-7.50000E-02
-0.313000
-0.511000
-0.734000
-0.917000
-1.08200
-1.18800
-1.23200
-1.24200
-1.22200
-1.12500
-0.850000
-0.395000
0.147000
0.709000
1.11000
1.17800
0.994000
0.859000
0.849000
0.955000
1.12000
1.30900
1.48300
1.42500
0.989000
0.220000
-0.593000
-1.40600
-2.20900
-2.83900
-3.15800
-3.24000
-3.10000
-2.69800
-2.05900
-1.17900
0.123000
1.69100
3.25900
4.23600
4.44900
3.49600
2.00600
0.563000
-0.564000
-1.40600
-2.02600
-2.17100
-2.20900
-2.28700
-2.24800
-2.07900
-1.71100
-1.12100
-0.482000
0.142000
0.897000
1.63300
2.19400
2.23300
1.85100
1.32800
0.771000
0.321000
7.00000E-02
3.60000E-02
0.109000
-3.00000E-03
-0.109000
-0.235000
-0.361000
-0.472000
-0.603000
-0.622000
-0.511000
-0.279000
-3.70000E-02
0.210000
0.554000
0.917000
1.20700
1.28400
1.18800
0.888000
0.462000
1.20000E-02
-0.346000
-0.564000
-0.656000
-0.564000
-0.400000
-0.206000
2.60000E-02
0.302000
0.534000
0.771000
0.999000
1.07200
0.960000
0.641000
0.200000
-0.313000
-0.903000
-1.41600
-1.62900
-1.51700
-1.25100
-0.719000
-4.20000E-02
0.684000
1.45900
1.99100
2.01000
1.54600
0.728000
-8.50000E-02
-0.763000
-1.20800
-1.40600
-1.27100
-1.19800
-1.05800
-0.961000
-0.777000
-0.414000
0.109000
0.655000
1.12000
1.25100
1.02800
0.452000
-0.167000
-0.709000
-1.01900
-1.24200
-1.19300
-0.859000
-0.429000
-1.04000E-01
0.128000
0.399000
0.684000
0.917000
0.955000
0.873000
0.742000
0.568000
0.384000
0.186000
-8.50000E-02
-0.472000
-0.850000
-1.18800
-1.56100
-1.81300
-1.87100
-1.72600
-1.37700
-0.724000
0.244000
1.46400
2.66400
3.45700
3.63600
3.21500
2.07800
0.607000
-0.680000
-1.59500
-2.15600
-2.13700
-1.96300
-1.65300
-1.40600
-1.11100
-0.729000
-0.303000
8.40000E-02
0.457000
0.849000
1.25100
1.71500
2.26200
2.72700
2.88100
2.70700
2.11700
1.10100
-0.196000
-1.36300
-2.35000
-2.93100
-3.14300
-3.01300
-2.58700
-1.85100
-0.777000
0.631000
2.19900
3.59300
3.98000
3.03100
1.56500
0.278000
-0.642000
-1.23200
-1.68700
-1.63400
-1.47900
-1.34300
-1.40600
-1.53200
-1.51300
-1.23200
-0.796000
-0.158000
0.747000
1.92800
2.99300
3.63600
3.27300
2.15100
0.820000
-0.361000
-1.19300
-1.75000
-2.02100
-2.09800
-2.03000
-1.75000
-1.34300
-0.903000
-0.583000
-0.245000
0.220000
0.767000
1.23600
1.44900
1.27000
0.834000
0.297000
-0.216000
-0.671000
-0.874000
-0.845000
-0.588000
-0.158000
0.360000
1.06200
1.87000
2.33500
2.10700
1.30400
0.394000
-0.283000
-0.758000
-1.03400
-1.11100
-1.30500
-1.49800
-1.66300
-1.70100
-1.57100
-1.35800
-1.07700
-0.651000
-6.60000E-02
0.496000
0.960000
1.26000
1.37600
1.43900
1.40100
1.30400
1.11000
0.670000
3.60000E-02
-0.675000
-1.25100
-1.61400
-1.78800
-1.90500
-1.96300
-1.85100
-1.52200
-1.00000
-0.375000
0.147000
0.515000
0.670000
0.738000
0.810000
0.888000
0.830000
0.646000
0.239000
-0.317000
-0.971000
-1.55100
-1.92400
-1.98200
-1.68700
-1.09600
-0.283000
0.462000
0.965000
0.941000
0.539000
0.147000
-2.70000E-02
-0.114000
-0.250000
-0.419000
-0.477000
-0.554000
-0.371000
-0.158000
-0.114000
-0.221000
-0.492000
-0.821000
-0.995000
-0.913000
-0.632000
-0.225000
0.239000
0.801000
1.27500
1.61800
1.63800
1.40500
1.05700
0.578000
9.40000E-02
-0.400000
-0.893000
-1.20300
-1.18800
-0.937000
-0.632000
-0.356000
-1.04000E-01
0.123000
0.297000
0.317000
0.229000
0.205000
0.399000
0.709000
1.11500
1.58000
2.07300
2.43600
2.50400
2.14600
1.32300
0.307000
-0.627000
-1.51300
-2.24800
-2.73700
-2.88200
-2.69300
-2.41800
-2.04500
-1.52200
-0.535000
0.863000
2.48900
3.82500
4.60400
4.46400
3.20600
1.76800
0.433000
-0.603000
-1.40100
-2.02100
-2.29200
-2.58200
-2.64000
-2.39800
-1.78400
-0.913000
0.113000
1.25500
2.43600
3.44300
3.32200
2.18000
0.960000
1.20000E-02
-0.709000
-1.21300
-1.32900
-1.18800
-0.913000
-0.375000
0.205000
0.825000
1.45900
1.92300
1.97200
1.75900
1.35200
0.791000
0.167000
-0.414000
-0.917000
-1.27100
-1.48400
-1.52200
-1.46900
-1.31900
-1.03800
-0.506000
0.263000
1.11500
1.84100
2.47500
2.72700
2.56200
1.87000
1.02300
0.263000
-0.356000
-1.02900
-1.59500
-1.85600
-2.11300
-2.07400
-1.86600
-1.59500
-1.28500
-0.975000
-0.714000
-0.433000
-1.70000E-02
0.588000
1.38100
2.16500
2.78000
2.97300
2.46000
1.32800
7.50000E-02
-0.951000
-1.72600
-2.31600
-2.46100
-2.63500
-2.54300
-2.38900
-2.08900
-1.65300
-1.01900
-0.158000
0.767000
1.71500
2.37800
2.45100
1.98600
1.14900
0.181000
-0.661000
-1.30900
-1.66700
-1.59000
-1.59500
-1.36300
-0.985000
-0.516000
-4.20000E-02
0.171000
0.259000
0.167000
-8.00000E-03
-0.124000
-0.201000
-9.00000E-02
0.220000
0.704000
1.23600
1.58400
1.59900
1.30900
0.825000
0.210000
-0.400000
-1.04800
-1.76400
-2.35500
-2.66000
-2.75600
-2.70800
-2.42200
-1.88000
-0.913000
0.520000
2.23300
3.75700
4.45400
3.59800
1.83600
0.331000
-0.748000
-1.48400
-1.95800
-1.97700
-1.88500
-1.75000
-1.49800
-1.10600
-0.709000
-0.419000
-0.206000
2.60000E-02
0.225000
0.404000
0.607000
0.786000
0.762000
0.607000
0.452000
0.191000
7.00000E-02
0.123000
0.263000
0.438000
0.815000
1.25100
1.37600
1.12000
0.626000
3.60000E-02
-0.550000
-1.13000
-1.56600
-1.77400
-1.75500
-1.60000
-1.43500
-1.05800
-0.569000
1.20000E-02
0.607000
1.22200
1.80700
2.31000
2.80400
2.95900
2.49400
1.58000
0.573000
-0.279000
-0.995000
-1.61400
-1.90900
-2.00600
-1.82200
-1.62900
-1.30500
-0.666000
0.196000
1.04200
1.60900
1.86000
1.79700
1.59400
1.29400
1.05700
0.883000
0.631000
0.355000
0.181000
1.04000E-01
3.60000E-02
2.10000E-02
-6.60000E-02
-0.182000
-0.143000
3.60000E-02
0.220000
0.317000
0.210000
-4.60000E-02
-0.313000
-0.472000
-0.608000
-0.564000
-0.322000
2.60000E-02
0.302000
0.462000
0.597000
0.767000
1.01800
1.22600
1.33300
1.23600
0.926000
0.423000
-8.00000E-02
-0.569000
-1.13000
-1.69200
-2.08900
-2.25800
-2.23900
-2.01600
-1.59500
-1.09200
-0.404000
0.404000
1.28400
2.07800
2.52300
2.54300
2.18500
1.56000
0.844000
0.167000
-0.545000
-1.28000
-1.79300
-2.18000
-2.38400
-2.53400
-2.63100
-2.50500
-2.23400
-1.96300
-1.46400
-0.564000
0.578000
1.93300
3.40400
4.25100
3.85900
2.54300
1.19700
-1.70000E-02
-0.990000
-1.79300
-2.46600
-2.83400
-3.14300
-3.14300
-2.91600
-2.54800
-1.91900
-1.06700
7.50000E-02
1.38600
2.74100
3.59300
3.22500
2.27200
1.24600
0.302000
-0.414000
-0.932000
-1.14000
-0.985000
-0.816000
-0.458000
-3.20000E-02
0.288000
0.471000
0.573000
0.554000
0.452000
0.375000
0.259000
-2.20000E-02
-0.390000
-0.709000
-0.879000
-0.898000
-0.666000
-0.182000
0.447000
1.28400
2.17500
3.06500
3.13300
2.33500
1.17300
6.50000E-02
-0.787000
-1.48800
-2.02600
-2.12200
-2.26800
-2.15100
-1.92400
-1.61400
-1.22200
-0.767000
-0.138000
0.684000
1.73500
2.89600
3.82500
4.46900
4.41100
2.92500
1.06200
-0.671000
-1.97700
-2.90600
-3.45300
-3.76300
-3.86900
-3.76300
-3.50600
-3.03200
-2.37400
-1.48400
-0.162000
1.39100
3.36000
4.59900
4.41500
3.03600
1.67200
0.471000
-0.361000
-0.879000
-1.15000
-1.11100
-1.15000
-1.18800
-1.24600
-1.17400
-1.07700
-1.08700
-1.09200
-1.09200
-1.07200
-0.951000
-0.787000
-0.554000
-0.109000
0.365000
0.883000
1.25100
1.28900
1.27500
1.26000
1.11000
0.878000
0.500000
6.50000E-02
-0.501000
-0.995000
-1.28500
-1.41100
-1.44500
-1.40600
-1.44500
-1.42100
-1.20300
-0.821000
-0.356000
0.157000
0.675000
1.04200
1.20700
1.14900
1.00400
0.820000
0.539000
0.167000
-0.322000
-0.864000
-1.25600
-1.49300
-1.55100
-1.49300
-1.31900
-0.879000
-0.201000
0.525000
1.07200
1.28400
1.15900
0.975000
0.830000
0.660000
0.438000
0.138000
-0.235000
-0.709000
-1.21300
-1.67700
-2.00600
-2.21400
-2.25300
-2.05900
-1.61400
-0.893000
1.04000E-01
1.18800
2.09700
2.43600
2.33500
2.00600
1.48800
0.917000
0.297000
-0.313000
-0.951000
-1.50300
-1.94300
-2.25300
-2.42700
-2.60100
-2.50000
-2.10800
-1.58000
-0.845000
0.229000
1.52200
2.61500
2.99300
2.54300
1.53600
0.326000
-0.627000
-1.24200
-1.55100
-1.26600
-0.792000
0.138000
1.23100
2.06800
2.00100
1.31300
0.438000
-0.317000
-0.971000
-1.34300
-1.30000
-1.20300
-0.946000
-0.632000
-0.225000
0.259000
0.752000
1.13900
1.37600
1.38100
1.25500
1.13000
0.820000
0.210000
-0.371000
-0.719000
-0.743000
-0.472000
5.00000E-02
0.636000
1.06700
1.22600
0.994000
0.476000
1.70000E-02
-0.308000
-0.472000
-0.433000
-0.221000
4.10000E-02
0.297000
0.491000
0.530000
0.394000
0.152000
-2.20000E-02
-0.158000
-0.162000
7.00000E-02
0.602000
1.24100
1.79700
1.98100
1.75900
1.29900
0.771000
0.307000
-4.60000E-02
-0.414000
-0.792000
-1.15000
-1.48400
-1.75500
-1.78400
-1.45900
-0.782000
0.147000
1.22600
2.20400
2.72700
2.68800
2.18500
1.56500
1.04200
0.612000
0.229000
-8.00000E-03
-7.50000E-02
-0.196000
-0.525000
-0.845000
-1.03400
-1.13000
-1.16900
-1.18400
-1.07200
-0.801000
-0.385000
1.04000E-01
0.733000
1.43000
2.03900
2.35900
2.19900
1.61800
0.854000
7.50000E-02
-0.579000
-1.09600
-1.44500
-1.53200
-1.42600
-1.09200
-0.724000
-0.433000
-0.245000
-0.148000
-0.245000
-0.525000
-0.874000
-1.09200
-1.07200
-0.898000
-0.685000
-0.322000
0.200000
0.742000
1.14900
1.25100
1.11500
0.902000
0.713000
0.631000
0.515000
0.249000
-0.177000
-0.782000
-1.43500
-1.90000
-2.05900
-2.00100
-1.87100
-1.60900
-1.29000
-0.971000
-0.588000
-8.50000E-02
0.380000
0.767000
0.960000
0.902000
0.684000
0.423000
0.302000
0.380000
0.597000
0.863000
0.980000
0.863000
0.481000
-1.20000E-02
-0.487000
-0.825000
-1.00000
-1.12500
-1.28500
-1.41100
-1.40600
-1.22200
-0.922000
-0.554000
-0.162000
9.90000E-02
0.321000
0.515000
0.728000
0.946000
1.22200
1.40100
1.42000
1.30400
1.07600
0.651000
0.205000
-0.124000
-0.361000
-0.583000
-0.888000
-1.21300
-1.40100
-1.35800
-1.12500
-0.859000
-0.666000
-0.482000
-0.293000
-9.00000E-02
8.40000E-02
0.307000
0.655000
1.17800
1.81700
2.41200
2.76000
2.51400
1.74900
0.733000
-0.201000
-1.09200
-1.82700
-2.21400
-2.49000
-2.46600
-2.21400
-1.63800
-0.845000
-4.60000E-02
0.573000
1.01800
1.19300
1.03300
0.791000
0.481000
0.297000
0.336000
0.631000
1.09600
1.66200
2.06400
1.98600
1.35700
0.471000
-0.313000
-1.02900
-1.60900
-1.90000
-1.94300
-1.87100
-1.87600
-1.79300
-1.56600
-1.19300
-0.709000
-0.119000
0.559000
1.25500
1.83100
2.34400
2.71200
2.76000
2.34900
1.51700
0.520000
-0.390000
-1.18800
-1.74000
-1.94300
-2.05900
-1.75500
-1.27100
-0.787000
-0.574000
-0.583000
-0.685000
-0.738000
-0.685000
-0.448000
3.60000E-02
0.742000
1.59400
2.32000
2.74600
2.74600
2.35900
1.79300
1.04700
0.118000
-0.903000
-1.89000
-2.54800
-3.05200
-3.10500
-2.83400
-2.15600
-1.16900
0.326000
1.88900
2.52800
2.33000
1.83600
1.23600
0.689000
0.186000
-0.259000
-0.632000
-0.758000
-0.835000
-0.893000
-0.874000
-0.825000
-0.593000
-6.60000E-02
0.554000
1.14400
1.58400
1.75400
1.59400
1.20700
0.713000
0.205000
-0.274000
-0.743000
-1.11100
-1.37200
-1.51700
-1.58000
-1.69700
-1.68700
-1.40100
-0.782000
7.00000E-02
1.03800
1.96200
2.38800
2.21400
1.37200
0.336000
-0.419000
-0.821000
-0.995000
-0.879000
-0.346000
9.40000E-02
0.549000
0.820000
0.665000
0.239000
-0.235000
-0.642000
-0.859000
-0.917000
-0.801000
-0.593000
-0.342000
-8.00000E-02
0.109000
0.186000
8.90000E-02
-6.60000E-02
-0.259000
-0.361000
-0.293000
7.00000E-03
0.491000
1.19700
1.87000
2.04400
1.65700
0.873000
9.40000E-02
-0.554000
-1.03800
-1.36700
-1.43500
-1.54200
-1.45900
-1.35300
-1.16900
-0.801000
-0.361000
5.50000E-02
0.418000
0.805000
1.15400
1.27000
1.17300
1.03300
1.06200
1.45900
2.19400
2.99800
2.23800
0.457000
-1.01400
-1.99200
-2.68400
-3.03200
-2.90600
-2.63500
-2.15100
-1.45900
-0.646000
1.70000E-02
0.496000
0.931000
1.34300
1.76800
2.28100
2.75600
3.01200
2.87700
2.54800
2.00100
1.12000
0.142000
-0.835000
-1.83200
-2.46100
-2.83400
-3.11900
-3.33700
-3.41900
-3.21600
-2.68400
-1.83200
-0.651000
0.786000
2.33000
3.64100
4.13500
3.88300
2.69800
1.36200
0.162000
-0.661000
-1.30000
-1.73000
-1.78800
-1.94300
-2.02600
-1.94800
-1.84200
-1.71600
-1.46400
-1.12500
-0.642000
1.20000E-02
0.728000
1.42000
1.88500
1.95200
1.66200
1.11500
0.370000
-0.337000
-0.956000
-1.46900
-1.91400
-2.21900
-2.09300
-1.67700
-0.898000
0.167000
1.41500
2.66800
2.80400
1.95200
0.771000
-0.162000
-0.777000
-1.09200
-1.29500
-1.30500
-1.33800
-1.01900
-0.583000
-0.206000
7.00000E-02
0.268000
0.321000
0.205000
0.157000
0.210000
0.413000
0.636000
0.830000
0.960000
0.965000
0.902000
0.902000
0.907000
0.810000
0.578000
0.317000
7.00000E-02
-0.240000
-0.608000
-0.966000
-1.26100
-1.50300
-1.65800
-1.70600
-1.62900
-1.49800
-1.22700
-0.724000
-1.20000E-02
0.955000
2.25200
3.55900
3.79100
3.43800
2.35400
1.00900
-0.293000
-1.40600
-2.25800
-2.68400
-2.71300
-2.87200
-2.73700
-2.38900
-1.89500
-1.23700
-0.438000
0.365000
1.15900
1.79700
2.20400
2.10700
1.65700
1.11000
0.578000
9.40000E-02
-0.409000
-0.937000
-1.24200
-1.40100
-1.45500
-1.40600
-1.32900
-1.22200
-1.02900
-0.492000
0.225000
1.09600
2.07300
2.76500
2.54300
1.68100
0.626000
-0.274000
-1.01400
-1.65300
-2.10800
-2.33500
-2.22900
-1.96800
-1.68700
-1.32400
-0.777000
-4.60000E-02
0.747000
1.52600
2.09700
2.42700
2.43600
2.08800
1.36700
0.515000
-0.182000
-0.632000
-0.825000
-0.845000
-0.840000
-0.700000
-0.414000
1.20000E-02
0.452000
0.859000
1.05200
1.00400
0.810000
0.476000
8.90000E-02
-0.298000
-0.724000
-0.990000
-1.03800
-0.980000
-0.661000
-3.20000E-02
0.844000
1.88900
2.77500
3.24000
3.12300
2.56200
1.75900
1.03800
0.360000
-0.337000
-0.956000
-1.24200
-1.75500
-2.06400
-2.25300
-2.31100
-2.21400
-1.90500
-1.32900
-0.361000
0.752000
1.97200
3.03600
3.50100
3.16700
2.41200
1.52200
0.665000
-2.20000E-02
-0.554000
-0.917000
-1.07200
-1.44000
-1.45000
-1.45000
-1.48400
-1.33800
-0.937000
-0.453000
-4.60000E-02
0.254000
0.607000
0.970000
1.14900
1.07200
0.926000
0.902000
0.883000
0.709000
0.375000
-7.10000E-02
-0.535000
-1.07700
-1.40100
-1.46900
-1.44000
-1.20800
-0.840000
-0.400000
6.50000E-02
0.442000
0.554000
0.321000
-0.133000
-0.748000
-1.25100
-1.54200
-1.64800
-1.63400
-1.26600
-0.521000
0.365000
1.25100
1.76800
1.70100
1.18800
0.438000
-0.298000
-0.937000
-1.44000
-1.75900
-1.79300
-1.89000
-1.93800
-1.84200
-1.53200
-1.18800
-0.821000
-0.385000
0.113000
0.704000
1.34300
1.88500
2.12600
1.85100
1.15400
0.292000
-0.477000
-1.10600
-1.61900
-1.80300
-1.95300
-1.67200
-1.05300
-0.332000
0.283000
0.781000
1.09100
1.05700
0.805000
0.515000
0.244000
-2.20000E-02
-0.303000
-0.438000
-0.351000
-7.10000E-02
0.128000
0.283000
0.476000
0.810000
1.21700
1.44900
1.43000
1.15400
0.573000
-1.04000E-01
-0.724000
-1.15900
-1.48400
-1.60900
-1.43500
-1.06700
-0.409000
0.457000
1.25500
1.69100
1.72000
1.43900
1.01300
0.592000
0.283000
9.40000E-02
1.70000E-02
-2.20000E-02
-5.10000E-02
-1.00000E-01
-9.50000E-02
5.00000E-02
0.263000
0.530000
0.888000
1.26500
1.44900
1.27000
0.767000
5.00000E-02
-0.743000
-1.44000
-1.97200
-2.27700
-2.29700
-1.97700
-1.30000
-0.143000
1.30900
2.99300
4.34300
4.78800
3.33600
1.54100
-2.20000E-02
-1.20300
-1.98200
-2.54300
-2.69300
-2.92600
-2.89700
-2.59200
-2.21400
-1.71100
-0.975000
6.50000E-02
1.10100
2.00100
2.48500
2.43600
2.19900
1.96700
1.88900
1.76800
1.61400
1.06200
0.283000
-0.666000
-1.47900
-2.13700
-2.45600
-2.65000
-2.60600
-2.27700
-1.67200
-0.821000
0.225000
1.21200
1.90400
2.25200
2.23300
1.90400
1.25500
0.578000
7.00000E-02
-0.279000
-0.448000
-0.371000
-0.496000
-0.583000
-0.656000
-0.685000
-0.569000
-0.288000
9.90000E-02
0.462000
0.694000
0.675000
0.438000
0.128000
-7.50000E-02
-0.182000
-0.187000
-0.177000
-0.225000
-0.240000
-0.221000
-0.254000
-0.375000
-0.501000
-0.535000
-0.448000
-0.221000
0.152000
0.670000
1.27000
1.80700
2.00100
1.66200
0.878000
3.10000E-02
-0.801000
-1.45000
-1.76400
-1.68200
-1.58000
-1.45500
-1.36300
-1.30500
-1.36300
-1.52700
-1.48400
-1.15500
-0.719000
-0.129000
0.631000
1.63800
2.60600
3.00200
2.58100
1.54600
0.442000
-0.395000
-1.03400
-1.52700
-1.73500
-1.69200
-1.85100
-1.94800
-2.05500
-2.05900
-1.87100
-1.57100
-1.28000
-0.971000
-0.603000
-8.00000E-02
0.496000
1.13400
1.69100
2.06800
2.06800
1.65200
1.03800
0.476000
4.10000E-02
-0.351000
-0.671000
-0.709000
-0.545000
-0.317000
-4.60000E-02
0.128000
0.259000
0.288000
0.210000
5.00000E-02
-0.158000
-0.375000
-0.414000
-0.361000
-0.283000
-0.148000
2.60000E-02
0.283000
0.592000
0.888000
1.11000
1.34300
1.65200
1.97200
2.31500
2.48900
2.30600
1.56000
0.452000
-0.719000
-1.80300
-2.66000
-3.18200
-3.50600
-3.52100
-3.21100
-2.64500
-1.63800
-0.182000
1.71500
3.63100
3.99000
3.16200
2.11700
1.12000
0.317000
-0.201000
-0.743000
-1.06300
-1.19300
-1.38700
-1.45500
-1.39600
-1.18800
-0.821000
-0.356000
0.118000
0.617000
1.07600
1.41000
1.63800
1.61800
1.35700
0.994000
0.588000
5.50000E-02
-0.525000
-0.917000
-1.13000
-1.18400
-1.07700
-0.922000
-0.840000
-0.704000
-0.414000
-0.143000
0.113000
0.530000
1.07200
1.70100
2.28600
2.64400
2.46000
1.62800
0.471000
-0.554000
-1.33800
-2.07400
-2.49500
-2.87200
-2.84300
-2.47100
-1.78400
-0.821000
0.360000
1.48800
2.23800
2.24300
1.74400
0.946000
0.162000
-0.487000
-1.01400
-1.36300
-1.37200
-1.27600
-1.00000
-0.661000
-0.148000
0.365000
0.849000
1.25100
1.38100
1.13900
0.636000
0.133000
-0.293000
-0.646000
-0.859000
-0.942000
-0.869000
-0.690000
-0.574000
-0.554000
-0.574000
-0.583000
-0.603000
-0.569000
-0.535000
-0.554000
-0.535000
-0.371000
5.00000E-02
0.631000
1.36700
2.21800
2.95900
2.93000
1.91400
0.520000
-0.685000
-1.59500
-2.34000
-2.78100
-2.80000
-2.61600
-2.17100
-1.57600
-0.724000
0.234000
1.17800
1.92300
2.29100
2.26200
2.06800
1.76400
1.21700
0.500000
-0.172000
-0.816000
-1.37700
-1.71100
-1.94300
-1.84700
-1.47900
-0.835000
-1.20000E-02
0.713000
1.21700
1.43000
1.46800
1.43400
1.36700
1.29900
1.17800
0.926000
0.617000
0.283000
-2.70000E-02
-0.254000
-0.496000
-0.758000
-1.00900
-1.28500
-1.53700
-1.66700
-1.48800
-1.09600
-0.438000
0.500000
1.58000
2.39300
2.60600
2.34900
1.82600
1.17800
0.457000
-0.240000
-0.917000
-1.42100
-1.80300
-1.94800
-1.88000
-1.62400
-1.04800
-0.182000
0.738000
1.68100
2.38800
2.84300
2.81400
2.31500
1.21200
3.10000E-02
-0.956000
-1.71600
-2.21900
-2.44200
-2.40800
-2.07900
-1.59500
-0.811000
0.355000
1.59400
2.64900
2.83800
2.05400
0.941000
8.90000E-02
-0.308000
-0.458000
-0.235000
0.457000
0.980000
1.39100
1.58400
1.34300
0.801000
0.200000
-0.274000
-0.646000
-0.879000
-1.04800
-1.21300
-1.34800
-1.42600
-1.40100
-1.36300
-1.15000
-0.646000
0.113000
0.936000
1.66200
2.18000
2.35400
1.96700
1.22200
0.515000
-3.00000E-03
-0.438000
-0.825000
-0.937000
-0.956000
-0.821000
-0.709000
-0.564000
-0.448000
-0.375000
-0.221000
1.20000E-02
0.244000
0.515000
0.713000
0.684000
0.423000
3.10000E-02
-0.433000
-0.956000
-1.34300
-1.50800
-1.46400
-1.05800
-0.337000
0.534000
1.50200
2.27200
2.61000
2.31000
1.49700
0.486000
-0.472000
-1.27600
-1.87600
-2.43700
-2.85800
-3.15800
-3.25500
-3.08500
-2.69800
-2.15100
-1.12100
0.433000
2.30100
3.90700
4.56100
3.63100
1.72000
5.50000E-02
-1.09600
-1.84700
-2.38400
-2.23400
-2.13700
-1.95300
-1.72100
-1.40600
-1.02900
-0.758000
-0.472000
-0.162000
5.50000E-02
0.196000
0.336000
0.568000
0.955000
1.69600
2.72200
3.49600
3.24000
2.31000
0.888000
-0.453000
-1.49300
-2.21400
-2.54300
-2.66000
-2.75100
-2.63500
-2.37400
-2.05900
-1.65300
-1.07200
-0.274000
0.723000
1.87500
2.95900
3.67500
3.82500
3.36000
2.07800
0.704000
-0.429000
-1.31900
-2.00100
-2.17600
-2.21400
-2.12700
-1.91900
-1.53200
-1.04800
-0.511000
5.00000E-02
0.704000
1.45900
2.12600
2.57200
2.47000
2.04400
1.45400
0.878000
0.336000
-1.00000E-01
-0.472000
-0.777000
-1.05300
-1.21700
-1.27600
-1.21300
-0.990000
-0.564000
5.00000E-02
0.854000
1.95200
3.09900
3.65600
3.43300
2.16500
0.651000
-0.666000
-1.66700
-2.39300
-2.53900
-2.44200
-2.17100
-1.71100
-0.975000
-5.60000E-02
0.684000
1.19700
1.41000
1.48300
1.57000
1.78800
1.92300
1.83600
1.49700
0.849000
1.20000E-02
-0.801000
-1.44500
-1.92900
-2.27700
-2.44700
-2.32600
-1.90500
-1.42100
-0.816000
-3.20000E-02
0.733000
1.41000
1.83100
2.04400
1.87500
1.61400
1.26500
0.771000
0.210000
-0.395000
-0.956000
-1.33400
-1.58000
-1.66700
-1.62900
-1.40100
-1.12500
-0.801000
-0.477000
-0.177000
4.60000E-02
0.259000
0.578000
1.03800
1.65700
2.50400
3.22000
3.34600
2.76500
1.52200
0.128000
-1.13000
-2.09300
-2.95500
-3.40000
-3.75800
-3.91300
-3.82100
-3.43400
-2.94500
-2.25800
-1.21300
0.404000
2.42200
4.44400
5.47500
4.50700
2.52800
0.660000
-0.796000
-1.89000
-2.75600
-3.08500
-3.37100
-3.49700
-3.35200
-3.05200
-2.58700
-1.90500
-0.879000
0.360000
1.59900
2.71700
3.11400
2.84300
2.14100
1.27000
0.573000
-1.20000E-02
-0.603000
-1.06700
-1.28000
-1.37200
-1.40100
-1.26600
-1.17900
-1.06700
-0.825000
-0.448000
-1.20000E-02
0.457000
1.05700
1.63800
2.04900
2.15600
1.91400
1.46400
0.825000
0.263000
-1.04000E-01
-0.250000
-0.264000
-0.332000
-0.651000
-1.01400
-1.42100
-1.65300
-1.73000
-1.63800
-1.21300
-0.564000
0.205000
1.30900
2.90100
4.41500
4.78800
3.16200
1.42000
-3.00000E-03
-0.932000
-1.61400
-2.11800
-2.32100
-2.52900
-2.60600
-2.53900
-2.35000
-1.88500
-1.31400
-0.632000
0.162000
0.975000
1.79700
2.53300
2.70700
2.23800
1.60900
1.02300
0.549000
0.239000
4.60000E-02
-0.153000
-0.433000
-0.917000
-1.20300
-1.41600
-1.65800
-1.71600
-1.59500
-1.45900
-1.18800
-0.917000
-0.492000
4.60000E-02
0.646000
1.21200
1.66200
2.01000
2.27700
2.28600
2.09700
1.71000
1.18800
0.597000
1.20000E-02
-0.569000
-1.01900
-1.43500
-1.82200
-2.06400
-2.21900
-2.32600
-2.25300
-2.19500
-2.07400
-1.71600
-1.00000
1.70000E-02
1.02800
2.00600
2.91500
3.39400
3.14800
2.33000
1.39100
0.500000
-0.182000
-0.801000
-1.23700
-1.34800
-1.63800
-1.57100
-1.38700
-1.05300
-0.530000
3.10000E-02
0.442000
0.684000
0.568000
9.40000E-02
-0.433000
-0.859000
-1.22200
-1.51700
-1.59000
-1.25600
-0.709000
0.133000
1.19700
2.19900
2.76000
2.88100
2.38800
1.56500
0.742000
-1.20000E-02
-0.700000
-1.15000
-1.27600
-1.52200
-1.50800
-1.32900
-1.02900
-0.767000
-0.569000
-0.414000
-0.356000
-0.250000
-7.10000E-02
2.60000E-02
9.40000E-02
0.229000
0.462000
0.767000
1.08100
1.22600
1.06200
0.742000
0.481000
0.326000
0.186000
-2.20000E-02
-0.187000
-0.283000
-0.322000
-0.225000
-3.20000E-02
0.152000
0.263000
0.225000
3.10000E-02
-0.308000
-0.622000
-0.816000
-0.859000
-0.719000
-0.337000
0.196000
0.752000
1.03300
1.03300
0.946000
0.713000
0.394000
0.113000
-0.124000
-0.375000
-0.477000
-0.438000
-0.317000
-4.60000E-02
0.302000
0.592000
0.631000
0.481000
0.297000
0.220000
0.249000
0.268000
0.225000
0.128000
-8.00000E-03
-9.00000E-02
-2.20000E-02
7.00000E-03
-7.10000E-02
-0.240000
-0.453000
-0.743000
-1.10600
-1.32900
-1.21300
-0.777000
-5.10000E-02
0.844000
1.69600
2.20900
2.27700
1.94300
1.31300
0.588000
-2.70000E-02
-0.588000
-1.09200
-1.30900
-1.53200
-1.63800
-1.61900
-1.51700
-1.30500
-0.956000
-0.579000
-0.196000
0.162000
0.617000
1.04200
1.35200
1.50200
1.56000
1.56500
1.51200
1.35200
1.00400
0.418000
-0.317000
-1.04300
-1.63800
-2.07900
-2.36400
-2.45100
-2.24800
-1.80800
-1.20300
-0.400000
0.597000
1.73900
2.74100
3.18600
2.81800
1.84100
0.781000
-4.20000E-02
-0.642000
-1.05300
-1.20800
-1.02900
-0.840000
-0.458000
-0.187000
4.60000E-02
0.263000
0.215000
-9.00000E-02
-0.496000
-0.700000
-0.574000
-0.375000
-0.143000
0.423000
1.42000
2.54300
3.40400
3.39900
2.39300
0.805000
-0.763000
-1.96300
-2.73200
-3.01300
-3.13900
-3.14300
-2.80500
-2.03500
-0.995000
0.336000
2.01000
3.60700
4.40600
4.25100
2.83800
1.24600
-0.206000
-1.30900
-2.29200
-3.04700
-3.50200
-3.75800
-3.71900
-3.43900
-2.92600
-2.13200
-1.11100
0.113000
1.41000
2.73600
3.60700
3.63600
3.08900
2.21800
1.29400
0.409000
-0.419000
-1.13500
-1.61400
-1.85600
-2.32100
-2.65500
-2.80000
-2.78100
-2.58700
-2.29200
-1.76900
-0.898000
0.413000
2.01000
3.29800
3.67000
3.32200
1.99600
0.752000
-6.10000E-02
-0.671000
-1.12500
-1.28000
-1.11100
-1.11100
-0.995000
-0.787000
-0.709000
-0.767000
-0.913000
-1.08700
-1.10600
-0.913000
-0.516000
-3.00000E-03
0.549000
1.12000
1.59900
1.81700
1.52600
0.878000
0.292000
-1.00000E-01
-0.342000
-0.453000
-0.569000
-0.792000
-0.985000
-1.11600
-1.05800
-0.777000
-0.395000
-6.60000E-02
9.40000E-02
0.249000
0.452000
0.655000
0.859000
0.941000
0.747000
0.268000
-0.327000
-0.903000
-1.32900
-1.59000
-1.65300
-1.42100
-0.985000
-0.438000
0.142000
0.723000
1.25500
1.65700
1.67600
1.28900
0.578000
-0.196000
-0.951000
-1.51700
-1.71100
-1.78800
-1.65300
-1.29500
-0.796000
-0.356000
0.113000
0.709000
1.36700
1.97600
2.36800
2.34900
1.89400
1.07600
0.128000
-0.675000
-1.20800
-1.56100
-1.73500
-1.82200
-1.71100
-1.51700
-1.22700
-0.787000
-0.138000
0.612000
1.40500
2.10700
2.56700
2.45100
1.84600
0.994000
0.220000
-0.429000
-0.995000
-1.30500
-1.36700
-1.50800
-1.39600
-1.01900
-0.438000
7.00000E-02
0.438000
0.680000
0.781000
0.694000
0.539000
0.442000
0.592000
0.917000
1.24100
1.47800
1.49700
1.19700
0.592000
-5.60000E-02
-0.724000
-1.10600
-1.24200
-1.33800
-1.24600
-0.879000
-0.453000
-4.60000E-02
0.326000
0.675000
0.946000
1.13400
1.13400
0.931000
0.607000
0.288000
1.04000E-01
8.40000E-02
0.268000
0.554000
0.776000
0.796000
0.530000
9.40000E-02
-0.283000
-0.492000
-0.622000
-0.704000
-0.893000
-1.13500
-1.21300
-1.17400
-0.971000
-0.719000
-0.414000
-8.00000E-03
0.544000
1.36200
2.40700
3.40400
3.69900
3.32200
2.00600
0.409000
-0.980000
-1.96800
-2.73200
-3.02200
-3.29300
-3.18200
-2.83400
-2.26300
-1.60000
-0.738000
0.433000
1.59900
2.52800
2.80400
2.45600
1.71000
0.868000
0.317000
9.40000E-02
-4.60000E-02
-7.50000E-02
-0.129000
-0.283000
-0.342000
-0.264000
-8.00000E-03
0.283000
0.438000
0.346000
0.200000
1.04000E-01
-1.20000E-02
-0.274000
-0.632000
-0.951000
-1.21300
-1.42600
-1.46400
-1.18400
-0.724000
-6.60000E-02
0.752000
1.73900
2.69800
2.99800
2.64900
1.67600
0.515000
-0.569000
-1.52200
-2.35500
-2.73200
-2.87200
-2.62100
-2.13700
-1.62900
-0.942000
-0.109000
0.733000
1.60400
2.16000
2.12200
1.67200
0.970000
0.307000
-9.00000E-02
-0.274000
-0.317000
-1.04000E-01
5.00000E-02
4.60000E-02
-0.129000
-0.487000
-0.937000
-1.28500
-1.51700
-1.64300
-1.60000
-1.29000
-0.782000
-0.158000
0.457000
1.11500
1.53600
1.67200
1.54600
1.24600
0.771000
0.152000
-0.414000
-0.840000
-1.01900
-1.10600
-0.990000
-0.666000
-0.240000
0.109000
0.360000
0.491000
0.491000
0.384000
0.186000
-4.60000E-02
-0.332000
-0.554000
-0.613000
-0.583000
-0.453000
-0.240000
1.20000E-02
0.118000
0.118000
0.181000
0.491000
0.984000
1.43000
1.63800
1.50700
1.11000
0.607000
0.210000
-4.20000E-02
-0.279000
-0.511000
-0.709000
-0.796000
-0.845000
-0.903000
-0.927000
-0.917000
-0.763000
-0.511000
-0.332000
-0.153000
3.60000E-02
0.380000
0.844000
1.28900
1.63800
1.84600
1.86500
1.72000
1.43900
1.03800
0.515000
-6.60000E-02
-0.642000
-1.07700
-1.42600
-1.62900
-1.61400
-1.42100
-1.10100
-0.816000
-0.496000
-6.10000E-02
0.302000
0.462000
0.423000
0.249000
6.50000E-02
7.00000E-03
0.162000
0.539000
1.07600
1.65700
2.19900
2.27200
1.88500
1.13900
0.346000
-0.313000
-0.801000
-1.31900
-1.74000
-2.29700
-2.63100
-2.81400
-2.79000
-2.57200
-2.19500
-1.63800
-0.748000
0.384000
1.68100
2.83800
3.66100
3.76700
2.81400
0.849000
-0.874000
-1.99700
-2.62100
-2.91100
-2.75100
-2.45100
-1.81300
-1.05800
-0.274000
0.457000
1.02300
1.38100
1.51700
1.34300
0.994000
0.360000
-0.351000
-0.917000
-1.37200
-1.68700
-1.81300
-1.64800
-1.24200
-0.506000
0.365000
1.22200
1.80700
1.67200
1.24600
0.863000
0.689000
0.670000
0.762000
0.801000
0.752000
0.462000
-2.20000E-02
-0.559000
-1.10600
-1.56100
-1.83200
-1.90900
-1.78400
-1.49800
-0.975000
-0.240000
0.554000
1.28400
1.90400
2.16000
2.00600
1.54100
0.951000
0.481000
8.90000E-02
-0.245000
-0.472000
-0.622000
-0.666000
-0.550000
-0.361000
-0.177000
-7.10000E-02
-2.20000E-02
1.70000E-02
0.109000
0.399000
0.815000
1.17800
1.23600
0.955000
0.321000
-0.487000
-1.31400
-1.92900
-2.18000
-1.99700
-1.28500
3.10000E-02
1.87000
3.54900
3.54000
2.21400
0.878000
-0.162000
-0.840000
-1.16900
-1.28500
-1.11600
-0.980000
-0.690000
-0.337000
3.10000E-02
0.341000
0.607000
0.723000
0.665000
0.559000
0.360000
0.109000
-1.04000E-01
-0.342000
-0.516000
-0.719000
-0.932000
-1.01400
-0.879000
-0.554000
-3.00000E-03
0.801000
1.72000
2.43100
2.50900
2.06800
1.24600
0.259000
-0.603000
-1.36300
-1.98200
-2.21400
-2.39300
-2.48000
-2.48000
-2.13200
-1.47900
-0.704000
0.138000
1.07200
1.98100
2.70700
2.93900
2.70700
2.26700
1.68600
0.946000
5.50000E-02
-0.816000
-1.59000
-2.21400
-2.72200
-2.96000
-2.89700
-2.62600
-2.15100
-1.40100
-0.356000
0.762000
1.82600
2.43600
2.36800
1.92800
1.40500
0.994000
0.704000
0.442000
0.268000
0.171000
0.128000
-5.10000E-02
-0.187000
-0.313000
-0.511000
-0.700000
-0.763000
-0.743000
-0.748000
-0.748000
-0.767000
-0.796000
-0.859000
-0.859000
-0.709000
-0.351000
9.40000E-02
0.665000
1.21200
1.59900
1.83100
1.92300
1.86500
1.66200
1.21700
0.534000
-0.250000
-1.06700
-1.77400
-2.35500
-2.74200
-2.95000
-3.01800
-2.88200
-2.48000
-1.69700
-0.535000
1.02300
2.90100
4.44400
4.00900
2.15600
0.578000
-0.574000
-1.24600
-1.60500
-1.45500
-1.25600
-0.956000
-0.583000
-0.245000
-3.00000E-03
7.50000E-02
0.109000
0.186000
0.263000
0.249000
0.162000
3.60000E-02
-6.10000E-02
-0.158000
-0.221000
-0.211000
-1.00000E-01
6.50000E-02
0.423000
0.767000
1.19300
1.58400
1.81700
1.67600
1.32300
0.801000
0.162000
-0.501000
-1.13000
-1.56600
-1.87600
-2.07400
-1.96800
-1.55100
-1.03400
-0.530000
8.90000E-02
0.830000
1.59400
2.33000
2.74600
2.57200
1.94700
0.960000
-3.00000E-03
-0.845000
-1.55100
-2.08400
-2.34500
-2.54300
-2.44700
-2.20000
-1.45900
-0.167000
1.38100
3.05100
3.65100
2.72200
1.37600
0.162000
-0.787000
-1.43500
-1.90500
-1.96300
-1.89500
-1.63800
-1.26100
-0.796000
-0.317000
8.90000E-02
0.399000
0.496000
0.602000
0.733000
0.878000
1.08100
1.39100
1.70100
1.69600
1.25100
0.646000
0.259000
4.60000E-02
-1.00000E-01
-0.221000
-0.375000
-0.821000
-1.35800
-1.79300
-2.06400
-2.19500
-2.13200
-1.79800
-1.27600
-0.564000
0.176000
0.936000
1.63300
2.25200
2.68300
2.68300
2.36400
1.75900
0.936000
0.191000
-0.303000
-0.704000
-0.990000
-1.33400
-1.46900
-1.56100
-1.63800
-1.66700
-1.49800
-1.11100
-0.646000
-0.143000
0.297000
0.684000
0.965000
1.00400
0.849000
0.670000
0.631000
0.781000
1.05200
1.23600
1.10500
0.675000
0.109000
-0.298000
-0.438000
-0.293000
-3.00000E-03
0.462000
1.06200
1.48300
1.49300
1.21200
0.762000
0.302000
-6.60000E-02
-0.356000
-0.685000
-1.07200
-1.30900
-1.30000
-1.16400
-0.922000
-0.608000
-0.221000
0.399000
1.32300
2.45600
3.61700
4.14000
3.84400
2.36400
0.670000
-0.864000
-1.86600
-2.54800
-2.85300
-3.02700
-3.06600
-2.87700
-2.42200
-1.90000
-1.26600
-0.472000
0.263000
0.965000
1.58400
2.06800
2.29100
2.04400
1.54100
0.941000
0.447000
-3.00000E-03
-0.438000
-0.825000
-1.09200
-1.40100
-1.51700
-1.53700
-1.52200
-1.48400
-1.30000
-1.03800
-0.656000
-0.114000
0.452000
1.02800
1.45900
1.71000
1.70100
1.42500
0.694000
-0.201000
-1.07200
-1.66300
-1.89000
-1.86100
-1.65300
-1.20800
-0.530000
0.220000
0.994000
1.45900
1.43000
1.01300
0.418000
-0.143000
-0.608000
-0.893000
-0.961000
-1.00000
-0.854000
-0.569000
-0.172000
0.167000
0.438000
0.655000
0.791000
0.713000
0.438000
-2.70000E-02
-0.554000
-1.01900
-1.42600
-1.64800
-1.53200
-1.05300
-0.298000
0.486000
1.11000
1.30400
1.17800
0.888000
0.612000
0.292000
-4.20000E-02
-0.453000
-0.709000
-0.825000
-0.719000
-0.433000
-4.60000E-02
0.375000
0.781000
0.994000
0.844000
0.341000
-0.259000
-0.801000
-1.12100
-1.23200
-1.29000
-1.09200
-0.642000
-8.00000E-02
0.573000
1.36200
2.13600
2.47000
2.35400
2.00600
1.59900
1.21700
0.859000
0.510000
0.113000
-0.250000
-0.859000
-1.36300
-1.69200
-2.02600
-2.20000
-2.05900
-1.82700
-1.51700
-1.00000
-0.283000
0.607000
1.76800
3.03600
3.65100
3.50600
2.79900
2.00100
1.32300
0.771000
0.278000
-0.201000
-0.666000
-1.08700
-1.68700
-2.07400
-2.36900
-2.54300
-2.50500
-2.33500
-2.13200
-1.89000
-1.45500
-0.608000
0.675000
2.33500
3.84900
4.73000
4.34800
2.93900
1.48300
3.10000E-02
-1.17400
-2.06400
-2.79500
-3.13900
-3.31800
-3.24000
-2.93100
-2.46600
-1.86100
-1.09200
-0.196000
0.607000
1.36700
1.97200
2.25200
2.10700
1.77300
1.25100
0.689000
0.215000
-0.119000
-0.400000
-0.583000
-0.859000
-1.15000
-1.33400
-1.52200
-1.73000
-1.75500
-1.55100
-1.27600
-0.704000
0.142000
1.21700
2.34900
3.05600
2.85700
2.03000
0.926000
-8.00000E-03
-0.709000
-1.22200
-1.49300
-1.69200
-1.69200
-1.43000
-1.11100
-0.729000
-0.264000
0.147000
0.457000
0.631000
0.588000
0.404000
0.220000
0.263000
0.520000
0.863000
1.21200
1.51200
1.52600
1.27500
0.728000
-8.00000E-03
-0.753000
-1.32900
-1.65800
-1.75500
-1.62900
-1.28500
-0.719000
-3.70000E-02
0.500000
0.888000
1.03800
0.926000
0.689000
0.399000
0.181000
3.60000E-02
-3.20000E-02
-3.00000E-03
5.00000E-02
-2.20000E-02
-0.206000
-0.448000
-0.661000
-0.719000
-0.588000
-0.356000
-1.04000E-01
3.60000E-02
5.50000E-02
-2.70000E-02
-0.162000
-0.279000
-0.245000
-3.20000E-02
0.210000
0.462000
0.728000
0.980000
1.07200
0.752000
3.60000E-02
-0.835000
-1.67200
-2.31100
-2.58200
-2.46600
-1.86100
-0.917000
0.263000
1.51200
2.51400
2.82800
2.25200
1.13900
-3.00000E-03
-0.874000
-1.36300
-1.63800
-1.48400
-1.29000
-0.835000
-0.221000
0.292000
0.680000
0.888000
0.965000
0.931000
0.844000
0.651000
0.418000
0.181000
2.60000E-02
-4.60000E-02
-4.60000E-02
-0.119000
-0.254000
-0.458000
-0.603000
-0.680000
-0.685000
-0.675000
-0.516000
-0.254000
0.142000
0.689000
1.27500
1.63800
1.71500
1.56500
1.34300
1.06200
0.709000
0.292000
-9.00000E-02
-0.448000
-0.787000
-0.951000
-0.975000
-0.917000
-0.864000
-0.758000
-0.506000
-0.196000
0.171000
0.602000
0.994000
1.19700
1.15900
0.960000
0.655000
0.380000
0.191000
8.40000E-02
-1.20000E-02
-1.00000E-01
-0.124000
-8.50000E-02
-6.60000E-02
-5.60000E-02
4.60000E-02
0.229000
0.539000
0.941000
1.41000
1.83600
1.97200
1.78800
1.40500
0.868000
0.205000
-0.535000
-1.32900
-1.94800
-2.43200
-2.69800
-2.71800
-2.60100
-2.27700
-1.46400
5.00000E-02
2.54800
5.45100
4.63300
3.13300
1.63300
0.380000
-0.511000
-1.15000
-1.59000
-1.52200
-1.45500
-1.24600
-1.01400
-0.869000
-0.787000
-0.854000
-0.932000
-0.990000
-0.971000
-0.724000
-0.322000
0.191000
0.733000
1.33300
1.94700
2.34400
2.56700
2.47500
1.76800
0.844000
-4.60000E-02
-0.879000
-1.68700
-2.25800
-2.58700
-2.93100
-2.96900
-2.67900
-2.20500
-1.54200
-0.758000
0.205000
1.36700
2.47500
3.41400
3.69400
3.60700
2.64400
1.13400
-0.463000
-1.83200
-2.85800
-3.48700
-3.79200
-3.93700
-3.62700
-3.11400
-2.50000
-1.59500
-1.04000E-01
1.65700
3.35100
4.37700
4.47800
3.63600
2.35400
0.960000
-0.245000
-1.18400
-1.97700
-2.33000
-2.62100
-2.75600
-2.56800
-2.17100
-1.96800
-1.74500
-1.11100
-0.221000
0.500000
1.23600
1.96200
2.41200
2.39300
2.24700
2.02000
1.51700
0.767000
1.70000E-02
-0.821000
-1.67200
-2.20000
-2.45100
-2.36400
-2.17600
-1.71100
-1.09600
-0.385000
0.375000
1.06200
1.42500
1.40500
1.12000
0.597000
1.04000E-01
-0.143000
-0.162000
-8.00000E-03
0.167000
0.278000
0.302000
0.263000
0.205000
0.109000
-0.133000
-0.477000
-0.642000
-0.593000
-0.356000
-0.124000
-5.10000E-02
-3.20000E-02
-3.00000E-03
3.10000E-02
-3.00000E-03
-9.50000E-02
-0.216000
-0.245000
-0.119000
7.50000E-02
0.283000
0.486000
0.607000
0.588000
0.433000
0.147000
-0.201000
-0.632000
-1.01900
-1.33800
-1.48400
-1.27600
-0.763000
-2.70000E-02
0.733000
1.38100
1.70100
1.48800
0.902000
0.215000
-0.409000
-0.913000
-1.15500
-1.09200
-0.937000
-0.666000
-0.264000
0.181000
0.665000
1.01800
1.19300
1.17300
1.10500
0.994000
0.820000
0.520000
0.186000
-0.153000
-0.535000
-0.835000
-1.01900
-1.13000
-1.32400
-1.49800
-1.53200
-1.44500
-1.30000
-1.00000
-0.530000
7.50000E-02
0.791000
1.54600
1.95200
1.79300
1.21200
0.573000
6.50000E-02
-0.264000
-0.613000
-0.917000
-1.10100
-0.990000
-0.690000
-0.380000
-8.00000E-02
3.60000E-02
-2.70000E-02
-0.211000
-0.438000
-0.651000
-0.898000
-1.12500
-1.19800
-1.09600
-0.864000
-0.467000
9.40000E-02
0.689000
1.17300
1.39600
1.47800
1.52600
1.46400
1.25100
0.810000
0.167000
-0.554000
-1.19300
-1.55600
-1.71100
-1.91400
-2.02600
-1.77400
-1.41600
-0.917000
-0.298000
0.341000
1.11000
1.83600
2.30100
2.33900
1.92800
1.21200
0.515000
-1.20000E-02
-0.448000
-0.666000
-0.492000
-0.346000
-9.50000E-02
0.200000
0.530000
0.771000
0.747000
0.442000
2.60000E-02
-0.361000
-0.685000
-0.782000
-0.724000
-0.704000
-0.651000
-0.448000
-8.50000E-02
0.515000
1.50200
2.64400
3.61700
3.71400
2.99800
1.81200
0.631000
-0.293000
-1.04300
-1.62900
-1.86600
-2.17600
-2.36900
-2.35000
-2.06900
-1.58000
-0.971000
-0.254000
0.607000
1.58900
2.41700
2.96900
2.93900
2.49400
1.75400
0.776000
-1.04000E-01
-0.864000
-1.38200
-1.53700
-1.55600
-1.47400
-1.19800
-0.787000
-0.225000
0.283000
0.786000
1.15400
1.26500
1.10100
0.723000
0.171000
-0.356000
-0.724000
-0.835000
-0.680000
-0.317000
9.40000E-02
0.423000
0.592000
0.752000
0.936000
0.975000
0.786000
0.380000
-0.143000
-0.729000
-1.21300
-1.61900
-1.87100
-1.73000
-1.37700
-0.942000
-0.380000
0.225000
0.767000
1.13400
1.27500
1.10100
0.689000
0.191000
-0.221000
-0.564000
-0.796000
-0.893000
-0.816000
-0.661000
-0.433000
-0.177000
1.04000E-01
0.442000
0.771000
0.883000
0.670000
0.365000
-5.10000E-02
-0.554000
-0.975000
-1.25100
-1.52700
-1.77400
-1.77400
-1.63800
-1.34300
-0.763000
-4.60000E-02
0.684000
1.54100
2.10200
2.33500
2.33500
2.14100
1.61400
0.946000
0.268000
-0.433000
-1.29500
-1.87100
-2.28700
-2.43200
-2.61600
-2.81400
-2.76600
-2.44200
-1.94800
-1.40100
-0.356000
1.07600
2.64400
3.70400
3.82000
2.93900
1.65700
0.438000
-0.390000
-0.792000
-0.980000
-0.690000
-0.472000
-0.298000
2.00000E-03
1.04000E-01
-7.10000E-02
-0.496000
-1.08700
-1.53700
-1.76400
-1.81300
-1.57600
-1.12100
-0.453000
0.418000
1.42000
2.35900
3.05600
3.15200
2.58600
1.72500
0.830000
-1.00000E-01
-1.07700
-1.98200
-2.56300
-2.90200
-2.93500
-2.78100
-2.44700
-1.71100
-0.482000
0.917000
2.23300
3.11400
2.99800
1.81700
0.418000
-0.661000
-1.15500
-1.49300
-1.47900
-1.28000
-0.879000
-0.303000
0.191000
0.592000
0.863000
0.863000
0.752000
0.665000
0.617000
0.539000
0.442000
0.288000
1.04000E-01
-7.10000E-02
-0.254000
-0.492000
-0.666000
-0.801000
-0.874000
-0.729000
-0.472000
-1.04000E-01
0.360000
0.839000
1.21700
1.30400
1.19300
0.999000
0.738000
0.399000
6.50000E-02
-0.177000
-0.313000
-0.279000
-9.50000E-02
3.10000E-02
1.04000E-01
0.302000
0.559000
0.709000
0.607000
0.297000
-9.00000E-02
-0.496000
-0.816000
-0.995000
-1.00500
-0.758000
-0.380000
6.50000E-02
0.588000
1.07600
1.40500
1.43400
1.21700
0.791000
0.380000
0.205000
0.292000
0.355000
0.259000
0.113000
-6.60000E-02
-0.351000
-0.632000
-0.864000
-1.12500
-1.36300
-1.47900
-1.40100
-1.21300
-0.922000
-0.342000
0.268000
0.922000
1.36700
1.48800
1.30400
1.05200
0.694000
0.418000
0.225000
6.50000E-02
6.50000E-02
0.229000
0.399000
0.457000
0.297000
-5.10000E-02
-0.603000
-1.13500
-1.59000
-2.00100
-2.34000
-2.59700
-2.77100
-2.56800
-1.82700
-0.724000
0.713000
2.54300
4.03300
4.35700
3.28800
1.94700
0.786000
7.00000E-03
-0.564000
-0.975000
-0.975000
-0.685000
-0.574000
-0.613000
-0.767000
-0.990000
-1.30500
-1.53700
-1.63800
-1.56100
-1.35800
-0.985000
-0.356000
0.515000
1.60900
2.75600
3.63600
3.47700
2.58600
1.44400
0.607000
0.317000
0.249000
0.225000
0.457000
0.399000
-3.00000E-03
-0.506000
-1.10600
-1.59500
-1.90500
-2.01100
-2.10300
-2.15100
-2.08400
-1.62900
-0.796000
0.375000
1.80700
3.43300
4.51700
4.40600
3.12800
1.75400
0.554000
-0.264000
-0.961000
-1.51700
-1.78800
-2.04000
-2.11300
-1.94800
-1.73000
-1.54700
-1.28500
-0.946000
-0.564000
-2.20000E-02
0.597000
1.24600
1.73500
1.87000
1.68100
1.28400
0.820000
0.539000
0.476000
0.476000
0.404000
0.191000
-0.177000
-0.758000
-1.45900
-2.01100
-2.26800
-2.31600
-2.06900
-1.61900
-0.898000
2.00000E-03
0.883000
1.53600
1.74900
1.52600
1.09600
0.631000
0.128000
-0.337000
-0.767000
-0.951000
-1.11600
-1.01400
-0.879000
-0.796000
-0.690000
-0.554000
-0.332000
-0.196000
-0.279000
-0.375000
-0.361000
-0.274000
-0.182000
-1.04000E-01
8.90000E-02
0.476000
0.955000
1.36200
1.39100
0.960000
0.283000
-0.443000
-1.25100
-1.89500
-2.23900
-2.26800
-2.17600
-2.01100
-1.62400
-1.00000
-0.264000
0.302000
0.675000
1.01800
1.27000
1.40100
1.52600
1.54600
1.35700
0.912000
0.302000
-0.274000
-0.913000
-1.50300
-1.88500
-2.23400
-2.40300
-2.12700
-1.48400
-0.845000
-0.317000
0.346000
1.00400
1.36700
1.32300
1.02300
0.675000
0.438000
0.321000
0.196000
-3.20000E-02
-0.380000
-0.787000
-1.09200
-1.05300
-0.642000
0.167000
1.26500
2.54300
3.57800
3.43800
2.12200
0.607000
-0.651000
-1.62900
-2.42200
-2.73200
-2.75100
-2.67900
-2.42200
-2.02600
-1.55600
-1.01400
-0.337000
0.423000
1.43400
2.76500
4.06200
5.04500
4.90900
3.36000
1.48800
-0.196000
-1.55600
-2.52400
-2.96900
-3.11000
-3.16800
-2.99300
-2.58700
-2.09800
-1.51700
-0.656000
0.259000
0.946000
1.36700
1.39100
1.21200
1.09100
1.04200
1.14900
1.27500
1.50700
1.53100
1.38100
1.18300
0.801000
0.457000
1.20000E-02
-0.453000
-0.796000
-1.00000
-1.11600
-1.18400
-1.15900
-0.956000
-0.569000
-7.10000E-02
0.442000
1.04200
1.65700
1.83100
1.70500
1.42000
0.955000
0.559000
0.360000
0.283000
0.181000
6.50000E-02
-2.20000E-02
7.00000E-03
5.00000E-02
-4.20000E-02
-0.259000
-0.516000
-0.729000
-0.821000
-0.743000
-0.530000
-0.225000
0.181000
0.704000
1.30900
1.92800
2.18000
2.00100
1.47800
0.801000
5.50000E-02
-0.608000
-1.12500
-1.45900
-1.61900
-1.66700
-1.50300
-1.15000
-0.724000
-0.351000
-2.20000E-02
0.268000
0.592000
0.844000
0.941000
0.801000
0.500000
9.40000E-02
-0.274000
-0.511000
-0.569000
-0.521000
-0.487000
-0.472000
-0.356000
-0.172000
7.00000E-03
0.152000
0.278000
0.307000
0.268000
0.263000
0.273000
0.210000
1.70000E-02
-0.279000
-0.608000
-0.898000
-1.18400
-1.36700
-1.43500
-1.49300
-1.49800
-1.34300
-1.06700
-0.729000
-0.303000
0.128000
0.621000
1.22600
1.82600
2.29100
2.40700
2.08300
1.41000
0.607000
-6.60000E-02
-0.661000
-1.22200
-1.74500
-2.21400
-2.60100
-2.78100
-2.95500
-3.00300
-2.85300
-2.55800
-1.98200
-1.11100
5.50000E-02
1.43900
3.00200
4.19300
4.50300
3.72800
2.57200
1.32300
0.249000
-0.583000
-1.24600
-1.53700
-1.65300
-1.79300
-1.85100
-1.82200
-1.71100
-1.55600
-1.46900
-1.37700
-1.21300
-0.884000
-0.356000
0.370000
1.40500
2.77500
4.53200
6.24000
4.87500
2.53300
0.554000
-0.840000
-1.83700
-2.60600
-2.81900
-2.88700
-2.67900
-2.52400
-2.26300
-1.83200
-1.16400
-0.274000
0.631000
1.39100
1.92800
2.18000
2.11700
1.87500
1.49700
1.13400
0.844000
0.573000
9.90000E-02
-0.308000
-0.642000
-0.690000
-0.545000
-0.250000
5.00000E-02
0.360000
0.549000
0.578000
0.418000
0.147000
-8.50000E-02
-0.327000
-0.516000
-0.622000
-0.671000
-0.685000
-0.569000
-0.308000
0.152000
0.810000
1.45900
1.90400
2.04400
1.75400
1.17800
0.433000
-0.264000
-0.796000
-1.20300
-1.44000
-1.57600
-1.60500
-1.60000
-1.35800
-0.879000
-0.274000
0.225000
0.481000
0.491000
0.375000
0.375000
0.481000
0.573000
0.539000
0.452000
0.375000
0.307000
0.234000
5.50000E-02
-0.337000
-0.811000
-1.12500
-1.21300
-1.26600
-1.24600
-0.975000
-0.433000
0.220000
0.897000
1.22600
1.04200
0.515000
-8.50000E-02
-0.588000
-0.864000
-0.961000
-0.845000
-0.734000
-0.545000
-0.414000
-0.482000
-0.743000
-1.02900
-1.08700
-0.796000
-0.313000
0.263000
1.09600
2.30100
3.53500
3.22000
1.23100
-0.622000
-1.96300
-2.81400
-3.66600
-3.88400
-3.71000
-3.28400
-2.60100
-1.69200
-0.492000
0.815000
2.03900
2.75600
2.78500
2.43600
1.98600
1.53600
1.16800
0.704000
0.307000
-2.20000E-02
-0.221000
-0.453000
-0.787000
-1.06300
-1.17400
-1.07700
-0.937000
-0.937000
-1.07200
-1.16400
-1.12500
-0.864000
-0.487000
7.00000E-02
0.786000
1.59900
2.33500
3.07500
3.47200
3.35600
2.79400
1.85500
0.805000
-1.20000E-02
-0.787000
-1.34800
-1.46400
-1.55100
-1.47900
-1.47400
-1.59500
-1.73000
-1.81300
-1.71600
-1.34800
-0.666000
0.167000
1.10500
2.17000
3.15200
3.68500
3.68500
3.08900
2.04400
1.11500
0.317000
-0.327000
-0.903000
-1.09600
-1.39200
-1.55600
-1.59000
-1.42100
-1.17900
-0.806000
-0.313000
0.229000
0.771000
1.25100
1.33800
1.07200
0.646000
0.210000
-7.10000E-02
-0.235000
-1.04000E-01
0.157000
0.631000
1.07200
1.42000
1.54600
1.54100
1.32800
0.960000
0.486000
-9.00000E-02
-0.642000
-0.995000
-1.14500
-1.01400
-0.666000
-0.221000
0.123000
0.317000
0.297000
6.50000E-02
-0.264000
-0.646000
-0.966000
-1.27600
-1.42600
-1.48400
-1.52200
-1.34300
-0.758000
0.128000
1.19700
2.15100
2.55700
2.38800
1.97200
1.41000
0.655000
-0.254000
-1.26100
-2.15100
-2.75100
-3.31300
-3.46800
-3.23500
-2.90600
-2.46600
-1.88500
-1.13500
-0.438000
0.200000
0.941000
1.55100
1.70500
1.58000
1.31300
0.892000
0.413000
-9.00000E-02
-0.550000
-0.879000
-1.05300
-1.34300
-1.48400
-1.54200
-1.63800
-1.65800
-1.50300
-1.20800
-0.956000
-0.685000
-0.322000
8.40000E-02
0.384000
0.534000
0.534000
0.578000
0.713000
0.984000
1.36200
1.59400
1.21700
0.341000
-0.704000
-1.50800
-1.92900
-2.16100
-2.25800
-1.96800
-1.28500
-0.356000
0.438000
0.960000
1.11000
0.984000
0.781000
0.617000
0.481000
0.423000
0.457000
0.747000
1.20700
1.65200
1.98600
2.12600
1.97200
1.32800
0.360000
-0.574000
-1.48400
-2.35500
-2.99300
-3.37100
-3.43400
-3.18200
-2.54300
-1.42600
0.259000
2.64400
5.87700
6.92200
4.44400
2.35400
0.646000
-0.680000
-1.53200
-2.22900
-2.38400
-2.42700
-2.40800
-2.34500
-2.14200
-1.89000
-1.55100
-0.995000
-0.298000
0.525000
1.45900
2.42200
3.22000
3.60700
3.30200
2.63000
1.64300
0.670000
-0.167000
-1.02400
-1.57100
-1.73500
-1.74500
-1.47900
-1.22700
-0.695000
-0.138000
0.220000
0.413000
0.302000
0.171000
8.90000E-02
1.20000E-02
-1.70000E-02
0.142000
0.530000
0.926000
1.39100
1.92800
2.21800
2.10200
1.69100
1.04700
0.462000
-3.00000E-03
-0.317000
-0.569000
-0.763000
-1.13000
-1.41600
-1.69700
-1.77400
-1.70600
-1.47900
-1.24600
-0.917000
-0.613000
-9.00000E-02
0.510000
0.936000
1.17800
1.36700
1.50200
1.59900
1.76400
1.91800
1.86500
1.60400
1.27000
0.767000
8.90000E-02
-0.719000
-1.48400
-2.03000
-2.47100
-2.89700
-3.11900
-3.04200
-2.75600
-2.42700
-1.94800
-1.28000
-0.787000
-0.293000
0.457000
1.32800
2.21800
2.81800
3.08500
2.81400
2.03900
0.946000
-4.60000E-02
-0.917000
-1.59500
-2.03500
-2.25800
-2.57700
-2.55800
-2.54800
-2.49000
-2.15600
-1.56600
-1.00900
-0.535000
1.70000E-02
0.767000
1.38600
1.56000
1.38600
1.07200
0.723000
0.471000
0.278000
0.133000
0.171000
0.273000
0.167000
2.00000E-03
-0.254000
-0.554000
-0.845000
-1.12500
-1.51700
-1.80800
-1.49800
-0.840000
3.60000E-02
0.994000
1.80700
2.04900
1.69600
1.13400
0.713000
0.447000
0.259000
-0.119000
-0.564000
-1.09200
-1.57600
-1.59500
-1.48800
-1.25100
-0.409000
0.975000
2.72700
3.82500
3.32200
1.79300
0.370000
-0.893000
-1.78400
-2.34500
-2.50500
-2.54300
-2.40800
-2.03000
-1.36700
-0.554000
0.288000
1.18800
1.93300
2.51400
2.96400
3.17200
2.65900
1.69100
0.646000
-0.313000
-1.28500
-2.07900
-2.23400
-2.41300
-2.19500
-1.81300
-1.39600
-0.763000
-0.133000
0.520000
1.27000
1.84100
2.22300
2.26200
1.89400
1.23600
0.592000
0.152000
-1.20000E-02
1.04000E-01
0.191000
0.278000
0.573000
0.849000
0.844000
0.476000
-2.70000E-02
-0.554000
-0.951000
-1.27100
-1.50300
-1.51700
-0.898000
-2.70000E-02
0.723000
1.31300
1.54600
1.44400
1.25100
1.17300
1.14900
0.984000
0.617000
0.123000
-0.235000
-0.642000
-0.840000
-1.08200
-1.35800
-1.31900
-1.12500
-0.854000
-0.569000
-0.153000
0.234000
0.554000
0.655000
0.530000
0.249000
-2.20000E-02
-0.254000
-0.492000
-0.724000
-0.806000
-0.845000
-0.845000
-0.719000
-0.429000
-1.70000E-02
0.399000
0.776000
0.965000
0.936000
0.733000
0.389000
-7.50000E-02
-0.704000
-1.33800
-1.84700
-2.21900
-2.31600
-2.17100
-1.85100
-1.20800
-0.221000
0.752000
1.60400
2.14600
2.17500
1.65200
0.888000
0.186000
-0.279000
-0.632000
-0.719000
-0.496000
-0.554000
-0.622000
-0.666000
-0.738000
-0.801000
-0.864000
-0.971000
-0.922000
-0.777000
-0.472000
-0.182000
0.109000
0.423000
0.684000
1.07200
1.43900
1.59400
1.58400
1.44400
1.20200
0.820000
0.297000
-0.254000
-0.700000
-1.01400
-1.33800
-1.51700
-1.44000
-1.27600
-1.07700
-0.782000
-0.356000
8.90000E-02
0.476000
0.810000
1.12500
1.29400
1.18800
0.767000
0.263000
-5.60000E-02
-0.221000
-0.148000
0.113000
0.471000
0.902000
1.33300
1.59900
1.45400
0.897000
0.162000
-0.535000
-1.10600
-1.63400
-1.95300
-2.07900
-2.00600
-1.68700
-1.21300
-0.642000
0.167000
1.27000
2.46000
3.19600
3.03600
2.26200
1.28900
0.341000
-0.356000
-0.714000
-0.879000
-0.884000
-1.06700
-0.932000
-0.695000
-0.608000
-0.690000
-0.830000
-0.932000
-0.980000
-0.932000
-0.743000
-0.327000
0.196000
0.907000
1.61400
2.19900
2.57200
2.58600
2.19900
1.39100
0.491000
-0.245000
-0.758000
-1.14500
-1.47400
-1.84700
-2.04000
-2.06900
-1.94800
-1.58000
-1.02900
-0.375000
0.476000
1.34700
1.98600
2.33900
2.36800
1.93300
1.24600
0.694000
0.225000
-0.221000
-0.501000
-0.419000
-0.361000
-0.177000
0.128000
0.612000
1.25100
1.57000
1.36200
0.742000
-9.00000E-02
-0.975000
-1.63400
-2.06900
-2.27200
-2.21900
-1.92900
-1.55100
-0.700000
0.380000
1.67600
2.74100
3.04100
2.61000
1.88500
1.01300
0.244000
-0.472000
-1.15000
-1.63800
-1.88000
-2.15100
-2.11300
-2.04500
-1.95800
-1.76900
-1.44000
-0.922000
-0.361000
0.171000
0.675000
1.07600
1.19300
0.999000
0.670000
0.292000
6.50000E-02
2.60000E-02
0.225000
0.505000
0.694000
0.559000
0.360000
2.60000E-02
-0.313000
-0.690000
-1.13500
-1.51700
-1.72100
-1.84700
-1.90000
-1.71600
-1.44500
-1.14500
-0.627000
0.152000
1.03800
1.75900
2.00100
1.92300
1.64300
1.25100
0.689000
5.00000E-02
-0.632000
-1.22200
-1.50300
-1.69700
-1.72600
-1.51300
-1.18800
-0.763000
-0.332000
0.123000
0.636000
1.21200
1.67200
2.00600
2.08300
1.75400
0.917000
-0.129000
-1.04800
-1.84200
-2.48500
-2.89200
-3.02200
-2.77100
-1.97700
-0.593000
1.65200
4.89500
5.21900
4.07700
2.42200
0.878000
-0.458000
-1.50300
-2.28700
-2.50000
-2.60100
-2.65000
-2.50500
-2.18000
-1.69700
-1.06700
-0.187000
0.733000
1.71500
2.46500
2.92000
2.77500
2.42200
2.04900
1.50200
0.689000
-0.114000
-0.796000
-1.36700
-1.72600
-2.00600
-1.91900
-1.68200
-1.34300
-0.777000
-6.10000E-02
0.631000
1.26000
1.76800
2.25200
2.47500
2.31500
1.75400
0.902000
9.40000E-02
-0.559000
-0.951000
-0.971000
-0.801000
-0.453000
-6.60000E-02
0.259000
0.568000
0.907000
1.01300
0.892000
0.641000
0.268000
-0.182000
-0.603000
-0.874000
-1.07700
-1.16400
-1.01400
-0.646000
-4.60000E-02
0.670000
1.59900
2.58100
3.50100
3.62700
2.97300
1.85100
0.602000
-0.414000
-1.31400
-2.14700
-2.62600
-3.08100
-3.25000
-3.29800
-3.12400
-2.88200
-2.38900
-1.34800
0.152000
2.04400
3.94600
5.39300
5.18000
3.75700
2.19400
0.752000
-0.400000
-1.24200
-1.92900
-2.23400
-2.50500
-2.82400
-3.03200
-3.18700
-3.23500
-3.06100
-2.75100
-2.19500
-1.32400
-1.00000E-01
1.38100
3.12300
4.29400
4.69600
3.90200
2.25700
0.796000
-0.414000
-1.52200
-2.34500
-2.53900
-2.52400
-2.40800
-2.28700
-2.13200
-1.90900
-1.54200
-1.24600
-0.995000
-0.666000
-0.172000
0.413000
0.994000
1.51700
2.02000
2.55200
2.78500
2.41200
1.70500
0.965000
0.142000
-0.603000
-1.26100
-1.55600
-1.76900
-1.96300
-2.08400
-2.12200
-1.96800
-1.76900
-1.48800
-0.995000
-0.521000
2.00000E-03
0.655000
1.32300
1.92300
2.12600
1.77800
1.19300
0.592000
0.133000
-0.177000
-0.332000
-0.361000
-0.414000
-0.680000
-0.850000
-1.05300
-1.20800
-1.27100
-1.20300
-1.12500
-1.03400
-0.782000
-0.492000
-0.245000
2.00000E-03
0.249000
0.457000
0.675000
0.844000
0.907000
1.04700
1.24100
1.38100
1.40100
1.28400
1.15400
0.771000
0.244000
-0.313000
-0.816000
-1.38700
-2.02600
-2.32600
-2.17600
-1.86100
-1.57600
-1.07200
-0.400000
0.220000
0.675000
1.01300
1.25100
1.42500
1.52200
1.59900
1.53600
1.43900
1.26500
0.955000
0.515000
5.00000E-02
-0.240000
-0.346000
-0.245000
-9.00000E-02
-1.20000E-02
0.186000
0.418000
0.360000
7.00000E-02
-0.293000
-0.613000
-0.864000
-0.937000
-0.777000
-0.550000
-0.414000
-6.60000E-02
0.505000
1.19700
1.74900
2.07800
2.24300
2.27700
2.10200
1.65700
0.902000
-5.10000E-02
-0.980000
-1.55100
-1.86100
-2.05900
-2.13700
-2.07900
-2.00100
-1.95800
-1.84200
-1.40100
-0.782000
-4.60000E-02
0.752000
1.70100
2.46000
2.70700
2.20400
1.27500
0.307000
-0.409000
-1.05300
-1.38200
-1.17400
-1.09600
-0.806000
-0.414000
-6.10000E-02
0.109000
0.128000
5.00000E-02
-0.206000
-0.574000
-0.864000
-1.04800
-0.990000
-0.704000
-0.259000
0.297000
0.994000
1.53600
1.86500
1.93300
1.73900
1.22600
0.525000
-0.167000
-0.748000
-1.30900
-1.59000
-1.72600
-1.58500
-1.42100
-1.06300
-0.603000
-5.10000E-02
0.491000
1.03800
1.44400
1.71500
1.74400
1.35200
0.742000
0.181000
-0.438000
-1.00900
-1.30500
-1.40600
-1.29500
-0.845000
-5.10000E-02
0.868000
1.88000
3.05100
3.88300
3.53500
1.53600
-0.342000
-1.67700
-2.47100
-3.04200
-3.11400
-3.18700
-2.97900
-2.50000
-1.64800
-0.632000
0.462000
1.42500
2.14100
2.53800
2.72200
2.52300
1.82600
0.941000
0.113000
-0.414000
-0.898000
-1.09600
-1.11100
-1.30000
-1.24200
-1.11600
-0.956000
-0.743000
-0.642000
-0.443000
-0.225000
7.00000E-03
0.239000
0.515000
0.767000
0.786000
0.496000
7.50000E-02
-0.332000
-0.787000
-1.06700
-0.980000
-0.646000
-0.235000
0.365000
0.980000
1.31800
1.28400
0.907000
0.346000
-0.201000
-0.588000
-0.782000
-0.772000
-0.554000
-4.20000E-02
0.481000
0.936000
1.15400
1.11500
0.844000
0.413000
-0.167000
-0.825000
-1.34300
-1.64300
-1.82200
-1.91400
-1.84700
-1.53700
-0.801000
0.259000
1.52600
2.70200
3.80600
4.56100
3.76200
1.95200
0.181000
-1.14500
-2.00600
-2.65500
-2.91100
-3.12400
-3.20200
-2.93500
-2.52900
-1.87100
-1.08700
-0.250000
0.651000
1.46800
2.19900
2.54300
2.18500
1.30400
0.462000
-0.124000
-0.588000
-0.879000
-0.796000
-0.564000
-0.283000
8.40000E-02
0.355000
0.423000
0.249000
-0.138000
-0.511000
-0.709000
-0.758000
-0.651000
-0.429000
-0.143000
0.234000
0.912000
1.61400
2.09700
2.07800
1.66200
0.888000
-8.00000E-02
-1.20300
-2.19500
-2.72200
-2.90600
-2.89700
-2.52900
-1.61400
9.40000E-02
2.52800
3.84400
3.81100
2.77500
1.54600
0.244000
-0.893000
-1.78400
-2.28700
-2.23400
-2.12700
-1.67700
-0.816000
0.457000
1.79300
2.56700
2.23300
1.47800
0.602000
-0.148000
-0.748000
-1.28000
-1.59500
-1.87600
-2.05500
-1.89500
-1.60000
-1.17400
-0.593000
9.40000E-02
0.747000
1.32800
1.87000
2.18000
2.06800
1.61400
1.01800
0.380000
-0.201000
-0.704000
-1.02400
-1.22200
-1.50800
-1.82200
-2.05500
-2.17600
-2.09300
-1.80800
-1.53700
-1.08700
-0.254000
0.791000
1.88500
2.45600
2.50900
2.16500
1.61800
1.01800
0.370000
-0.303000
-0.942000
-1.47400
-1.86100
-2.19500
-2.25300
-2.12700
-1.65300
-0.816000
0.336000
1.66200
2.78000
3.26900
2.91500
1.90900
0.636000
-0.477000
-1.26100
-1.65800
-1.57100
-1.64800
-1.45900
-1.09200
-0.453000
0.409000
1.44900
2.27200
2.58100
2.35900
1.73500
0.786000
-9.50000E-02
-0.806000
-1.25600
-1.32900
-1.36700
-1.28000
-0.758000
0.109000
1.11500
1.88000
2.03000
1.71000
1.13000
0.423000
-0.187000
-0.782000
-1.25100
-1.44000
-1.61400
-1.54200
-1.21300
-0.622000
0.317000
1.56000
2.74100
3.29300
2.90100
2.05900
1.07200
0.123000
-0.661000
-1.16900
-1.38200
-1.38200
-1.65300
-1.80300
-1.67700
-1.49300
-1.29500
-0.975000
-0.622000
-0.182000
0.138000
0.520000
1.03300
1.62300
2.09700
2.24300
2.04400
1.59900
0.994000
0.452000
9.40000E-02
-0.254000
-0.777000
-1.22200
-1.40100
-1.49800
-1.47400
-1.48400
-1.27100
-0.922000
-0.516000
3.10000E-02
0.709000
1.46400
2.02500
2.18000
1.90900
1.47800
1.09100
0.752000
0.418000
0.128000
3.10000E-02
-3.20000E-02
-0.400000
-0.787000
-1.17400
-1.44500
-1.55100
-1.59500
-1.38200
-0.879000
-0.245000
0.549000
1.41000
2.13100
2.50900
2.33900
1.68600
0.771000
-8.00000E-03
-0.622000
-1.14500
-1.42100
-1.55600
-1.47900
-1.30500
-0.985000
-0.690000
-0.400000
-4.20000E-02
0.259000
0.500000
0.689000
0.786000
0.670000
0.399000
1.04000E-01
1.04000E-01
0.457000
0.975000
1.34700
1.46800
1.31300
0.854000
7.90000E-02
-0.884000
-1.78400
-2.46100
-2.79500
-2.89200
-2.79500
-2.43700
-2.06400
-1.33400
-0.225000
0.926000
2.10700
2.99300
3.26400
2.74100
1.73900
0.675000
-0.187000
-0.913000
-1.50300
-1.65300
-1.78800
-2.02100
-1.92400
-1.68200
-1.29000
-0.690000
-3.00000E-03
0.651000
1.10100
1.09600
0.863000
0.525000
0.229000
1.20000E-02
-0.274000
-0.603000
-0.821000
-0.724000
-0.433000
-9.50000E-02
0.118000
0.375000
0.588000
0.510000
0.370000
0.302000
0.186000
0.109000
6.50000E-02
0.113000
1.04000E-01
1.70000E-02
-2.20000E-02
-2.20000E-02
-6.60000E-02
-0.162000
-0.356000
-0.593000
-0.845000
-1.01900
-1.08700
-1.00000
-0.743000
-0.322000
0.196000
0.810000
1.34300
1.68100
1.78800
1.56500
1.15400
0.651000
0.133000
-0.404000
-1.03800
-1.52200
-1.81300
-1.68700
-1.34300
-0.859000
-0.143000
0.491000
0.975000
1.09100
0.907000
0.530000
5.50000E-02
-0.313000
-0.472000
-0.337000
4.10000E-02
0.684000
1.49700
1.95200
1.56500
0.728000
-0.162000
-0.898000
-1.40600
-1.61400
-1.61900
-1.48400
-1.11600
-0.390000
0.418000
1.13400
1.56000
1.62800
1.49700
1.28400
1.07200
0.922000
0.704000
0.360000
7.00000E-02
-0.206000
-0.458000
-0.864000
-1.17400
-1.28500
-1.24600
-0.898000
-0.433000
-4.60000E-02
0.205000
0.375000
0.375000
0.191000
-0.138000
-0.395000
-0.298000
0.109000
0.694000
1.34300
1.84600
2.01000
1.81700
1.36200
0.805000
0.138000
-0.569000
-1.18400
-1.65800
-2.10300
-2.51000
-2.60100
-2.54300
-2.42700
-1.98200
-1.25600
-0.298000
0.704000
1.61400
2.16500
2.13600
1.73500
1.19300
0.631000
0.109000
-0.342000
-0.729000
-0.922000
-0.990000
-0.913000
-0.627000
-0.153000
0.418000
0.965000
1.24600
1.11000
0.675000
0.181000
-0.240000
-0.617000
-0.898000
-1.07200
-1.26600
-1.43000
-1.42600
-1.14500
-0.588000
0.186000
1.19300
2.28600
3.24000
3.62700
3.11400
2.09700
0.984000
-8.00000E-03
-0.937000
-1.71100
-2.03000
-2.07400
-2.25800
-2.42200
-2.48000
-2.38400
-2.02100
-1.40100
-0.583000
0.481000
1.87500
3.56900
4.77800
3.83000
1.86000
0.229000
-0.917000
-1.49300
-1.90000
-1.85100
-1.83200
-1.61900
-1.30000
-0.917000
-0.608000
-0.414000
-0.221000
-5.10000E-02
0.123000
0.355000
0.670000
0.922000
0.902000
0.670000
0.438000
0.283000
0.157000
5.50000E-02
-0.138000
-0.351000
-0.492000
-0.492000
-0.346000
-0.119000
1.04000E-01
0.220000
0.239000
0.229000
8.40000E-02
-0.240000
-0.569000
-0.772000
-0.825000
-0.738000
-0.496000
-0.167000
0.113000
0.263000
0.225000
0.109000
-8.00000E-03
-2.20000E-02
6.50000E-02
0.249000
0.597000
1.11500
1.42500
1.36700
0.980000
0.360000
-0.283000
-0.980000
-1.54200
-1.80300
-1.98700
-2.13200
-1.95300
-1.44000
-0.753000
1.04000E-01
1.07200
2.06800
2.68300
2.60100
1.93300
0.960000
-2.70000E-02
-0.869000
-1.45000
-1.71600
-1.75500
-1.66700
-1.28500
-0.782000
-0.182000
0.307000
0.747000
1.09600
1.25500
1.12000
0.801000
0.365000
-4.60000E-02
-0.433000
-0.821000
-1.02900
-1.05800
-1.01900
-0.700000
-6.60000E-02
0.655000
1.34700
1.63800
1.36700
0.718000
7.00000E-03
-0.564000
-0.975000
-1.34300
-1.36300
-1.03400
-0.443000
0.210000
0.951000
1.58400
1.91400
1.78800
1.38600
0.767000
0.186000
-0.259000
-0.738000
-1.07700
-1.24200
-1.18400
-1.02900
-0.777000
-0.356000
0.109000
0.409000
0.452000
0.433000
0.568000
0.859000
1.23100
1.54600
1.73500
1.68600
1.40500
0.917000
0.423000
-3.20000E-02
-0.525000
-0.990000
-1.32400
-1.63400
-1.92400
-2.03000
-2.06400
-2.11300
-1.90900
-1.42600
-0.758000
0.317000
1.89400
3.65100
4.79800
4.84100
3.49100
1.84600
0.413000
-0.613000
-1.42600
-2.02100
-2.19500
-2.43700
-2.54300
-2.49000
-2.34000
-2.13200
-1.91900
-1.66700
-1.34800
-0.874000
-0.201000
0.709000
1.86000
2.79400
3.31700
3.25900
2.59100
1.81200
1.15900
0.651000
0.244000
-0.133000
-0.443000
-0.961000
-1.40600
-1.69700
-1.85100
-1.84200
-1.53700
-1.08200
-0.545000
6.50000E-02
0.762000
1.39100
1.73900
1.77300
1.56000
1.21200
0.791000
0.413000
7.50000E-02
-0.138000
-0.332000
-0.608000
-0.734000
-0.588000
-0.158000
0.321000
0.718000
1.12500
1.30400
1.31300
1.12000
0.709000
0.225000
-0.235000
-0.622000
-0.942000
-1.24200
-1.45500
-1.46400
-1.41600
-1.22700
-0.724000
-4.60000E-02
0.689000
1.41500
1.95700
1.98100
1.41000
0.462000
-0.317000
-0.917000
-1.28500
-1.44000
-1.15000
-0.792000
-0.225000
0.404000
1.08100
1.58400
1.83600
1.69600
1.21200
0.389000
-0.477000
-1.34800
-2.07400
-2.52900
-2.75100
-2.75600
-2.51900
-1.88000
-0.734000
0.646000
1.92300
2.73600
2.77500
2.43100
1.96700
1.38600
0.728000
0.147000
-0.429000
-1.00500
-1.45000
-1.85100
-2.25800
-2.51000
-2.63500
-2.70800
-2.64000
-2.36400
-1.72100
-0.942000
0.186000
1.61400
3.08500
3.60700
2.82300
1.76800
0.863000
0.186000
-0.356000
-0.927000
-1.34300
-1.52700
-1.74500
-1.84200
-1.77400
-1.66700
-1.55600
-1.41100
-1.02900
-0.463000
0.128000
0.762000
1.39100
1.90400
2.23800
2.19900
1.79300
1.21200
0.651000
0.283000
6.00000E-02
-5.10000E-02
-9.00000E-02
-0.196000
-0.279000
-0.395000
-0.598000
-0.840000
-1.09600
-1.21300
-1.24200
-1.24600
-1.16400
-0.937000
-0.627000
-0.182000
0.360000
1.10500
2.01500
2.93000
3.20100
2.64900
1.75900
0.926000
0.283000
-0.196000
-0.617000
-0.913000
-1.21300
-1.55100
-1.77400
-1.94800
-2.01600
-1.98200
-1.84700
-1.66300
-1.24200
-0.516000
0.384000
1.41000
2.55200
3.60200
3.82500
3.22500
2.10200
1.04200
0.200000
-0.516000
-1.15500
-1.42600
-1.63400
-1.62900
-1.57100
-1.48800
-1.27600
-1.13500
-1.20300
-1.13500
-0.758000
-0.201000
0.283000
0.767000
1.23600
1.53600
1.64300
1.62300
1.51700
1.28400
0.844000
0.249000
-0.259000
-0.472000
-0.530000
-0.637000
-0.787000
-0.961000
-1.18400
-1.34800
-1.34300
-1.24600
-1.16400
-1.03400
-0.864000
-0.714000
-0.516000
-0.177000
0.249000
0.728000
1.13400
1.44400
1.59900
1.52200
1.19700
0.588000
-0.129000
-0.777000
-1.22700
-1.51700
-1.56600
-1.56100
-1.42600
-1.20300
-0.835000
-0.419000
-2.70000E-02
0.263000
0.370000
0.220000
1.70000E-02
-0.167000
-0.313000
-0.458000
-0.380000
-0.143000
0.128000
0.592000
1.11000
1.52600
1.55500
1.23600
0.767000
0.225000
-0.356000
-0.946000
-1.36300
-1.59500
-1.67700
-1.61900
-1.45500
-1.16400
-0.724000
-0.240000
0.147000
0.486000
0.791000
1.06700
1.26500
1.39100
1.46800
1.42500
1.22600
0.863000
0.360000
-0.167000
-0.709000
-1.09600
-1.37700
-1.62400
-1.78800
-1.71100
-1.36300
-0.869000
-0.148000
0.752000
1.85100
2.66800
2.81800
2.35400
1.40500
0.341000
-0.613000
-1.21300
-1.41600
-1.24200
-0.913000
-0.259000
0.515000
1.21200
1.60900
1.55500
1.11000
0.510000
-1.70000E-02
-0.395000
-0.627000
-0.564000
-0.463000
-0.148000
0.249000
0.636000
0.922000
1.15900
1.40500
1.69600
1.96700
2.09700
2.00100
1.69100
1.14900
0.462000
-0.303000
-1.09200
-1.69200
-2.15100
-2.46600
-2.50000
-2.33500
-1.93800
-1.29000
-0.279000
1.03800
2.78000
4.50700
5.32500
4.58000
2.96900
1.36200
-3.20000E-02
-1.12100
-2.09300
-2.75600
-3.14300
-3.44800
-3.57400
-3.40000
-3.08100
-2.64000
-2.05900
-1.34300
-0.327000
0.955000
2.45600
3.68500
4.00400
3.90700
3.10400
1.88900
0.457000
-0.743000
-1.75500
-2.52900
-2.72200
-2.84800
-2.67400
-2.35000
-2.11800
-1.75000
-1.27600
-0.661000
4.60000E-02
0.742000
1.39100
1.73500
1.61800
1.22600
0.694000
0.162000
-0.400000
-0.884000
-1.16900
-1.24200
-0.932000
-0.356000
0.297000
0.762000
0.922000
0.810000
0.573000
0.283000
5.00000E-02
-7.50000E-02
-5.10000E-02
6.50000E-02
0.123000
6.50000E-02
-0.187000
-0.661000
-1.16900
-1.55600
-1.75900
-1.82700
-1.63800
-1.24200
-0.530000
0.331000
1.19300
1.59900
1.35200
0.878000
0.375000
-3.20000E-02
-0.317000
-0.356000
-8.00000E-02
0.263000
0.486000
0.607000
0.530000
0.239000
-0.196000
-0.661000
-1.07200
-1.46900
-1.71600
-1.69200
-1.50800
-1.32900
-0.980000
-0.375000
0.346000
1.07600
1.65700
1.97600
1.96200
1.53600
0.742000
-2.20000E-02
-0.666000
-1.16400
-1.51700
-1.56600
-1.56600
-1.44500
-1.24200
-0.854000
-0.506000
-0.201000
0.167000
0.728000
1.48800
2.38800
3.16200
3.19100
2.48900
1.39100
0.225000
-0.801000
-1.64800
-2.26300
-2.49000
-2.59700
-2.42700
-2.09800
-1.68200
-1.32900
-1.06700
-0.603000
0.162000
1.13900
2.29600
3.45700
3.83500
3.70400
2.85200
1.88500
0.946000
0.176000
-0.530000
-1.31900
-1.66700
-1.88500
-1.96800
-1.96800
-1.93800
-1.89000
-1.86100
-1.71100
-1.40100
-0.888000
-9.00000E-02
0.994000
2.20400
3.19100
3.69000
3.82500
3.49600
2.69800
1.75900
0.742000
-6.10000E-02
-0.758000
-1.31900
-1.62400
-2.07900
-2.29200
-2.34000
-2.23900
-1.84200
-1.31900
-0.608000
9.40000E-02
0.781000
1.52200
2.21400
2.64900
2.59100
2.04900
1.19300
0.418000
-4.60000E-02
-0.361000
-0.709000
-0.980000
-1.18400
-1.10600
-0.995000
-0.777000
-0.511000
-0.221000
5.50000E-02
0.375000
0.771000
1.14900
1.39100
1.58000
1.69600
1.77300
1.67600
1.29400
0.626000
-0.158000
-0.951000
-1.60900
-2.09800
-2.62100
-2.93100
-2.89200
-2.59700
-2.04500
-1.28000
-1.00000E-01
1.49300
3.21000
4.29000
4.48300
3.70400
2.23300
0.684000
-0.622000
-1.66700
-2.54300
-2.91100
-3.11400
-3.24000
-3.12400
-2.68900
-2.22900
-1.79300
-1.45900
-0.956000
-0.221000
0.554000
1.24600
1.82600
2.18500
2.17000
1.85500
1.21200
0.530000
-3.70000E-02
-0.671000
-1.19300
-1.57600
-1.79800
-1.96300
-1.82700
-1.69200
-1.44500
-1.15900
-0.835000
-0.506000
-0.254000
-4.60000E-02
5.00000E-02
0.138000
0.297000
0.491000
0.568000
0.500000
0.418000
0.481000
0.534000
0.554000
0.350000
-0.109000
-0.671000
-1.02900
-1.30000
-1.47900
-1.59500
-1.45900
-1.08700
-0.516000
4.60000E-02
0.423000
0.617000
0.496000
0.263000
2.60000E-02
-7.10000E-02
-4.20000E-02
9.40000E-02
0.399000
0.825000
1.25100
1.44400
1.17300
0.588000
-1.20000E-02
-0.564000
-1.00000
-1.18800
-1.16400
-1.05300
-0.864000
-0.516000
-3.20000E-02
0.278000
0.336000
0.225000
8.90000E-02
-0.143000
-0.322000
-0.303000
-7.10000E-02
0.249000
0.767000
1.38600
1.84100
1.73900
1.12500
0.394000
-0.303000
-0.845000
-1.04800
-0.937000
-0.821000
-0.583000
-0.167000
0.259000
0.626000
0.878000
0.965000
0.922000
0.631000
0.113000
-0.404000
-0.753000
-0.913000
-0.893000
-0.564000
-0.119000
0.321000
0.830000
1.40500
1.88500
2.22300
2.11700
1.58900
0.733000
3.60000E-02
-0.424000
-0.835000
-1.25100
-1.35800
-1.30000
-1.04800
-0.666000
-0.317000
-2.70000E-02
0.317000
0.762000
1.17800
1.40100
1.58400
1.73500
1.68600
1.48800
1.18800
0.742000
1.04000E-01
-0.661000
-1.24600
-1.52700
-1.57600
-1.26600
-0.642000
-3.00000E-03
0.549000
0.999000
1.11500
0.776000
0.142000
-0.593000
-1.27100
-1.59500
-1.51300
-1.19800
-0.395000
0.670000
1.92300
2.82300
2.79400
1.97200
0.825000
-0.143000
-0.908000
-1.49300
-1.96800
-2.01100
-2.06400
-1.82200
-1.47900
-0.956000
-0.433000
-2.70000E-02
0.259000
0.452000
0.588000
0.583000
0.438000
0.263000
7.00000E-02
-3.00000E-03
-1.20000E-02
-3.00000E-03
4.60000E-02
0.109000
0.147000
0.109000
0.109000
0.181000
0.259000
0.234000
9.40000E-02
-2.20000E-02
-8.50000E-02
-4.60000E-02
-2.70000E-02
7.00000E-03
6.50000E-02
4.60000E-02
-0.114000
-0.375000
-0.511000
-0.414000
-0.240000
-3.70000E-02
0.162000
0.500000
1.01300
1.56500
2.04400
2.08300
1.69100
0.757000
-0.293000
-1.30900
-2.11300
-2.63500
-2.91100
-2.73700
-2.19000
-1.30500
-5.10000E-02
1.57500
5.51400
5.89100
4.58000
2.50900
0.559000
-0.942000
-1.89000
-2.69300
-3.26000
-3.41000
-3.37100
-3.24000
-3.19700
-2.82400
-2.21900
-1.47400
-0.356000
0.960000
2.33500
3.39000
3.66500
3.18100
2.41700
1.60400
0.805000
5.00000E-02
-0.511000
-0.975000
-1.33800
-1.53200
-1.78800
-1.84700
-1.71100
-1.43000
-0.913000
-0.385000
0.162000
0.626000
0.844000
0.805000
0.476000
0.254000
4.60000E-02
-0.187000
-8.00000E-02
0.423000
1.08100
1.77800
2.12200
2.09700
1.66200
1.04200
0.380000
-0.124000
-0.579000
-1.08200
-1.43000
-1.58000
-1.59000
-1.62900
-1.57600
-1.15000
-0.603000
-0.153000
0.142000
0.423000
0.922000
1.61800
2.16000
2.43100
2.31000
1.91400
1.33300
0.612000
-0.221000
-0.917000
-1.26600
-1.38200
-1.84200
-2.04500
-1.98700
-1.67200
-1.42100
-1.10600
-0.530000
-0.148000
0.171000
0.675000
1.23600
1.50700
1.58000
1.52200
1.30400
1.13000
1.00400
0.902000
0.728000
0.496000
2.00000E-03
-0.787000
-1.52700
-2.06400
-2.31600
-2.35000
-2.36900
-2.38400
-2.22900
-1.72600
-0.874000
-8.50000E-02
0.360000
0.854000
1.34700
1.79300
2.19400
2.41700
2.18500
1.62800
1.01800
0.496000
-4.60000E-02
-0.821000
-1.34800
-1.61900
-1.55100
-1.71100
-2.08900
-2.58200
-2.88700
-2.81000
-2.56800
-2.10300
-1.67200
-0.956000
0.438000
2.35400
4.12000
4.70100
3.62700
2.08800
0.791000
-0.274000
-1.15000
-1.81300
-1.90900
-1.90000
-1.76400
-1.67200
-1.70600
-1.75000
-1.75000
-1.63800
-1.50300
-1.22200
-0.850000
-0.375000
0.283000
1.07200
1.73500
2.17500
2.63900
2.73600
2.62500
2.37300
1.69600
0.970000
0.297000
-0.458000
-1.29000
-1.98700
-2.61600
-2.81000
-2.83400
-2.73700
-2.69800
-2.52900
-2.01600
-1.08200
0.249000
1.89400
3.51500
4.03800
3.41900
2.21400
1.13000
0.302000
-0.453000
-0.888000
-0.821000
-0.438000
-0.206000
4.60000E-02
0.239000
0.442000
0.457000
0.186000
-0.279000
-0.767000
-0.990000
-0.913000
-0.613000
-0.254000
0.147000
0.902000
1.84100
2.45600
2.47000
2.05900
1.38600
0.689000
0.128000
-0.192000
-0.288000
-0.187000
-0.283000
-0.187000
-8.00000E-02
1.20000E-02
0.109000
0.181000
0.220000
0.152000
1.70000E-02
-0.119000
-0.259000
-0.298000
-6.60000E-02
0.409000
0.936000
1.45900
1.74900
1.76800
1.59900
1.15400
0.457000
-0.211000
-0.806000
-1.30000
-1.72600
-2.17100
-2.27700
-2.23400
-1.85600
-1.36300
-0.651000
0.138000
0.868000
1.28900
1.28900
0.888000
0.167000
-0.472000
-0.879000
-0.961000
-0.758000
-0.458000
-7.10000E-02
0.597000
1.27500
1.59900
1.43900
0.980000
0.394000
-0.206000
-0.777000
-1.14500
-1.49300
-1.84700
-1.95300
-1.84200
-1.71600
-1.46400
-0.913000
-0.119000
0.597000
1.05700
1.23600
1.31800
1.41000
1.69100
2.10700
2.40700
2.45100
2.16000
1.49300
0.631000
-0.206000
-0.942000
-1.34800
-1.61900
-2.17100
-2.42700
-2.51400
-2.51900
-2.10800
-1.48400
-0.922000
-0.313000
0.302000
1.19700
2.23800
3.04100
3.38500
3.30700
2.75600
1.87500
0.767000
-0.414000
-1.48400
-2.14200
-2.16100
-2.44200
-2.54800
-2.51000
-2.28700
-1.78800
-1.20800
-0.530000
0.268000
1.16800
1.92300
2.39300
2.41700
1.96700
1.13400
0.321000
-0.283000
-0.864000
-1.32900
-1.33800
-1.53700
-1.51700
-1.38200
-1.20800
-0.879000
-0.463000
0.162000
0.801000
1.27500
1.58400
1.70100
1.67600
1.69100
1.61400
1.26500
0.520000
-0.433000
-1.35300
-2.07900
-2.69800
-3.17300
-3.42400
-3.30300
-2.92600
-2.20000
-0.971000
1.01800
3.46200
4.46900
3.84400
2.53300
1.17800
-1.20000E-02
-0.932000
-1.65300
-1.96300
-1.80800
-1.48400
-0.980000
-0.458000
-3.00000E-03
0.394000
0.786000
0.980000
0.839000
0.568000
0.259000
2.60000E-02
-9.00000E-02
-0.298000
-0.569000
-0.724000
-0.646000
-0.506000
-0.371000
-0.332000
-0.274000
-1.00000E-01
0.249000
0.844000
1.48300
1.96200
2.07800
1.78800
1.26500
0.713000
0.225000
-0.143000
-0.608000
-0.864000
-0.961000
-1.01900
-1.08700
-1.23700
-1.55600
-1.80300
-1.98700
-2.10300
-1.91900
-1.34800
-0.351000
0.883000
2.31500
3.54900
3.73300
3.06500
1.85100
0.481000
-0.564000
-1.24200
-1.78800
-2.08900
-2.41300
-2.59700
-2.48000
-2.30100
-2.04000
-1.71100
-1.30500
-0.554000
0.346000
1.25500
2.02000
2.32000
2.08300
1.50200
0.728000
3.10000E-02
-0.598000
-1.00000
-1.28000
-1.26600
-1.39200
-1.45900
-1.36300
-1.11600
-0.758000
-0.206000
0.326000
0.815000
1.19300
1.41500
1.50200
1.34300
1.07200
0.646000
0.147000
-0.337000
-0.724000
-0.995000
-1.15500
-1.17400
-1.08700
-0.985000
-0.661000
-0.298000
-8.50000E-02
8.90000E-02
0.442000
0.878000
1.18800
1.25100
1.09600
0.863000
0.694000
0.573000
0.404000
0.278000
0.220000
4.60000E-02
-0.221000
-0.492000
-0.685000
-0.888000
-1.17400
-1.39600
-1.45900
-1.33800
-1.14000
-0.685000
3.60000E-02
0.859000
1.68600
2.39700
2.99300
3.06500
2.60600
1.79300
0.805000
-9.00000E-02
-0.753000
-1.17400
-1.28000
-1.40100
-1.36300
-1.22700
-1.05300
-0.864000
-0.554000
-0.235000
3.10000E-02
0.341000
0.728000
1.28900
1.83600
2.19400
2.09700
1.70100
1.08100
0.302000
-0.511000
-1.04300
-1.15000
-1.12500
-1.06700
-0.690000
-6.60000E-02
0.660000
1.36700
1.78800
1.76800
1.36200
0.617000
-0.206000
-1.13000
-1.80800
-2.20500
-2.41300
-2.25800
-1.73500
-1.09200
-0.216000
0.912000
2.05400
2.66800
2.54300
2.02000
1.21700
0.355000
-0.375000
-0.995000
-1.53200
-1.84700
-2.10300
-2.07400
-1.90500
-1.63400
-1.20800
-0.709000
-0.288000
2.60000E-02
0.307000
0.636000
0.960000
1.17300
1.05700
0.733000
0.288000
-0.216000
-0.671000
-0.937000
-1.01400
-1.15900
-1.21300
-1.15500
-1.05800
-0.835000
-0.472000
-6.60000E-02
0.399000
0.868000
1.13900
1.05200
0.820000
0.539000
0.157000
-0.279000
-0.598000
-0.661000
-0.525000
-0.274000
-1.20000E-02
0.186000
0.442000
0.699000
0.888000
0.878000
0.762000
0.559000
0.302000
5.50000E-02
-0.162000
-0.395000
-0.492000
-0.554000
-0.448000
-0.274000
2.00000E-03
0.225000
0.321000
0.375000
0.423000
0.530000
0.723000
1.01300
1.26500
1.50200
1.59900
1.51200
1.14900
0.375000
-0.627000
-1.40600
-1.90000
-2.27200
-2.41800
-2.34500
-1.89500
-1.12100
-7.10000E-02
1.08100
2.18000
2.79900
2.48900
1.53600
0.452000
-0.400000
-1.01900
-1.60900
-1.71100
-1.53700
-0.787000
0.234000
1.21700
1.80700
1.78800
1.19300
0.496000
-8.00000E-03
-0.521000
-0.903000
-1.05800
-1.01900
-0.748000
-0.279000
0.171000
0.467000
0.583000
0.530000
0.423000
0.413000
0.268000
8.90000E-02
-0.143000
-0.424000
-0.632000
-0.748000
-0.709000
-0.516000
3.10000E-02
0.960000
2.01000
2.79900
2.92000
2.26200
1.23600
0.167000
-0.646000
-1.28500
-1.87600
-2.09300
-2.23900
-2.15100
-1.90900
-1.48400
-0.932000
-0.356000
0.167000
0.709000
1.20700
1.68100
2.18500
2.73600
3.27800
3.55400
3.28300
2.10200
0.655000
-0.637000
-1.67700
-2.58200
-3.10500
-3.58900
-3.62700
-3.46300
-3.20600
-2.85800
-2.19000
-1.35800
-0.351000
0.984000
2.60600
4.09100
4.98600
4.29400
2.78500
1.30400
-8.00000E-03
-0.971000
-1.84700
-2.44700
-2.77600
-3.00300
-2.95500
-2.69300
-2.40800
-1.90000
-1.20800
-0.511000
0.215000
1.03300
1.68100
1.82600
1.58400
1.25100
0.960000
0.602000
0.205000
-6.10000E-02
-0.109000
-0.162000
-0.162000
-1.70000E-02
7.50000E-02
6.00000E-02
8.90000E-02
2.60000E-02
-3.20000E-02
-8.00000E-02
-0.158000
-0.274000
-0.375000
-0.472000
-0.554000
-0.448000
-0.361000
-0.361000
-0.429000
-0.564000
-0.714000
-0.724000
-0.734000
-0.671000
-0.361000
0.191000
0.854000
1.63800
2.20400
2.29600
1.84600
1.13000
0.171000
-0.825000
-1.59500
-2.09300
-2.28700
-2.31100
-1.97700
-1.57600
-0.990000
-0.109000
0.626000
1.19300
1.56000
1.61400
1.30400
0.820000
0.307000
-0.221000
-0.913000
-1.46900
-1.47900
-1.32900
-1.00000
-0.835000
-0.545000
-8.50000E-02
0.341000
0.709000
0.926000
1.09600
1.10500
1.05200
0.955000
0.771000
0.384000
-4.60000E-02
-0.554000
-0.961000
-1.30000
-1.52200
-1.53700
-1.51300
-1.34300
-1.09200
-0.787000
-0.361000
7.50000E-02
0.433000
0.747000
1.09600
1.50200
1.95200
2.40700
2.71700
2.65900
1.90900
0.670000
-0.433000
-1.27600
-2.02600
-2.57700
-3.00300
-3.14800
-3.01300
-2.50500
-1.65300
-0.429000
1.13000
2.47500
2.86200
2.21800
1.34700
0.607000
0.259000
0.200000
0.123000
-8.00000E-03
-0.162000
-0.390000
-0.404000
-0.400000
-0.380000
-0.225000
-7.10000E-02
7.50000E-02
0.346000
0.592000
0.815000
0.936000
0.839000
0.500000
-8.00000E-02
-0.743000
-1.30500
-1.68200
-1.66700
-1.37700
-0.980000
-0.622000
1.20000E-02
0.786000
1.67600
2.30100
2.44600
2.07800
1.28900
0.321000
-0.569000
-1.28500
-1.71600
-1.85100
-1.72600
-1.44500
-1.04800
-0.433000
0.384000
1.34300
2.15100
2.57200
2.50400
1.85500
0.844000
-4.60000E-02
-0.854000
-1.65800
-2.05500
-2.11300
-1.80800
-1.45900
-0.975000
-0.167000
0.810000
1.61400
1.85500
1.61800
1.27000
1.07600
1.01800
0.965000
0.897000
0.820000
0.742000
0.438000
0.109000
-0.201000
-0.637000
-1.09600
-1.37700
-1.42600
-1.20800
-0.801000
-0.240000
0.297000
0.825000
1.21700
1.26500
0.965000
0.418000
-0.221000
-0.777000
-1.17400
-1.29000
-0.942000
-0.603000
-0.356000
5.00000E-02
0.563000
1.03300
1.37200
1.43900
1.30400
1.11500
0.786000
0.273000
-0.230000
-0.661000
-1.05800
-1.41600
-1.72600
-1.77900
-1.73000
-1.67200
-1.59500
-1.44500
-1.23200
-0.845000
-0.254000
0.418000
1.11500
1.76400
2.19400
2.27200
2.06800
1.75400
1.36700
0.805000
7.00000E-02
-0.821000
-1.60000
-2.02600
-2.36400
-2.42200
-2.35000
-2.22900
-1.90900
-1.42600
-0.845000
-0.235000
0.384000
1.03800
1.59900
2.00100
2.23300
2.12600
1.72000
1.25100
0.728000
0.186000
-0.250000
-0.666000
-0.874000
-1.06700
-1.29000
-1.53200
-1.59500
-1.40100
-1.10600
-0.787000
-3.00000E-03
1.20700
2.66800
4.06200
4.85100
2.97300
0.989000
-0.661000
-1.96800
-2.84800
-3.29300
-3.24000
-3.05200
-2.62100
-1.84700
-1.02400
1.70000E-02
1.34300
2.76500
3.78600
4.01900
3.61200
2.37300
1.03800
-1.04000E-01
-0.980000
-1.71600
-2.01600
-1.95800
-1.80800
-1.56100
-1.29500
-0.884000
-0.390000
0.167000
0.747000
1.31300
1.73500
1.92800
1.97600
1.80700
1.29400
0.689000
-6.60000E-02
-0.821000
-1.33400
-1.45500
-1.48400
-1.23200
-0.709000
-0.133000
0.205000
0.438000
0.631000
0.728000
0.801000
0.917000
1.01300
0.902000
0.655000
0.273000
-8.00000E-03
-0.182000
-0.433000
-0.714000
-0.971000
-1.20300
-1.51300
-1.55600
-1.34300
-0.956000
-0.385000
0.404000
1.44900
2.72700
3.64600
3.39900
2.14600
0.670000
-0.801000
-1.87100
-2.70300
-3.12900
-3.25500
-3.37600
-3.27900
-2.93100
-2.38400
-1.73500
-0.796000
0.496000
1.88900
3.01200
3.58300
3.51100
2.62000
1.30400
5.50000E-02
-0.796000
-1.39200
-1.84700
-1.98200
-2.28200
-2.21900
-2.01600
-1.75500
-1.49300
-1.33800
-1.13000
-0.777000
-0.250000
0.205000
0.665000
1.23600
1.76800
2.09300
2.08300
1.65700
0.917000
0.297000
-0.167000
-0.680000
-1.15500
-1.35800
-1.65300
-1.76900
-1.72600
-1.63800
-1.41600
-0.990000
-0.380000
0.162000
0.592000
0.805000
0.873000
0.859000
0.781000
0.728000
0.733000
0.849000
0.960000
1.21200
1.27000
0.994000
0.394000
-0.332000
-1.14500
-1.80300
-2.19000
-2.41300
-2.60100
-2.34500
-1.54200
-0.438000
0.863000
2.46500
3.90700
4.85100
3.81100
1.82600
1.04000E-01
-1.12500
-1.98700
-2.52400
-2.49500
-2.26300
-1.95300
-1.46400
-0.724000
6.50000E-02
0.781000
1.48800
2.06800
2.47500
2.66800
2.28600
1.59400
0.839000
0.200000
-0.404000
-1.07200
-1.30500
-1.35800
-1.33400
-1.27600
-1.03800
-0.758000
-0.448000
-2.20000E-02
0.515000
1.15900
1.59900
1.83600
1.84600
1.63300
1.38600
1.11500
0.747000
0.321000
-1.04000E-01
-0.564000
-0.961000
-1.10600
-1.00500
-0.854000
-0.685000
-0.550000
-0.608000
-0.671000
-0.671000
-0.516000
-0.274000
9.40000E-02
0.689000
1.40500
2.08300
2.48000
2.41700
1.79700
0.878000
1.70000E-02
-0.704000
-1.35800
-1.85600
-2.03000
-2.07900
-1.96800
-1.67700
-1.07700
-0.293000
0.481000
1.25100
1.77300
1.95200
1.65200
1.07200
0.307000
-0.409000
-0.835000
-0.971000
-0.898000
-0.763000
-0.153000
0.597000
1.14900
1.24600
0.946000
0.302000
-0.424000
-1.05300
-1.59500
-1.97700
-2.10300
-2.08400
-1.89000
-1.49300
-0.937000
-0.216000
0.670000
1.68600
2.41200
2.42700
1.80700
0.839000
-1.00000E-01
-0.917000
-1.61400
-1.92400
-1.75000
-1.66700
-1.77400
-1.76400
-1.40100
-0.951000
-0.690000
-0.492000
-0.230000
0.167000
0.636000
0.984000
1.18800
1.19700
1.00400
0.670000
0.321000
1.20000E-02
-0.293000
-0.574000
-0.903000
-1.03800
-0.840000
-0.608000
-0.337000
-8.00000E-03
0.268000
0.607000
0.965000
1.26500
1.35200
1.19700
0.825000
0.244000
-0.385000
-0.903000
-1.17400
-1.32900
-1.46400
-1.38200
-0.961000
-0.119000
1.02300
2.41200
3.53000
3.51100
2.49400
1.13900
-0.162000
-1.05300
-1.64300
-2.07900
-2.05900
-1.95800
-1.54200
-1.02900
-0.472000
0.109000
0.631000
0.960000
1.16800
1.28400
1.33300
1.42000
1.56500
1.58000
1.42500
1.19700
0.849000
0.568000
0.365000
0.113000
-0.138000
-0.550000
-0.937000
-1.33400
-1.60500
-1.78400
-1.88000
-1.86100
-1.63800
-1.24200
-0.472000
0.554000
1.88900
3.13300
3.70400
3.51100
2.70700
1.69600
0.704000
-8.50000E-02
-0.879000
-1.58000
-1.87600
-2.23900
-2.45100
-2.51000
-2.40300
-2.05900
-1.57600
-0.758000
0.200000
1.21700
2.03000
2.50400
2.49400
2.15100
1.44400
0.607000
-0.109000
-0.748000
-1.02900
-1.02900
-0.995000
-0.777000
-0.409000
3.10000E-02
0.220000
0.355000
0.510000
0.646000
0.573000
0.438000
0.302000
7.90000E-02
-0.274000
-0.729000
-1.15500
-1.35800
-1.29000
-1.05300
-0.763000
-0.221000
0.578000
1.55500
2.40700
2.93500
2.48500
1.15400
-0.274000
-1.34300
-2.18000
-2.78100
-2.87700
-2.59700
-2.00100
-1.16900
-1.04000E-01
0.718000
1.09600
0.917000
0.646000
0.462000
0.384000
0.341000
0.370000
0.476000
0.626000
0.655000
0.549000
0.268000
5.00000E-02
-4.20000E-02
-8.00000E-03
0.220000
0.399000
0.259000
1.70000E-02
-0.225000
-0.458000
-0.821000
-1.09600
-1.15500
-1.12100
-1.08700
-0.884000
-0.622000
-0.414000
-0.162000
0.109000
0.297000
0.597000
1.03300
1.60400
2.21400
2.66400
2.50900
2.04400
1.45900
0.762000
1.70000E-02
-0.782000
-1.46400
-1.80300
-2.11800
-2.34000
-2.45100
-2.43200
-2.44200
-2.40300
-2.12200
-1.59500
-0.859000
0.113000
1.28400
2.73600
4.23600
4.63800
3.46700
2.06400
0.810000
-8.50000E-02
-0.787000
-1.41100
-1.84200
-2.15100
-2.36400
-2.36400
-2.35000
-2.25300
-1.97200
-1.64300
-1.27100
-0.796000
-0.317000
7.50000E-02
0.534000
0.984000
1.45900
2.13600
2.74600
2.91500
2.84300
2.27700
1.21200
5.00000E-02
-0.840000
-1.56100
-2.10300
-2.38400
-2.69800
-2.79500
-2.52400
-2.01600
-1.54700
-1.01900
-0.206000
0.684000
1.58400
2.35400
2.85700
2.74600
2.23300
1.56500
0.868000
0.113000
-0.700000
-1.45900
-1.87100
-2.20900
-2.22900
-2.12200
-1.71100
-1.08700
-0.337000
0.554000
1.52200
2.25200
2.66800
2.79400
2.49400
1.91400
1.17300
0.418000
-0.245000
-0.835000
-1.17400
-1.59000
-1.85100
-1.90500
-1.72100
-1.50800
-1.25600
-0.845000
-0.206000
0.481000
1.15400
1.83100
2.27700
2.31000
2.07800
1.55500
0.946000
0.457000
7.50000E-02
-0.143000
-0.192000
-0.221000
-0.409000
-0.603000
-0.782000
-0.995000
-1.24600
-1.64300
-1.92400
-1.91400
-1.75500
-1.34800
-0.583000
0.554000
1.73900
2.45600
2.37300
1.80700
1.20700
0.636000
0.200000
-0.356000
-0.937000
-1.39200
-1.71600
-2.11300
-2.17100
-1.84200
-1.44000
-1.00500
-0.511000
-8.00000E-03
0.370000
0.607000
0.752000
0.752000
0.655000
0.597000
0.709000
0.999000
1.14900
0.830000
0.113000
-0.758000
-1.55600
-2.19500
-2.65000
-2.82900
-2.53400
-2.12200
-1.53200
-0.521000
0.747000
2.04400
3.22500
3.82500
3.42300
2.01500
0.433000
-0.937000
-1.75000
-2.25300
-2.37900
-2.44700
-2.39300
-2.06400
-1.59000
-0.835000
1.70000E-02
0.709000
1.22600
1.50200
1.44900
1.13900
0.568000
-5.10000E-02
-0.627000
-0.975000
-0.975000
-0.898000
-0.588000
2.60000E-02
0.723000
1.23100
1.60400
1.71500
1.37600
0.752000
0.167000
-0.322000
-0.758000
-0.971000
-1.01400
-0.975000
-0.946000
-0.893000
-0.690000
-0.400000
-0.129000
7.50000E-02
0.326000
0.651000
1.07600
1.56000
1.92300
2.03000
1.69100
1.17800
0.554000
-4.60000E-02
-0.530000
-0.763000
-0.917000
-0.903000
-0.709000
-0.409000
-8.00000E-02
0.263000
0.709000
1.12000
1.35200
1.34300
1.16800
0.849000
0.515000
8.90000E-02
-0.298000
-0.530000
-0.656000
-0.651000
-0.448000
-3.20000E-02
0.534000
1.09600
1.50200
1.87000
2.04900
1.84600
1.37200
0.636000
-0.158000
-0.898000
-1.36300
-1.71600
-2.07400
-2.00600
-1.65800
-1.17400
-0.564000
0.171000
0.926000
1.60900
2.07800
2.16500
1.91400
1.33300
0.554000
-8.50000E-02
-0.588000
-1.00000
-1.15000
-1.25100
-1.22200
-1.16400
-0.975000
-0.801000
-0.821000
-0.835000
-0.632000
-0.283000
5.00000E-02
0.404000
0.786000
1.12000
1.20200
1.03300
0.636000
6.50000E-02
-0.419000
-0.719000
-0.777000
-0.530000
-1.04000E-01
0.346000
0.568000
0.288000
-0.274000
-0.898000
-1.44000
-1.72100
-1.69200
-1.46400
-1.05800
-0.496000
0.171000
0.805000
1.21700
1.28900
1.07200
0.626000
6.50000E-02
-0.438000
-0.835000
-1.01400
-1.08700
-0.821000
-0.250000
0.433000
1.13900
1.73900
2.04900
1.89400
1.38600
0.728000
-3.00000E-03
-0.719000
-1.19300
-1.37700
-1.53200
-1.67200
-1.67200
-1.68200
-1.67700
-1.52200
-1.28500
-0.859000
-0.337000
0.263000
1.08600
2.06400
3.22000
3.99400
3.91700
2.39300
0.709000
-0.704000
-1.71600
-2.46100
-2.85800
-3.01300
-2.95000
-2.64000
-2.24300
-1.77900
-1.20300
-0.554000
5.50000E-02
0.617000
1.17300
1.52200
1.64300
1.52200
1.28900
1.06200
0.849000
0.651000
0.418000
0.225000
5.50000E-02
-6.60000E-02
-0.167000
-0.109000
4.60000E-02
0.302000
0.636000
0.863000
0.892000
0.757000
0.530000
0.210000
-0.196000
-0.666000
-1.01400
-1.22700
-1.35800
-1.28000
-0.942000
-0.322000
0.471000
1.34700
2.31500
3.07000
3.33100
3.07500
2.42700
1.48800
0.438000
-0.550000
-1.47900
-2.15600
-2.43700
-2.72700
-2.76100
-2.61600
-2.35000
-1.91900
-1.25100
-0.216000
0.917000
2.07800
2.89100
2.95900
2.29100
1.38600
0.631000
0.133000
-5.10000E-02
-5.10000E-02
1.70000E-02
-4.20000E-02
-0.356000
-0.734000
-1.05300
-1.36300
-1.61400
-1.79300
-1.76400
-1.49300
-0.937000
-1.04000E-01
1.02300
2.29600
2.98800
2.63900
1.61400
0.549000
-0.303000
-1.00900
-1.56600
-1.69200
-1.73000
-1.67700
-1.55100
-1.33800
-0.917000
-0.414000
3.10000E-02
0.447000
0.825000
0.994000
0.926000
0.849000
0.655000
0.283000
-1.04000E-01
-0.400000
-0.525000
-0.525000
-0.429000
-0.317000
-0.235000
-0.124000
-1.70000E-02
-2.20000E-02
-0.167000
-0.322000
-0.545000
-0.825000
-1.09200
-1.26600
-1.13000
-0.821000
-0.443000
1.70000E-02
0.568000
1.18800
1.44900
1.38600
1.19300
0.825000
0.481000
0.162000
-2.20000E-02
-0.206000
-0.511000
-0.937000
-1.15000
-0.995000
-0.738000
-0.535000
-0.409000
-1.04000E-01
0.307000
0.694000
0.926000
0.868000
0.626000
0.307000
-4.20000E-02
-0.395000
-0.579000
-0.443000
-6.60000E-02
0.568000
1.59900
2.67800
3.15200
2.39700
0.980000
-0.588000
-1.84700
-2.72200
-3.29300
-3.24500
-3.02200
-2.61600
-2.05500
-1.25100
-2.70000E-02
1.45900
3.34600
6.54000
5.43700
3.16700
1.28900
-0.240000
-1.40600
-2.25800
-2.79500
-3.11900
-3.18700
-3.14300
-3.06600
-2.85300
-2.41300
-1.76400
-0.990000
1.70000E-02
1.25500
2.69300
3.61200
3.57300
2.90600
2.07800
1.36200
0.771000
0.278000
-0.230000
-0.666000
-0.724000
-0.985000
-1.19300
-1.30900
-1.42600
-1.44000
-1.42100
-1.36300
-1.17900
-0.942000
-0.627000
7.00000E-03
0.830000
1.75400
2.39700
2.58600
2.33900
1.76800
1.05200
0.317000
-0.196000
-0.646000
-0.782000
-0.908000
-0.864000
-0.622000
-0.303000
-4.20000E-02
0.147000
0.360000
0.481000
0.588000
0.607000
0.491000
0.331000
0.128000
-8.50000E-02
-0.356000
-0.492000
-0.613000
-0.729000
-0.782000
-0.782000
-0.724000
-0.569000
-0.288000
3.60000E-02
0.607000
1.42000
2.43600
3.71400
4.03800
2.87700
1.59900
0.259000
-0.961000
-2.05500
-2.97400
-3.35200
-3.66600
-3.84000
-3.78200
-3.55500
-3.09000
-2.43200
-1.51700
-4.60000E-02
1.81200
3.89800
4.76400
3.29800
1.92300
0.830000
0.147000
-0.433000
-1.11100
-1.49800
-1.73500
-1.96800
-2.04500
-1.82700
-1.55100
-1.35300
-1.10100
-0.709000
-0.342000
4.60000E-02
0.481000
0.922000
1.28900
1.54600
1.63300
1.44900
1.01300
0.457000
-0.279000
-1.07200
-1.56600
-1.73000
-1.80300
-1.63800
-1.30500
-0.850000
-0.371000
0.167000
0.762000
1.20200
1.17800
0.820000
0.244000
-0.317000
-0.637000
-0.608000
-0.177000
0.375000
0.922000
1.33300
1.34700
0.980000
0.225000
-0.554000
-1.11600
-1.57100
-1.73500
-1.66700
-1.55600
-1.38200
-1.05300
-0.535000
0.133000
0.723000
1.13900
1.43000
1.44400
1.16300
0.718000
0.215000
-0.283000
-0.709000
-0.922000
-0.821000
-0.530000
-0.221000
9.90000E-02
0.375000
0.462000
0.423000
0.375000
0.365000
0.341000
0.283000
0.273000
0.142000
-6.10000E-02
-0.361000
-0.545000
-0.627000
-0.685000
-0.646000
-0.400000
-0.167000
3.60000E-02
0.307000
0.651000
0.941000
1.13400
1.14900
1.16800
1.16800
1.13000
0.922000
0.515000
7.50000E-02
-0.356000
-0.825000
-1.23200
-1.43500
-1.30900
-1.11100
-0.743000
-0.192000
0.346000
0.762000
0.994000
1.13900
1.28900
1.35700
1.38100
1.26500
0.878000
0.336000
-0.148000
-0.550000
-0.695000
-0.622000
-0.327000
2.60000E-02
0.259000
0.394000
0.360000
0.186000
-2.70000E-02
-0.230000
-0.477000
-0.642000
-0.574000
-0.158000
0.360000
0.747000
0.892000
0.839000
0.684000
0.626000
0.655000
0.786000
1.01800
1.36700
1.68600
1.59400
1.13000
0.326000
-0.511000
-1.34300
-2.13700
-2.67900
-3.01300
-3.15800
-3.17700
-2.95000
-2.38900
-1.32900
0.220000
1.94300
3.62700
4.79300
4.85100
3.10900
1.39100
2.60000E-02
-0.942000
-1.59000
-1.95800
-1.84700
-1.88500
-1.71100
-1.34300
-0.825000
-0.400000
-0.196000
-0.279000
-0.608000
-1.10100
-1.49800
-1.45500
-1.19300
-0.738000
0.186000
1.43000
2.76000
3.87300
4.18800
3.15200
1.64300
0.302000
-0.632000
-1.19800
-1.48400
-1.40600
-1.34800
-1.31900
-1.33800
-1.40100
-1.56100
-1.60900
-1.54200
-1.40600
-1.06700
-0.448000
0.302000
1.03800
1.59900
1.92300
2.04900
1.87000
1.42500
0.651000
-0.133000
-0.884000
-1.37700
-1.65800
-1.66700
-1.47900
-1.17900
-0.709000
8.90000E-02
0.975000
1.54100
1.42500
0.810000
5.00000E-02
-0.588000
-1.02900
-1.42600
-1.66700
-1.71100
-1.47900
-1.02900
-0.429000
0.220000
1.05700
1.67200
1.83600
1.54600
1.05700
0.515000
3.60000E-02
-0.303000
-0.487000
-0.264000
0.109000
0.418000
0.496000
0.297000
-8.00000E-03
-0.303000
-0.487000
-0.588000
-0.637000
-0.685000
-0.806000
-0.893000
-0.748000
-0.627000
-0.448000
-0.162000
5.00000E-02
0.259000
0.607000
1.06200
1.60400
2.16000
2.33900
2.01000
1.35700
0.500000
-0.216000
-0.854000
-1.35800
-1.62900
-1.82700
-1.79300
-1.67700
-1.42600
-1.19300
-0.932000
-0.550000
2.00000E-03
0.626000
1.14900
1.33300
1.19700
0.922000
0.631000
0.554000
0.646000
0.791000
0.810000
0.612000
0.321000
0.167000
0.113000
6.00000E-02
-6.10000E-02
-0.317000
-0.511000
-0.743000
-1.08700
-1.30900
-1.44500
-1.52200
-1.53700
-1.40100
-1.05300
-0.554000
0.259000
1.45900
2.90100
3.86400
3.90700
2.52800
0.849000
-0.709000
-1.79300
-2.41300
-2.62100
-2.67900
-2.54300
-2.11300
-1.60900
-0.825000
7.00000E-03
0.733000
1.40500
1.75900
1.61400
1.21700
0.626000
7.50000E-02
-0.279000
-0.525000
-0.448000
-0.322000
-0.196000
-8.50000E-02
1.20000E-02
6.00000E-02
9.90000E-02
0.128000
0.404000
0.878000
1.38600
1.88900
2.12200
1.83100
1.14900
0.220000
-0.588000
-1.40100
-2.17600
-2.69800
-3.07600
-3.10000
-2.78100
-2.29200
-1.53700
-0.579000
0.907000
2.50400
3.68500
3.93600
3.73300
2.91500
1.75400
0.588000
-0.313000
-1.06700
-1.71100
-1.96300
-2.11800
-2.22400
-2.29700
-2.34500
-2.21900
-2.09300
-1.78800
-1.18800
-0.458000
0.355000
1.33300
2.01000
2.21800
2.12200
1.93300
1.60900
1.13000
0.655000
0.225000
-0.201000
-0.758000
-1.04800
-1.13000
-1.15500
-1.05800
-0.743000
-0.375000
-9.50000E-02
9.40000E-02
0.297000
0.549000
0.791000
0.883000
0.805000
0.631000
0.375000
6.50000E-02
-0.206000
-0.409000
-0.656000
-0.956000
-1.17900
-1.21300
-0.961000
-0.429000
0.462000
1.79700
3.28800
3.68500
2.39700
0.752000
-0.593000
-1.51700
-2.09800
-2.29200
-2.06900
-1.81300
-1.51300
-1.01900
-0.390000
0.186000
0.631000
0.762000
0.713000
0.617000
0.423000
0.210000
0.167000
0.297000
0.525000
0.897000
1.24600
1.26500
0.984000
0.515000
-8.50000E-02
-0.787000
-1.30000
-1.56100
-1.71100
-1.63400
-1.17900
-0.598000
-0.153000
0.220000
0.588000
0.801000
0.922000
1.15400
1.50200
1.59400
1.32300
0.820000
0.113000
-0.661000
-1.26600
-1.59000
-1.62400
-1.60900
-1.44500
-1.00900
-0.201000
0.738000
1.68100
2.26200
2.34900
1.87500
1.02300
0.152000
-0.608000
-1.22700
-1.77900
-2.00600
-2.17100
-2.19000
-1.82200
-1.12500
-7.50000E-02
1.15400
2.53800
3.92700
4.98200
3.84400
1.77300
-7.50000E-02
-1.45500
-2.25800
-2.82400
-2.92600
-2.91600
-2.71300
-2.38900
-1.93400
-1.41100
-0.535000
0.481000
1.66200
2.81800
3.57300
3.34100
2.50900
1.45400
0.471000
-0.138000
-0.583000
-0.913000
-0.951000
-1.34300
-1.66700
-1.77400
-1.80300
-1.61900
-1.29000
-0.961000
-0.375000
0.167000
0.530000
0.801000
1.06200
1.29400
1.56500
1.73900
1.52200
0.912000
0.162000
-0.448000
-0.835000
-1.13000
-1.32400
-1.38200
-1.34300
-1.19800
-0.942000
-0.627000
-0.317000
-0.109000
5.00000E-02
0.370000
0.592000
0.520000
0.171000
-0.187000
-0.395000
-0.317000
-0.143000
3.10000E-02
0.413000
0.781000
0.965000
0.907000
0.651000
0.263000
-0.167000
-0.564000
-0.806000
-0.971000
-1.04800
-0.879000
-0.608000
-0.259000
-8.00000E-03
0.162000
0.365000
0.486000
0.592000
0.651000
0.534000
0.530000
0.626000
0.559000
0.307000
1.20000E-02
-0.390000
-0.714000
-0.801000
-0.758000
-0.516000
-0.109000
0.244000
0.515000
0.670000
0.636000
0.433000
0.181000
-5.10000E-02
-0.409000
-0.782000
-1.04300
-1.26100
-1.33800
-1.27100
-1.01900
-0.642000
-4.20000E-02
0.670000
1.49700
2.10700
2.23300
1.75900
0.907000
3.10000E-02
-0.685000
-1.28500
-1.66700
-1.85100
-2.15100
-2.07400
-1.76400
-1.25600
-0.521000
0.259000
0.955000
1.54600
1.97200
2.04900
1.77300
1.27000
0.655000
0.142000
-0.158000
-0.313000
-0.201000
-0.124000
-4.60000E-02
-1.70000E-02
-0.129000
-0.361000
-0.646000
-0.845000
-1.01400
-1.14500
-0.966000
-0.709000
-0.317000
0.307000
1.09600
1.98600
2.92000
3.43300
3.19100
2.43600
1.40100
0.302000
-0.724000
-1.65300
-2.33500
-2.70300
-2.97400
-2.95000
-2.79500
-2.36900
-1.53700
-0.298000
1.06200
2.43100
3.57800
3.98000
3.53500
2.32000
0.955000
-0.283000
-1.24200
-2.05900
-2.52400
-2.70300
-2.76100
-2.38400
-1.70600
-0.738000
0.413000
1.52200
2.27700
2.31000
2.12600
1.63300
0.781000
-2.70000E-02
-0.617000
-0.971000
-1.05800
-0.951000
-0.680000
-0.293000
-0.162000
-0.119000
8.90000E-02
0.273000
0.442000
0.607000
0.578000
0.394000
0.171000
8.90000E-02
0.167000
0.409000
0.636000
0.520000
0.384000
0.225000
-2.70000E-02
-0.221000
-0.196000
-2.20000E-02
0.200000
0.200000
1.70000E-02
-0.143000
-0.356000
-0.419000
-0.342000
-0.313000
-0.390000
-0.472000
-0.622000
-0.646000
-0.433000
-3.00000E-03
0.491000
0.975000
1.17300
1.00400
0.689000
0.346000
-5.10000E-02
-0.554000
-0.980000
-1.28000
-1.49300
-1.59500
-1.54700
-1.49300
-1.44500
-1.19300
-0.816000
-0.313000
0.321000
0.989000
1.51700
1.74900
1.66200
1.28400
0.496000
-0.317000
-0.898000
-1.35800
-1.96800
-2.41300
-2.61600
-2.48000
-1.96300
-1.16400
-7.50000E-02
1.03300
2.00100
2.20400
1.50200
0.573000
-0.201000
-0.763000
-1.02400
-1.02900
-0.758000
-0.603000
-0.511000
-0.317000
-4.20000E-02
0.123000
2.60000E-02
-0.187000
-0.371000
-0.511000
-0.608000
-0.511000
-0.322000
-0.177000
-0.158000
-0.119000
-6.60000E-02
7.00000E-02
0.263000
0.428000
0.471000
0.471000
0.413000
0.302000
8.90000E-02
-4.60000E-02
-4.60000E-02
-2.20000E-02
-9.00000E-02
-0.206000
-0.409000
-0.569000
-0.608000
-0.598000
-0.496000
-0.206000
0.268000
0.922000
1.58000
2.12200
2.17000
1.49700
0.471000
-0.467000
-1.17400
-1.47900
-1.42100
-1.26600
-0.825000
-0.293000
0.220000
0.723000
1.19300
1.52200
1.57000
1.29900
0.830000
0.346000
-2.20000E-02
-0.254000
-0.317000
-0.182000
5.00000E-02
0.433000
0.771000
0.941000
1.03800
0.980000
0.825000
0.597000
0.394000
0.152000
-5.10000E-02
-0.337000
-0.569000
-0.714000
-0.709000
-0.642000
-0.516000
-0.317000
1.04000E-01
0.689000
1.28900
1.84600
2.17500
2.15600
1.86500
1.41000
0.844000
0.244000
-0.288000
-0.777000
-1.23200
-1.60000
-1.71100
-1.81300
-1.82700
-1.75000
-1.55100
-1.09600
-0.313000
0.597000
1.59400
2.62500
3.20600
2.93000
2.14600
1.16800
0.220000
-0.511000
-1.07200
-1.30500
-1.18400
-1.03800
-0.690000
-0.303000
5.50000E-02
0.321000
0.418000
0.360000
0.196000
-7.10000E-02
-0.458000
-0.738000
-0.859000
-0.879000
-0.646000
-0.124000
0.636000
1.49700
1.86500
1.58000
0.922000
0.128000
-0.530000
-1.09600
-1.46400
-1.44500
-1.47900
-1.28500
-0.917000
-0.516000
-0.167000
0.152000
0.442000
0.651000
0.767000
0.651000
0.365000
-1.04000E-01
-0.671000
-1.08700
-1.28500
-1.32400
-1.15000
-0.869000
-0.574000
-0.254000
-4.20000E-02
5.50000E-02
7.00000E-02
8.90000E-02
0.186000
0.297000
0.413000
0.530000
0.559000
0.457000
0.263000
8.90000E-02
2.10000E-02
1.70000E-02
-9.00000E-02
-0.375000
-0.854000
-1.36300
-1.58500
-1.50300
-1.15500
-0.622000
3.60000E-02
0.902000
1.78300
2.54300
2.72700
2.22300
1.34300
0.399000
-0.492000
-1.26600
-1.72100
-1.67700
-1.47400
-1.00900
-0.351000
0.399000
0.994000
1.30400
1.37200
1.13900
0.636000
3.10000E-02
-0.550000
-0.946000
-1.17400
-1.11600
-0.719000
-6.10000E-02
0.747000
1.68600
2.38300
2.64400
2.49400
1.88500
0.965000
1.20000E-02
-0.932000
-1.59000
-1.90900
-2.17100
-2.11300
-1.95800
-1.60900
-1.11100
-0.492000
1.04000E-01
0.752000
1.48800
1.92800
1.79300
1.28900
0.680000
0.186000
-0.167000
-0.400000
-0.487000
-0.356000
-0.240000
8.90000E-02
0.607000
1.23600
1.59400
1.45900
0.888000
8.90000E-02
-0.777000
-1.45900
-1.94800
-2.26800
-2.36400
-2.28700
-1.92400
-1.11100
0.128000
1.61400
3.40400
4.35300
4.09600
2.93900
1.59900
0.176000
-1.01900
-1.93800
-2.73200
-3.10000
-3.39500
-3.35600
-3.06600
-2.54800
-1.71600
-0.554000
0.922000
2.41200
3.52000
3.75200
3.27300
2.30100
1.26500
0.341000
-0.472000
-1.26600
-1.71100
-1.90000
-2.15100
-2.29700
-2.31600
-2.11800
-1.84700
-1.38200
-0.661000
4.60000E-02
0.597000
1.18800
1.65700
1.83600
1.73900
1.58900
1.34300
1.06200
0.665000
0.302000
-4.60000E-02
-0.409000
-0.835000
-1.29500
-1.67700
-1.89000
-1.97700
-2.07900
-1.98200
-1.56100
-1.02900
-0.429000
3.60000E-02
0.520000
1.05700
1.52200
1.91400
1.99100
1.75900
1.27500
0.675000
0.215000
-8.50000E-02
-0.448000
-0.685000
-0.777000
-0.937000
-1.02900
-1.16900
-1.33400
-1.40600
-1.40600
-1.36700
-1.36700
-1.41600
-1.18400
-0.801000
-0.322000
0.394000
1.29400
2.30100
3.17700
3.43800
2.77000
1.52200
-2.20000E-02
-1.48400
-2.50000
-3.21600
-3.37600
-3.60800
-3.34200
-2.60600
-1.55100
-0.298000
0.805000
1.71500
2.05400
1.86000
1.54600
1.23600
0.946000
0.554000
5.00000E-02
-0.322000
-0.375000
-0.245000
-0.206000
-8.00000E-02
3.10000E-02
0.244000
0.684000
1.03300
1.05200
0.733000
0.123000
-0.530000
-1.11100
-1.49800
-1.74000
-1.63800
-1.08200
-0.187000
0.767000
1.79300
2.46000
2.40700
2.00100
1.43000
0.926000
0.418000
-9.50000E-02
-0.646000
-1.04300
-1.32900
-1.44500
-1.42100
-1.36300
-1.07200
-0.506000
0.142000
0.868000
1.39100
1.50200
1.22200
0.839000
0.530000
0.259000
1.04000E-01
0.123000
0.360000
0.515000
0.592000
0.568000
0.452000
0.365000
0.254000
7.00000E-02
-0.192000
-0.279000
-0.283000
-0.245000
-6.60000E-02
7.00000E-02
-2.70000E-02
-0.395000
-0.835000
-1.11600
-1.32900
-1.31900
-0.879000
-9.50000E-02
0.762000
1.76800
2.83300
3.38500
2.99300
1.92800
0.733000
-0.221000
-0.942000
-1.43500
-1.64800
-1.88000
-1.99200
-2.00600
-1.90900
-1.60900
-1.26100
-0.937000
-0.433000
9.40000E-02
0.597000
0.917000
1.13400
1.25500
1.29400
1.23600
1.06700
0.762000
0.346000
-7.10000E-02
-0.216000
-0.143000
-0.124000
3.60000E-02
0.171000
0.123000
-0.216000
-0.854000
-1.38200
-1.82700
-2.19000
-2.23900
-2.10300
-1.73000
-1.00900
1.20000E-02
1.14400
2.47000
3.43300
3.51100
2.51400
1.21200
-2.70000E-02
-1.02400
-1.85600
-2.45100
-2.46100
-2.25300
-1.84700
-1.30500
-0.443000
0.462000
1.28400
1.77300
1.73500
1.34700
0.651000
-0.143000
-0.825000
-1.28000
-1.61900
-1.61400
-1.39200
-0.942000
-0.114000
0.655000
1.37200
1.88900
2.12200
1.92300
1.51700
0.975000
0.433000
-0.182000
-0.816000
-1.34300
-1.72600
-1.99700
-2.02100
-1.92900
-1.80800
-1.66700
-1.45900
-0.801000
0.181000
1.36200
2.70200
3.32200
2.84300
1.88500
0.878000
3.60000E-02
-0.748000
-1.27600
-1.42100
-1.29500
-1.19300
-0.937000
-0.671000
-0.356000
-0.143000
-2.20000E-02
-1.70000E-02
-0.216000
-0.380000
-0.225000
0.167000
0.747000
1.27500
1.44900
1.30400
1.09600
0.771000
0.302000
-0.143000
-0.419000
-0.583000
-0.738000
-0.782000
-0.743000
-0.656000
-0.400000
2.60000E-02
0.355000
0.592000
0.786000
0.680000
0.404000
0.171000
-7.50000E-02
-0.298000
-0.492000
-0.598000
-0.496000
-0.138000
0.457000
1.28900
2.02500
2.33500
2.18000
1.68100
0.975000
0.229000
-0.433000
-1.01400
-1.41100
-1.75900
-1.85100
-1.79300
-1.62400
-1.30000
-0.763000
-0.211000
0.375000
1.05200
1.65200
2.00600
2.25700
2.33500
2.07300
1.43900
0.617000
-6.10000E-02
-0.564000
-0.801000
-0.743000
-0.811000
-0.816000
-0.651000
-0.390000
-0.182000
-4.60000E-02
0.109000
0.268000
0.259000
1.04000E-01
-5.10000E-02
-0.201000
-0.221000
-0.221000
-0.158000
-6.10000E-02
1.70000E-02
0.123000
0.423000
0.902000
2.88600
4.64800
3.49100
2.05900
0.660000
-0.293000
-1.40100
-2.56800
-3.16800
-3.38100
-3.17700
-3.46800
-3.35600
-3.01800
-2.26800
-1.57100
-0.806000
0.171000
1.15400
1.71500
2.01500
2.33000
2.51400
2.24300
1.61800
0.805000
0.128000
-0.177000
-0.767000
-1.45500
-1.63400
-1.80300
-1.95300
-1.77400
-1.68200
-1.37700
-1.05300
-0.854000
-0.579000
-0.230000
0.113000
0.220000
0.404000
0.655000
0.902000
0.902000
0.917000
0.665000
0.500000
0.191000
-7.50000E-02
-0.211000
-0.293000
-0.283000
-1.20000E-02
0.462000
0.713000
0.728000
0.578000
0.200000
-0.274000
-0.724000
-1.22200
-1.63400
-1.73000
-1.69200
-1.35800
-1.07700
-0.690000
-3.00000E-03
0.675000
1.23600
1.74900
2.13600
2.31500
2.33500
2.25700
1.95700
1.32800
0.462000
-0.375000
-1.09200
-1.73000
-2.11800
-2.35000
-2.41300
-2.34500
-2.09300
-1.90500
-1.82200
-1.53700
-0.951000
-7.10000E-02
0.868000
1.77300
2.68300
3.44300
3.72300
3.25900
1.70100
1.20000E-02
-1.13000
-1.69200
-1.96300
-1.74500
-1.44000
-0.782000
-2.70000E-02
0.573000
0.936000
0.878000
0.471000
-8.50000E-02
-0.646000
-1.03400
-1.30500
-1.45500
-1.40600
-0.854000
-0.114000
0.607000
1.44900
2.19400
2.61000
2.37300
1.75400
1.07600
0.360000
-0.429000
-1.19300
-1.68700
-1.73000
-1.92400
-1.84700
-1.53200
-0.874000
-0.138000
0.462000
0.810000
0.709000
0.399000
-4.20000E-02
-0.506000
-0.777000
-0.743000
-0.317000
0.249000
1.02300
1.73000
2.01000
1.64300
0.844000
3.60000E-02
-0.632000
-1.05800
-1.29500
-1.31900
-1.25600
-0.966000
-0.554000
-1.20000E-02
0.568000
1.19700
1.64300
1.92800
1.93800
1.66200
0.984000
0.220000
-0.433000
-1.03400
-1.54700
-1.94800
-2.21900
-2.27700
-2.05900
-1.55600
-0.588000
0.786000
2.35400
3.83000
4.76900
4.74000
3.52000
1.83600
9.40000E-02
-1.23700
-2.10300
-2.69300
-2.95000
-3.14300
-3.03200
-2.69300
-2.26800
-1.80300
-1.31900
-0.632000
0.142000
0.936000
1.63300
2.16000
2.45100
2.50900
2.29600
2.03000
1.45900
0.878000
0.355000
-0.221000
-0.893000
-1.30500
-1.50300
-1.47400
-1.53200
-1.77400
-1.95800
-1.90500
-1.82200
-1.56100
-1.09200
-0.433000
0.288000
1.22600
2.07800
2.69800
2.68800
2.20400
1.30900
0.360000
-0.453000
-1.14500
-1.63800
-1.75500
-1.72600
-1.42100
-0.869000
-0.385000
-5.10000E-02
0.278000
0.597000
0.733000
0.670000
0.515000
0.249000
-5.10000E-02
-0.419000
-0.782000
-0.956000
-1.00900
-0.927000
-0.656000
-0.225000
0.249000
0.689000
1.05700
1.19300
1.24600
1.13900
0.965000
0.892000
0.767000
0.409000
-5.10000E-02
-0.525000
-1.08700
-1.73500
-2.27200
-2.49500
-2.41300
-2.03000
-1.48400
-0.569000
0.801000
2.56700
3.93600
4.15900
2.91000
1.45900
0.147000
-0.971000
-1.89500
-2.50500
-2.51900
-2.37400
-2.05500
-1.61400
-0.995000
-1.04000E-01
0.665000
1.33300
1.95200
2.31500
2.35400
2.06400
1.57000
0.897000
0.278000
-0.129000
-0.511000
-0.859000
-1.08700
-1.17400
-1.27100
-1.35800
-1.28000
-0.917000
-0.608000
-0.206000
0.123000
0.559000
1.11500
1.81200
2.37300
2.54300
2.19400
1.49700
0.767000
7.00000E-02
-0.603000
-1.10100
-1.50300
-1.94800
-2.05900
-1.88000
-1.51700
-1.26100
-0.864000
-0.235000
0.428000
0.868000
0.805000
0.496000
0.220000
3.60000E-02
-8.00000E-02
-4.20000E-02
0.457000
1.34300
2.14600
2.77500
2.81800
2.23800
1.11500
5.00000E-02
-0.874000
-1.67700
-2.46100
-2.93100
-3.36600
-3.62700
-3.72900
-3.52600
-3.07100
-2.38900
-1.30500
0.341000
2.34900
4.21700
5.14600
3.88300
2.35400
1.02300
-5.10000E-02
-0.961000
-1.67200
-1.99700
-2.17600
-2.31100
-2.31600
-2.21900
-2.08400
-1.86100
-1.57600
-1.04800
-0.196000
0.742000
1.60400
2.18000
2.35400
2.10200
1.33300
0.491000
-0.162000
-0.680000
-1.02900
-1.03400
-0.995000
-0.864000
-0.680000
-0.424000
-6.60000E-02
0.360000
0.810000
1.14400
1.30400
1.36200
1.31300
0.980000
0.447000
-0.225000
-0.913000
-1.38200
-1.59500
-1.62900
-1.43500
-1.00000
-0.419000
0.225000
0.902000
1.52200
1.99100
2.20400
1.93300
1.24600
0.534000
-2.70000E-02
-0.554000
-1.03800
-1.20300
-1.40100
-1.51700
-1.69200
-1.75500
-1.58000
-1.19300
-0.472000
0.244000
0.854000
1.32300
1.57500
1.49700
1.20700
0.805000
0.360000
-0.119000
-0.690000
-1.00000
-1.11100
-1.09200
-0.898000
-0.724000
-0.496000
-0.351000
-0.259000
-6.60000E-02
9.40000E-02
0.210000
0.249000
0.375000
0.626000
0.926000
1.08100
0.960000
0.491000
-0.206000
-0.971000
-1.59500
-2.13700
-2.41300
-2.12200
-1.59000
-0.893000
9.40000E-02
1.28900
2.45600
2.97800
2.50400
1.59400
0.496000
-0.453000
-1.13500
-1.66700
-1.76400
-1.71100
-1.38200
-0.821000
-0.167000
0.413000
0.859000
1.05200
1.09600
1.07600
1.02300
0.820000
0.462000
7.00000E-02
-0.201000
-0.346000
-0.245000
-3.20000E-02
0.278000
0.694000
0.999000
1.21700
1.08100
0.752000
0.249000
-4.60000E-02
-0.221000
-0.400000
-0.487000
-0.448000
-0.235000
5.00000E-02
0.321000
0.554000
0.762000
1.04200
1.31800
1.28900
0.965000
0.297000
-0.448000
-1.05800
-1.38200
-1.45900
-1.35300
-0.840000
-4.20000E-02
0.733000
1.46400
1.89400
1.83600
1.43000
0.849000
0.384000
0.128000
-8.50000E-02
-0.380000
-0.448000
-0.627000
-0.854000
-1.07200
-1.15000
-1.17400
-1.02900
-0.835000
-0.506000
-3.70000E-02
0.452000
0.955000
1.26500
1.34300
1.22200
1.02300
0.651000
0.171000
-0.317000
-0.767000
-1.07200
-1.36300
-1.48400
-1.30900
-0.796000
-8.50000E-02
0.612000
1.29400
1.57000
1.33300
0.849000
0.302000
-0.153000
-0.724000
-1.35800
-1.75500
-2.00100
-2.01600
-1.79800
-1.41600
-0.748000
1.70000E-02
0.747000
1.46400
2.10200
2.37800
2.20400
1.80700
1.23600
0.554000
-0.124000
-0.753000
-1.27100
-1.53200
-1.73000
-1.65300
-1.49800
-1.33800
-1.18400
-1.05800
-1.00000
-0.898000
-0.704000
-0.453000
-0.177000
0.317000
1.06200
1.92800
2.83800
3.49600
3.47200
2.78500
1.38600
-1.70000E-02
-1.04300
-1.72600
-2.25800
-2.47100
-2.84800
-2.87200
-2.66000
-2.45100
-1.97700
-1.22200
-0.196000
0.912000
2.04400
2.75100
2.63000
1.98600
1.28000
0.805000
0.559000
0.530000
0.704000
1.03300
1.28900
1.32800
0.912000
0.181000
-0.603000
-1.43500
-2.09300
-2.49000
-2.73200
-2.73700
-2.56800
-2.34500
-1.78800
-0.917000
0.292000
1.82600
3.19100
3.69400
3.44300
2.56700
1.58400
0.607000
-1.00000E-01
-0.671000
-1.02900
-1.22700
-1.57600
-1.89500
-1.95800
-2.02100
-2.00100
-1.75000
-1.52700
-1.13500
-0.613000
4.60000E-02
0.767000
1.42500
1.77300
1.71500
1.44900
1.01300
0.573000
0.186000
-9.50000E-02
-0.288000
-0.390000
-0.506000
-0.472000
-0.511000
-0.724000
-0.801000
-0.767000
-0.690000
-0.545000
-0.279000
0.109000
0.442000
0.617000
0.704000
0.689000
0.612000
0.457000
0.254000
-3.00000E-03
-0.313000
-0.492000
-0.588000
-0.501000
-0.400000
-0.245000
2.60000E-02
0.263000
0.418000
0.476000
0.413000
0.302000
0.200000
0.244000
0.404000
0.660000
0.830000
0.771000
0.539000
0.244000
-7.50000E-02
-0.424000
-0.806000
-1.11600
-1.18800
-1.10100
-1.06700
-0.942000
-0.472000
0.128000
0.689000
1.05700
1.07200
0.878000
0.534000
0.234000
0.109000
8.90000E-02
0.244000
0.510000
0.694000
0.694000
0.554000
0.200000
-0.206000
-0.632000
-1.16900
-1.59500
-1.84700
-2.04000
-2.04500
-1.75500
-1.06700
-0.124000
0.825000
1.79700
2.36800
2.28100
1.64300
0.728000
-1.00000E-01
-0.835000
-1.31900
-1.47900
-1.44000
-1.41100
-1.13500
-0.825000
-0.593000
-0.380000
-0.158000
1.20000E-02
0.128000
0.307000
0.583000
0.965000
1.40500
1.66200
1.50700
1.01300
0.263000
-0.511000
-1.15000
-1.61400
-1.95300
-2.23900
-2.21400
-1.94300
-1.41100
-0.632000
0.336000
1.34300
2.18500
2.52800
2.30100
1.72500
1.03300
0.326000
-0.259000
-0.583000
-0.675000
-0.825000
-0.671000
-0.337000
-0.143000
-7.50000E-02
-2.70000E-02
7.00000E-03
6.50000E-02
0.147000
0.341000
0.718000
1.25500
1.71000
1.91400
1.96700
1.83100
1.45900
0.917000
0.133000
-0.651000
-1.37700
-1.87600
-2.06400
-2.02600
-1.83200
-1.58000
-1.13000
-0.240000
1.02300
2.58100
3.85900
4.27500
3.55900
2.18000
0.709000
-0.564000
-1.59000
-2.29700
-2.50000
-2.62100
-2.50500
-2.16100
-1.79300
-1.24600
-0.588000
0.244000
1.09600
1.63300
1.80700
1.58400
1.15400
0.602000
0.196000
2.60000E-02
1.70000E-02
-2.20000E-02
-4.60000E-02
-2.70000E-02
5.00000E-02
0.142000
0.307000
0.404000
0.423000
0.457000
0.438000
0.288000
-3.20000E-02
-0.496000
-1.04300
-1.44000
-1.65300
-1.65800
-1.48400
-1.09200
-0.453000
0.297000
1.07200
1.61400
1.72000
1.33300
0.728000
0.210000
-0.172000
-0.303000
-0.158000
0.302000
0.573000
0.520000
0.210000
-0.313000
-0.990000
-1.53700
-1.87600
-2.05900
-2.12700
-1.89000
-1.31900
-0.550000
0.167000
0.825000
1.23600
1.40100
1.38600
1.19700
0.849000
0.399000
-3.00000E-03
-0.351000
-0.801000
-1.17900
-1.49800
-1.66300
-1.65800
-1.42600
-1.01400
-0.530000
-2.20000E-02
0.607000
1.13000
1.38600
1.38600
1.07200
0.515000
-0.129000
-0.782000
-1.36300
-1.71100
-1.87100
-1.64800
-1.18400
-0.506000
0.167000
0.815000
1.45900
1.88500
1.83600
1.46800
0.883000
0.244000
-0.458000
-1.17400
-1.55600
-1.73000
-1.65300
-1.41100
-0.888000
-3.00000E-03
1.04200
1.92800
2.13100
1.69100
0.975000
0.360000
-2.20000E-02
-0.182000
-0.322000
-0.322000
-0.496000
-0.642000
-0.874000
-1.15900
-1.33400
-1.17400
-0.777000
-0.143000
0.636000
1.56000
2.00100
1.77800
1.32800
1.04200
0.825000
0.670000
0.684000
0.510000
0.157000
-0.472000
-1.00500
-1.36300
-1.79300
-2.11300
-1.98200
-1.60900
-1.19300
-0.593000
6.50000E-02
0.805000
1.44400
1.72000
1.49700
1.05200
0.617000
0.307000
0.229000
0.375000
0.762000
1.01300
1.01800
0.805000
0.486000
1.04000E-01
-0.254000
-0.579000
-0.816000
-0.917000
-0.942000
-0.961000
-0.884000
-0.738000
-0.666000
-0.463000
-5.10000E-02
0.423000
1.03300
1.81200
2.69300
2.91000
1.95200
0.612000
-0.511000
-1.34300
-2.03500
-2.06400
-1.71600
-1.18400
-0.472000
0.205000
0.762000
1.07200
1.07200
0.922000
0.767000
0.655000
0.530000
0.530000
0.612000
0.651000
0.651000
0.578000
0.394000
4.60000E-02
-0.409000
-0.792000
-1.13000
-1.38200
-1.41600
-1.29000
-1.16900
-0.975000
-0.787000
-0.448000
-2.20000E-02
0.500000
1.27000
2.02500
2.46500
2.51400
2.06800
1.19300
0.288000
-0.458000
-0.980000
-1.44500
-1.59500
-1.67200
-1.60500
-1.56100
-1.52200
-1.42100
-1.24600
-1.00500
-0.656000
-0.148000
0.457000
1.27000
2.18000
2.97800
2.97300
2.07800
0.859000
-0.240000
-1.13000
-1.80800
-2.18500
-2.27700
-2.22900
-1.78400
-1.32400
-0.763000
-0.221000
0.239000
0.646000
0.926000
1.17300
1.34700
1.47800
1.45900
1.23600
0.849000
0.380000
-9.00000E-02
-0.598000
-1.02900
-1.32900
-1.49300
-1.47900
-1.30000
-1.01900
-0.680000
-0.264000
7.00000E-02
0.244000
0.292000
0.336000
0.500000
0.849000
1.21200
1.52200
1.66200
1.60900
1.33300
1.07600
0.902000
0.834000
0.762000
0.607000
7.50000E-02
-0.777000
-1.61400
-2.21400
-2.51900
-2.66400
-2.68400
-2.52900
-2.02100
-1.05300
0.375000
2.23300
3.83000
4.26100
3.92200
3.09400
1.99100
0.713000
-0.375000
-1.28500
-2.07400
-2.28200
-2.41300
-2.21900
-1.71100
-0.937000
9.40000E-02
1.25100
2.02000
1.99100
1.40500
0.675000
-3.00000E-03
-0.540000
-0.922000
-1.07700
-1.14500
-0.975000
-0.637000
-0.172000
0.326000
0.684000
0.994000
1.73500
2.72200
3.62700
4.84600
4.25600
2.18900
0.157000
-1.54700
-2.62100
-3.32300
-3.62300
-3.82100
-4.03400
-4.05300
-3.84000
-3.40000
-2.84800
-1.86100
-0.414000
1.43400
3.05600
3.99400
4.25600
3.47700
2.25700
1.04200
5.50000E-02
-0.690000
-1.24200
-1.49800
-1.56600
-1.76400
-1.90900
-1.85100
-1.81300
-1.89500
-1.84200
-1.60500
-1.32900
-1.08200
-0.666000
3.10000E-02
0.641000
1.14900
1.64300
2.16000
2.04900
1.62300
0.892000
0.200000
-0.269000
-0.685000
-1.07200
-1.17400
-1.30900
-1.38200
-1.34300
-1.16900
-1.03400
-0.956000
-0.845000
-0.583000
-0.201000
0.128000
0.452000
0.675000
0.617000
0.375000
0.152000
0.133000
0.259000
0.442000
0.520000
0.592000
0.631000
0.554000
0.375000
0.200000
-1.20000E-02
-0.317000
-0.501000
-0.564000
-0.748000
-1.09600
-1.22700
-1.07200
-0.893000
-0.632000
-0.216000
0.360000
1.01800
1.44400
1.81700
1.96700
1.76800
1.33300
0.830000
0.186000
-0.574000
-1.25100
-1.61900
-1.83200
-1.88000
-1.67200
-1.17400
-0.380000
0.530000
1.48800
2.39300
3.10900
3.04100
2.22300
1.02300
-0.129000
-1.07200
-1.59500
-1.89000
-2.01600
-2.06400
-1.90000
-1.86600
-1.67200
-1.20300
-0.419000
0.592000
2.04400
3.79100
5.31600
4.13000
1.96200
0.157000
-1.12500
-1.89500
-2.46600
-2.38400
-2.21900
-1.97700
-1.65300
-1.20800
-0.724000
-0.293000
0.113000
0.704000
1.48300
2.15100
2.54300
2.29100
1.52600
0.399000
-0.414000
-0.903000
-1.09600
-0.758000
-0.235000
0.438000
1.19700
1.63300
1.57500
1.31800
0.926000
0.399000
-0.206000
-0.796000
-1.13000
-1.35800
-1.42100
-1.22200
-0.806000
-0.187000
0.597000
1.48300
2.32500
3.04600
3.24000
2.99800
2.39700
1.54100
0.515000
-0.477000
-1.36700
-2.02100
-2.50000
-2.66000
-2.69300
-2.60600
-2.27700
-1.63400
-0.743000
0.447000
2.00100
3.75200
5.37400
6.03200
3.70400
1.58000
-6.60000E-02
-1.22200
-1.99700
-2.54300
-2.87200
-2.97900
-2.90600
-2.79500
-2.55800
-2.02100
-1.44000
-0.772000
8.40000E-02
0.965000
1.87000
2.52800
2.92000
2.98800
2.63000
1.87500
1.05700
0.244000
-0.400000
-1.10600
-1.61900
-1.80800
-1.73000
-1.59500
-1.34800
-0.816000
-0.240000
0.147000
0.167000
-0.182000
-0.825000
-1.32900
-1.50300
-1.40100
-1.05300
-0.453000
0.413000
1.41000
2.32000
2.78000
2.45600
1.69100
0.665000
-0.158000
-0.767000
-1.20300
-1.49800
-1.53700
-1.79300
-2.08400
-2.17100
-2.11800
-2.10300
-1.95800
-1.60900
-1.01900
-0.375000
0.186000
0.680000
1.05200
1.27500
1.13400
0.689000
0.147000
-0.356000
-0.709000
-0.738000
-0.433000
-2.70000E-02
0.389000
0.801000
1.01300
0.859000
0.573000
0.380000
0.244000
9.40000E-02
-0.187000
-0.564000
-0.995000
-1.51300
-1.88500
-2.10300
-2.22900
-2.17100
-1.78800
-1.16900
-0.642000
-0.216000
0.268000
1.34300
2.79400
3.94100
4.47400
4.31400
3.10400
1.61400
5.50000E-02
-1.24200
-2.19500
-2.87700
-3.20600
-3.63200
-3.67100
-3.45300
-3.20200
-2.87700
-2.22900
-1.52200
-0.535000
0.805000
2.21800
3.57300
3.89800
3.66500
3.01200
2.43600
1.98600
1.63800
1.38100
0.810000
3.60000E-02
-0.646000
-1.38200
-1.90000
-2.22900
-2.64500
-2.88700
-2.89200
-2.77600
-2.44200
-1.87100
-1.01900
0.196000
1.91400
3.92200
6.06600
5.26200
2.76500
0.728000
-0.763000
-1.60900
-2.32100
-2.43200
-2.68400
-2.66000
-2.31100
-1.89500
-1.53200
-0.951000
-0.225000
0.438000
0.999000
1.41500
1.58400
1.43000
1.13000
0.771000
0.500000
0.365000
0.259000
0.220000
0.302000
0.341000
0.418000
0.375000
0.142000
-9.00000E-02
-0.288000
-0.395000
-0.492000
-0.564000
-0.656000
-0.738000
-0.782000
-0.840000
-0.782000
-0.734000
-0.535000
-0.133000
0.288000
0.844000
1.58000
2.27700
2.74600
2.56200
2.03000
1.07600
7.50000E-02
-0.792000
-1.53200
-1.90900
-2.02100
-2.11300
-2.13700
-1.97200
-1.54200
-1.11600
-0.613000
5.00000E-02
0.476000
0.989000
1.55500
2.03900
2.39300
2.47500
2.26700
1.76400
1.09100
0.375000
-0.259000
-0.859000
-1.31400
-1.60900
-1.79300
-1.78400
-1.88500
-2.03000
-2.15600
-2.19000
-1.94800
-1.24600
-0.119000
1.19300
2.37300
3.23000
3.26900
2.95400
2.43100
1.53100
0.321000
-0.825000
-1.85100
-2.75100
-3.16300
-3.39500
-3.43900
-3.29300
-2.93100
-2.32100
-1.36300
-0.327000
0.762000
1.77800
2.37300
2.52800
2.09300
1.42000
0.665000
-5.10000E-02
-0.685000
-1.33400
-1.74000
-1.94800
-2.11300
-2.05500
-2.11800
-1.93400
-1.31900
-0.448000
0.326000
1.05700
1.73500
2.14100
1.92300
1.36200
0.752000
0.302000
8.90000E-02
-0.167000
-0.525000
-0.758000
-1.06300
-1.16900
-1.20800
-1.31900
-1.25100
-0.825000
-0.298000
0.186000
0.786000
1.45900
2.01000
2.24300
1.92800
1.27000
0.607000
0.133000
-0.162000
-0.313000
-0.254000
-0.259000
-0.361000
-0.313000
-0.162000
-4.60000E-02
3.10000E-02
0.239000
0.510000
0.767000
1.04200
1.21200
1.13900
0.917000
0.665000
0.539000
0.418000
0.380000
0.481000
0.684000
0.868000
0.941000
0.941000
0.791000
0.500000
0.210000
1.70000E-02
-8.50000E-02
-0.201000
-0.303000
-0.317000
-0.245000
-0.201000
-0.259000
-0.279000
-0.274000
-9.00000E-02
0.123000
0.341000
0.563000
0.839000
1.11000
1.23600
1.27000
1.19300
1.11000
0.868000
0.404000
-0.279000
-0.917000
-1.43000
-1.76400
-1.99700
-2.17600
-2.09800
-1.92400
-1.91900
-1.75500
-1.26100
-0.588000
-2.70000E-02
0.462000
1.07200
1.56500
1.69600
1.54100
1.15900
0.665000
0.239000
-7.10000E-02
-0.414000
-0.743000
-1.07200
-1.52200
-1.85100
-1.99700
-2.05900
-2.19500
-2.33500
-2.35500
-2.17600
-1.97700
-1.53700
-0.917000
-3.70000E-02
0.994000
2.14600
3.01200
2.99300
1.95700
0.723000
-0.438000
-1.45900
-2.07900
-2.36900
-2.41300
-2.37400
-2.01600
-1.58500
-1.01400
-0.356000
0.220000
0.636000
0.849000
0.844000
0.651000
0.433000
0.210000
-1.20000E-02
-0.129000
-1.04000E-01
-4.60000E-02
6.50000E-02
0.326000
0.752000
1.28900
1.67600
1.76800
1.45900
0.791000
0.152000
-0.337000
-0.801000
-1.11600
-1.27100
-1.34800
-1.34800
-1.05300
-0.608000
2.60000E-02
0.665000
1.15400
1.43000
1.69600
1.84100
1.72000
1.54100
1.30900
0.980000
0.520000
0.133000
-0.148000
-0.313000
-0.492000
-0.588000
-0.487000
-0.264000
-4.20000E-02
0.186000
0.346000
0.457000
0.660000
0.859000
0.902000
0.849000
0.883000
0.868000
0.684000
0.336000
-7.10000E-02
-0.453000
-0.666000
-0.656000
-0.554000
-0.283000
0.249000
0.902000
1.57000
2.03000
2.01000
1.54600
0.810000
9.90000E-02
-0.574000
-1.13500
-1.58000
-1.88500
-1.95300
-1.71600
-1.29000
-0.627000
0.186000
0.999000
1.63800
1.72000
1.23100
0.360000
-0.414000
-0.942000
-1.11100
-0.864000
-0.293000
0.709000
1.88900
2.49400
2.05900
1.10100
5.00000E-02
-0.869000
-1.48400
-1.77400
-1.74500
-1.94300
-2.05900
-1.88000
-1.36700
-0.719000
-6.60000E-02
0.500000
0.975000
1.15900
1.04200
0.883000
0.689000
0.500000
0.259000
1.20000E-02
-0.124000
-0.167000
-0.216000
-0.235000
-4.60000E-02
5.00000E-02
7.90000E-02
-8.00000E-03
-0.274000
-0.530000
-0.588000
-0.588000
-0.516000
-0.448000
-0.409000
-0.298000
-0.172000
-5.60000E-02
8.40000E-02
0.191000
0.152000
8.90000E-02
1.04000E-01
6.50000E-02
-3.00000E-03
-3.00000E-03
0.128000
0.259000
0.239000
0.147000
7.00000E-02
1.20000E-02
6.00000E-02
1.04000E-01
0.259000
0.438000
0.423000
9.40000E-02
-0.400000
-0.801000
-1.06700
-1.30500
-1.48400
-1.53200
-1.31900
-0.796000
-0.143000
0.375000
0.781000
0.926000
0.849000
0.607000
0.326000
9.40000E-02
-2.20000E-02
-4.60000E-02
1.20000E-02
6.50000E-02
0.200000
0.283000
0.128000
-0.225000
-0.613000
-0.961000
-1.14500
-1.08200
-0.864000
-0.661000
-0.390000
-1.70000E-02
0.360000
0.631000
0.801000
0.868000
0.883000
0.912000
0.839000
0.626000
0.210000
-0.274000
-0.782000
-1.23200
-1.46400
-1.44000
-1.28500
-0.946000
-0.293000
0.471000
1.23100
1.75400
1.98600
1.84600
1.47800
0.955000
0.399000
-0.124000
-0.632000
-0.884000
-0.903000
-0.816000
-0.492000
3.60000E-02
0.791000
1.62300
2.35400
2.60600
1.96200
0.781000
-0.414000
-1.40100
-2.10800
-2.56800
-2.70300
-2.38900
-1.70600
-0.666000
1.02800
3.25900
5.87700
6.22500
4.10600
2.14100
0.462000
-0.729000
-1.44000
-2.11800
-2.38400
-2.63500
-2.70300
-2.64000
-2.62100
-2.50500
-2.27700
-2.04500
-1.63400
-1.01400
7.00000E-03
1.23100
2.62500
4.13500
5.73200
5.31100
2.89100
0.849000
-0.704000
-1.71600
-2.72200
-2.97400
-3.15800
-3.17700
-3.03200
-2.75100
-2.38400
-1.92900
-1.16900
-0.148000
0.655000
1.41000
1.73000
1.58400
1.11500
0.452000
-0.109000
-0.613000
-0.821000
-0.864000
-0.738000
-0.380000
-0.109000
5.00000E-02
0.297000
0.471000
0.346000
0.239000
0.167000
6.00000E-02
-9.00000E-02
-0.206000
-0.283000
-0.337000
-0.472000
-0.482000
-0.346000
-0.162000
1.20000E-02
5.00000E-02
-4.60000E-02
-0.283000
-0.492000
-0.603000
-0.472000
-0.274000
-0.109000
0.123000
0.350000
0.496000
0.631000
0.684000
0.675000
0.694000
0.844000
0.917000
0.878000
0.810000
0.670000
0.496000
0.191000
-5.10000E-02
-0.245000
-0.453000
-0.646000
-0.753000
-0.811000
-0.937000
-1.09200
-1.16900
-1.11100
-0.825000
-0.332000
0.244000
0.941000
1.72000
2.21400
2.48500
2.39300
1.94700
1.19300
0.229000
-0.632000
-1.32400
-1.75000
-1.63400
-1.50300
-1.55100
-1.59000
-1.36300
-0.956000
-0.487000
-4.20000E-02
0.404000
0.907000
1.25100
1.34300
1.24600
0.946000
0.462000
3.10000E-02
-0.283000
-0.535000
-0.758000
-0.956000
-1.13000
-1.11600
-1.00000
-0.758000
-0.337000
6.00000E-02
0.491000
0.955000
1.35200
1.65700
1.76800
1.60400
1.20700
0.515000
-0.216000
-0.704000
-0.913000
-1.10600
-1.39600
-1.57600
-1.62400
-1.60500
-1.49300
-1.30000
-1.16900
-0.971000
-0.651000
-0.138000
0.559000
1.38600
2.06800
2.60100
2.94900
2.91500
2.57200
1.96700
1.28400
0.578000
-0.119000
-0.792000
-1.29000
-1.82200
-2.20000
-2.32600
-2.38900
-2.42700
-2.21900
-1.78800
-1.20800
-0.579000
1.04000E-01
0.830000
1.44900
1.88900
2.06400
1.98600
1.79700
1.56500
1.44900
1.62300
1.84600
1.96200
1.88900
1.56000
0.960000
0.259000
-0.622000
-1.52200
-2.23400
-2.65000
-2.95500
-3.10000
-3.18200
-3.02700
-2.56300
-1.75500
-0.371000
1.63800
4.41100
6.30300
4.19800
2.10700
0.457000
-0.763000
-1.56600
-2.21900
-2.39300
-2.51000
-2.44700
-2.06900
-1.52200
-0.835000
-0.162000
0.438000
1.03800
1.60400
1.90400
1.87000
1.58000
1.11500
0.597000
0.191000
-0.240000
-0.588000
-0.734000
-1.23200
-1.48400
-1.55600
-1.44000
-1.23700
-0.980000
-0.671000
-0.259000
0.147000
0.568000
0.878000
1.14900
1.27000
1.27500
0.989000
0.530000
0.113000
-0.158000
-0.351000
-0.429000
-0.477000
-0.583000
-0.777000
-1.05300
-1.30000
-1.33800
-1.18800
-0.971000
-0.685000
-0.477000
-0.342000
-0.162000
2.00000E-03
7.00000E-02
0.205000
0.433000
0.801000
1.23100
1.58000
1.78300
1.59400
1.06200
0.186000
-0.704000
-1.38200
-1.83200
-2.07400
-2.28700
-2.38900
-2.38900
-2.15100
-1.55100
-0.564000
0.573000
1.56000
2.23300
2.42700
2.14100
1.43000
0.631000
-6.60000E-02
-0.719000
-1.32900
-1.67200
-1.76900
-1.64800
-1.38700
-1.01900
-0.274000
0.612000
1.65200
2.65900
2.89100
2.43100
1.56500
0.631000
-0.245000
-0.932000
-1.32400
-1.15000
-1.04800
-0.811000
-0.545000
-8.50000E-02
0.321000
0.597000
0.742000
0.675000
0.689000
0.883000
1.21200
1.69100
2.49400
3.28800
3.59800
3.01200
1.53600
-0.167000
-1.58000
-2.53900
-3.24000
-3.65200
-3.96100
-4.02900
-3.64700
-3.06600
-1.96300
-0.332000
1.93300
4.73500
7.05800
5.45600
2.99800
0.859000
-0.821000
-1.76900
-2.52400
-2.76100
-2.97400
-2.95000
-2.79500
-2.49500
-2.02600
-1.48400
-0.898000
-4.60000E-02
0.825000
1.69100
2.20400
2.07800
1.67600
1.22600
0.805000
0.520000
0.220000
-4.20000E-02
-0.279000
-0.477000
-0.516000
-0.371000
-0.433000
-0.550000
-0.632000
-0.738000
-0.903000
-0.990000
-0.801000
-0.433000
-3.20000E-02
0.375000
0.771000
1.03800
1.10100
1.02300
0.830000
0.554000
0.244000
2.60000E-02
-0.119000
-0.313000
-0.472000
-0.492000
-0.419000
-0.342000
-0.230000
-2.70000E-02
0.196000
0.452000
0.626000
0.771000
0.863000
0.636000
0.142000
-0.400000
-0.971000
-1.36300
-1.64800
-1.83200
-1.76900
-1.44000
-0.859000
-0.167000
0.481000
1.02300
1.44900
1.57000
1.29900
0.936000
0.733000
0.515000
3.10000E-02
-0.564000
-1.09600
-1.68700
-2.25300
-2.58200
-2.51000
-2.10300
-1.73000
-1.32400
-0.632000
0.220000
1.23100
2.12200
2.48900
2.12600
1.27500
0.171000
-0.743000
-1.43500
-1.94800
-2.28700
-2.59700
-2.66000
-2.40300
-1.94800
-1.12500
-3.20000E-02
1.07600
2.10200
2.69800
2.26200
1.30900
0.205000
-0.738000
-1.40600
-1.92900
-2.05500
-2.13700
-1.85100
-1.26100
-0.342000
0.534000
1.33300
1.90400
1.95200
1.65700
1.19300
0.670000
0.123000
-0.380000
-0.743000
-0.801000
-0.961000
-0.932000
-0.738000
-0.569000
-0.579000
-0.516000
-0.371000
-6.60000E-02
0.418000
0.980000
1.48800
1.72000
1.68100
1.44400
1.18800
0.917000
0.665000
0.346000
-8.50000E-02
-0.617000
-1.01900
-1.24600
-1.20300
-0.763000
-0.129000
0.433000
1.04200
1.59900
1.84600
1.72000
1.27500
0.786000
0.438000
0.341000
0.297000
0.249000
0.263000
0.147000
-2.70000E-02
-0.167000
-8.00000E-02
7.50000E-02
0.167000
0.113000
1.04000E-01
0.181000
0.457000
0.917000
1.26500
1.33300
1.16800
0.883000
0.563000
0.317000
0.171000
0.109000
0.147000
9.90000E-02
1.04000E-01
8.40000E-02
7.00000E-02
0.147000
0.249000
0.210000
0.152000
0.157000
0.109000
-2.70000E-02
-0.187000
-0.254000
-0.279000
-0.317000
-0.375000
-0.400000
-0.351000
-0.221000
-6.60000E-02
9.40000E-02
0.471000
0.980000
1.54100
1.79300
1.58900
0.859000
-0.162000
-1.13000
-1.76900
-2.27200
-2.61600
-2.79000
-2.69800
-2.30100
-1.67700
-0.893000
0.210000
1.38600
2.22300
2.13100
1.43900
0.481000
-0.375000
-1.05300
-1.39200
-1.55600
-1.33800
-1.25100
-1.04300
-0.738000
-0.429000
-1.00000E-01
0.113000
0.263000
0.336000
0.239000
-2.20000E-02
-0.356000
-0.632000
-0.796000
-0.971000
-1.09200
-1.13000
-1.01900
-0.806000
-0.671000
-0.380000
9.40000E-02
0.530000
0.762000
0.733000
0.534000
0.229000
6.50000E-02
-3.20000E-02
-0.216000
-0.356000
-0.472000
-0.477000
-0.303000
-0.254000
-0.279000
-0.240000
-0.143000
-9.00000E-02
-7.10000E-02
-0.162000
-0.298000
-0.404000
-0.380000
-0.196000
7.50000E-02
0.583000
1.19300
1.57500
1.55500
1.16800
0.573000
0.128000
5.50000E-02
0.113000
0.225000
0.186000
5.00000E-02
-6.60000E-02
-0.245000
-0.419000
-0.550000
-0.608000
-0.535000
-0.351000
3.60000E-02
0.655000
1.43000
2.05900
2.17500
1.82200
1.21200
0.568000
0.113000
-0.187000
-0.511000
-0.632000
-0.801000
-0.922000
-0.796000
-0.511000
-0.240000
-1.04000E-01
-3.20000E-02
7.50000E-02
0.210000
0.341000
0.399000
0.433000
0.549000
0.771000
1.01800
1.07200
0.888000
0.510000
0.147000
-0.153000
-0.322000
-0.206000
-6.10000E-02
-0.162000
-0.472000
-0.632000
-0.661000
-0.593000
-0.569000
-0.588000
-0.279000
0.375000
1.23600
2.00600
2.28600
1.88900
1.05200
0.133000
-0.622000
-1.26600
-1.54200
-1.40600
-1.14500
-0.642000
6.00000E-02
0.917000
1.64300
1.95200
1.69600
1.05700
0.297000
-0.409000
-0.937000
-1.28500
-1.11100
-0.719000
-5.10000E-02
0.578000
1.00400
1.11500
0.801000
0.210000
-0.453000
-1.03400
-1.39600
-1.44000
-1.27100
-0.743000
0.128000
1.17300
2.03900
2.23300
1.75900
1.09100
0.481000
4.10000E-02
-0.371000
-0.816000
-1.14500
-1.51700
-1.87600
-2.08400
-2.19000
-2.28700
-2.21400
-1.72100
-0.888000
0.200000
1.42500
2.41200
2.81800
2.47000
1.65200
0.747000
-6.60000E-02
-0.763000
-1.29000
-1.48400
-1.40100
-1.41100
-1.36300
-1.43500
-1.41600
-1.36700
-1.14500
-0.685000
-5.60000E-02
0.588000
1.20200
1.70100
1.91800
1.59400
0.801000
-0.124000
-0.956000
-1.63800
-2.12200
-2.25800
-2.30600
-2.04000
-1.51700
-0.661000
0.631000
1.94700
3.22500
3.69900
2.87200
1.36200
-6.10000E-02
-1.11100
-1.75900
-2.29700
-2.33000
-2.23400
-1.90500
-1.25100
-0.419000
0.268000
0.675000
0.747000
0.670000
0.665000
0.849000
1.11500
1.40500
1.52600
1.38100
0.965000
0.307000
-0.221000
-0.593000
-0.835000
-0.874000
-0.729000
-0.453000
-9.00000E-02
0.336000
1.04200
1.91400
2.48900
2.21800
1.24600
6.50000E-02
-0.975000
-1.76400
-2.47100
-2.78100
-2.85800
-2.56300
-1.86100
-0.675000
0.907000
2.64900
3.65100
3.51500
2.81400
2.03900
1.34300
0.689000
0.109000
-0.337000
-0.680000
-0.796000
-1.02900
-1.18800
-1.40600
-1.67700
-1.81300
-1.76400
-1.53700
-1.20300
-0.806000
-0.342000
0.302000
1.15900
2.03000
2.75600
2.95900
2.33900
1.27000
0.229000
-0.477000
-1.05800
-1.46400
-1.40100
-1.26600
-0.835000
-0.274000
0.307000
0.960000
1.40500
1.55100
1.49700
1.23600
0.675000
3.10000E-02
-0.501000
-0.796000
-0.845000
-0.874000
-0.966000
-1.03400
-1.13500
-1.18400
-1.22200
-1.16900
-1.00000
-0.680000
-8.00000E-02
0.544000
1.28900
2.07800
2.63000
2.70700
2.16000
1.21200
0.210000
-0.632000
-1.24600
-1.65800
-1.76900
-1.91900
-1.94800
-2.03500
-2.07400
-2.13700
-2.06400
-1.85100
-1.45500
-1.08700
-0.666000
-5.60000E-02
0.588000
1.21700
1.69600
2.02500
2.26200
2.42700
2.26200
1.60400
0.457000
-0.685000
-1.64800
-2.41300
-2.71300
-3.01800
-2.91100
-2.68400
-2.38400
-1.76400
-0.975000
-2.70000E-02
0.820000
1.55500
1.88500
1.77300
1.32800
0.738000
0.220000
-0.196000
-0.395000
-0.356000
-4.60000E-02
0.181000
0.607000
0.883000
0.810000
0.554000
0.162000
-0.216000
-0.603000
-0.995000
-1.13000
-0.956000
-0.613000
-0.264000
5.00000E-02
0.428000
0.839000
1.18800
1.30400
1.27000
1.06700
0.597000
0.142000
-0.221000
-0.569000
-0.801000
-0.806000
-0.574000
-0.240000
0.128000
0.530000
0.873000
1.03300
0.878000
0.457000
3.10000E-02
-0.400000
-0.709000
-0.661000
-0.351000
0.109000
0.728000
1.37200
1.63800
1.34700
0.728000
6.50000E-02
-0.564000
-0.971000
-1.08700
-0.898000
-0.564000
-0.167000
0.210000
0.438000
0.476000
0.380000
0.273000
0.297000
0.520000
0.859000
1.22200
1.50200
1.49700
1.08100
0.438000
-0.182000
-0.685000
-0.903000
-0.971000
-0.961000
-0.898000
-0.763000
-0.729000
-0.690000
-0.511000
-0.472000
-0.385000
-5.10000E-02
0.462000
1.11000
1.69600
2.03000
2.04900
1.79700
1.46400
1.21200
0.980000
0.752000
0.530000
0.244000
-0.138000
-0.521000
-0.898000
-1.38700
-1.84200
-2.02100
-1.89500
-1.82200
-1.69700
-1.30000
-0.743000
-4.20000E-02
0.592000
1.07200
1.45900
1.85100
2.23800
2.53300
2.65900
2.48500
1.90900
0.941000
1.70000E-02
-0.767000
-1.57100
-2.11300
-2.54300
-2.88200
-2.95500
-2.84800
-2.48000
-1.90500
-1.08700
-1.00000E-01
0.597000
0.922000
0.999000
1.01800
1.04200
1.14900
1.42500
1.92800
2.28600
2.21800
1.86500
1.07600
7.50000E-02
-0.937000
-1.77400
-2.51000
-2.98400
-3.24000
-3.25000
-2.96400
-2.42200
-1.74500
-0.874000
0.147000
1.10500
1.73900
1.95200
1.87000
1.59900
1.33300
1.12000
0.859000
0.559000
0.225000
-6.60000E-02
-0.380000
-0.777000
-1.07700
-1.36300
-1.45900
-1.48400
-1.37700
-1.09200
-0.530000
0.128000
0.752000
1.18800
1.30900
1.07600
0.607000
6.50000E-02
-0.472000
-0.821000
-0.893000
-0.685000
-0.206000
0.278000
0.771000
1.27000
1.47300
1.48800
1.24600
1.01800
0.747000
0.321000
-0.303000
-1.02900
-1.54200
-1.82700
-1.87600
-1.77400
-1.55600
-1.26600
-0.811000
-0.298000
0.142000
0.607000
1.15400
1.65700
1.94700
1.84600
1.52600
1.05700
0.481000
-2.70000E-02
-0.443000
-0.729000
-0.990000
-1.35800
-1.60500
-1.76900
-1.91900
-1.90000
-1.71100
-1.45900
-0.956000
4.60000E-02
1.26500
2.58600
3.67000
2.87700
1.24600
-0.240000
-1.39600
-1.94800
-2.29700
-2.25800
-2.05500
-1.39600
-0.337000
0.810000
1.99100
2.30100
1.73500
0.883000
0.142000
-0.400000
-0.854000
-1.16900
-1.08200
-1.01900
-0.811000
-0.603000
-0.279000
6.00000E-02
0.292000
0.471000
0.500000
0.399000
0.244000
0.215000
0.317000
0.462000
0.433000
0.457000
0.554000
0.568000
0.500000
0.433000
0.302000
3.10000E-02
-0.366000
-0.758000
-1.00000
-1.10600
-1.11100
-0.927000
-0.564000
-0.148000
9.40000E-02
0.283000
0.326000
0.297000
0.297000
0.259000
0.133000
3.10000E-02
1.70000E-02
5.50000E-02
5.50000E-02
-5.60000E-02
-0.162000
-0.182000
-5.60000E-02
0.133000
0.278000
0.500000
0.655000
0.646000
0.597000
0.539000
0.438000
0.215000
-3.00000E-03
-0.254000
-0.342000
-0.240000
-0.259000
-0.322000
-0.400000
-0.583000
-0.719000
-0.714000
-0.632000
-0.400000
-9.00000E-02
0.384000
1.11500
1.84600
2.36800
2.25200
1.85100
1.25500
0.747000
0.292000
-5.10000E-02
-0.380000
-0.511000
-0.724000
-0.942000
-1.25100
-1.49300
-1.65800
-1.65300
-1.53700
-1.24200
-0.690000
0.220000
1.25100
1.98600
2.21800
1.95700
1.34300
0.631000
-1.04000E-01
-0.685000
-0.971000
-0.942000
-0.922000
-0.738000
-0.414000
2.60000E-02
0.491000
1.00400
1.36700
1.50200
1.28900
0.713000
-1.20000E-02
-0.758000
-1.46900
-2.02100
-2.21400
-2.20000
-1.97700
-1.59000
-1.02900
-0.327000
0.568000
1.46800
2.11700
2.21800
1.78300
0.820000
-0.129000
-0.816000
-1.15000
-1.15000
-0.758000
-0.400000
0.142000
0.631000
0.926000
1.07200
0.820000
0.171000
-0.535000
-1.08700
-1.44000
-1.57600
-1.36700
-0.738000
0.109000
0.941000
1.47300
1.45900
1.10100
0.549000
-4.20000E-02
-0.608000
-1.04800
-1.27100
-1.36700
-1.28000
-0.898000
-0.279000
0.607000
1.68100
2.35400
2.41700
2.18000
1.72000
1.10500
0.384000
-0.274000
-0.840000
-1.30500
-1.73500
-1.96800
-2.05900
-1.98200
-1.75000
-1.36700
-0.642000
0.220000
1.19300
2.08800
2.71700
2.52300
1.83600
1.10100
0.515000
8.90000E-02
-0.206000
-0.332000
-0.254000
-4.60000E-02
0.283000
0.641000
0.917000
1.00400
0.791000
0.326000
-0.322000
-1.05800
-1.64800
-2.06400
-2.31100
-2.27200
-1.84200
-1.05800
5.50000E-02
1.34700
2.66800
3.47700
3.45200
2.63900
1.34700
5.50000E-02
-0.956000
-1.66700
-2.20000
-2.38400
-2.56300
-2.42700
-2.14200
-1.76400
-1.16400
-0.288000
0.689000
1.65700
2.35900
2.51400
2.08800
1.27000
0.249000
-0.671000
-1.29000
-1.59000
-1.49300
-1.44000
-1.07700
-0.622000
-0.148000
0.365000
1.07600
1.58900
1.69100
1.33300
0.767000
0.167000
-0.337000
-0.796000
-1.19300
-1.39200
-1.49800
-1.34300
-0.951000
-0.458000
-1.00000E-01
0.109000
0.384000
0.684000
1.06200
1.38600
1.42500
1.28400
1.06200
0.810000
0.481000
0.109000
-0.221000
-0.593000
-1.09200
-1.47400
-1.67200
-1.73000
-1.64800
-1.42600
-1.00900
-0.453000
0.205000
0.834000
1.28400
1.48800
1.36700
0.960000
0.438000
-9.00000E-02
-0.622000
-0.980000
-1.05300
-0.971000
-0.729000
-0.313000
0.360000
1.36700
2.42200
3.15200
2.84300
1.79700
0.438000
-0.917000
-2.02600
-2.72200
-2.87200
-3.14300
-3.11000
-2.95500
-2.50000
-1.53200
-0.259000
1.04700
2.33500
3.15200
3.16200
2.61000
1.87000
1.13400
0.578000
0.181000
-0.196000
-0.492000
-0.642000
-0.956000
-1.22200
-1.52200
-1.92900
-2.25300
-2.29200
-2.04000
-1.71600
-1.26100
-0.216000
1.17300
2.50900
3.08500
2.77500
2.02500
0.975000
7.00000E-02
-0.569000
-1.06700
-1.41600
-1.42100
-1.36300
-1.10100
-0.632000
2.60000E-02
0.655000
1.22600
1.59900
1.56000
1.23600
0.742000
0.249000
-0.162000
-0.487000
-0.700000
-0.903000
-0.854000
-0.801000
-0.763000
-0.656000
-0.322000
0.123000
0.433000
0.651000
0.825000
0.796000
0.723000
0.646000
0.539000
0.539000
0.694000
0.994000
1.16800
1.15400
0.883000
0.438000
-5.10000E-02
-0.554000
-0.975000
-1.26600
-1.58500
-1.83200
-1.87100
-1.68700
-1.20300
-0.356000
0.786000
2.36800
3.97500
4.56100
3.30200
1.39600
-0.380000
-1.64800
-2.48000
-2.92600
-2.85300
-2.54800
-2.05500
-1.45900
-0.588000
0.447000
1.38100
2.00100
2.09700
1.83100
1.42500
0.941000
0.326000
-0.187000
-0.467000
-0.453000
-0.511000
-0.574000
-0.313000
-8.00000E-02
-2.20000E-02
-6.10000E-02
-0.167000
-0.264000
-0.361000
-0.433000
-0.521000
-0.593000
-0.671000
-0.627000
-0.390000
8.90000E-02
0.481000
0.810000
1.03300
1.21200
1.22200
1.06700
0.641000
7.00000E-03
-0.680000
-1.16900
-1.49300
-1.72100
-1.90900
-1.98700
-1.71100
-1.16400
-0.361000
0.462000
1.28900
1.85500
1.81200
1.25500
0.481000
-0.288000
-0.898000
-1.22700
-1.15500
-1.01900
-0.613000
-0.119000
0.109000
0.138000
8.40000E-02
-5.10000E-02
-0.182000
-0.235000
-8.50000E-02
0.191000
0.442000
0.713000
0.941000
0.931000
0.747000
0.510000
0.181000
-0.143000
-0.453000
-0.661000
-0.932000
-1.19300
-1.31400
-1.26600
-1.07200
-0.787000
-0.400000
8.90000E-02
0.733000
1.60400
2.45100
2.88100
2.54300
1.52200
0.283000
-0.724000
-1.41100
-1.86100
-2.03500
-2.25300
-2.04000
-1.51300
-0.845000
-0.196000
0.380000
0.912000
1.17300
1.05700
0.859000
0.694000
0.631000
0.631000
0.670000
0.762000
0.830000
0.689000
0.467000
0.254000
3.60000E-02
-0.177000
-0.467000
-0.801000
-1.15000
-1.40600
-1.43500
-1.22200
-0.782000
-1.04000E-01
0.675000
1.61400
2.33900
2.68300
2.52800
1.98600
1.16800
0.326000
-0.433000
-1.32400
-1.94300
-2.31600
-2.35500
-2.10300
-1.71100
-1.10100
-0.346000
0.481000
1.28400
1.75900
1.88900
1.68100
1.38100
1.13900
0.960000
0.844000
0.752000
0.684000
0.655000
0.394000
-4.60000E-02
-0.492000
-0.980000
-1.35800
-1.70600
-2.05000
-2.12700
-1.91900
-1.65800
-1.24200
-0.525000
0.370000
1.51700
2.97800
4.39100
5.12200
3.99900
2.21800
0.588000
-0.680000
-1.60900
-2.49000
-2.90600
-3.26400
-3.49700
-3.37100
-3.22100
-3.00300
-2.58700
-1.87100
-0.932000
0.225000
1.40500
2.49400
3.22000
3.24400
2.90100
2.50900
2.03500
1.39100
0.597000
-0.143000
-1.01400
-1.51700
-1.89000
-2.04500
-2.15100
-2.21400
-2.12700
-2.08400
-1.90900
-1.51300
-0.879000
-8.00000E-02
0.757000
1.86500
3.05600
3.71400
3.05600
1.78800
