# Reference: Mase, H. & Kirby, J.T. (1992). Hybrid frequency-domain KdV equation for random wave transformation. Proc. 23rd Int. Conf. Coastal Engineering (ASCE), 474-487.
# Source repo: https://github.com/fengyanshi/FUNWAVE-TVD  commit b4c322e7582035ee19df8e6409a3dfedaff1cb96, path benchmarks/car_mase_kirby/postprocessing/r2d125.dat
# (r2d470.dat also at benchmarks/car_mase_kirby/fft/r2d470.dat, same values to 4e-9, different formatting; it is the record used to drive the FUNWAVE wavemaker)
# Content: MEASURED surface elevation at the gauge in still-water depth h = 12.5 cm (file name r2dNNN = depth in mm; error_series.m: 'fnam(:,...)='r2d125.dat'' with
#   'h=[47 35 30 25 20 17.5 15 12.5 10 7.5 5 2.5]' in comp_mkskew.m and the plot labels 'h=35.0cm' ... 'h= 2.5cm' in comp_series.m).
# Column: (1) eta [cm], one sample per line, no time column.
#   Time step 0.05 s: error_series.m 'data_time=[0:length(gage_m)-1]*0.05;' and fft4wavemaker.m 'sample_frequency=0.05;' (used as the sampling interval, t=[0:..]*sample_frequency).
#   Units cm: fft4wavemaker.m 'scale_fac=0.01;' converts to m for the wavemaker; error_series.m compares std(data) with 'model(:,k-1)=gage(:,2)*100' (model m -> cm).
#   t = 0 at first sample; 15000 samples = 750 s. Time origin relative to wavemaker start is not documented.
# Geometry (FUNWAVE work/input.txt, model setup): 'DEPTH_FLAT = 0.47', 'SLP = 0.05' (1:20 slope), 'Xslp = 10.0' (slope toe at x = 10 m in the model frame), 'DX = 0.04'.
#   Model gauge positions (work/gauges_004.txt, grid index i, x=(i-1)*DX): 250 313 338 363 388 400 413 425 438 450 463 475 for h = 47 35 30 25 20 17.5 15 12.5 10 7.5 5 2.5 cm.
#   In a lab-independent form: gauge distance shoreward of the slope toe = (47 cm - h)/0.05 (follows from the stated depth and slope; lab x-coordinates are not in the repo).
# Waves: irregular; FUNWAVE uses 'PeakPeriod = 1.0' (spectrum details not stated in repo). Regular sampling -> original instrument record.
-0.112000
-0.245000
-0.324000
-0.590000
-0.687000
-0.615000
-0.409000
-8.20000E-02
0.421000
1.04500
1.42700
1.41500
1.26900
1.10600
0.827000
0.221000
-0.324000
-0.572000
-0.669000
-0.742000
-0.548000
-0.463000
-0.191000
0.476000
1.45700
2.31100
2.89300
3.07500
2.52900
1.40300
0.215000
-0.578000
-1.22000
-1.87500
-2.21400
-2.35900
-2.46800
-2.39000
-2.34100
-2.31700
-1.78400
-0.827000
0.573000
2.37800
4.20700
3.98900
2.47500
1.05100
5.20000E-02
-0.560000
-1.01500
-1.28700
-1.14200
-1.14800
-1.22000
-1.36600
-1.45100
-1.49300
-1.44500
-1.32300
-1.31100
-1.23300
-0.918000
-0.294000
0.439000
1.23300
2.13600
2.57200
2.21400
1.45100
0.603000
-5.70000E-02
-0.578000
-1.02700
-1.26900
-1.42600
-1.73500
-1.77800
-1.80800
-1.83200
-1.78400
-1.48700
-0.930000
-0.130000
1.00900
2.28100
3.08700
3.06200
2.26300
1.30600
0.591000
8.80000E-02
-0.372000
-0.845000
-1.08700
-1.20800
-1.46900
-1.73500
-1.97800
-2.18400
-2.22000
-2.01400
-1.66900
-1.18400
-0.288000
1.07500
2.73500
4.08000
4.23800
3.19600
1.91100
0.742000
3.00000E-03
-0.518000
-1.05700
-1.30500
-1.38400
-1.59000
-1.75400
-1.87500
-1.98400
-2.08100
-2.11700
-2.05600
-1.83800
-1.37800
-0.827000
-1.00000E-01
0.979000
2.32300
3.14700
3.23800
2.63800
1.65100
0.639000
-0.239000
-0.839000
-1.29900
-1.50500
-1.65100
-1.96600
-1.93500
-1.79000
-1.62600
-1.28700
-0.742000
-0.124000
0.603000
1.16000
1.35400
1.11200
0.700000
0.258000
-2.10000E-02
-0.221000
-0.257000
-0.160000
-0.124000
-0.185000
-0.185000
-5.70000E-02
6.40000E-02
4.00000E-02
1.50000E-02
2.70000E-02
1.00000E-01
0.179000
0.300000
0.421000
0.639000
0.924000
1.13000
1.20300
1.20300
1.11800
0.979000
0.639000
0.215000
-0.136000
-0.391000
-0.645000
-0.948000
-1.22000
-1.47500
-1.72900
-1.72900
-1.59000
-1.43300
-1.02100
5.80000E-02
2.85000
3.79500
3.33500
1.93000
0.645000
-0.288000
-1.03300
-1.68700
-2.00200
-2.00200
-1.99000
-1.89900
-1.80200
-1.29300
-0.275000
0.700000
1.51200
1.87500
1.65100
0.960000
0.161000
-0.348000
-0.663000
-0.948000
-0.918000
-0.742000
-0.681000
-0.209000
0.282000
0.591000
1.08100
1.84500
2.77800
2.92300
2.23900
1.02700
-6.30000E-02
-0.990000
-1.73500
-2.11100
-2.35900
-2.57700
-2.60200
-2.59600
-2.39000
-2.17800
-1.62600
-0.924000
6.40000E-02
1.37200
2.87500
3.72300
3.26200
1.85700
0.591000
-0.366000
-0.960000
-1.36000
-1.30500
-1.07500
-1.17200
-1.16000
-0.839000
-0.318000
0.191000
0.421000
0.324000
9.40000E-02
4.00000E-02
6.40000E-02
7.60000E-02
0.179000
0.348000
0.882000
1.43900
1.60900
1.36000
0.960000
0.342000
-7.00000E-02
-0.209000
-0.263000
-0.500000
-0.693000
-0.815000
-0.772000
-0.633000
-0.324000
6.40000E-02
0.258000
0.524000
0.651000
0.639000
0.567000
0.458000
0.312000
0.185000
-5.70000E-02
-0.251000
-0.275000
-0.354000
-0.530000
-0.742000
-0.912000
-0.978000
-0.966000
-0.784000
-0.566000
-0.130000
0.567000
1.30600
1.73000
1.53600
0.906000
0.215000
-0.221000
-0.578000
-0.978000
-1.53600
-1.75400
-1.92900
-1.96000
-1.95400
-1.78400
-1.39600
-0.609000
0.585000
1.97800
2.80200
2.60200
1.62700
0.615000
-3.00000E-03
-0.330000
-0.524000
-0.754000
-0.857000
-1.01500
-1.19600
-1.29300
-1.31700
-1.42600
-1.34800
-1.11800
-0.669000
4.00000E-02
0.815000
1.49300
2.00200
1.95400
1.76600
1.59600
1.52400
1.54200
1.25100
0.688000
0.118000
-0.445000
-0.687000
-0.730000
-0.748000
-0.936000
-1.00800
-0.972000
-0.918000
-0.978000
-1.16600
-1.16000
-0.893000
-0.421000
0.239000
1.28100
2.82000
4.22600
3.92300
2.44500
1.10600
0.112000
-0.481000
-1.08100
-1.44500
-1.66300
-1.77200
-1.83200
-1.82000
-1.82600
-1.72900
-1.49900
-1.08700
-0.481000
0.227000
0.809000
1.24500
1.39000
1.30600
1.17200
0.912000
0.524000
0.149000
2.70000E-02
0.258000
0.464000
0.276000
0.264000
0.367000
0.476000
0.403000
0.233000
-5.70000E-02
-0.445000
-0.621000
-0.790000
-0.851000
-0.827000
-0.681000
-0.397000
0.112000
0.754000
1.28700
1.39000
1.14800
0.664000
7.60000E-02
-0.500000
-0.972000
-1.33000
-1.63200
-1.74800
-1.58400
-1.17200
-0.851000
-0.645000
-0.257000
0.252000
0.724000
1.00300
1.03300
0.863000
0.488000
0.149000
9.00000E-03
3.00000E-03
5.20000E-02
0.179000
0.252000
0.130000
-0.106000
-0.469000
-0.760000
-1.07500
-1.45100
-1.80800
-1.97800
-2.07500
-1.92900
-1.36000
-0.512000
0.597000
1.83300
2.69900
2.63200
2.01400
1.17200
0.348000
-0.172000
-0.542000
-0.784000
-0.784000
-0.857000
-1.00200
-1.06300
-1.14800
-1.33000
-1.44500
-1.46900
-1.20200
-0.815000
-0.348000
0.294000
1.17800
2.09300
2.59000
2.37800
1.54200
0.633000
-5.70000E-02
-0.627000
-0.966000
-1.02700
-1.12400
-1.05100
-0.766000
-0.415000
-8.80000E-02
0.252000
0.766000
1.17800
1.30000
1.21500
1.06300
0.906000
0.748000
0.554000
0.227000
-5.70000E-02
-0.385000
-0.687000
-0.930000
-1.08100
-1.03900
-0.748000
-0.148000
0.966000
2.31700
3.14100
2.77800
1.51800
0.355000
-0.469000
-1.03300
-1.44500
-1.32300
-1.39600
-1.29300
-1.11800
-0.930000
-0.494000
2.70000E-02
0.688000
1.41500
2.05700
2.45100
2.26900
1.54800
0.585000
-0.251000
-0.942000
-1.37800
-1.56600
-1.72300
-1.68700
-1.48100
-1.14800
-0.724000
-5.70000E-02
0.912000
1.85700
2.68700
2.86300
2.40800
1.65700
0.833000
7.60000E-02
-0.663000
-1.29300
-1.70500
-1.97800
-2.29300
-2.39000
-2.51100
-2.48700
-2.17200
-1.40800
-0.172000
1.51800
3.40800
4.28000
3.47400
1.94800
0.470000
-0.718000
-1.51100
-1.91700
-2.14100
-2.31100
-2.49300
-2.54700
-2.44400
-2.37100
-2.17200
-1.75400
-0.978000
8.80000E-02
1.42700
2.82600
2.99600
2.28100
1.26300
0.348000
-0.197000
-0.560000
-0.863000
-0.881000
-0.875000
-1.06300
-1.09900
-1.05100
-0.948000
-0.863000
-0.651000
-0.342000
-0.112000
4.60000E-02
0.300000
0.548000
0.530000
0.427000
0.203000
7.60000E-02
5.80000E-02
0.191000
0.415000
0.863000
1.15400
1.43300
1.36000
1.10000
0.615000
8.20000E-02
-0.269000
-0.548000
-0.754000
-0.912000
-1.04500
-1.06900
-0.990000
-0.899000
-0.754000
-0.512000
-0.185000
0.312000
1.01500
1.84500
2.70500
3.10500
3.08700
2.11700
0.730000
-0.506000
-1.25100
-1.83200
-2.11100
-2.35900
-2.48100
-2.49300
-2.45600
-2.25000
-1.68700
-0.790000
0.760000
3.11100
4.29800
2.62600
1.22700
0.161000
-0.590000
-1.08100
-1.56000
-1.66900
-1.80800
-1.82000
-1.72300
-1.53600
-1.20800
-0.736000
-8.20000E-02
0.694000
1.53600
2.37800
2.34800
1.75400
1.06300
0.530000
0.155000
-8.20000E-02
-0.269000
-0.360000
-0.518000
-0.487000
-0.524000
-0.748000
-1.05700
-1.22700
-1.34800
-1.34200
-1.02700
-0.578000
8.20000E-02
0.785000
1.33600
1.60900
1.70500
1.68700
1.57200
1.47500
1.30000
1.08100
0.779000
0.373000
7.60000E-02
-0.330000
-0.633000
-0.863000
-0.978000
-1.00200
-1.05100
-1.14800
-1.20800
-1.17800
-1.03300
-0.645000
-6.30000E-02
0.567000
1.35400
2.60800
4.88600
4.81300
2.98400
1.38400
0.179000
-0.621000
-1.15400
-1.72300
-1.94100
-2.40200
-2.69900
-2.80800
-2.74700
-2.61400
-2.50500
-2.17800
-1.63200
-0.796000
0.554000
2.28700
3.49900
3.41400
2.23200
1.08100
0.197000
-0.372000
-0.742000
-1.10500
-1.24500
-1.26300
-1.34800
-1.38400
-1.20200
-0.881000
-0.566000
-0.275000
8.20000E-02
0.397000
0.615000
0.882000
0.736000
0.427000
0.136000
2.10000E-02
0.136000
0.149000
0.209000
0.161000
3.30000E-02
-1.00000E-01
-0.318000
-0.494000
-0.590000
-0.590000
-0.590000
-0.615000
-0.566000
-0.372000
-0.112000
0.252000
0.591000
0.676000
0.433000
3.00000E-03
-0.445000
-0.784000
-1.03900
-1.06300
-1.12400
-0.984000
-0.584000
-3.00000E-03
0.542000
0.972000
1.26900
1.26300
1.03300
0.670000
0.221000
-0.179000
-0.530000
-0.851000
-1.10500
-1.26300
-1.29900
-1.33000
-1.24500
-0.833000
-9.40000E-02
0.827000
1.61500
1.96600
1.66900
1.07500
0.445000
-5.10000E-02
-0.584000
-1.06300
-1.22000
-1.09900
-0.821000
-0.451000
3.30000E-02
0.712000
1.39000
1.79000
1.68100
1.22100
0.548000
-5.70000E-02
-0.445000
-0.645000
-0.790000
-0.851000
-1.14200
-1.36600
-1.22000
-0.736000
-8.20000E-02
0.657000
1.40300
2.14200
2.65000
2.44500
1.97200
1.52400
1.05700
0.573000
0.173000
-0.348000
-0.845000
-1.20200
-1.59000
-1.71700
-1.86300
-1.97200
-1.91100
-1.63200
-1.12400
-0.282000
1.12400
3.13500
4.45000
3.62000
2.26900
1.00900
0.161000
-0.312000
-0.639000
-0.790000
-0.857000
-1.05700
-1.16600
-1.20200
-1.11100
-0.869000
-0.603000
-0.324000
0.136000
0.857000
1.70500
2.59000
3.27400
3.77700
2.56000
0.942000
-0.294000
-1.14800
-1.82600
-2.29300
-2.48700
-2.68000
-2.71100
-2.52900
-2.28100
-1.77800
-0.833000
1.05700
3.44400
4.09800
2.79600
1.43900
0.427000
-0.233000
-0.633000
-1.00200
-1.24500
-1.39000
-1.56600
-1.71100
-1.85700
-1.96600
-1.96600
-1.89300
-1.88700
-1.75400
-1.39000
-0.796000
2.70000E-02
0.991000
1.91100
1.96000
1.29400
0.379000
-0.578000
-1.17200
-1.43900
-1.53600
-1.27500
-0.984000
-0.457000
0.149000
0.724000
1.17200
1.10000
0.548000
-0.154000
-0.712000
-1.22000
-1.62000
-1.76000
-1.86900
-1.97800
-2.03800
-1.92300
-1.67500
-1.33600
-0.663000
0.306000
1.37200
2.49300
2.91700
2.38400
1.36000
0.403000
-0.251000
-0.590000
-0.833000
-0.924000
-0.936000
-1.20800
-1.37800
-1.43300
-1.28700
-1.04500
-0.809000
-0.518000
-0.179000
5.20000E-02
0.342000
0.712000
1.02700
1.36600
1.70500
1.74200
1.49900
0.960000
0.209000
-0.469000
-0.984000
-1.25700
-1.27500
-1.08100
-0.875000
-0.706000
-0.421000
0.136000
0.839000
1.32400
1.48700
1.37200
1.12400
0.857000
0.518000
0.203000
-7.60000E-02
-0.342000
-0.554000
-0.663000
-0.700000
-0.748000
-0.718000
-0.500000
-5.10000E-02
0.548000
1.03900
1.35400
1.66300
1.79600
1.59000
1.10000
0.615000
0.227000
4.60000E-02
9.40000E-02
0.288000
0.536000
0.621000
0.373000
-0.130000
-0.597000
-0.948000
-1.13600
-0.984000
-0.645000
-0.191000
0.379000
1.15400
2.07500
2.60800
2.49300
1.96000
1.24500
0.579000
1.00000E-01
-0.166000
-0.106000
0.161000
2.70000E-02
-0.348000
-0.645000
-0.827000
-0.984000
-1.06900
-1.02100
-1.07500
-1.07500
-0.809000
-0.160000
0.991000
2.65000
5.11000
4.56500
2.48100
0.960000
-0.324000
-1.30500
-2.00800
-2.35900
-2.43800
-2.49900
-2.58400
-2.63800
-2.55300
-2.33500
-2.06900
-1.54800
-0.506000
0.979000
2.79600
3.49900
2.74700
1.44500
0.258000
-0.663000
-1.25100
-1.69900
-1.79600
-1.68700
-1.56000
-1.29900
-0.803000
-0.106000
0.730000
1.67500
2.21400
2.00800
1.12400
0.143000
-0.651000
-1.29300
-1.85100
-2.02000
-2.14700
-1.95400
-1.51700
-0.887000
0.191000
1.55400
2.82600
3.16500
2.66300
1.70500
0.724000
9.00000E-03
-0.463000
-0.863000
-1.07500
-1.07500
-1.43900
-1.76600
-1.90500
-1.95400
-1.95400
-1.91700
-1.69900
-1.15400
-0.251000
1.03300
2.42600
3.12300
3.02600
2.26300
1.25100
0.355000
-0.251000
-0.627000
-1.01500
-1.14200
-1.32300
-1.51700
-1.56000
-1.71700
-1.89900
-1.93500
-1.76600
-1.54800
-1.13600
-0.451000
0.385000
1.54200
2.77800
3.19000
2.51100
1.22700
-3.30000E-02
-0.887000
-1.38400
-1.69900
-1.77800
-1.96000
-1.92300
-1.89900
-1.76000
-1.34800
-0.597000
0.318000
1.28100
1.97800
2.19600
2.02700
1.53000
0.906000
0.318000
-3.90000E-02
-0.172000
-0.282000
-0.203000
-0.203000
-4.50000E-02
2.70000E-02
-4.50000E-02
-0.172000
-0.354000
-0.560000
-0.687000
-0.809000
-0.772000
-0.451000
0.179000
1.41500
2.99000
4.71000
4.66800
2.80200
1.10600
-0.191000
-1.02100
-1.56600
-1.88100
-1.97800
-2.04400
-2.22000
-2.38400
-2.43200
-2.27500
-1.96600
-1.42000
-0.669000
0.488000
1.97800
3.02000
3.08700
2.39000
1.34200
0.470000
-8.80000E-02
-0.306000
-0.282000
-2.70000E-02
-5.70000E-02
6.40000E-02
0.439000
0.706000
0.615000
0.397000
0.155000
-0.172000
-0.566000
-0.851000
-0.954000
-1.05100
-1.08100
-1.00800
-0.784000
-0.269000
0.330000
1.02100
1.73600
2.33500
2.68700
2.57800
2.14200
1.31800
0.573000
-0.142000
-0.760000
-1.30500
-1.56600
-1.74100
-1.90500
-2.11100
-2.06900
-1.82000
-1.26900
-0.481000
0.561000
1.56000
2.17800
2.31700
2.04500
1.58400
1.08100
0.597000
4.00000E-02
-0.336000
-0.657000
-0.887000
-1.15400
-1.36600
-1.48100
-1.31700
-0.990000
-0.560000
5.20000E-02
0.639000
1.06300
0.985000
0.512000
-5.70000E-02
-0.469000
-0.615000
-0.597000
-0.239000
0.185000
0.688000
1.05700
1.13000
1.00900
0.803000
0.470000
7.00000E-02
-0.185000
-0.306000
-0.494000
-0.627000
-0.687000
-0.809000
-0.984000
-1.19000
-1.34800
-1.40800
-1.31100
-1.04500
-0.542000
0.330000
1.45700
2.52300
2.84400
2.42000
1.56000
0.682000
-9.00000E-03
-0.542000
-1.13600
-1.44500
-1.76000
-2.19600
-2.40200
-2.45600
-2.35900
-2.19000
-1.92300
-1.52900
-0.718000
0.579000
2.60200
4.43800
3.92900
2.46300
1.21500
0.258000
-0.403000
-1.03300
-1.47500
-1.62600
-1.92300
-2.06900
-2.26200
-2.47400
-2.56500
-2.58400
-2.41400
-1.68700
-0.421000
1.49300
4.45000
5.28600
3.23200
1.43900
8.20000E-02
-0.827000
-1.35400
-1.81400
-1.65100
-1.60800
-1.51100
-1.39000
-1.25100
-0.912000
-0.463000
0.209000
0.839000
1.39700
1.63300
1.43300
1.06900
0.615000
0.118000
-0.221000
-0.397000
-0.215000
0.318000
0.954000
1.74800
2.46900
2.54100
1.85100
0.960000
0.149000
-0.542000
-0.978000
-1.32300
-1.27500
-1.42000
-1.48100
-1.52900
-1.43900
-1.17200
-0.615000
0.427000
2.14200
4.39500
5.37700
3.46200
1.80200
0.579000
-0.227000
-0.809000
-1.37200
-1.61400
-1.80800
-1.96600
-1.94700
-2.02000
-2.09300
-2.16600
-2.23200
-2.11700
-1.78400
-1.09300
2.26300
3.40800
3.04400
2.56000
1.63900
1.09400
0.270000
-0.597000
-1.15400
-1.63800
-2.12300
-2.38400
-2.25000
-2.55300
-2.51700
-2.43800
-2.46200
-2.22000
-1.60800
-0.833000
-0.197000
0.258000
0.567000
0.791000
0.906000
0.954000
0.930000
0.966000
0.942000
0.670000
0.451000
0.294000
3.30000E-02
-0.221000
-0.427000
-0.590000
-0.869000
-1.09900
-1.37800
-1.48700
-1.42000
-1.37200
-1.31100
-1.43300
-1.16000
-0.633000
8.80000E-02
0.863000
1.53000
1.82700
1.62100
1.11200
0.494000
2.10000E-02
-0.179000
-0.372000
-0.766000
-0.893000
-0.845000
-0.766000
-0.996000
-0.857000
-0.469000
-2.10000E-02
0.500000
1.10000
1.49900
1.60900
1.56000
1.43300
1.13600
0.597000
-0.154000
-0.700000
-0.905000
-1.03300
-1.34800
-1.59000
-1.53600
-1.14800
-0.784000
-0.687000
-0.221000
0.760000
1.87500
2.79600
2.95300
2.52900
1.69900
0.912000
0.306000
-0.221000
-0.772000
-1.08100
-1.22700
-1.56000
-1.94700
-2.02000
-2.04400
-2.02000
-1.85700
-1.57800
-1.13000
-0.427000
0.718000
2.22000
3.06800
2.71700
1.82100
0.924000
0.276000
-0.191000
-0.597000
-0.918000
-0.972000
-1.02700
-1.02700
-1.00200
-0.984000
-0.712000
-0.221000
0.324000
0.833000
1.26900
1.42700
1.08100
0.427000
-0.342000
-0.724000
-0.905000
-1.02100
-0.724000
4.60000E-02
1.20900
2.62600
3.32300
2.71700
1.45700
0.221000
-0.572000
-0.984000
-1.17800
-1.08700
-1.10500
-0.881000
-0.494000
8.80000E-02
0.863000
1.43900
1.53600
1.24500
0.688000
0.118000
-0.372000
-0.681000
-0.760000
-0.651000
-0.324000
5.20000E-02
0.361000
0.664000
0.882000
0.979000
1.02100
0.960000
0.670000
0.294000
-0.118000
-0.403000
-0.560000
-0.621000
-0.718000
-0.815000
-0.833000
-0.833000
-0.809000
-0.821000
-0.766000
-0.700000
-0.633000
-0.378000
1.50000E-02
0.766000
1.96000
2.88700
2.53500
1.36000
0.118000
-0.887000
-1.44500
-1.77800
-1.87500
-1.75400
-1.72900
-1.62000
-1.62000
-1.52900
-1.25100
-0.778000
-0.257000
0.136000
0.621000
1.17800
1.63300
1.86300
1.60900
1.12400
0.676000
0.318000
1.50000E-02
-0.372000
-0.687000
-0.796000
-0.990000
-1.09300
-1.22700
-1.48700
-1.65700
-1.59600
-1.51100
-1.14800
-0.748000
-0.148000
0.567000
1.13600
1.40300
1.28100
0.960000
0.609000
0.439000
0.373000
0.397000
0.639000
1.13000
1.28700
1.19100
0.936000
0.561000
3.00000E-03
-0.500000
-0.887000
-1.17800
-1.31100
-1.45100
-1.60800
-1.63200
-1.52300
-1.31700
-0.924000
-0.403000
0.324000
1.10000
1.69300
2.02700
1.97800
1.68700
1.22700
0.979000
0.785000
0.433000
-3.00000E-03
-0.348000
-0.633000
-0.712000
-0.724000
-0.772000
-0.706000
-0.536000
-0.391000
-0.348000
-0.421000
-0.518000
-0.603000
-0.627000
-0.554000
-0.451000
-0.185000
0.227000
0.809000
1.35400
1.84500
2.01400
1.72400
1.03300
0.367000
-0.136000
-0.451000
-0.754000
-0.930000
-1.16000
-1.09900
-0.984000
-0.936000
-0.899000
-0.875000
-0.833000
-0.687000
-0.530000
-0.251000
0.112000
0.524000
0.930000
1.47500
2.11700
2.44500
2.28700
1.69300
0.936000
0.294000
-0.191000
-0.645000
-0.839000
-0.887000
-1.05700
-1.15400
-1.25700
-1.31700
-1.36600
-1.34200
-1.23300
-1.03300
-0.766000
-0.233000
0.554000
1.54200
2.57200
3.10500
2.97200
1.97200
0.748000
-0.160000
-0.669000
-1.12400
-1.12400
-1.07500
-0.845000
-0.433000
-3.00000E-03
0.270000
0.397000
0.239000
-0.172000
-0.687000
-1.14200
-1.34200
-1.25700
-1.07500
-0.530000
0.603000
2.28700
3.92300
4.15900
2.95300
1.51800
0.294000
-0.494000
-0.984000
-1.32300
-1.44500
-1.55400
-1.63800
-1.82000
-1.94100
-1.94100
-1.70500
-1.51100
-1.24500
-0.912000
-0.451000
0.118000
0.869000
1.69900
2.43800
2.56000
2.16000
1.38400
0.639000
9.00000E-03
-0.500000
-0.978000
-1.31700
-1.36600
-1.51100
-1.46300
-1.45100
-1.37800
-1.27500
-1.28100
-1.36600
-1.38400
-1.22000
-0.736000
1.00000E-01
1.17800
2.38400
2.72300
1.75400
0.458000
-0.669000
-1.39000
-1.99600
-2.40800
-2.42000
-2.25000
-1.71100
-0.936000
0.179000
1.45100
2.34200
2.42000
1.85700
0.985000
0.130000
-0.615000
-1.20200
-1.57800
-1.69900
-1.79000
-1.60800
-1.41400
-1.09300
-0.548000
-0.148000
0.191000
0.542000
0.979000
1.25100
1.66300
2.12300
2.03900
1.36600
0.324000
-0.572000
-1.19000
-1.59600
-1.57800
-1.41400
-1.02700
-0.548000
9.00000E-03
0.470000
0.688000
0.639000
0.530000
0.476000
0.427000
0.270000
-7.60000E-02
-0.330000
-0.451000
-0.421000
-0.312000
-8.20000E-02
0.379000
1.10600
1.68700
2.00800
1.85100
1.34200
0.682000
0.149000
-0.348000
-0.615000
-0.542000
-0.439000
-0.318000
-0.221000
-0.233000
-0.330000
-0.475000
-0.687000
-0.857000
-0.942000
-0.809000
-0.403000
0.482000
1.86300
3.38300
4.03200
3.05000
1.65100
0.548000
-0.191000
-0.621000
-0.790000
-0.621000
-0.627000
-0.590000
-0.494000
-0.445000
-0.445000
-0.554000
-0.700000
-0.803000
-0.851000
-0.730000
-0.366000
0.403000
2.00200
4.37700
5.83700
3.66200
1.82700
0.445000
-0.366000
-0.881000
-1.26900
-1.34200
-1.46300
-1.43900
-1.44500
-1.42000
-1.31100
-1.24500
-1.19600
-1.14800
-1.05100
-0.833000
-0.542000
-1.50000E-02
0.869000
3.12300
4.64400
3.98900
2.31100
1.20300
0.227000
-0.827000
-1.66300
-2.12300
-2.25600
-2.43200
-2.64400
-2.75900
-2.74100
-2.72900
-2.69300
-2.43800
-1.97800
-1.45100
-0.627000
0.500000
1.63300
2.21400
1.92400
1.11200
0.385000
-9.00000E-03
-0.227000
-0.615000
-1.01500
-1.08100
-1.33600
-1.52900
-1.48100
-1.36000
-1.22000
-0.809000
-2.10000E-02
0.936000
1.57800
1.71800
1.29400
0.524000
-0.245000
-0.615000
-0.918000
-1.44500
-1.66300
-1.88100
-1.92900
-1.69900
-1.36600
-0.978000
-0.324000
0.839000
2.16000
2.79600
2.25100
1.00900
-0.227000
-1.00200
-1.05100
-0.942000
-0.651000
-0.282000
8.20000E-02
0.427000
0.536000
0.379000
-9.40000E-02
-0.687000
-1.15400
-1.52900
-1.67500
-1.66900
-1.34200
-0.603000
0.561000
1.99000
3.18400
3.42600
2.85600
2.10500
1.40900
0.936000
0.548000
0.136000
-0.403000
-0.803000
-1.22700
-1.52900
-1.84400
-2.14100
-2.21400
-2.09300
-1.89300
-1.62600
-0.936000
9.00000E-03
1.44500
3.26800
4.45000
3.55300
2.01400
0.736000
-0.112000
-0.669000
-1.16600
-1.28700
-1.45100
-1.48700
-1.37800
-1.10500
-0.863000
-0.397000
0.233000
0.936000
1.68700
2.24500
2.28700
1.97200
1.48700
1.03900
0.530000
-3.30000E-02
-0.566000
-0.772000
-0.942000
-0.839000
-0.912000
-1.09900
-1.19600
-1.30500
-1.22000
-0.712000
-8.80000E-02
0.857000
2.36000
3.48600
3.65000
2.61400
1.17800
-7.00000E-02
-0.803000
-1.28700
-1.59000
-1.65700
-1.83800
-1.65700
-1.34200
-1.00200
-0.603000
-0.221000
0.106000
0.439000
0.694000
0.730000
0.524000
0.258000
4.60000E-02
-2.70000E-02
-0.112000
-0.148000
-7.60000E-02
0.136000
0.567000
1.14200
1.69300
2.15400
2.26300
1.74200
0.779000
-0.203000
-1.01500
-1.56600
-2.07500
-2.26900
-2.38400
-2.31700
-2.26200
-2.31100
-2.27500
-1.85700
-1.17800
-0.209000
1.10600
2.72900
3.55300
3.17800
1.85700
0.542000
-0.524000
-1.19000
-1.55400
-1.74800
-1.70500
-1.96600
-2.14700
-2.05000
-1.86900
-1.72900
-1.48700
-1.07500
-0.687000
-1.00000E-01
0.785000
1.75400
2.25100
2.05700
1.35400
0.670000
0.233000
-0.263000
-0.603000
-0.627000
-0.584000
-0.718000
-0.663000
-0.639000
-0.700000
-0.815000
-0.760000
-0.524000
-0.366000
-0.360000
-0.342000
-4.50000E-02
0.306000
0.615000
0.712000
0.615000
0.470000
0.300000
8.80000E-02
-5.10000E-02
-0.142000
-4.50000E-02
0.167000
0.421000
0.736000
1.00300
1.11800
1.03300
0.803000
0.409000
-8.20000E-02
-0.536000
-0.899000
-1.20200
-1.44500
-1.56000
-1.54800
-1.34200
-0.839000
-6.30000E-02
1.02700
2.42600
3.09300
2.85000
1.95400
0.906000
3.30000E-02
-0.669000
-1.26900
-1.56000
-1.72300
-1.70500
-1.42600
-1.19600
-0.899000
-0.706000
-0.397000
-3.30000E-02
0.306000
0.621000
0.954000
1.19700
1.14800
0.882000
0.445000
-2.70000E-02
-0.421000
-0.700000
-0.790000
-0.693000
-0.524000
-0.294000
-5.10000E-02
0.427000
0.912000
1.13000
1.02700
0.518000
-0.136000
-0.681000
-1.11800
-1.40200
-1.58400
-1.43900
-0.948000
-0.209000
0.651000
1.44500
1.88100
1.90500
1.62700
1.11800
0.651000
0.276000
-1.50000E-02
-0.354000
-0.469000
-0.542000
-0.403000
-0.233000
-0.112000
0.155000
0.573000
0.985000
1.20300
1.08100
0.827000
0.409000
-8.80000E-02
-0.500000
-0.754000
-0.748000
-0.421000
0.221000
1.14800
2.42000
3.32900
3.55900
2.83200
1.78400
0.827000
1.00000E-01
-0.603000
-1.21400
-1.49300
-1.89300
-2.27500
-2.48100
-2.65000
-2.82000
-2.75300
-2.37100
-1.62600
-1.00000E-01
2.92300
5.75800
3.97700
2.31100
0.918000
-0.179000
-0.863000
-1.40800
-1.69900
-1.85100
-1.92300
-1.82000
-1.71100
-1.56000
-1.50500
-1.40200
-1.23900
-1.07500
-0.772000
-0.378000
0.155000
0.809000
1.46900
1.85700
2.00200
1.67500
1.13000
0.258000
-0.572000
-1.16600
-1.65700
-2.02000
-2.16600
-2.26900
-1.98400
-1.56600
-1.03300
-0.397000
0.185000
0.779000
1.11800
0.888000
0.348000
-0.197000
-0.681000
-0.966000
-1.11100
-0.942000
-0.942000
-0.724000
-0.354000
9.00000E-03
0.264000
0.355000
0.330000
0.373000
0.567000
0.748000
0.906000
0.900000
0.645000
0.306000
1.50000E-02
-0.306000
-0.572000
-0.778000
-1.04500
-1.21400
-1.29300
-1.24500
-1.13000
-1.22700
-1.34800
-1.23900
-0.833000
-7.00000E-02
1.00300
2.36000
3.34100
3.55900
2.64400
1.38400
0.294000
-0.409000
-0.863000
-1.20200
-1.17200
-1.29300
-1.31100
-1.34200
-1.45100
-1.52900
-1.63800
-1.62600
-1.64500
-1.80200
-1.60800
-1.08700
-0.172000
1.12400
2.84400
3.92300
3.04400
1.73600
0.621000
1.50000E-02
-0.209000
-0.306000
-0.166000
-1.00000E-01
-0.154000
-0.209000
-0.209000
-0.263000
-0.366000
-0.506000
-0.584000
-0.385000
-3.30000E-02
0.318000
0.748000
1.14200
1.35400
1.15400
0.821000
0.561000
0.609000
0.833000
1.18400
1.66900
2.23900
2.53500
2.42600
1.85700
1.23300
0.785000
0.409000
5.80000E-02
-0.227000
-0.700000
-1.13600
-1.32300
-1.34800
-1.50500
-1.48700
-1.24500
-0.833000
-0.433000
0.270000
1.26900
2.61400
4.86800
4.37700
2.60800
1.05100
-0.160000
-0.821000
-1.36600
-1.93500
-2.11700
-2.31100
-2.48100
-2.48700
-2.28100
-1.98400
-1.62000
-0.978000
0.112000
1.54200
2.52900
2.38400
1.54200
0.500000
-0.324000
-0.930000
-1.13600
-1.18400
-1.14200
-1.22700
-1.22000
-1.17200
-1.16000
-1.08100
-1.05700
-0.863000
-0.463000
3.30000E-02
0.573000
1.14200
1.66300
1.73000
1.43900
0.748000
1.50000E-02
-0.639000
-1.25700
-1.63200
-1.49900
-1.62600
-1.69300
-1.76000
-1.87500
-1.89900
-1.77800
-1.42600
-0.851000
-0.257000
0.336000
1.08100
1.63900
1.78400
1.51800
0.657000
-0.282000
-1.05700
-1.54200
-1.92900
-1.99600
-1.88700
-1.50500
-0.754000
0.179000
1.56000
2.88700
2.65700
1.30000
1.50000E-02
-0.821000
-1.44500
-1.88100
-1.86300
-1.65700
-1.45700
-1.02700
-0.518000
2.70000E-02
0.494000
0.942000
1.26300
1.44500
1.56600
1.67500
1.60900
1.46300
1.34200
1.22100
1.06300
0.912000
0.694000
0.427000
7.00000E-02
-0.282000
-0.572000
-0.748000
-0.978000
-1.14800
-1.12400
-1.00200
-0.718000
-0.330000
0.385000
1.66300
3.43200
4.42500
3.03200
1.48700
0.264000
-0.681000
-1.26900
-1.60800
-1.63200
-1.86900
-1.97800
-1.84400
-1.42600
-0.772000
0.209000
1.27500
2.18400
2.73500
2.60200
2.02700
1.32400
0.839000
0.464000
2.10000E-02
-0.366000
-0.548000
-0.730000
-1.06900
-1.18400
-1.34200
-1.33600
-1.17800
-1.09300
-0.930000
-0.621000
-0.154000
0.403000
0.912000
1.24500
1.35400
1.33000
1.21500
1.20300
0.985000
0.518000
0.106000
-0.312000
-0.754000
-1.07500
-1.29300
-1.35400
-1.28700
-1.19000
-0.912000
-0.372000
0.633000
1.90500
2.92300
3.04400
2.18400
0.966000
-8.80000E-02
-0.815000
-1.31700
-1.70500
-1.72900
-1.90500
-2.05600
-1.99000
-1.63800
-1.02700
-0.203000
0.857000
2.26300
3.18400
2.65000
1.61500
0.645000
-1.00000E-01
-0.712000
-1.29300
-1.62600
-1.59000
-1.56000
-1.26900
-0.760000
-0.215000
0.336000
0.688000
0.615000
0.288000
-0.227000
-0.663000
-1.09900
-1.40800
-1.49300
-1.38400
-1.10500
-0.566000
0.355000
1.71200
3.08700
3.23200
1.80200
0.464000
-0.560000
-1.16000
-1.52300
-1.54800
-1.39600
-1.34800
-1.17200
-0.948000
-0.736000
-0.566000
-0.451000
-0.269000
-3.90000E-02
0.227000
0.476000
0.754000
0.924000
0.851000
0.603000
0.252000
-0.136000
-0.530000
-0.687000
-0.530000
-0.185000
0.276000
0.930000
1.54800
1.75400
1.61500
1.30000
0.876000
0.439000
-3.90000E-02
-0.451000
-0.712000
-0.978000
-1.26900
-1.48700
-1.62000
-1.68700
-1.57800
-1.27500
-0.590000
0.645000
2.65700
5.96400
4.38300
2.34800
0.785000
-0.294000
-0.930000
-1.43900
-1.66900
-2.01400
-2.25600
-2.37800
-2.46800
-2.48100
-2.28700
-2.06900
-1.56600
-0.718000
0.791000
2.88100
4.60700
4.05600
2.60200
1.25700
0.433000
5.80000E-02
-0.179000
-0.445000
-0.524000
-0.633000
-0.633000
-0.706000
-0.833000
-1.00200
-1.17800
-1.37800
-1.61400
-1.67500
-1.48700
-1.17200
-0.681000
0.312000
2.21400
5.92200
4.32900
2.15400
0.451000
-0.760000
-1.49300
-1.92900
-2.08700
-2.13500
-2.14100
-2.16600
-2.17800
-2.21400
-2.24400
-2.03800
-1.49900
-0.657000
0.355000
1.60200
2.76600
3.03800
2.48100
1.36600
0.233000
-0.597000
-1.11800
-1.44500
-1.54200
-1.49900
-1.70500
-1.60800
-1.33000
-0.663000
0.215000
1.23900
2.15400
2.65700
2.68100
2.24500
1.56000
0.906000
0.421000
9.40000E-02
-0.300000
-0.821000
-1.09900
-1.33600
-1.55400
-1.55400
-1.36600
-1.29300
-0.930000
-0.227000
0.972000
2.66300
3.98300
3.80100
2.45100
0.985000
-0.209000
-0.863000
-1.34800
-1.71100
-1.97200
-2.16600
-1.97200
-1.63800
-1.28700
-1.04500
-0.687000
-0.203000
0.282000
0.791000
1.20300
1.58400
1.96000
2.15400
2.05100
1.62700
0.900000
3.30000E-02
-0.621000
-1.11100
-1.49300
-1.78400
-1.89900
-1.96000
-1.95400
-1.76000
-1.33600
-0.718000
-0.106000
0.639000
1.52400
2.31100
2.49900
2.35400
2.02000
1.54800
1.06300
0.554000
8.80000E-02
-0.378000
-0.724000
-0.984000
-1.26300
-1.51100
-1.80200
-1.97200
-2.05000
-2.02600
-1.88100
-1.38400
8.80000E-02
3.87400
4.02600
2.89300
2.21400
1.63300
0.863000
8.80000E-02
-0.494000
-0.905000
-1.22700
-1.72300
-2.41400
-2.80200
-2.59600
-2.33500
-2.75900
-2.92900
-2.54100
-1.86900
-0.875000
0.985000
5.56400
4.06200
2.86300
1.39700
1.00000E-01
-0.742000
-1.20200
-1.48700
-1.63200
-1.72900
-1.95400
-2.24400
-2.01400
-1.74800
-1.36600
-0.542000
0.500000
1.58400
2.45700
2.59000
2.22000
1.51800
0.924000
0.524000
0.330000
-0.172000
-0.572000
-0.633000
-0.639000
-0.639000
-0.724000
-1.01500
-1.20800
-1.27500
-1.03300
-0.621000
0.203000
1.20900
2.02700
2.79600
3.02600
2.78400
2.13000
1.54800
0.888000
0.330000
-0.227000
-0.833000
-1.08700
-1.39600
-1.62600
-1.83200
-2.09300
-2.38400
-2.45600
-2.43800
-2.09900
-1.55400
-0.487000
1.52400
5.81300
4.53400
2.74100
1.31800
0.300000
-0.391000
-0.978000
-1.43900
-1.37800
-1.34200
-1.23900
-1.08700
-1.08100
-1.07500
-1.17200
-1.22000
-1.09900
-0.748000
-0.215000
0.421000
1.00300
1.62100
2.29900
2.77800
2.74100
2.35400
1.75400
1.16000
0.639000
0.282000
2.70000E-02
-0.227000
-0.548000
-0.899000
-1.25100
-1.57800
-1.77800
-1.91700
-1.89900
-1.89900
-1.86900
-1.59000
-1.27500
-0.972000
-0.336000
0.754000
2.17200
3.15900
3.51700
3.28100
2.36600
1.22700
0.282000
-0.433000
-0.918000
-1.37200
-1.66300
-2.00200
-2.11100
-2.19000
-2.19000
-2.21400
-2.15900
-1.79000
-1.36000
-0.839000
-0.481000
-0.106000
0.306000
0.645000
0.857000
0.857000
0.518000
0.161000
-0.136000
-0.148000
0.173000
0.548000
0.948000
1.43900
1.74200
1.66900
1.25100
0.645000
-0.154000
-1.08700
-1.73500
-2.07500
-2.19600
-2.25600
-2.36500
-2.35300
-2.04400
-1.59600
-1.03900
-0.318000
0.397000
1.18400
1.88100
1.83300
1.28700
0.657000
0.155000
-0.172000
-0.233000
-0.106000
0.136000
0.342000
0.342000
0.330000
0.155000
-0.148000
-0.439000
-0.742000
-0.803000
-0.675000
-0.554000
-0.330000
-8.80000E-02
0.227000
0.494000
0.427000
0.136000
-3.00000E-03
0.149000
0.233000
0.300000
0.379000
0.427000
0.488000
0.597000
0.803000
1.03300
1.10000
0.954000
0.615000
0.118000
-0.397000
-0.712000
-0.578000
-0.136000
0.264000
0.615000
1.03900
1.34800
1.30000
1.05700
0.754000
0.439000
0.106000
-0.209000
-0.494000
-0.663000
-0.663000
-0.597000
-0.597000
-0.354000
3.30000E-02
0.433000
0.742000
0.972000
1.09400
1.13600
1.11200
0.972000
0.718000
0.694000
0.742000
0.645000
0.373000
4.60000E-02
-0.294000
-0.760000
-1.20800
-1.39000
-1.47500
-1.55400
-1.57800
-1.63800
-1.56000
-1.14800
-0.300000
0.906000
2.32300
3.02600
2.80200
1.69900
0.676000
-9.00000E-03
-0.530000
-1.02100
-1.17200
-1.07500
-1.22000
-1.28100
-1.37200
-1.42000
-1.33600
-1.16600
-1.05100
-0.881000
-0.560000
7.00000E-02
0.966000
1.93600
2.68100
2.80200
2.19600
1.13000
0.106000
-0.548000
-0.996000
-1.45100
-1.70500
-1.91100
-1.82000
-1.72300
-1.61400
-1.33000
-0.724000
6.40000E-02
0.954000
1.84500
2.28700
2.11700
1.52400
0.912000
0.488000
0.215000
4.60000E-02
3.30000E-02
0.264000
0.427000
0.282000
6.40000E-02
-0.251000
-0.578000
-0.899000
-1.13000
-1.19600
-1.05100
-0.603000
1.79600
3.11100
3.68000
2.92900
1.83300
0.573000
-0.566000
-1.20800
-1.66300
-2.07500
-2.28100
-2.56500
-2.83200
-2.94100
-2.97100
-2.97100
-2.65600
-1.69900
-3.00000E-03
3.15300
5.64300
3.81400
1.97200
0.579000
-0.397000
-1.19000
-1.74100
-2.04400
-2.07500
-2.18400
-2.47400
-2.62600
-2.74700
-2.73500
-2.65000
-2.39000
-1.82000
-0.875000
0.324000
1.90500
3.33500
3.33500
2.43200
1.45100
0.554000
-0.251000
-0.930000
-1.49900
-1.72900
-1.71700
-1.90500
-2.11100
-2.23200
-2.23800
-2.14100
-1.91100
-1.43300
-0.718000
0.185000
1.01500
1.66300
1.80800
1.40900
0.930000
0.542000
0.276000
9.40000E-02
0.191000
0.427000
0.561000
0.318000
-2.70000E-02
-0.300000
-0.542000
-0.857000
-1.07500
-1.24500
-1.25700
-1.00800
-0.475000
0.258000
1.03300
1.56600
1.56000
1.16000
0.506000
-3.00000E-03
-0.318000
-0.433000
-0.445000
-0.518000
-0.500000
-0.475000
-0.487000
-0.330000
-8.20000E-02
0.209000
0.536000
0.930000
1.29400
1.48700
1.39700
1.08100
0.603000
8.20000E-02
-0.403000
-0.718000
-0.942000
-1.02700
-0.978000
-0.905000
-0.693000
-0.197000
0.433000
1.30000
2.22600
2.81400
2.50500
1.66900
0.651000
-0.148000
-0.803000
-1.41400
-1.72900
-1.98400
-2.00200
-1.80800
-1.46300
-1.02700
-0.348000
0.488000
1.36600
2.10500
2.51100
2.26900
1.67500
1.25700
0.760000
0.130000
-0.366000
-0.742000
-0.966000
-1.34200
-1.49900
-1.61400
-1.63800
-1.51700
-1.09300
-0.324000
0.451000
1.20300
1.91700
2.40800
2.29900
1.65700
0.960000
0.403000
-9.40000E-02
-0.475000
-0.597000
-0.609000
-0.590000
-0.487000
-0.275000
-0.106000
-0.118000
-0.215000
-0.233000
-5.10000E-02
0.215000
0.439000
0.621000
0.730000
0.876000
1.00300
1.15400
1.37800
1.37800
1.22700
0.803000
0.300000
-0.160000
-0.645000
-0.960000
-1.14200
-1.14800
-1.01500
-0.809000
-0.524000
-0.245000
-2.70000E-02
8.80000E-02
-3.00000E-03
-0.130000
-0.154000
-0.160000
3.30000E-02
0.433000
1.03900
1.84500
2.48700
2.56600
1.91100
0.930000
-5.10000E-02
-0.778000
-1.28700
-1.59600
-1.69300
-2.09900
-2.17200
-2.17200
-2.19000
-2.26200
-2.29900
-2.16600
-1.80800
-1.05700
0.318000
2.39600
4.54700
3.84400
1.86900
-0.136000
-1.42000
-1.94700
-2.37800
-2.25000
-2.15300
-1.91100
-1.56600
-1.10500
-0.560000
1.50000E-02
0.391000
0.779000
0.754000
0.385000
-0.112000
-0.524000
-0.833000
-1.02700
-0.930000
-0.597000
-6.30000E-02
0.639000
1.44500
2.07500
2.29300
1.97800
1.48700
0.924000
0.385000
-2.70000E-02
-0.348000
-0.651000
-0.954000
-1.28100
-1.46900
-1.62600
-1.63200
-1.53600
-1.39000
-0.972000
-3.30000E-02
1.43900
3.11100
4.33500
3.63200
1.97800
0.500000
-0.512000
-1.10500
-1.52900
-1.59600
-1.75400
-1.72900
-1.46300
-1.13600
-0.718000
-0.312000
-0.142000
7.00000E-02
0.427000
0.803000
1.03900
1.05100
0.960000
0.845000
0.766000
0.888000
1.14800
1.26900
1.14800
0.918000
0.518000
2.10000E-02
-0.300000
-0.675000
-1.03900
-1.34800
-1.48100
-1.39000
-1.17200
-0.833000
-0.360000
0.276000
0.882000
1.33600
1.26900
0.839000
0.161000
-0.324000
-0.627000
-0.815000
-0.693000
-0.494000
-0.106000
0.476000
1.10600
1.56000
1.40300
1.10000
0.670000
0.330000
0.112000
-0.112000
-0.275000
-0.524000
-0.984000
-1.22700
-1.22000
-1.23300
-1.33000
-1.29900
-1.11800
-0.924000
-0.578000
-7.00000E-02
0.530000
1.04500
1.33000
1.39000
1.36600
1.31200
1.25100
0.936000
0.470000
8.20000E-02
-0.257000
-0.475000
-0.748000
-1.02700
-1.20800
-1.29300
-1.27500
-1.17800
-1.17200
-1.25700
-1.17800
-0.881000
-0.597000
-0.282000
0.300000
1.08100
1.93600
2.41400
2.19600
1.68100
1.12400
0.724000
0.518000
0.288000
6.40000E-02
0.124000
8.20000E-02
3.30000E-02
-2.70000E-02
-0.166000
-0.348000
-0.627000
-0.930000
-1.27500
-1.56000
-1.76000
-1.80800
-1.65700
-1.25700
-0.566000
0.409000
1.79000
3.62000
4.69800
3.16500
1.30000
-0.130000
-0.966000
-1.39600
-1.80800
-1.85100
-2.06900
-2.21400
-2.28700
-2.20800
-1.98400
-1.63800
-1.11800
-0.282000
0.645000
1.72400
2.55400
2.49300
1.68100
0.494000
-0.530000
-1.22000
-1.71700
-1.90500
-1.90500
-1.83200
-1.43900
-0.590000
0.724000
2.21400
2.99000
2.83200
1.82700
0.706000
-0.130000
-0.754000
-1.09900
-1.34200
-1.37200
-1.54200
-1.61400
-1.49900
-1.22000
-0.857000
-0.693000
-0.451000
-0.124000
0.300000
0.779000
1.16600
1.57800
1.77800
1.54800
1.01500
0.488000
8.80000E-02
-0.154000
-0.282000
-0.536000
-0.766000
-1.11800
-1.36600
-1.52900
-1.64500
-1.49300
-0.960000
-0.209000
0.785000
1.51800
1.46900
0.760000
-7.00000E-02
-0.706000
-1.13000
-1.19600
-0.796000
-0.263000
-7.00000E-02
5.20000E-02
0.106000
0.118000
0.233000
0.609000
1.08100
1.47500
1.60900
1.35400
0.773000
8.80000E-02
-0.530000
-0.930000
-1.27500
-1.51700
-1.68100
-1.65700
-1.45100
-0.984000
-0.172000
0.857000
1.93000
2.43200
2.12300
1.16600
3.30000E-02
-0.790000
-1.29900
-1.51100
-1.25700
-0.857000
0.118000
1.56600
2.79600
2.76000
1.93000
1.05700
0.403000
2.70000E-02
-0.239000
-0.524000
-0.657000
-0.833000
-1.02700
-1.19600
-1.27500
-1.27500
-1.04500
-0.730000
-0.227000
0.760000
2.26300
4.26200
4.58900
2.89900
1.42100
0.367000
-0.403000
-1.00800
-1.44500
-1.62600
-1.85100
-2.05600
-2.18400
-2.05000
-1.74800
-1.38400
-1.02700
-0.663000
-0.209000
0.324000
1.23300
2.43200
3.42000
3.58900
2.61400
1.36000
0.312000
-0.433000
-1.00800
-1.50500
-1.60800
-1.79000
-1.61400
-1.34800
-1.23300
-1.02100
-0.730000
-0.360000
-0.154000
4.60000E-02
0.179000
0.324000
0.300000
0.136000
-0.106000
-9.00000E-03
0.227000
0.773000
1.43900
2.03300
2.13600
1.68700
0.900000
0.149000
-0.366000
-0.718000
-1.03300
-1.26900
-1.51100
-1.55400
-1.62000
-1.61400
-1.71100
-1.82000
-1.65700
-1.31700
-0.796000
-9.00000E-03
1.04500
2.36000
3.77700
3.33500
1.54800
8.80000E-02
-0.996000
-1.66900
-2.24400
-2.45000
-2.46800
-2.50500
-2.55300
-2.48100
-2.22000
-1.80800
-1.03300
2.10000E-02
1.34800
2.48700
2.32900
1.13600
3.30000E-02
-0.718000
-1.02700
-1.19000
-0.857000
-0.166000
0.603000
1.39000
1.91100
1.68700
1.13000
0.482000
-0.118000
-0.615000
-0.936000
-1.05700
-1.21400
-1.17200
-1.02700
-0.724000
-0.475000
-0.209000
0.252000
0.869000
1.54200
2.07500
2.60800
2.68100
2.26300
1.43900
0.482000
-0.318000
-0.978000
-1.42600
-1.76000
-1.90500
-1.66300
-1.36000
-1.09900
-0.566000
0.185000
1.09400
2.02000
2.73500
2.83800
2.29300
1.42100
0.415000
-0.409000
-0.984000
-1.42000
-1.62600
-1.94700
-2.05600
-1.98400
-1.64500
-1.19000
-0.306000
0.930000
2.45700
3.72300
3.91700
2.61400
1.26300
0.179000
-0.463000
-0.839000
-1.02100
-0.863000
-0.712000
-0.518000
-0.342000
-0.257000
-0.282000
-0.391000
-0.578000
-0.748000
-0.930000
-1.08100
-1.01500
-0.839000
-0.572000
-2.10000E-02
0.863000
2.07500
3.14700
3.43800
2.42600
1.26900
0.385000
-0.227000
-0.687000
-1.13600
-1.30500
-1.56000
-1.78400
-1.86300
-1.94700
-1.99600
-2.05000
-2.00200
-1.80800
-1.50500
-1.00200
-0.300000
0.561000
1.33000
1.79600
1.81400
1.45100
0.845000
0.233000
-0.154000
-0.336000
-0.306000
-0.221000
-0.106000
-0.251000
-0.336000
-0.227000
-0.209000
-0.160000
-3.90000E-02
0.118000
0.233000
0.258000
5.80000E-02
-0.233000
-0.500000
-0.621000
-0.572000
-0.397000
-0.191000
-6.30000E-02
3.30000E-02
0.106000
0.282000
0.815000
1.65100
2.83800
3.42000
3.09900
1.97200
0.773000
-0.203000
-0.930000
-1.51100
-1.66900
-1.78400
-1.95400
-2.02600
-2.19000
-2.33500
-2.31100
-2.02600
-1.63800
-0.960000
3.30000E-02
1.30000
2.91100
4.89200
3.62600
1.53000
-0.112000
-1.06900
-1.43300
-1.79600
-1.80200
-1.81400
-1.69900
-1.61400
-1.46900
-1.30500
-0.942000
-0.657000
-0.403000
-9.00000E-03
0.373000
0.736000
1.03900
1.23900
1.32400
1.22700
1.10600
0.882000
0.567000
0.130000
-0.203000
-0.639000
-1.03900
-1.11800
-1.04500
-0.996000
-0.875000
-0.706000
-0.294000
0.136000
0.609000
1.10000
1.51200
1.56000
1.27500
0.718000
0.112000
-0.445000
-0.815000
-1.11800
-1.26300
-1.31100
-1.16000
-0.821000
-0.403000
0.155000
0.748000
1.16000
1.20300
0.888000
0.355000
-0.185000
-0.572000
-0.863000
-1.02700
-0.978000
-0.736000
-0.263000
0.373000
0.942000
1.40300
1.68700
1.49300
0.924000
0.179000
-0.512000
-0.972000
-1.29900
-1.39000
-1.45100
-1.25700
-0.790000
-0.160000
0.318000
0.573000
0.645000
0.548000
0.415000
0.173000
-7.60000E-02
-0.221000
-0.154000
0.143000
0.651000
1.28700
1.99000
2.40800
2.28700
1.51800
0.451000
-0.457000
-1.03300
-1.33000
-1.54200
-1.62600
-2.02000
-2.20200
-2.16600
-1.83200
-1.32300
-0.869000
-0.251000
0.706000
1.94800
3.08700
3.53500
3.08700
2.24500
1.56600
1.06900
0.603000
9.00000E-03
-0.584000
-0.942000
-1.24500
-1.71700
-2.09300
-2.27500
-2.32900
-2.34700
-2.28700
-2.03200
-1.57200
-0.718000
0.421000
1.73000
2.94700
3.82000
4.18300
3.63800
2.50500
1.51200
0.670000
1.50000E-02
-0.639000
-1.17800
-1.54800
-2.09900
-2.37800
-2.57700
-2.65000
-2.56500
-2.48100
-2.28700
-1.94100
-1.36000
-0.318000
1.46900
3.89200
4.87400
3.32900
1.74200
0.300000
-0.663000
-1.24500
-1.72900
-1.85700
-1.92900
-1.97800
-2.04400
-2.16600
-2.05000
-1.72300
-1.32300
-0.748000
-9.40000E-02
0.597000
1.02100
1.20900
1.26900
1.10000
0.809000
0.530000
0.318000
6.40000E-02
-0.342000
-0.784000
-1.23300
-1.60800
-1.89900
-2.10500
-2.31700
-2.39000
-2.19600
-1.78400
-1.14800
-0.360000
0.615000
1.80200
2.43200
1.85700
0.924000
1.50000E-02
-0.651000
-1.13000
-1.32300
-1.17200
-0.833000
-0.590000
-0.348000
-0.275000
-0.269000
-0.397000
-0.584000
-0.736000
-0.796000
-0.754000
-0.560000
-3.00000E-03
0.639000
1.32400
1.85700
1.87500
1.43900
0.724000
-1.00000E-01
-0.615000
-0.687000
-0.712000
-0.645000
-0.784000
-0.851000
-0.790000
-0.421000
0.197000
0.979000
1.57200
1.68100
1.25700
0.524000
-7.60000E-02
-0.282000
-8.80000E-02
0.397000
0.985000
1.27500
1.20300
0.839000
0.312000
-0.148000
-0.439000
-0.542000
-0.518000
-0.354000
-0.257000
-0.124000
0.197000
0.694000
1.20300
1.63300
1.86300
1.93000
1.85700
1.72400
1.48700
1.03300
0.445000
-0.148000
-0.748000
-1.06300
-1.37200
-1.31100
-1.05700
-0.590000
0.118000
1.23900
2.72900
3.35300
2.79600
1.59600
0.488000
-0.409000
-1.08700
-1.49300
-1.54200
-1.34800
-1.04500
-0.784000
-0.415000
0.300000
0.954000
1.51200
1.68700
1.49300
1.17800
0.900000
0.591000
0.554000
0.670000
0.742000
0.670000
0.252000
-6.30000E-02
-0.257000
-0.639000
-1.02700
-1.17800
-1.19000
-1.23300
-1.38400
-1.46900
-1.36000
-0.821000
-0.263000
0.348000
0.930000
1.25100
1.20300
0.815000
0.288000
-0.166000
-0.427000
-0.512000
-0.603000
-0.603000
-0.621000
-0.572000
-0.475000
-0.300000
-5.70000E-02
0.209000
0.506000
0.809000
1.02700
0.942000
0.621000
7.60000E-02
-0.518000
-0.893000
-1.17200
-1.26300
-1.29300
-1.43900
-1.39000
-1.19000
-0.996000
-0.397000
0.554000
1.83300
3.65000
4.12900
2.59000
1.11200
4.00000E-02
-0.760000
-1.37200
-1.86900
-1.94100
-2.17200
-2.38400
-2.40800
-2.32300
-2.29300
-2.13500
-1.88100
-1.36600
-0.469000
0.815000
2.26300
3.07500
2.92900
2.05100
1.25100
0.712000
0.567000
0.712000
0.724000
0.597000
0.373000
7.00000E-02
-0.415000
-0.766000
-1.05100
-1.49900
-1.81400
-1.85700
-1.88100
-1.63800
-0.948000
0.161000
1.82700
4.31000
5.36400
3.60800
1.86300
0.451000
-0.457000
-1.03300
-1.49300
-1.65700
-1.86900
-1.98400
-2.17800
-2.35300
-2.22000
-1.94700
-1.47500
-0.566000
3.06200
4.20100
4.06800
3.12300
1.77200
0.645000
-0.166000
-0.681000
-1.21400
-1.89900
-2.35900
-2.42000
-2.49900
-2.60800
-2.77700
-2.86200
-2.45600
-1.76600
-1.30500
-0.645000
0.906000
2.70500
3.65000
3.15300
1.79600
0.664000
2.10000E-02
-0.494000
-0.905000
-1.22700
-1.27500
-1.54200
-1.83200
-2.04400
-2.16600
-1.96000
-1.61400
-1.34800
-1.04500
-0.687000
-4.50000E-02
0.542000
1.19100
1.69300
1.87500
1.55400
0.851000
0.233000
-0.366000
-0.863000
-1.25100
-1.30500
-1.28700
-1.25100
-0.990000
-0.693000
-0.366000
-9.00000E-03
0.246000
0.252000
3.30000E-02
-0.160000
-0.378000
-0.518000
-0.687000
-0.675000
-0.451000
-1.00000E-01
0.136000
0.306000
0.524000
0.633000
0.421000
0.185000
-0.154000
-0.463000
-0.687000
-0.809000
-0.724000
-0.548000
-0.378000
-0.179000
-3.30000E-02
2.70000E-02
9.00000E-03
7.00000E-02
0.136000
0.197000
0.403000
0.748000
0.979000
1.00300
0.869000
0.585000
0.246000
-7.60000E-02
-0.403000
-0.609000
-0.469000
4.00000E-02
0.633000
1.34200
2.14200
2.51700
2.27500
1.50600
0.657000
-7.60000E-02
-0.693000
-1.28100
-1.48700
-1.45100
-1.31700
-1.09300
-0.863000
-0.772000
-0.518000
-3.30000E-02
0.597000
1.12400
1.41500
1.54200
1.51800
1.48700
1.48100
1.39000
1.00300
0.639000
0.379000
6.40000E-02
-0.263000
-0.645000
-1.00800
-1.02100
-1.02700
-1.18400
-1.35400
-1.23900
-0.887000
-0.645000
-0.179000
0.294000
0.494000
0.615000
0.573000
0.433000
0.306000
0.258000
0.179000
0.203000
0.246000
0.451000
0.845000
1.17800
1.24500
0.954000
0.409000
-9.00000E-03
-0.421000
-1.05100
-1.56600
-1.76000
-1.77200
-1.75400
-1.83800
-1.68100
-1.29900
-0.693000
0.155000
1.20900
2.30500
2.69900
2.24500
1.48700
0.651000
-0.203000
-1.03900
-1.42600
-1.42600
-1.22700
-1.22700
-1.26900
-1.17200
-1.07500
-0.706000
-0.257000
5.80000E-02
0.155000
0.330000
0.451000
0.403000
0.252000
0.143000
0.155000
0.258000
0.464000
1.00300
1.77800
2.23900
2.03900
1.25700
0.330000
-0.463000
-1.11800
-1.57800
-1.88100
-1.89900
-2.01400
-2.09300
-2.14700
-2.14100
-1.82600
-1.14800
-4.50000E-02
1.53000
3.39600
3.97700
2.91700
1.76000
0.694000
-0.221000
-0.851000
-1.47500
-1.81400
-1.85100
-1.95400
-1.98400
-1.79600
-1.41400
-0.881000
-0.191000
0.488000
1.00300
1.29400
1.49300
1.46900
1.32400
0.900000
0.276000
-0.275000
-0.639000
-0.639000
-0.469000
-0.427000
-0.378000
-1.00000E-01
0.451000
0.985000
1.29400
1.14800
0.664000
0.215000
-8.20000E-02
-0.312000
-0.627000
-0.960000
-1.11800
-1.07500
-0.930000
-0.687000
-0.306000
0.391000
1.19700
1.89900
2.02700
1.63300
0.948000
0.373000
-1.00000E-01
-0.536000
-0.881000
-0.954000
-0.996000
-0.851000
-0.736000
-0.524000
-0.166000
0.318000
0.754000
0.906000
0.809000
0.524000
0.118000
-0.263000
-0.530000
-0.766000
-0.924000
-1.02700
-1.06300
-0.887000
-0.475000
0.185000
1.05700
2.07500
2.85000
2.71700
1.94800
1.03300
0.197000
-0.469000
-1.00200
-1.31100
-1.39600
-1.71100
-1.94700
-2.11700
-2.24400
-2.26900
-2.22000
-2.07500
-1.72300
-1.13600
-7.00000E-02
1.48700
3.09300
4.07400
3.85000
2.48700
0.997000
-0.148000
-0.839000
-1.43900
-1.79000
-1.86300
-1.85700
-1.73500
-1.66300
-1.74800
-1.77800
-1.68100
-1.22700
-0.500000
0.215000
1.05700
1.66900
1.87500
1.65700
1.45100
1.22100
1.16600
1.39700
1.82100
1.96000
1.62100
1.11800
0.561000
-0.130000
-0.815000
-1.44500
-1.89900
-2.23800
-2.31100
-2.26200
-2.06300
-1.61400
-0.930000
1.00000E-01
1.73000
3.23200
3.66800
2.55400
1.15400
0.143000
-0.469000
-1.11100
-1.59000
-1.59000
-1.53600
-1.39000
-1.09900
-0.645000
2.10000E-02
0.882000
1.85700
2.48700
2.31100
1.57800
0.676000
-0.172000
-0.809000
-1.26900
-1.52300
-1.71100
-1.65100
-1.36000
-0.809000
-0.106000
0.530000
1.07500
1.40300
1.28700
0.863000
0.427000
0.155000
-8.80000E-02
-0.233000
-0.245000
-3.00000E-03
0.124000
4.00000E-02
-0.233000
-0.645000
-0.954000
-1.24500
-1.33000
-1.22700
-0.899000
-0.475000
-2.70000E-02
0.427000
0.585000
0.391000
-3.90000E-02
-0.469000
-0.736000
-0.760000
-0.481000
-3.90000E-02
0.421000
0.960000
1.39700
1.43300
1.08100
0.536000
-1.50000E-02
-0.487000
-0.784000
-0.966000
-1.12400
-1.28100
-1.40800
-1.51100
-1.40200
-1.12400
-0.839000
-0.572000
-0.197000
0.233000
0.585000
0.857000
1.10000
1.33000
1.52400
1.49300
1.40900
1.26300
0.979000
0.664000
0.264000
-0.154000
-0.421000
-0.597000
-0.839000
-1.05700
-1.25100
-1.23300
-1.01500
-0.718000
-0.403000
-1.50000E-02
0.312000
0.573000
0.694000
0.857000
1.31800
2.09300
3.06800
4.02000
3.72300
2.48700
1.22100
0.155000
-0.651000
-1.31700
-1.80200
-1.96600
-2.17200
-2.30500
-2.35300
-2.35900
-2.32300
-2.00800
-1.49300
-0.863000
1.50000E-02
1.19100
2.32900
2.69900
2.44500
2.03300
1.77200
1.71200
1.85700
1.77200
1.31800
0.542000
-5.70000E-02
-0.518000
-1.00200
-1.52900
-1.83200
-2.03800
-2.12300
-2.08700
-2.08100
-1.82600
-1.42600
-0.972000
-0.494000
0.167000
1.00900
1.77800
2.40800
2.70500
2.68700
2.68100
2.36600
1.66300
0.688000
-1.00000E-01
-0.851000
-1.54200
-2.04400
-2.42000
-2.65600
-2.76500
-2.80200
-2.88600
-2.86800
-2.67400
-2.16600
-1.39600
-0.160000
1.83300
3.26800
2.85000
1.82100
0.948000
0.191000
-0.397000
-0.718000
-0.905000
-0.918000
-0.899000
-1.14200
-1.32300
-1.46300
-1.46300
-1.35400
-1.21400
-1.14200
-1.00800
-0.851000
-0.675000
-0.275000
0.179000
0.688000
1.12400
1.38400
1.26300
0.960000
0.567000
8.20000E-02
-0.354000
-0.718000
-1.13600
-1.41400
-1.76000
-1.97800
-1.96600
-1.76000
-1.45700
-0.930000
-0.130000
0.760000
1.53600
1.72400
1.40300
0.700000
6.40000E-02
-0.336000
-0.500000
-0.536000
-0.203000
2.70000E-02
0.161000
0.179000
3.00000E-03
-0.282000
-0.548000
-0.827000
-1.07500
-1.18400
-1.09300
-0.778000
-0.342000
0.264000
1.08100
2.09900
2.91100
2.98400
2.51700
1.68700
0.633000
-0.300000
-1.06900
-1.46900
-1.46900
-1.56000
-1.43300
-1.43900
-1.34200
-1.15400
-0.790000
-0.324000
0.221000
0.791000
1.30000
1.63300
1.82700
1.98400
2.04500
1.93000
1.53000
0.954000
0.336000
-0.197000
-0.487000
-0.518000
-0.348000
3.00000E-03
0.603000
1.42700
2.31700
2.75300
2.39600
1.63300
0.712000
-0.106000
-0.639000
-0.905000
-0.851000
-1.22700
-1.51700
-1.59000
-1.51100
-1.17200
-0.730000
0.155000
1.82700
6.65500
4.40100
3.16500
1.89300
0.700000
-0.233000
-0.827000
-1.40200
-1.89900
-2.07500
-2.14700
-2.41400
-2.59600
-2.60200
-2.61400
-2.65000
-2.58400
-2.31700
-2.00200
-1.58400
-0.784000
0.645000
2.50500
3.98300
3.30500
1.79600
0.561000
-0.439000
-1.02100
-1.47500
-1.60200
-1.48700
-1.53600
-1.27500
-1.08100
-0.778000
-0.445000
-0.275000
-0.154000
-0.118000
-0.257000
-0.621000
-0.706000
-0.639000
-0.336000
0.342000
1.16600
1.83900
1.80800
1.32400
0.451000
-0.257000
-0.851000
-1.49300
-1.72900
-1.51100
-1.22000
-0.960000
-0.730000
-0.524000
-0.185000
0.161000
0.367000
0.227000
0.130000
0.167000
0.355000
0.645000
0.857000
0.924000
0.869000
0.742000
0.427000
1.00000E-01
-0.191000
-0.548000
-0.960000
-1.26300
-1.39000
-1.46300
-1.43300
-1.42000
-1.16600
-0.924000
-0.566000
0.112000
1.05100
1.88700
2.21400
1.76600
0.997000
0.239000
-0.263000
-0.548000
-0.693000
-0.566000
-0.566000
-0.385000
-2.70000E-02
0.276000
0.554000
0.785000
0.985000
1.10600
0.972000
0.700000
0.421000
3.00000E-03
-0.342000
-0.300000
-0.142000
-0.160000
-0.475000
-0.736000
-0.809000
-0.663000
-0.360000
-2.70000E-02
0.246000
0.712000
1.49900
2.31700
2.59600
2.50500
2.25100
1.81400
1.35400
0.900000
0.488000
0.112000
-0.336000
-0.754000
-1.20200
-1.49300
-1.71700
-1.89900
-2.07500
-2.12300
-1.97800
-1.61400
-1.19000
-0.615000
0.373000
2.04500
4.17700
5.44900
4.75300
2.94700
1.14200
-0.130000
-0.821000
-1.42000
-1.69900
-1.85100
-1.96000
-1.91100
-2.08700
-2.20800
-2.24400
-2.17200
-2.03800
-1.87500
-1.34200
-0.403000
1.01500
2.90500
4.77700
4.45000
3.38300
2.35400
1.34200
0.512000
-0.136000
-0.554000
-0.857000
-0.942000
-1.27500
-1.60200
-1.90500
-2.14100
-2.28100
-2.43200
-2.45600
-2.46800
-2.24400
-1.56000
-0.330000
1.68700
5.71000
4.11000
2.09900
0.494000
-0.590000
-1.19600
-1.57200
-1.71700
-1.61400
-1.43300
-1.32300
-1.16600
-0.881000
-0.506000
-0.130000
0.106000
8.20000E-02
4.60000E-02
-2.10000E-02
-0.124000
-0.324000
-0.524000
-0.645000
-0.524000
-0.342000
-0.106000
1.50000E-02
4.00000E-02
0.118000
0.397000
0.651000
0.833000
0.821000
0.645000
0.270000
-0.112000
-0.463000
-0.857000
-1.19000
-1.36600
-1.51100
-1.63800
-1.80800
-1.73500
-1.60200
-1.11800
-0.348000
0.494000
1.41500
2.05700
1.97200
1.41500
0.718000
0.209000
-0.215000
-0.675000
-1.09300
-1.10500
-0.809000
-0.475000
-0.275000
-0.348000
-0.372000
-0.312000
-0.112000
0.124000
0.215000
0.258000
0.403000
0.554000
0.518000
0.494000
0.482000
0.330000
1.00000E-01
-0.118000
-0.306000
-0.403000
-0.354000
-0.348000
-0.554000
-0.433000
-0.142000
0.391000
1.19700
1.83900
2.24500
2.13600
1.80800
1.10000
0.167000
-0.512000
-0.851000
-0.912000
-1.01500
-1.29300
-1.41400
-1.39600
-1.17800
-0.766000
-0.342000
0.300000
3.08100
3.95300
3.54100
2.45700
1.42700
0.712000
0.330000
-0.421000
-1.01500
-1.33000
-1.60200
-1.78400
-1.63800
-1.43900
-1.29300
-1.16000
-0.621000
-0.185000
0.155000
0.500000
0.991000
1.30000
1.51800
1.65100
2.20200
2.81400
3.15900
2.97200
2.17200
1.26300
0.530000
-2.10000E-02
-0.500000
-1.04500
-1.34800
-1.41400
-1.51100
-1.66900
-1.82600
-1.92900
-1.73500
-1.81400
-1.74100
-1.43900
-0.905000
0.161000
1.80200
3.64400
4.20700
3.14100
1.76000
0.645000
-6.30000E-02
-0.378000
-0.609000
-1.11800
-1.43300
-1.49900
-1.60800
-1.76000
-1.86300
-1.96000
-1.92900
-1.99000
-2.04400
-1.94700
-1.49900
-0.736000
0.361000
1.48700
2.02000
1.66300
0.985000
0.355000
-0.154000
-0.475000
-0.500000
-0.282000
2.10000E-02
0.342000
0.500000
0.597000
0.567000
0.470000
0.227000
-0.197000
-0.554000
-0.736000
-0.954000
-1.07500
-1.24500
-1.37800
-1.28700
-1.26300
-1.25700
-1.17200
-0.827000
-0.130000
0.445000
0.615000
0.494000
0.185000
-5.70000E-02
-5.70000E-02
0.270000
0.706000
1.13600
1.63300
2.09300
1.99000
1.39700
0.573000
-0.154000
-0.796000
-1.32300
-1.63800
-1.80800
-2.19000
-2.40800
-2.57700
-2.60800
-2.58400
-2.43800
-1.91700
-1.21400
-9.40000E-02
1.61500
3.79500
3.85000
2.52900
1.20900
0.136000
-0.627000
-1.07500
-1.31700
-1.27500
-1.37800
-1.54200
-1.78400
-1.91700
-1.80200
-1.57200
-1.28700
-0.712000
-0.136000
0.421000
1.05700
1.51800
1.76600
1.60200
1.19700
0.857000
0.821000
0.821000
0.845000
0.821000
0.597000
0.179000
-0.257000
-0.693000
-1.06900
-1.25100
-1.12400
-0.857000
-0.554000
-0.257000
0.227000
0.894000
1.49900
1.93600
2.17200
2.31100
2.23900
2.01400
1.65700
1.13600
0.700000
0.239000
-0.179000
-0.421000
-0.554000
-0.536000
-0.403000
-0.197000
-4.50000E-02
5.20000E-02
0.136000
0.161000
0.118000
0.227000
1.43900
3.13500
3.67400
2.75300
2.16000
1.42700
0.724000
0.203000
-0.245000
-0.881000
-1.17200
-1.80200
-2.14100
-2.24400
-2.29300
-2.48700
-2.57700
-2.43200
-2.20200
-1.85100
-0.887000
1.01500
5.55800
4.18900
2.70500
1.59600
0.682000
-0.154000
-0.712000
-0.960000
-1.37200
-1.33600
-1.29300
-1.46300
-1.65700
-1.77800
-1.74100
-1.49300
-1.37200
-1.04500
-0.675000
-0.221000
0.403000
1.14800
1.80800
2.06900
1.83900
1.34800
0.797000
0.306000
7.60000E-02
5.20000E-02
0.106000
0.155000
0.312000
0.258000
1.00000E-01
-0.251000
-0.663000
-0.954000
-1.17800
-1.50500
-1.80800
-1.99600
-2.26200
-2.05600
-1.59600
-1.08100
-0.342000
0.821000
2.36000
3.15900
3.02600
2.17200
1.43900
0.894000
0.518000
0.227000
4.00000E-02
-0.166000
-0.300000
-0.469000
-0.936000
-1.32300
-1.49300
-1.63800
-1.79000
-1.82600
-1.82600
-1.80200
-1.81400
-1.88100
-1.62600
-1.00800
-0.415000
0.476000
1.90500
3.55300
4.60700
3.23200
1.45100
0.118000
-0.875000
-1.49900
-2.03200
-2.16600
-2.05000
-1.92900
-1.95400
-2.02600
-2.06900
-2.09300
-2.14100
-2.14700
-1.88700
-1.57200
-1.00800
-5.10000E-02
1.20300
2.46300
2.93500
2.59600
1.80200
0.809000
-2.70000E-02
-0.590000
-0.881000
-1.12400
-1.03900
-1.08100
-0.863000
-0.572000
-0.366000
-0.385000
-0.372000
-0.106000
0.215000
0.439000
0.615000
0.615000
0.700000
0.924000
1.22700
1.37200
1.31200
1.16000
0.966000
0.682000
0.379000
4.60000E-02
-0.336000
-0.336000
-0.148000
-0.197000
-0.245000
9.40000E-02
0.742000
1.73600
2.79000
3.17800
2.69900
1.48100
0.276000
-0.560000
-1.05100
-1.31700
-1.27500
-1.46900
-1.56000
-1.34800
-0.645000
0.264000
1.37200
2.80200
4.66800
4.63100
2.37200
0.530000
-0.736000
-1.48100
-1.97200
-2.06300
-2.15900
-2.14700
-1.86900
-1.67500
-1.63200
-1.46300
-1.20800
-0.863000
-0.221000
0.857000
2.13000
2.96500
3.07500
2.52300
1.50600
0.458000
-0.403000
-0.978000
-1.46300
-1.34200
-1.30500
-1.33600
-1.20200
-1.11800
-1.00800
-0.621000
-0.185000
-3.30000E-02
6.40000E-02
0.149000
0.149000
-3.90000E-02
-0.294000
-0.300000
-0.203000
-5.70000E-02
0.209000
0.700000
1.26900
1.79000
1.70500
1.05700
0.161000
-0.597000
-1.23300
-1.73500
-1.86900
-1.83200
-1.68700
-1.51100
-1.24500
-0.869000
-0.403000
0.167000
0.688000
0.857000
0.827000
0.645000
0.500000
0.233000
-3.30000E-02
-0.185000
-0.366000
-0.560000
-0.578000
-0.433000
-0.239000
-0.227000
-0.124000
-2.10000E-02
8.20000E-02
0.318000
0.476000
0.597000
0.554000
0.258000
-0.166000
-0.633000
-1.07500
-1.31100
-1.29900
-1.36600
-1.18400
-0.651000
8.20000E-02
0.857000
1.61500
2.17200
2.17200
1.71200
1.12400
0.445000
-0.257000
-0.936000
-1.36600
-1.58400
-1.88700
-1.96000
-2.00800
-2.00200
-1.74100
-1.26900
-0.651000
0.221000
1.14800
1.71800
1.60900
1.16000
0.724000
0.476000
0.415000
0.445000
0.567000
0.736000
0.821000
0.651000
0.136000
-0.433000
-0.839000
-1.14200
-1.34800
-1.51700
-1.63200
-1.58400
-1.34200
-0.954000
-0.451000
0.264000
0.918000
1.39700
1.66300
1.73600
1.56600
1.22100
0.882000
0.542000
0.252000
0.112000
8.80000E-02
6.40000E-02
2.10000E-02
9.00000E-03
0.155000
0.409000
0.670000
0.815000
0.706000
0.445000
3.30000E-02
-0.336000
-0.494000
-0.397000
-0.263000
-0.160000
9.00000E-03
0.506000
1.57200
2.86300
3.40800
3.37700
2.86900
1.65700
0.373000
-0.609000
-1.28700
-1.72900
-1.89900
-2.10500
-2.11700
-2.05000
-2.00200
-1.75400
-1.26900
-0.754000
-5.70000E-02
0.760000
1.52400
1.93000
1.91100
1.69900
1.30000
0.851000
0.615000
0.391000
0.130000
3.30000E-02
-1.00000E-01
-0.342000
-0.590000
-0.772000
-1.10500
-1.48100
-1.82000
-2.17800
-2.26200
-2.11100
-1.87500
-1.57200
-0.893000
0.179000
1.75400
3.02600
2.99600
1.88100
0.754000
-7.00000E-02
-0.645000
-1.02100
-1.28100
-1.23300
-1.28700
-1.26900
-1.12400
-0.839000
-0.548000
-0.342000
-5.70000E-02
0.306000
0.500000
0.306000
-3.00000E-03
-0.500000
-0.742000
-0.827000
-0.851000
-0.809000
-0.469000
0.246000
1.31800
2.36000
3.11100
3.15900
2.03900
0.609000
-0.687000
-1.49900
-2.01400
-2.24400
-2.33500
-2.60200
-2.60200
-2.52900
-2.37100
-2.02600
-1.57800
-1.03300
-0.197000
0.966000
2.17200
2.76600
2.54800
1.87500
1.17200
0.651000
0.233000
-0.203000
-0.469000
-0.403000
-0.445000
-0.360000
-0.282000
-0.251000
-0.336000
-0.469000
-0.469000
-0.415000
-0.451000
-0.524000
-0.548000
-0.657000
-0.657000
-0.469000
3.00000E-03
0.615000
1.28700
1.87500
2.36000
2.31700
1.78400
1.03300
0.294000
-0.233000
-0.766000
-1.13000
-1.21400
-1.34200
-1.41400
-1.39600
-1.27500
-0.936000
-0.282000
0.433000
1.28100
2.02700
2.36600
2.11700
1.48100
0.688000
4.60000E-02
-0.397000
-0.687000
-0.833000
-0.954000
-1.11100
-0.984000
-0.645000
5.80000E-02
1.08100
2.34200
4.02000
3.50500
2.15400
0.888000
-0.160000
-0.754000
-1.26300
-1.60200
-1.75400
-2.05600
-2.24400
-2.26900
-2.19600
-1.85700
-1.41400
-0.494000
1.05700
3.37100
5.26700
3.49300
1.97200
0.718000
-0.106000
-0.712000
-1.14800
-1.17800
-1.40200
-1.56600
-1.59000
-1.60800
-1.50500
-1.29300
-1.02700
-0.578000
5.80000E-02
0.857000
1.81400
2.62600
2.89900
2.46900
1.68700
0.985000
0.246000
-0.378000
-0.863000
-1.07500
-0.978000
-1.09900
-1.03300
-1.03300
-1.03900
-0.972000
-0.639000
-5.70000E-02
0.766000
1.44500
1.60200
1.12400
0.324000
-0.318000
-0.639000
-0.706000
-0.615000
-0.251000
0.439000
1.28700
2.16000
2.77200
2.58400
2.00800
1.25100
0.427000
-0.378000
-1.02100
-1.42000
-1.57800
-1.92900
-2.18400
-2.34100
-2.34100
-2.20200
-1.80800
-0.972000
3.89800
5.20700
5.17700
3.57700
2.05100
0.851000
-6.30000E-02
-0.784000
-1.50500
-2.02000
-2.14100
-2.34100
-2.54100
-2.75300
-2.87400
-2.89900
-2.84400
-2.77100
-2.65000
-2.28100
-1.30500
0.518000
3.34100
6.15800
4.50400
2.68100
1.24500
0.203000
-0.524000
-1.19000
-1.82600
-2.04400
-2.28700
-2.34700
-2.34100
-2.44400
-2.60800
-2.71700
-2.67400
-2.48100
-1.97200
-1.39600
-0.354000
1.18400
3.17100
4.42500
3.79500
2.44500
1.14200
0.246000
-0.354000
-0.766000
-0.948000
-0.760000
-0.857000
-0.978000
-1.14800
-1.32300
-1.42000
-1.49300
-1.55400
-1.55400
-1.46300
-1.26900
-1.00200
-0.621000
0.155000
1.39000
2.82600
3.42000
2.87500
1.71200
0.597000
-0.136000
-0.548000
-0.936000
-0.972000
-1.14200
-1.29300
-1.29300
-1.15400
-0.984000
-0.815000
-0.681000
-0.724000
-0.736000
-0.578000
-0.336000
3.30000E-02
0.470000
0.930000
1.33000
1.59000
1.77200
1.69300
1.39700
1.13000
1.00300
0.857000
0.458000
0.258000
0.112000
-0.300000
-0.609000
-0.887000
-1.10500
-1.20200
-1.16600
-1.12400
-1.14800
-1.06300
-0.905000
-0.657000
-0.185000
0.252000
0.791000
1.44500
2.17200
2.82600
2.86300
2.31100
1.43900
0.494000
-0.118000
-0.572000
-0.809000
-0.942000
-1.03300
-0.845000
-0.524000
-0.185000
-3.90000E-02
-5.70000E-02
-0.203000
-0.263000
-0.160000
2.10000E-02
0.130000
0.149000
-5.10000E-02
-0.106000
0.161000
0.597000
0.954000
1.38400
1.81400
1.93000
1.71200
1.45700
1.20300
0.936000
0.657000
0.300000
9.00000E-03
-0.269000
-0.627000
-1.14200
-1.57200
-1.76000
-1.82600
-1.98400
-2.08700
-2.05000
-1.79000
-1.34200
-0.536000
0.633000
1.99600
2.83200
2.80200
2.14800
1.37200
0.621000
-0.130000
-0.669000
-1.03300
-1.08100
-1.43300
-1.82600
-1.99600
-1.91100
-1.54200
-1.35400
-1.19000
-0.748000
-3.30000E-02
0.573000
0.863000
0.857000
0.760000
0.688000
0.433000
0.185000
-2.70000E-02
-2.10000E-02
0.179000
0.464000
0.567000
0.433000
0.118000
-0.160000
-0.415000
-0.639000
-0.954000
-1.28700
-1.66300
-2.00200
-1.94700
-1.60200
-1.17200
-0.469000
0.597000
1.86900
2.57800
2.19000
0.985000
-0.106000
-0.760000
-1.06900
-1.17800
-0.936000
-0.669000
-0.391000
2.10000E-02
0.585000
1.17800
1.56600
1.65100
1.48100
1.14200
0.542000
-0.251000
-0.954000
-1.51100
-1.83800
-2.25000
-2.46200
-2.39000
-2.07500
-1.44500
-0.566000
0.815000
4.87400
5.28000
3.18400
1.30600
-0.221000
-1.21400
-1.72900
-2.08100
-2.02000
-2.05000
-1.97800
-1.94100
-1.80800
-1.47500
-1.12400
-0.796000
-0.275000
0.373000
0.809000
1.02700
0.845000
0.579000
0.258000
0.270000
0.342000
0.179000
3.30000E-02
-1.00000E-01
-3.30000E-02
-8.20000E-02
-3.30000E-02
-0.142000
-0.160000
8.20000E-02
0.591000
1.19100
1.49300
1.40300
0.900000
0.330000
-2.10000E-02
-3.90000E-02
3.30000E-02
0.215000
0.136000
-4.50000E-02
-0.294000
-0.275000
-0.154000
5.20000E-02
0.361000
0.548000
0.482000
0.391000
0.391000
0.367000
0.221000
5.80000E-02
3.30000E-02
0.651000
1.71200
3.14100
4.78900
3.26200
1.42700
0.106000
-0.669000
-1.19600
-1.68100
-1.92300
-2.20200
-2.48100
-2.50500
-2.35300
-2.53500
-2.52900
-2.28700
-1.82600
-1.07500
0.197000
2.06900
4.26200
4.28600
2.45100
0.785000
-0.518000
-1.39000
-1.91100
-2.07500
-2.14700
-2.15900
-1.97200
-1.80200
-1.34200
-0.712000
-0.154000
0.433000
0.942000
1.01500
0.845000
0.482000
4.00000E-02
-0.239000
-0.366000
-0.354000
-0.215000
-0.197000
0.118000
0.379000
0.270000
7.60000E-02
-0.172000
-0.524000
-0.863000
-1.02100
-0.966000
-0.736000
-0.415000
7.60000E-02
0.809000
1.94800
3.10500
3.42000
1.76600
0.136000
-1.14800
-1.90500
-2.34100
-2.28100
-2.40200
-2.19000
-1.89900
-1.38400
-0.494000
1.00900
2.48700
3.20800
2.66300
1.29400
-8.20000E-02
-1.09900
-1.77800
-2.15300
-2.09300
-1.85700
-1.42000
-0.742000
0.385000
1.55400
2.80200
3.52900
3.66800
2.79600
1.30600
-3.90000E-02
-0.978000
-1.62600
-1.91700
-1.88700
-1.96000
-1.85700
-1.61400
-1.44500
-1.14200
-0.924000
-0.663000
-0.372000
4.00000E-02
0.518000
1.09400
1.73000
2.45700
2.83200
2.47500
1.66300
0.536000
-0.342000
-0.924000
-1.44500
-1.66300
-1.62000
-1.62000
-1.58400
-1.39000
-1.18400
-0.918000
-0.451000
0.264000
1.30000
2.22600
2.60800
2.00200
1.07500
0.143000
-0.463000
-0.887000
-1.22700
-1.40800
-1.54800
-1.51100
-1.26900
-1.01500
-0.512000
0.324000
1.42700
2.65700
3.08700
2.30500
1.09400
2.70000E-02
-0.754000
-1.27500
-1.59000
-1.48100
-1.33600
-1.14800
-0.736000
-8.20000E-02
0.567000
1.12400
1.54800
1.70500
1.45100
0.972000
0.464000
-9.40000E-02
-0.693000
-1.17800
-1.13000
-0.875000
-0.391000
0.379000
1.44500
2.80200
3.28100
2.84400
1.33000
-3.00000E-03
-0.875000
-1.45700
-2.04400
-2.12900
-2.31700
-2.25600
-2.12300
-1.96600
-1.71100
-1.36000
-0.687000
6.40000E-02
1.19100
2.57800
3.23200
2.70500
1.74800
0.888000
0.197000
-0.251000
-0.597000
-0.754000
-0.851000
-0.984000
-0.948000
-0.833000
-0.784000
-0.833000
-0.918000
-1.03300
-1.13600
-1.04500
-0.609000
0.197000
1.30000
2.36600
2.89300
2.67500
1.92400
1.07500
0.336000
-0.142000
-0.542000
-0.869000
-0.845000
-1.03300
-1.11100
-1.22700
-1.32300
-1.17200
-0.948000
-0.578000
-4.50000E-02
0.621000
1.17200
1.51200
1.56000
1.56000
1.46900
1.39700
1.17800
0.730000
0.167000
-0.403000
-0.815000
-1.04500
-1.26300
-1.38400
-1.41400
-1.37800
-1.34200
-1.20200
-0.936000
-0.282000
0.579000
1.34800
2.03900
2.30500
1.90500
1.14800
0.470000
-1.50000E-02
-0.463000
-0.803000
-0.754000
-0.760000
-0.663000
-0.560000
-0.512000
-0.621000
-0.645000
-0.687000
-0.851000
-0.960000
-1.04500
-1.09900
-0.984000
-0.718000
-0.136000
0.930000
2.31700
3.40200
3.65000
2.34200
0.712000
-0.566000
-1.33600
-1.83200
-2.02600
-2.21400
-2.46800
-2.56500
-2.55300
-2.31700
-1.96600
-1.66300
-1.13600
-0.130000
1.03300
1.85700
2.11100
1.76000
1.05100
0.264000
-0.391000
-0.833000
-1.11100
-1.05100
-1.08700
-0.815000
-0.403000
0.106000
0.664000
1.10600
1.20900
1.02100
0.645000
0.149000
-0.185000
-0.330000
-0.342000
-0.269000
-0.360000
-0.578000
-0.663000
-0.712000
-0.597000
-0.312000
-7.60000E-02
-2.70000E-02
6.40000E-02
0.312000
0.621000
0.876000
0.991000
0.979000
0.930000
1.03900
1.15400
1.10600
0.815000
0.330000
-0.154000
-0.536000
-0.766000
-1.02100
-1.28700
-1.24500
-1.15400
-0.978000
-0.687000
-0.263000
0.312000
0.979000
1.46300
1.66900
1.49300
1.05700
0.451000
-4.50000E-02
-0.336000
-0.548000
-0.742000
-0.766000
-0.657000
-0.469000
-0.251000
-7.00000E-02
8.20000E-02
5.20000E-02
-3.90000E-02
-0.136000
-0.203000
-0.185000
-9.00000E-03
0.282000
0.609000
1.00300
1.41500
1.79000
1.62100
1.04500
0.258000
-0.530000
-1.22000
-1.76000
-2.03200
-2.15900
-2.15900
-2.01400
-1.65100
-1.12400
-0.421000
0.373000
1.03300
1.22100
1.02700
0.664000
0.409000
0.409000
0.500000
0.718000
1.03300
1.17800
0.979000
0.530000
0.118000
-0.233000
-0.639000
-0.833000
-0.918000
-1.00200
-1.01500
-1.04500
-1.15400
-1.25100
-1.40800
-1.48700
-1.41400
-1.07500
-0.433000
0.470000
2.02000
3.39000
3.60800
2.25700
0.718000
-0.518000
-1.16000
-1.61400
-1.71100
-1.51700
-1.40800
-1.22000
-0.918000
-0.518000
-5.70000E-02
0.397000
0.773000
1.02700
1.03900
0.821000
0.379000
-0.154000
-0.554000
-0.790000
-0.706000
-0.475000
-0.160000
0.409000
1.34800
2.26900
2.89900
2.77800
2.24500
1.33000
0.421000
-0.439000
-1.00800
-1.46300
-1.49900
-1.77800
-2.22600
-2.50500
-2.54700
-2.39600
-2.17200
-1.65700
-0.851000
0.403000
1.95400
3.39600
3.80100
2.89300
1.52400
0.264000
-0.621000
-1.14800
-1.74100
-2.05000
-2.29300
-2.34700
-2.36500
-2.31700
-2.28700
-2.11700
-1.65700
-1.11800
-0.348000
0.651000
1.75400
2.44500
2.43200
1.65100
0.500000
-0.336000
-0.851000
-1.09900
-1.04500
-0.742000
-0.621000
-0.439000
1.50000E-02
0.409000
0.548000
0.512000
0.342000
3.00000E-03
-0.312000
-0.451000
-0.439000
-0.203000
1.00000E-01
0.330000
0.476000
0.391000
0.361000
0.227000
3.30000E-02
-1.50000E-02
0.124000
0.433000
0.900000
1.26300
1.34200
1.17200
0.736000
0.300000
-0.142000
-0.397000
-0.481000
-0.506000
-0.542000
-0.609000
-0.669000
-0.693000
-0.718000
-0.590000
-0.275000
6.40000E-02
0.403000
0.827000
1.10000
1.40300
1.57200
1.65700
1.45100
0.839000
0.112000
-0.409000
-0.815000
-1.29900
-1.76000
-2.14100
-2.28700
-2.26200
-1.85100
-0.990000
0.209000
1.43900
2.33500
2.21400
1.48100
0.621000
-0.148000
-0.663000
-0.978000
-1.11800
-1.08100
-1.05700
-0.942000
-0.784000
-0.397000
0.149000
0.815000
1.23900
1.33000
1.19700
0.809000
0.324000
-0.142000
-0.536000
-0.748000
-0.687000
-0.300000
0.197000
0.730000
1.12400
1.30600
1.23900
1.11200
0.912000
0.573000
1.00000E-01
-0.421000
-0.821000
-1.13000
-1.22700
-1.03300
-0.645000
9.00000E-03
0.797000
1.84500
2.94700
3.26200
2.69300
1.69300
0.766000
2.10000E-02
-0.475000
-0.833000
-0.712000
-0.639000
-0.445000
-0.385000
-0.427000
-0.512000
-0.560000
-0.590000
-0.615000
-0.590000
-0.288000
0.336000
1.31200
2.74700
4.05600
4.78300
4.06200
2.51700
0.960000
-0.215000
-1.06300
-1.70500
-1.92900
-1.97800
-2.17200
-2.35300
-2.46800
-2.48100
-2.48100
-2.64400
-2.83800
-2.82600
-2.42600
-1.61400
-0.239000
1.83300
4.51000
5.10400
3.00800
1.30600
3.30000E-02
-0.778000
-1.10500
-1.33600
-1.29300
-1.43900
-1.46300
-1.45700
-1.49300
-1.62600
-1.82000
-1.96600
-1.89900
-1.57200
-1.07500
-0.494000
0.209000
1.07500
1.68100
1.85100
1.54800
1.12400
0.403000
-5.70000E-02
-0.336000
-0.603000
-0.833000
-0.924000
-1.09300
-0.887000
-0.572000
-0.245000
0.203000
0.524000
0.694000
0.894000
0.966000
0.773000
0.336000
-0.185000
-0.718000
-1.14800
-1.41400
-1.48700
-1.41400
-1.19600
-0.766000
-0.269000
0.239000
0.712000
1.10600
1.37800
1.39700
1.33600
1.08100
0.639000
0.179000
-0.185000
-0.487000
-0.681000
-0.766000
-0.760000
-0.542000
-4.50000E-02
0.639000
1.34200
1.74200
1.60900
1.10000
0.379000
-0.245000
-0.712000
-0.954000
-1.06300
-1.18400
-1.27500
-1.27500
-0.918000
-3.90000E-02
1.41500
3.48600
5.33400
3.16500
1.38400
4.60000E-02
-0.815000
-1.37200
-1.79600
-1.89300
-2.02600
-2.11700
-2.13500
-2.14100
-2.05600
-2.08100
-2.00200
-1.54800
-0.706000
0.506000
2.09900
3.58900
4.01400
3.21400
2.01400
0.918000
0.130000
-0.282000
-0.584000
-0.754000
-0.996000
-1.46300
-1.80200
-2.06300
-2.15900
-2.15900
-2.06300
-2.02600
-1.63800
-0.784000
0.985000
3.21400
4.42500
3.91100
2.84400
1.79000
0.857000
0.185000
-0.154000
-0.324000
-0.154000
-0.239000
-0.457000
-0.718000
-0.839000
-0.875000
-0.833000
-0.784000
-0.833000
-0.796000
-0.578000
-0.209000
0.300000
0.688000
1.05100
1.48700
1.73600
1.76000
1.68700
1.59000
1.56600
1.51200
1.22100
0.579000
-0.269000
-1.08100
-1.62600
-1.89300
-2.02000
-2.14700
-2.24400
-2.32900
-2.34100
-2.14100
-1.83800
-1.47500
-0.881000
-5.70000E-02
1.17800
2.77200
3.42600
3.01400
2.00800
0.960000
4.00000E-02
-0.590000
-1.09900
-1.45100
-1.53600
-1.72300
-1.97800
-2.26900
-2.55300
-2.76500
-2.80800
-2.62600
-2.28700
-1.77200
-1.14200
-0.294000
0.773000
1.86300
2.56000
2.29300
1.39700
0.488000
-0.166000
-0.506000
-0.730000
-0.645000
-0.360000
-0.439000
-0.590000
-0.748000
-1.01500
-1.34800
-1.44500
-1.44500
-1.34200
-1.02100
-0.584000
-0.179000
0.136000
0.500000
0.857000
1.24500
1.44500
1.46300
1.42100
1.32400
1.10600
0.809000
0.458000
0.130000
-0.209000
-0.621000
-0.869000
-0.954000
-1.02700
-0.990000
-1.01500
-1.03300
-0.984000
-0.742000
-0.366000
0.106000
0.609000
1.05700
1.38400
1.56600
1.50600
1.24500
0.894000
0.567000
0.361000
0.185000
0.112000
0.276000
0.554000
0.664000
0.591000
0.445000
0.330000
0.197000
-8.20000E-02
-0.445000
-0.693000
-0.984000
-1.21400
-1.31100
-1.19600
-0.924000
-0.336000
0.500000
1.49300
2.29300
2.54100
2.09300
1.31800
0.579000
1.50000E-02
-0.433000
-0.821000
-1.03900
-1.17800
-1.32300
-1.25700
-1.21400
-1.09900
-0.857000
-0.578000
-0.269000
8.20000E-02
0.542000
0.954000
1.30000
1.61500
1.73600
1.50600
1.05700
0.488000
-0.118000
-0.597000
-0.984000
-1.23900
-1.45700
-1.36600
-1.22000
-0.918000
-0.282000
0.633000
1.56600
2.02000
1.86300
1.40300
0.670000
-2.10000E-02
-0.445000
-0.487000
-0.233000
0.227000
0.833000
1.65700
2.51100
2.85000
2.43800
1.42100
0.330000
-0.500000
-1.08100
-1.48100
-1.60200
-1.69900
-1.53600
-1.20800
-0.724000
0.106000
1.24500
2.32300
3.18400
3.93500
4.18300
3.74700
2.73500
1.43900
0.167000
-0.851000
-1.65700
-2.20800
-2.50500
-2.82000
-2.90500
-2.94100
-2.98900
-2.95300
-2.89900
-2.63800
-2.06300
-1.07500
0.597000
3.21400
6.41800
4.17100
2.21400
0.724000
-0.348000
-1.02700
-1.58400
-1.81400
-2.18400
-2.43800
-2.51100
-2.55300
-2.65000
-2.71100
-2.69900
-2.57700
-2.43800
-2.11100
-1.57800
-0.687000
0.482000
1.65100
2.32900
2.00200
1.29400
0.488000
-0.263000
-0.827000
-1.22700
-1.58400
-1.49900
-1.58400
-1.39000
-1.05700
-0.621000
-1.50000E-02
0.615000
1.20900
1.34800
0.985000
0.324000
-0.451000
-1.03300
-1.36600
-1.48700
-1.59600
-1.48700
-1.24500
-0.899000
-0.645000
-0.354000
-0.112000
0.118000
0.330000
0.621000
0.948000
1.13600
1.22100
1.14800
0.948000
0.579000
0.112000
-0.179000
-0.227000
-0.251000
-0.348000
-0.657000
-0.899000
-0.851000
-0.639000
-0.518000
-0.439000
-0.348000
-1.00000E-01
0.239000
0.470000
0.554000
0.488000
0.573000
0.791000
1.01500
1.20300
1.63300
2.08100
2.05700
1.41500
0.506000
-0.463000
-1.18400
-1.57200
-1.73500
-1.65100
-1.29300
-0.760000
1.50000E-02
1.16600
2.46300
3.18400
3.37700
3.13500
2.19000
1.06900
0.161000
-0.372000
-0.736000
-0.790000
-0.984000
-1.22700
-1.34200
-1.43300
-1.43900
-1.34200
-1.34200
-1.20800
-0.669000
0.239000
1.73600
3.72300
6.04900
4.95900
2.98400
1.34200
7.00000E-02
-0.681000
-1.06900
-1.17200
-1.31700
-1.45100
-1.49900
-1.66900
-1.74800
-1.69900
-1.63200
-1.59600
-1.45100
-1.09900
-0.506000
0.530000
1.97200
3.52300
4.97700
5.03100
3.22600
1.80800
0.676000
-5.10000E-02
-0.500000
-0.815000
-0.936000
-1.26300
-1.51100
-1.60800
-1.72900
-1.91100
-2.00200
-2.02600
-1.91700
-1.71700
-1.33600
-0.578000
0.403000
1.51800
2.58400
2.96500
2.40800
1.39000
0.397000
-0.324000
-0.851000
-1.22000
-1.37800
-1.46900
-1.73500
-1.94100
-2.02600
-1.97800
-1.70500
-1.24500
-0.542000
0.342000
1.29400
1.85100
1.62100
0.906000
0.185000
-0.336000
-0.639000
-0.893000
-1.15400
-1.19000
-1.32300
-1.60200
-1.85100
-2.06900
-2.14100
-1.99000
-1.61400
-0.936000
0.143000
1.54200
3.07500
3.79500
3.28100
1.91700
0.518000
-0.597000
-1.31100
-1.92300
-2.35900
-2.48100
-2.72900
-2.92900
-3.09200
-3.18900
-3.22600
-3.20700
-2.98900
-2.43200
-1.64500
-0.324000
2.20200
5.03700
3.68000
2.13000
0.936000
4.00000E-02
-0.627000
-1.17800
-1.46900
-1.56000
-1.65100
-1.65700
-1.60200
-1.51100
-1.33000
-1.05100
-0.693000
-0.233000
0.185000
0.506000
0.815000
1.08100
1.42100
1.66900
1.66900
1.53600
1.36600
1.00900
0.548000
0.173000
3.00000E-03
-0.160000
-0.306000
-0.391000
-0.342000
-0.269000
-0.227000
-0.239000
-0.288000
-0.263000
-0.209000
-8.80000E-02
2.70000E-02
0.197000
0.379000
0.609000
0.979000
1.41500
1.69900
1.81400
1.60900
1.25100
0.754000
0.342000
2.70000E-02
-0.209000
-0.330000
-0.318000
-0.136000
0.143000
0.403000
0.500000
0.451000
0.227000
-0.124000
-0.487000
-0.718000
-0.784000
-0.663000
-0.275000
0.288000
1.01500
1.60900
1.81400
1.56000
1.13600
0.730000
0.342000
3.00000E-03
-0.257000
-0.451000
-0.645000
-0.542000
-0.294000
-3.30000E-02
0.209000
0.306000
0.124000
-0.197000
-0.548000
-0.706000
-0.687000
-0.615000
-0.433000
-0.209000
0.203000
0.518000
0.688000
0.639000
0.476000
0.124000
-0.257000
-0.512000
-0.500000
-0.221000
0.112000
0.512000
0.997000
1.23900
1.03300
0.518000
-0.233000
-0.966000
-1.46300
-1.79600
-1.90500
-1.90500
-1.66900
-1.20200
-0.427000
0.621000
1.83300
2.58400
2.50500
2.02000
1.20900
0.336000
-0.282000
-0.706000
-0.930000
-0.881000
-1.00800
-1.10500
-1.17800
-1.26300
-1.19000
-0.930000
-0.566000
-0.179000
0.203000
0.567000
0.821000
0.918000
0.839000
0.815000
0.694000
0.548000
0.342000
0.179000
0.155000
0.288000
0.500000
0.651000
0.815000
0.863000
0.730000
0.348000
-0.148000
-0.657000
-1.10500
-1.45700
-1.77800
-2.09300
-2.12300
-1.91700
-1.54200
-1.05700
-0.197000
1.21500
2.81400
2.95900
1.60200
0.276000
-0.633000
-1.12400
-1.51100
-1.60800
-1.30500
-0.724000
-7.00000E-02
0.470000
0.785000
0.670000
0.379000
6.40000E-02
-0.130000
-0.306000
-0.530000
-0.566000
-0.657000
-0.500000
-0.263000
-5.10000E-02
0.124000
0.276000
0.409000
0.470000
0.482000
0.542000
0.670000
0.827000
0.815000
0.657000
0.373000
5.80000E-02
-0.203000
-0.421000
-0.421000
-0.300000
-0.130000
0.215000
0.894000
2.02000
4.18900
3.44400
2.58400
1.43300
0.342000
-0.403000
-0.887000
-1.51700
-1.70500
-1.75400
-2.02000
-2.26200
-2.49300
-2.52300
-2.62000
-2.62600
-2.21400
-1.40800
0.985000
4.29800
5.17100
3.74100
2.15400
0.815000
-0.288000
-0.954000
-1.32300
-1.61400
-1.72900
-1.86900
-1.82600
-1.68100
-1.64500
-1.55400
-1.44500
-1.33600
-1.15400
-0.736000
-4.50000E-02
0.821000
1.48700
1.81400
1.77800
1.46900
1.16000
0.851000
0.567000
0.373000
0.385000
0.433000
0.385000
0.385000
0.282000
0.270000
0.252000
0.155000
7.00000E-02
-0.160000
-0.590000
-0.978000
-1.37200
-1.56600
-1.42000
-1.23300
-0.815000
-0.148000
0.912000
2.42600
3.32900
3.64400
2.85600
1.48700
0.336000
-0.372000
-0.736000
-0.845000
-0.693000
-0.912000
-1.19000
-1.25700
-1.26900
-1.25700
-1.26900
-1.24500
-1.15400
-0.887000
-0.391000
0.294000
1.13000
1.97800
2.59000
2.68700
2.34800
1.57200
0.718000
8.80000E-02
-0.445000
-0.833000
-0.996000
-1.13000
-1.39600
-1.49900
-1.36600
-1.17800
-1.14800
-1.03300
-1.14200
-1.46900
-1.48100
-1.22000
-0.687000
-0.118000
0.427000
1.33000
2.48100
3.09900
2.87500
1.95400
0.960000
0.136000
-0.566000
-1.22700
-1.55400
-1.63800
-1.80200
-1.85100
-1.86300
-1.77800
-1.80800
-2.05000
-2.01400
-1.84400
-1.43900
-0.706000
5.20000E-02
1.07500
2.55400
3.62000
4.03200
3.43200
2.37200
1.05700
-0.118000
-0.942000
-1.66300
-1.90500
-1.96600
-2.28700
-2.50500
-2.60200
-2.68700
-2.70500
-2.53500
-2.29300
-1.59000
-0.899000
0.246000
2.08700
3.97100
4.29200
3.07500
1.87500
1.08100
0.827000
0.670000
0.439000
0.258000
0.130000
-0.172000
-0.681000
-1.19600
-1.45100
-1.53600
-1.66300
-1.83800
-1.97800
-1.94100
-1.79600
-1.39000
-0.712000
0.427000
1.96600
3.57100
4.44400
3.53500
1.88100
0.282000
-0.736000
-1.28100
-1.77200
-2.28100
-2.41400
-2.37800
-2.11700
-1.94700
-1.72900
-1.40200
-0.918000
-0.160000
0.700000
1.41500
1.52400
1.10600
0.500000
6.40000E-02
-0.166000
-0.185000
0.179000
0.791000
1.34800
1.63900
1.36000
1.00900
0.348000
-0.378000
-0.827000
-1.17200
-1.53600
-1.72300
-1.58400
-1.12400
-0.403000
0.348000
1.05100
1.45100
1.62100
1.32400
0.888000
0.536000
0.318000
0.276000
0.239000
0.433000
0.633000
0.815000
0.863000
0.773000
0.536000
8.20000E-02
-0.524000
-1.03300
-1.32300
-1.43900
-1.40200
-1.36600
-1.19600
-0.851000
-0.439000
8.20000E-02
0.754000
1.47500
1.96000
2.00200
1.56600
1.00300
0.500000
2.10000E-02
-0.451000
-0.833000
-0.978000
-1.00200
-0.712000
-0.324000
0.149000
0.664000
1.02700
0.960000
0.506000
-0.148000
-0.724000
-1.13000
-1.43900
-1.61400
-1.52900
-1.19000
-0.572000
0.330000
1.59000
3.08700
4.05600
3.53500
2.09300
0.863000
1.50000E-02
-0.494000
-0.778000
-0.809000
-0.772000
-0.960000
-1.16600
-1.26900
-1.23300
-1.23300
-1.23300
-1.26300
-1.08700
-0.912000
-0.778000
-0.536000
0.161000
1.40300
2.94700
4.41300
4.43200
2.99000
1.62700
0.379000
-0.590000
-1.24500
-1.70500
-1.89900
-2.08700
-2.17200
-2.06300
-1.97800
-2.00200
-1.89900
-1.65700
-1.31700
-0.803000
-2.10000E-02
0.930000
1.89900
2.67500
2.94700
2.45100
1.46900
0.391000
-0.481000
-1.13000
-1.55400
-1.77200
-2.04400
-1.94100
-1.75400
-1.49900
-1.09900
-0.427000
0.494000
1.49300
2.39000
2.82600
2.62000
1.73000
0.736000
3.30000E-02
-0.548000
-0.924000
-1.12400
-1.14200
-1.33000
-1.51100
-1.71100
-1.86900
-1.79600
-1.49300
-1.05700
-0.494000
0.367000
1.59000
2.95900
3.49900
2.86900
1.71800
0.282000
-0.905000
-1.70500
-2.26200
-2.32300
-2.51100
-2.66800
-2.62000
-2.38400
-1.99600
-1.41400
-0.663000
0.433000
1.77800
2.32300
1.39000
0.185000
-0.833000
-1.42600
-1.72900
-1.72300
-1.26300
-0.863000
-0.415000
0.233000
0.888000
1.43300
1.86300
2.02000
1.85100
1.40900
0.773000
7.60000E-02
-0.469000
-0.796000
-0.936000
-1.00800
-1.09300
-1.17200
-1.17200
-1.14800
-1.24500
-1.33600
-1.32300
-1.15400
-0.839000
-0.372000
0.427000
1.44500
2.75300
3.47400
3.37700
2.14200
0.882000
-2.70000E-02
-0.494000
-0.857000
-1.08100
-1.14200
-1.42000
-1.63800
-1.84400
-1.98400
-1.99600
-1.96000
-1.79000
-1.42000
-0.851000
0.239000
2.05700
4.45000
4.05000
2.09900
0.554000
-0.506000
-0.972000
-1.32300
-1.31100
-1.28700
-1.19600
-1.20800
-1.11800
-0.912000
-0.669000
-0.318000
8.80000E-02
0.500000
0.948000
1.56600
2.11700
2.16000
1.80200
1.17800
0.476000
-0.106000
-0.603000
-0.954000
-1.15400
-1.34800
-1.29900
-1.14200
-0.833000
-0.615000
-0.263000
0.149000
0.579000
1.05100
1.45100
1.56600
1.37800
1.08800
0.754000
0.421000
8.20000E-02
-0.197000
-0.463000
-0.736000
-0.905000
-1.03900
-1.20200
-1.27500
-1.06300
-0.803000
-0.560000
-0.415000
-0.275000
-5.70000E-02
0.179000
0.542000
1.14800
1.68100
1.89900
1.80800
1.59000
1.08100
0.470000
-0.209000
-0.815000
-1.16000
-1.41400
-1.63200
-1.83800
-1.98400
-1.90500
-1.62600
-1.43300
-1.17200
-0.681000
0.294000
1.46300
2.50500
2.73500
2.17800
1.25100
0.476000
-3.30000E-02
-0.372000
-0.663000
-0.778000
-0.803000
-0.875000
-0.718000
-0.494000
-0.209000
1.00000E-01
0.246000
0.300000
0.409000
0.700000
0.821000
0.657000
0.494000
0.324000
4.60000E-02
-0.245000
-0.439000
-0.615000
-0.803000
-0.821000
-0.524000
0.203000
1.05100
2.04500
2.97200
3.16500
2.29300
0.979000
-0.257000
-1.13000
-1.82000
-2.14100
-2.42000
-2.50500
-2.40200
-2.19600
-1.88100
-1.60800
-1.14200
-0.245000
0.869000
1.86900
2.49900
2.36000
1.70500
0.736000
-9.40000E-02
-0.639000
-0.845000
-0.936000
-0.869000
-0.990000
-1.00800
-0.960000
-0.899000
-0.869000
-0.700000
-0.166000
0.421000
0.857000
1.18400
1.22700
1.05700
0.706000
0.367000
0.118000
-3.90000E-02
-0.257000
-0.397000
-0.536000
-0.578000
-0.457000
-0.251000
4.60000E-02
0.415000
0.682000
0.809000
0.815000
0.754000
0.633000
0.324000
-0.160000
-0.548000
-0.730000
-0.760000
-0.590000
-0.336000
-0.118000
0.246000
0.633000
1.02700
1.31800
1.31800
1.20300
0.936000
0.512000
3.30000E-02
-0.257000
-0.439000
-0.651000
-0.833000
-0.905000
-0.954000
-1.06300
-1.13000
-1.02100
-0.912000
-0.712000
-0.433000
2.70000E-02
0.548000
1.03300
1.55400
1.97200
1.99600
1.57200
0.863000
4.00000E-02
-0.651000
-1.06300
-1.22700
-1.37200
-1.32300
-1.14200
-0.760000
-0.106000
0.760000
1.79600
2.49300
2.13000
1.11200
5.20000E-02
-0.748000
-1.31100
-1.63200
-1.62000
-1.51700
-1.05700
-0.251000
0.742000
1.69300
2.19600
1.84500
1.07500
0.397000
-1.50000E-02
-0.160000
-9.40000E-02
0.258000
0.645000
1.13000
1.57200
1.82700
1.66900
1.26900
0.670000
0.149000
-0.348000
-0.972000
-1.37800
-1.62000
-1.69900
-1.74800
-1.63800
-1.17200
-0.227000
0.930000
2.39600
3.93500
4.80700
4.04400
2.44500
0.918000
-0.179000
-0.748000
-1.13600
-1.33600
-1.51700
-1.54200
-1.48100
-1.49300
-1.64500
-1.89900
-1.97200
-1.80800
-1.55400
-1.22700
-0.475000
3.23800
4.61900
3.56500
2.99000
2.02000
0.712000
-0.185000
-0.627000
-1.12400
-1.77800
-2.31100
-2.48700
-2.63200
-2.72900
-2.82600
-2.75300
-2.77100
-3.09800
-2.91700
-2.34700
-1.51700
-0.354000
1.08800
2.68100
2.77800
2.12300
1.04500
9.40000E-02
-0.693000
-1.10500
-1.42000
-1.55400
-1.53600
-1.64500
-1.66900
-1.34800
-0.918000
-0.354000
0.106000
0.294000
0.233000
-9.00000E-03
-0.409000
-0.790000
-0.936000
-0.972000
-1.05700
-1.04500
-0.966000
-0.821000
-0.469000
3.30000E-02
0.567000
0.906000
1.15400
1.16600
1.03300
0.791000
0.397000
0.155000
0.276000
0.494000
0.409000
7.00000E-02
-0.469000
-0.966000
-1.24500
-1.37200
-1.32300
-1.34800
-1.20800
-0.675000
0.258000
1.14800
2.14200
2.66300
2.54100
1.79600
0.845000
4.00000E-02
-0.403000
-0.796000
-1.17800
-1.27500
-1.31700
-1.05100
-0.663000
-0.106000
0.839000
2.02000
2.86900
2.75300
2.14200
1.25100
0.403000
-0.306000
-0.851000
-0.996000
-0.778000
-0.760000
-0.712000
-0.724000
-0.790000
-0.766000
-0.669000
-0.233000
0.282000
0.742000
1.34800
2.11100
2.72300
2.86900
2.51700
1.91100
1.30000
0.888000
0.433000
-0.124000
-0.657000
-0.754000
-0.851000
-0.875000
-1.09900
-1.40200
-1.52300
-1.61400
-1.57800
-1.43900
-1.22000
-0.760000
1.50000E-02
0.997000
1.97200
2.82000
3.06200
2.53500
1.46900
0.427000
-0.354000
-0.966000
-1.42000
-1.59000
-1.89900
-1.89900
-1.57200
-1.15400
-0.742000
-2.70000E-02
1.00300
2.02700
2.39000
1.63900
0.342000
-0.712000
-1.29900
-1.57800
-1.36600
-1.34200
-1.12400
-0.627000
1.50000E-02
0.536000
0.882000
1.02100
0.888000
0.760000
0.536000
0.276000
0.252000
0.203000
7.00000E-02
-0.336000
-0.833000
-1.14800
-1.43900
-1.66900
-1.85700
-1.66300
-1.07500
-0.227000
0.985000
2.30500
2.59000
1.39000
7.60000E-02
-0.936000
-1.56000
-2.02000
-2.19000
-2.15300
-2.31700
-1.99000
-1.40800
-0.754000
8.80000E-02
1.13600
2.23200
2.53500
2.06900
1.29400
0.391000
-0.385000
-1.05100
-1.59600
-1.56600
-1.43300
-1.42000
-1.34800
-1.14200
-0.899000
-0.627000
-0.215000
0.276000
0.639000
0.766000
0.615000
0.379000
6.40000E-02
1.00000E-01
0.403000
0.760000
0.882000
0.736000
0.524000
0.270000
1.00000E-01
-3.00000E-03
3.30000E-02
0.246000
0.591000
1.12400
1.68700
2.05100
1.90500
1.31200
0.567000
-0.245000
-1.00200
-1.46300
-1.56000
-1.66900
-1.59600
-1.39600
-1.20200
-0.960000
-0.445000
0.233000
1.16600
2.16600
2.99000
3.14700
2.84400
2.23200
1.59000
1.05700
0.645000
0.227000
-0.221000
-0.548000
-0.887000
-1.07500
-1.31100
-1.48700
-1.64500
-1.87500
-1.91100
-1.78400
-1.48100
-0.899000
-0.106000
0.912000
2.01400
2.77200
2.95900
2.67500
1.99600
1.16000
0.427000
-0.191000
-0.700000
-1.06300
-1.17800
-1.44500
-1.51700
-1.60200
-1.53600
-1.26300
-0.651000
5.20000E-02
0.760000
1.49900
2.09300
2.34200
2.20800
1.76000
1.16600
0.530000
-0.112000
-0.778000
-1.31100
-1.55400
-1.75400
-1.86300
-2.00800
-2.07500
-1.90500
-1.32300
1.10000
3.23800
3.67400
2.86300
1.37200
0.246000
-0.657000
-1.13000
-1.52900
-1.97200
-2.31100
-2.44400
-2.37100
-2.36500
-2.53500
-2.33500
-1.71100
-0.754000
1.05700
3.02000
3.52900
2.85600
1.55400
0.373000
-0.427000
-0.730000
-0.954000
-1.16000
-1.20800
-1.17800
-1.15400
-1.10500
-0.936000
-0.609000
-0.233000
0.233000
0.791000
1.35400
1.79000
1.80200
1.43900
0.869000
0.233000
-0.372000
-0.724000
-0.821000
-0.839000
-0.996000
-0.881000
-0.663000
-0.324000
1.50000E-02
0.464000
1.07500
1.62100
2.08100
2.12300
1.88700
1.48100
0.985000
0.585000
0.276000
-0.148000
-0.657000
-1.14200
-1.55400
-1.80200
-1.87500
-2.05000
-2.24400
-2.29300
-1.92900
-1.26300
-3.00000E-03
2.03300
6.64300
4.71600
2.52900
0.809000
-0.475000
-1.26300
-1.89300
-2.23200
-2.23800
-2.14700
-2.09900
-2.31700
-2.48700
-2.33500
-2.23200
-1.94700
-1.51100
-1.00800
-0.191000
0.954000
2.23900
2.97200
2.94700
2.22000
1.37200
0.470000
-0.221000
-0.815000
-1.13000
-1.00200
-1.02700
-1.06300
-1.12400
-1.17800
-1.17800
-1.14200
-1.08100
-0.996000
-0.566000
6.40000E-02
0.633000
1.23900
1.82100
2.16600
2.15400
1.83900
1.29400
0.645000
6.40000E-02
-0.494000
-0.827000
-0.821000
-0.936000
-1.14200
-1.09900
-0.918000
-0.615000
-0.251000
1.50000E-02
0.239000
0.203000
0.348000
0.724000
1.36000
2.12300
2.79000
2.78400
2.20800
1.08800
-0.172000
-1.11800
-1.70500
-2.06900
-2.06900
-2.37100
-2.31700
-2.12300
-1.80800
-1.15400
0.185000
2.54100
5.05500
3.17100
1.57800
0.276000
-0.645000
-1.20200
-1.69300
-1.85100
-2.02000
-1.95400
-1.88700
-1.66300
-1.33600
-0.912000
-0.324000
0.464000
1.34800
2.03900
2.20800
1.96600
1.53600
1.05100
0.591000
0.136000
-0.336000
-0.687000
-0.881000
-1.05100
-1.24500
-1.31100
-1.38400
-1.42000
-1.31100
-0.978000
-0.494000
3.00000E-03
0.470000
0.930000
1.31800
1.51200
1.40900
1.29400
1.22700
1.10600
0.839000
0.403000
-1.50000E-02
-0.427000
-0.827000
-0.996000
-1.06900
-1.14800
-1.25700
-1.29300
-1.16000
-0.984000
-0.718000
-0.415000
2.10000E-02
0.633000
1.46900
2.35400
2.52300
1.96000
1.05100
8.20000E-02
-0.657000
-1.05100
-1.28700
-1.30500
-1.29300
-1.14800
-1.05700
-0.839000
-0.245000
0.500000
1.03300
0.985000
0.476000
-0.160000
-0.657000
-0.912000
-0.887000
-0.742000
-0.881000
-0.881000
-0.118000
1.06900
2.06900
2.62000
2.32300
1.42700
0.294000
-0.639000
-1.53600
-2.11700
-2.23200
-2.46800
-2.51100
-2.53500
-2.46200
-2.13500
-1.58400
-0.821000
0.233000
1.59600
2.50500
2.32300
1.57200
0.766000
0.143000
-0.336000
-0.748000
-1.13600
-1.14200
-0.936000
-0.718000
-0.566000
-0.578000
-0.445000
-1.00000E-01
0.451000
0.851000
0.900000
0.773000
0.500000
0.385000
0.427000
0.355000
0.264000
0.136000
9.00000E-03
-0.160000
-0.318000
-0.354000
-0.154000
0.215000
0.912000
1.80800
2.45100
2.67500
2.13000
1.17800
0.294000
-0.251000
-0.639000
-0.942000
-1.14800
-1.40200
-1.39600
-1.39600
-1.24500
-0.833000
-3.30000E-02
1.25100
2.86900
4.73400
4.20100
2.42600
1.00900
-1.00000E-01
-0.724000
-1.01500
-1.09900
-1.02100
-0.839000
-0.560000
-0.300000
-0.179000
-0.251000
-0.300000
-0.403000
-0.512000
-0.597000
-0.560000
-0.318000
9.40000E-02
0.718000
1.68700
2.85600
3.66800
3.54700
2.55400
1.24500
0.118000
-0.639000
-1.11100
-1.47500
-1.61400
-1.86300
-2.05000
-2.09300
-2.23800
-2.33500
-2.21400
-1.86300
-1.58400
-1.08100
-0.185000
1.07500
2.56000
3.16500
2.41400
1.26900
0.276000
-0.385000
-0.966000
-1.50500
-1.63800
-1.77800
-1.75400
-1.52300
-1.19600
-0.960000
-0.766000
-0.475000
-5.70000E-02
0.427000
0.863000
1.03300
0.809000
0.312000
-0.221000
-0.609000
-0.851000
-1.02700
-0.978000
-0.633000
-0.124000
0.409000
0.942000
1.34800
1.49900
1.20300
0.694000
0.270000
-0.233000
-0.742000
-1.08100
-1.34200
-1.57200
-1.65700
-1.75400
-1.83800
-1.64500
-1.16000
-0.378000
0.627000
1.89300
2.89900
2.88700
1.86900
0.706000
-0.288000
-0.972000
-1.52900
-1.82000
-1.63200
-1.39000
-0.790000
7.00000E-02
0.882000
1.33000
1.08100
0.318000
-0.518000
-1.12400
-1.58400
-1.68700
-1.59000
-1.09300
-0.445000
0.209000
0.888000
1.48100
1.94200
2.02000
1.79600
1.54800
1.42700
1.36000
1.27500
1.06900
0.706000
0.179000
-0.318000
-0.887000
-1.30500
-1.60800
-1.75400
-1.82600
-1.76000
-1.62000
-1.42600
-1.20200
-0.899000
-0.518000
0.161000
1.20300
2.91100
6.44300
5.14600
3.12900
1.58400
0.488000
-0.227000
-0.724000
-0.984000
-1.14200
-1.40800
-1.56000
-1.70500
-1.82000
-1.89900
-1.97200
-2.01400
-2.02600
-1.80800
-1.26300
-0.627000
0.427000
1.88700
3.62600
4.52800
3.65600
2.56600
1.59000
0.700000
8.80000E-02
-0.239000
-0.385000
-0.257000
-0.524000
-0.869000
-1.11100
-1.17200
-1.26900
-1.43900
-1.62000
-1.66300
-1.60200
-1.33600
-0.784000
0.191000
1.27500
2.46900
3.20800
3.24400
2.25100
1.00900
-0.203000
-0.954000
-1.45700
-1.93500
-2.14700
-2.52900
-2.67400
-2.65000
-2.43200
-1.92300
-1.18400
-0.112000
1.17200
2.29900
2.53500
2.27500
1.66300
0.815000
-6.30000E-02
-0.778000
-1.42000
-1.90500
-1.89900
-2.04400
-2.26200
-2.44400
-2.46800
-2.29300
-1.88100
-1.30500
-0.475000
0.694000
1.92400
2.77800
2.71700
1.89900
0.845000
-9.00000E-03
-0.487000
-0.833000
-1.20800
-1.20200
-1.27500
-1.34800
-1.37200
-1.39600
-1.46300
-1.48700
-1.43900
-1.32300
-1.03300
-0.693000
-0.203000
0.439000
1.09400
1.60200
1.95400
1.89300
1.68100
1.33000
0.845000
0.288000
-0.203000
-0.518000
-0.736000
-1.03300
-1.32300
-1.54200
-1.73500
-1.83200
-1.75400
-1.47500
-0.966000
-0.215000
1.02100
2.36000
3.14700
2.99600
2.00200
0.985000
0.124000
-0.421000
-0.815000
-0.839000
-0.803000
-0.675000
-0.542000
-0.469000
-0.324000
-0.342000
-0.451000
-0.475000
-0.148000
0.482000
1.28100
2.22000
3.02000
3.15300
2.74700
1.82700
0.966000
0.288000
-0.512000
-1.12400
-1.42600
-1.80800
-2.00200
-2.15900
-2.23200
-2.22000
-2.09300
-1.69300
-0.996000
0.270000
2.09300
3.71700
3.62000
2.08700
0.730000
-0.227000
-0.796000
-1.14800
-1.13000
-1.00800
-0.863000
-0.421000
0.161000
0.766000
1.25100
1.50600
1.34200
0.857000
0.252000
-0.397000
-0.954000
-1.35400
-1.51100
-1.54800
-1.55400
-1.51700
-1.05700
-0.172000
0.815000
1.61500
2.06300
2.06900
1.73000
1.13600
0.427000
1.50000E-02
-0.366000
-0.687000
-0.972000
-1.17800
-1.37200
-1.26300
-1.04500
-0.663000
-0.275000
5.20000E-02
0.246000
0.361000
0.409000
0.385000
0.476000
0.670000
0.821000
0.754000
0.403000
-3.90000E-02
-0.524000
-0.875000
-0.978000
-0.796000
-0.433000
0.124000
0.827000
1.46300
1.73000
1.45100
0.724000
1.50000E-02
-0.542000
-0.881000
-1.09900
-1.14200
-1.27500
-1.36000
-1.34800
-1.06300
-0.639000
-5.70000E-02
0.706000
1.60900
2.42000
2.56000
2.17200
1.34800
0.379000
-0.372000
-1.08100
-1.54200
-1.68700
-1.88700
-1.80200
-1.70500
-1.60800
-1.28700
-0.924000
-0.512000
-2.10000E-02
0.639000
1.25100
1.66300
1.76000
1.43300
0.882000
0.324000
-3.00000E-03
-0.166000
-0.294000
-0.251000
-0.275000
-0.209000
-0.263000
-0.451000
-0.633000
-0.706000
-0.736000
-0.784000
-0.663000
-0.372000
-4.50000E-02
0.106000
0.167000
0.239000
0.379000
0.439000
0.373000
0.373000
0.421000
0.573000
0.779000
0.936000
0.827000
0.609000
0.403000
0.276000
0.312000
0.306000
0.185000
-9.00000E-03
-2.10000E-02
0.227000
0.706000
1.26900
1.51800
1.31800
0.579000
-0.409000
-1.22700
-1.72300
-1.97800
-2.11100
-2.25000
-2.15900
-1.57200
-0.506000
0.954000
2.74100
3.89800
3.51100
2.57200
1.49300
0.548000
-3.30000E-02
-0.445000
-0.984000
-1.29900
-1.59000
-1.89900
-2.09300
-2.26200
-2.45600
-2.53500
-2.46200
-2.26900
-2.03800
-1.64500
-0.905000
0.233000
1.68700
3.25000
4.46800
2.62600
0.773000
-0.469000
-1.07500
-1.41400
-1.56600
-1.33600
-1.09300
-0.803000
-0.269000
0.355000
0.839000
1.08100
1.02700
0.730000
0.264000
-0.179000
-0.469000
-0.615000
-0.518000
-0.191000
0.149000
0.470000
0.712000
1.00300
1.37800
1.66300
2.09900
2.59600
2.82000
2.69300
1.91700
0.882000
-5.10000E-02
-0.784000
-1.26900
-1.62000
-1.91700
-2.01400
-2.09900
-2.14700
-2.17800
-2.09300
-1.72900
-1.09900
-0.148000
1.24500
2.88100
3.72900
3.55300
2.47500
1.25100
0.294000
-0.445000
-1.08100
-1.56000
-1.68100
-1.92300
-2.02000
-1.99600
-1.87500
-1.59600
-1.09300
-0.597000
-1.00000E-01
0.391000
0.876000
1.17800
1.27500
1.13000
1.00300
0.857000
0.724000
0.597000
0.403000
0.161000
-0.215000
-0.651000
-1.00800
-1.29900
-1.51700
-1.73500
-1.91700
-1.88700
-1.67500
-1.20200
-0.378000
0.676000
1.94800
2.63800
2.12300
0.985000
-0.154000
-0.984000
-1.51700
-1.80800
-1.72300
-1.67500
-1.59600
-1.29300
-0.930000
-0.597000
-0.257000
3.30000E-02
0.252000
0.185000
-8.20000E-02
-0.385000
-0.554000
-0.597000
-0.451000
-0.124000
0.258000
0.621000
0.960000
1.13000
1.03900
0.845000
0.542000
0.191000
-7.60000E-02
-0.348000
-0.518000
-0.700000
-0.924000
-1.10500
-1.16600
-1.10500
-0.833000
-0.385000
0.221000
0.894000
1.51200
1.80200
1.73600
1.38400
0.924000
0.476000
0.173000
8.20000E-02
0.276000
0.615000
0.797000
1.02700
1.15400
1.03300
0.815000
0.500000
8.20000E-02
-0.257000
-0.524000
-0.645000
-0.590000
-0.275000
0.427000
3.20200
3.86200
3.92300
3.30500
2.31700
1.20300
0.385000
-0.275000
-0.966000
-1.54200
-1.84400
-1.94700
-2.32300
-2.40800
-2.52900
-2.65000
-2.70500
-2.70500
-2.39000
-1.51700
0.524000
6.07300
5.52800
3.60800
2.02000
0.882000
9.00000E-03
-0.542000
-0.924000
-1.39000
-1.56600
-1.71700
-1.68700
-1.66300
-1.83200
-1.94700
-1.80200
-1.57200
-1.22700
-0.960000
-0.512000
4.60000E-02
0.597000
1.27500
1.76000
2.06900
2.13600
1.74200
1.10000
0.609000
0.355000
0.161000
-9.00000E-03
-0.233000
-0.500000
-0.948000
-1.23900
-1.48700
-1.54800
-1.43900
-1.13600
-0.609000
-3.90000E-02
0.391000
0.627000
0.718000
0.585000
0.391000
0.130000
-0.306000
-0.742000
-1.02100
-1.16000
-1.09900
-0.790000
-0.227000
0.470000
1.18400
1.89900
2.25100
2.25700
2.00800
1.53000
0.760000
7.00000E-02
-0.397000
-0.718000
-0.948000
-1.06300
-1.49900
-1.78400
-1.96600
-2.18400
-2.42000
-2.60200
-2.67400
-2.34700
-1.39000
3.54100
3.09900
2.52900
2.26900
1.05700
0.209000
-0.597000
-1.14800
-1.62000
-2.00200
-2.40200
-2.77100
-3.08600
-2.92900
-2.56500
-2.24400
-2.22000
-1.68100
-0.918000
0.427000
1.79600
2.58400
2.36000
1.48700
0.688000
0.185000
-0.142000
-0.300000
-0.324000
-0.342000
-0.336000
-0.378000
-0.451000
-0.754000
-1.02700
-1.09900
-1.11100
-0.657000
-0.209000
0.397000
1.15400
1.85100
2.34200
2.17200
1.56600
0.851000
0.191000
-0.257000
-0.481000
-0.336000
-5.70000E-02
0.330000
0.373000
0.179000
5.80000E-02
0.167000
0.397000
0.330000
0.197000
7.60000E-02
-0.130000
-0.257000
-0.112000
-3.00000E-03
1.00000E-01
0.355000
0.876000
1.46900
2.14200
2.50500
2.02000
1.15400
0.306000
-0.536000
-1.25700
-1.54200
-1.49300
-1.20200
-0.881000
-0.494000
0.143000
0.997000
1.57800
1.57200
1.17200
0.536000
-8.20000E-02
-0.518000
-0.809000
-0.899000
-0.790000
-0.645000
-0.590000
-0.590000
-0.494000
-0.203000
0.179000
0.488000
0.748000
0.966000
1.10000
1.02100
0.694000
0.233000
-0.179000
-0.500000
-0.706000
-0.912000
-1.16000
-1.29300
-1.17800
-0.948000
-0.821000
-0.718000
-0.487000
-0.318000
-8.20000E-02
0.294000
0.760000
1.29400
1.63300
1.58400
1.13000
0.500000
-9.40000E-02
-0.457000
-0.693000
-0.815000
-1.03300
-1.09900
-0.972000
-0.724000
-0.409000
-7.00000E-02
0.155000
0.252000
0.397000
0.621000
0.839000
0.991000
0.954000
0.857000
0.748000
0.712000
0.718000
0.912000
1.20900
1.47500
1.54200
1.28100
0.960000
0.530000
8.80000E-02
-0.294000
-0.645000
-0.887000
-1.08100
-1.21400
-1.26300
-1.29300
-1.34200
-1.22700
-0.718000
-8.80000E-02
0.506000
1.63900
3.14100
4.60100
4.17700
2.36000
0.863000
-0.397000
-1.22000
-1.85100
-2.20800
-2.48700
-2.65600
-2.69300
-2.82000
-2.89200
-2.77100
-2.73500
-2.61400
-2.32900
-1.78400
-0.918000
0.233000
1.59000
2.69900
2.79600
2.10500
1.30600
0.766000
0.676000
0.821000
1.00900
0.906000
0.651000
0.161000
-0.391000
-0.978000
-1.51100
-1.97200
-2.28100
-2.35300
-2.29300
-2.41400
-2.59600
-2.57700
-2.21400
-1.52300
-0.475000
0.966000
2.73500
3.31100
2.23200
1.05700
0.209000
-0.330000
-0.718000
-0.881000
-0.760000
-0.603000
-0.627000
-0.772000
-0.863000
-0.899000
-0.936000
-0.833000
-0.760000
-0.475000
-5.10000E-02
0.415000
0.785000
0.960000
0.815000
0.403000
-9.40000E-02
-0.597000
-0.887000
-1.05700
-1.00200
-0.736000
-0.215000
0.621000
1.63300
2.62600
2.86900
2.16600
0.942000
-0.154000
-0.990000
-1.46900
-1.59000
-1.49300
-1.43900
-1.12400
-0.651000
-0.130000
0.312000
0.542000
0.379000
0.112000
-5.70000E-02
-0.142000
-0.263000
-0.306000
-0.112000
0.348000
0.845000
1.39700
1.97800
2.20800
2.02000
1.57200
1.02700
0.573000
0.258000
-5.70000E-02
-0.518000
-0.821000
-1.21400
-1.34800
-1.42600
-1.48700
-1.37800
-1.19000
-0.948000
-0.487000
2.70000E-02
0.403000
0.718000
1.26300
1.96600
2.50500
2.51700
1.90500
1.00900
0.270000
-0.239000
-0.548000
-0.645000
-0.712000
-0.627000
-0.324000
-0.112000
5.20000E-02
5.20000E-02
-2.70000E-02
-0.179000
-0.348000
-0.409000
-0.481000
-0.572000
-0.597000
-0.578000
-0.154000
0.645000
1.56600
2.43200
2.85600
2.62600
1.94200
1.15400
0.476000
-7.60000E-02
-0.572000
-0.984000
-1.17200
-1.36600
-1.53600
-1.87500
-2.11100
-2.12300
-1.82000
-1.54200
-1.12400
-0.263000
0.924000
2.28700
3.17100
2.99000
1.90500
0.476000
-0.706000
-1.30500
-1.69900
-1.74100
-1.67500
-1.43300
-0.772000
0.221000
1.29400
2.22600
2.29300
1.49300
0.500000
-0.179000
-0.597000
-1.00800
-1.31100
-1.49900
-1.69300
-1.63200
-1.57800
-1.48100
-1.34800
-1.00800
-0.397000
0.476000
1.55400
2.96500
4.77100
3.30500
1.68700
0.288000
-0.700000
-1.34200
-1.86900
-2.41400
-2.57100
-2.68700
-2.82000
-2.90500
-2.77700
-2.95900
-2.88000
-2.71700
-2.32900
-1.48700
-0.590000
0.857000
2.54100
3.32900
3.08700
2.03900
0.936000
0.246000
-0.130000
-0.572000
-1.00800
-1.23300
-1.28700
-1.46300
-1.48100
-1.32300
-0.839000
-0.451000
-0.106000
0.239000
0.742000
1.13000
1.26900
1.17200
1.00300
0.682000
0.379000
0.264000
0.161000
7.00000E-02
0.130000
0.130000
9.00000E-03
-3.30000E-02
0.173000
0.682000
1.17200
1.51200
1.76600
1.88100
1.71200
1.27500
0.585000
-2.10000E-02
-0.554000
-0.996000
-1.23900
-1.36600
-1.51100
-1.47500
-1.38400
-1.31100
-1.15400
-0.881000
-0.300000
0.657000
1.92400
3.06800
3.37700
2.09300
0.688000
-0.385000
-1.05100
-1.45100
-1.29300
-1.00800
-0.742000
-0.336000
2.70000E-02
0.342000
0.645000
0.712000
0.318000
-0.306000
-0.778000
-0.978000
-1.02100
-0.790000
-0.336000
0.415000
1.42700
2.28100
2.29900
1.51800
0.621000
-0.142000
-0.809000
-1.37200
-1.51700
-1.52900
-1.29300
-0.930000
-0.615000
-0.166000
0.397000
0.954000
1.43300
1.71200
1.57200
1.22700
0.706000
0.106000
-0.336000
-0.584000
-0.863000
-1.07500
-1.09900
-0.930000
-0.457000
0.276000
1.12400
2.47500
4.01400
4.60700
2.76000
0.694000
-0.760000
-1.51700
-1.94700
-2.11100
-2.01400
-2.14100
-2.34100
-2.43800
-2.43800
-2.12300
-1.51700
-0.221000
1.97800
6.14600
4.61900
2.64400
1.00300
-0.197000
-0.978000
-1.56600
-1.87500
-1.98400
-2.03200
-2.07500
-2.12300
-2.05600
-1.87500
-1.70500
-1.41400
-0.990000
-0.330000
0.518000
1.37800
1.94200
2.05100
1.80800
1.28700
0.797000
0.361000
-3.00000E-03
-0.251000
-0.566000
-0.869000
-1.17800
-1.34800
-1.44500
-1.52300
-1.52300
-1.39000
-1.20800
-0.990000
-0.742000
-0.354000
-7.60000E-02
0.239000
0.597000
0.936000
1.03300
0.809000
0.324000
-0.172000
-0.397000
-0.421000
-0.397000
-0.403000
-0.415000
-0.257000
-5.10000E-02
3.30000E-02
-9.00000E-03
5.20000E-02
2.70000E-02
-0.209000
-0.433000
-0.603000
-0.669000
-0.633000
-0.469000
-0.209000
0.130000
0.421000
0.809000
1.23300
1.34800
1.00900
0.464000
-2.10000E-02
-0.427000
-0.597000
-0.681000
-0.809000
-0.809000
-0.603000
-0.112000
0.179000
0.252000
0.397000
0.573000
0.597000
0.451000
0.227000
3.30000E-02
-1.00000E-01
-0.148000
-0.130000
-0.154000
-0.397000
-0.469000
-0.215000
0.300000
0.894000
1.22700
1.30000
1.28100
1.22700
1.08100
0.754000
0.239000
-0.300000
-0.875000
-1.31700
-1.57800
-1.71100
-1.66300
-1.40800
-0.954000
-0.300000
0.548000
1.55400
2.43800
2.79600
2.46900
1.73600
0.815000
-3.30000E-02
-0.609000
-1.08100
-1.34800
-1.61400
-1.69900
-1.46300
-1.27500
-1.20200
-0.924000
-0.318000
0.439000
1.15400
1.51800
1.46900
1.14800
0.966000
1.15400
1.51200
1.95400
2.13000
1.89900
1.20900
0.373000
-0.257000
-0.494000
-0.590000
-0.760000
-1.15400
-1.56600
-1.88100
-1.96600
-1.71700
-1.25100
-0.609000
0.524000
2.44500
4.85600
4.41900
2.51100
0.960000
-0.179000
-0.954000
-1.49900
-2.06300
-2.41400
-2.61400
-2.45600
-2.32300
-2.32300
-2.19000
-1.83200
-0.912000
0.573000
2.56000
3.72300
2.90500
1.56600
0.221000
-0.839000
-1.54200
-1.94700
-1.92300
-1.83800
-1.93500
-1.92300
-1.71700
-1.15400
-0.463000
0.355000
1.17800
1.63900
1.40300
0.785000
0.106000
-0.397000
-0.857000
-1.12400
-1.12400
-1.00200
-0.887000
-0.645000
-0.360000
-8.20000E-02
6.40000E-02
-9.00000E-03
-0.245000
-0.524000
-0.766000
-0.936000
-0.881000
-0.687000
-0.687000
-0.712000
-0.621000
-0.451000
-0.142000
0.143000
0.282000
0.312000
0.246000
0.124000
-0.112000
-0.269000
-0.318000
-0.227000
-0.251000
-0.360000
-0.475000
-0.663000
-0.960000
-1.15400
-1.21400
-1.06300
-0.833000
-0.572000
3.30000E-02
0.930000
1.81400
2.37800
2.14800
1.42100
0.627000
3.30000E-02
-0.463000
-0.730000
-0.809000
-1.05100
-1.17200
-1.25700
-1.19000
-1.03300
-0.754000
-0.366000
0.288000
1.08800
1.94200
2.57200
2.49300
1.93600
1.05700
0.209000
-0.372000
-0.833000
-1.17800
-1.28700
-1.27500
-1.14800
-0.918000
-0.506000
5.20000E-02
0.609000
1.10000
1.53600
1.62700
1.34800
0.815000
0.270000
-0.154000
-0.403000
-0.500000
-0.475000
-0.148000
0.403000
1.03300
1.51800
1.63300
1.31800
0.724000
0.112000
-0.536000
-0.905000
-0.875000
-0.693000
-0.524000
-0.245000
0.282000
0.821000
1.09400
1.08100
0.888000
0.688000
0.542000
0.403000
0.409000
0.476000
0.458000
0.488000
0.300000
-0.112000
-0.372000
-0.542000
-0.724000
-0.833000
-0.748000
-0.433000
0.179000
0.809000
1.42700
1.73600
1.65100
1.33600
0.857000
0.397000
-3.90000E-02
-0.427000
-0.675000
-0.954000
-1.09900
-0.954000
-0.621000
-7.60000E-02
0.427000
0.827000
0.900000
0.682000
0.306000
-0.112000
-0.669000
-1.06900
-1.26300
-1.29300
-1.05100
-0.457000
0.512000
1.70500
2.49300
2.17200
1.34800
0.409000
-0.191000
-0.548000
-0.839000
-1.13600
-1.24500
-1.41400
-1.54800
-1.66900
-1.76600
-1.73500
-1.62600
-1.45700
-1.07500
-0.348000
0.827000
2.11700
2.91700
2.84400
2.00200
1.00900
4.00000E-02
-0.663000
-1.08700
-1.54200
-1.59000
-1.65100
-1.70500
-1.59600
-1.48700
-1.27500
-0.887000
-0.548000
-0.203000
0.252000
0.815000
1.23900
1.39000
1.12400
0.688000
0.239000
-0.154000
-0.469000
-0.494000
-0.148000
0.348000
0.809000
1.10000
1.16000
0.754000
0.124000
-0.409000
-0.766000
-0.960000
-1.15400
-1.26300
-1.14800
-0.881000
-0.409000
0.355000
1.12400
1.71200
1.67500
1.32400
0.742000
0.130000
-0.403000
-0.887000
-1.16600
-1.33600
-1.25700
-1.05100
-0.724000
-0.185000
0.554000
1.28700
1.80800
1.79600
1.28100
0.615000
5.80000E-02
-0.294000
-0.494000
-0.663000
-0.615000
-0.500000
-0.354000
-0.342000
-0.318000
-0.433000
-0.494000
-0.481000
-0.336000
-3.00000E-03
0.385000
0.882000
1.31800
1.49300
1.37200
1.19700
0.942000
0.615000
0.258000
-0.191000
-0.615000
-0.930000
-1.19600
-1.40200
-1.48100
-1.54200
-1.31700
-0.881000
-0.251000
0.548000
1.45700
1.92400
1.70500
1.22700
0.597000
2.70000E-02
-0.372000
-0.597000
-0.548000
-0.221000
0.221000
0.985000
1.82100
2.43800
2.15400
1.22100
7.00000E-02
-0.881000
-1.55400
-1.94700
-2.05600
-2.17200
-2.08700
-1.90500
-1.45700
-0.760000
0.330000
1.65100
2.92900
3.47400
3.14700
1.93600
0.621000
-0.300000
-0.809000
-1.09300
-0.924000
-0.778000
-0.657000
-0.397000
-1.00000E-01
0.258000
0.506000
0.712000
0.857000
0.773000
0.627000
0.330000
-0.154000
-0.603000
-0.718000
-0.548000
-9.00000E-03
0.700000
1.84500
3.14100
3.95300
3.68600
2.43200
0.979000
-0.245000
-1.07500
-1.66900
-1.88700
-2.11700
-2.37800
-2.51100
-2.62000
-2.60200
-2.40800
-1.88700
-0.912000
1.00300
5.82500
4.71000
2.81400
1.20300
-0.118000
-1.08100
-1.69900
-2.23200
-2.28100
-2.45000
-2.60200
-2.72900
-2.85600
-2.87400
-2.70500
-2.47400
-1.98400
-1.26900
-0.118000
1.56600
2.95300
2.85600
1.88700
0.882000
1.50000E-02
-0.615000
-1.06300
-1.46900
-1.46900
-1.48700
-1.57800
-1.51100
-1.43900
-1.62000
-1.86300
-1.97800
-1.88100
-1.60800
-1.17200
-0.469000
0.445000
1.41500
2.10500
2.29900
1.97800
1.63900
1.26300
0.742000
0.130000
-0.487000
-0.972000
-1.12400
-1.24500
-1.43300
-1.72300
-1.90500
-1.84400
-1.63800
-1.29300
-0.954000
-0.554000
-6.30000E-02
0.385000
0.797000
1.13000
1.44500
1.78400
2.17800
2.34800
2.15400
1.63900
0.863000
1.50000E-02
-0.651000
-0.984000
-1.13000
-1.46900
-1.68700
-1.72900
-1.72900
-1.76000
-1.69900
-1.38400
-0.972000
2.10000E-02
1.85100
4.32900
4.45000
2.44500
0.857000
-0.306000
-0.948000
-1.36600
-1.59600
-1.76600
-1.62600
-1.23300
-0.754000
-8.20000E-02
0.621000
1.17800
1.43300
1.33000
0.930000
0.288000
-0.191000
-0.397000
-0.445000
-0.451000
-0.463000
-8.80000E-02
0.639000
1.61500
2.28100
2.25700
1.97200
1.57200
0.979000
0.361000
-0.179000
-0.736000
-0.954000
-0.996000
-1.04500
-1.28700
-1.45100
-1.43300
-1.11100
-0.603000
5.20000E-02
1.00300
2.15400
2.94700
2.69300
1.61500
0.585000
-8.80000E-02
-0.500000
-0.784000
-0.639000
-0.481000
-0.336000
-0.112000
4.60000E-02
9.40000E-02
6.40000E-02
4.00000E-02
-5.70000E-02
-8.80000E-02
-1.00000E-01
-0.197000
-0.251000
-0.300000
-0.372000
-0.385000
-0.257000
-0.172000
-0.106000
0.161000
0.779000
1.59000
2.23200
2.19000
1.74200
1.03900
0.355000
-0.118000
-0.463000
-0.790000
-0.851000
-1.05700
-1.28700
-1.41400
-1.62000
-1.88700
-2.02600
-2.17800
-2.28100
-2.28100
-1.77800
-0.736000
1.02700
3.14700
3.74100
2.49900
1.16600
-3.30000E-02
-0.790000
-1.23900
-1.46900
-1.25100
-1.09300
-0.930000
-0.845000
-0.839000
-0.815000
-0.784000
-0.796000
-0.784000
-0.857000
-0.930000
-0.887000
-0.651000
-0.306000
0.203000
0.773000
1.34800
1.83300
2.02000
1.87500
1.58400
1.20900
0.670000
-8.20000E-02
-0.693000
-1.23900
-1.56000
-1.83200
-1.91700
-1.85100
-1.76000
-1.60200
-1.16600
-0.306000
1.03300
2.68100
3.29900
2.59600
1.36600
9.40000E-02
-0.905000
-1.40200
-1.53600
-1.16000
-0.693000
-0.112000
0.766000
1.86900
2.92300
3.09300
2.45100
1.34200
0.264000
-0.566000
-1.17200
-1.57200
-1.66900
-1.71100
-1.72300
-1.79000
-1.69300
-1.46300
-0.790000
0.124000
1.17200
2.32300
3.08100
3.03200
2.25700
1.40900
0.688000
8.80000E-02
-0.512000
-1.05100
-1.23300
-1.39600
-1.46900
-1.51100
-1.63800
-1.60800
-1.39000
-1.17800
-0.718000
2.10000E-02
0.876000
1.66300
2.11100
1.96600
1.30600
0.573000
4.00000E-02
-0.318000
-0.615000
-0.748000
-0.669000
-0.554000
-0.330000
-0.106000
6.40000E-02
-3.30000E-02
-0.239000
-0.366000
-0.524000
-0.590000
-0.584000
-0.439000
-0.154000
0.246000
0.603000
0.906000
1.05100
0.960000
0.676000
0.233000
-7.00000E-02
-0.257000
-0.197000
0.191000
0.579000
0.815000
0.851000
0.664000
0.312000
-7.60000E-02
-0.366000
-0.730000
-1.12400
-1.37200
-1.52900
-1.63800
-1.66300
-1.38400
-0.724000
0.379000
1.73000
3.10500
3.55900
3.01400
1.79000
0.633000
-0.227000
-0.760000
-1.19000
-1.27500
-1.32300
-1.36000
-1.26900
-1.17800
-1.03300
-0.918000
-0.718000
-0.475000
-0.106000
0.306000
0.706000
1.05100
1.16000
0.966000
0.627000
0.391000
0.439000
0.657000
0.906000
1.30600
1.73600
2.07500
2.05100
1.69900
1.07500
0.518000
3.30000E-02
-0.397000
-0.827000
-1.09900
-1.54800
-1.88100
-2.11700
-2.40800
-2.65000
-2.79600
-2.72900
-2.45000
-1.80800
-0.778000
2.77800
3.78300
3.85000
2.68700
1.40300
0.355000
-0.445000
-1.02700
-1.51100
-1.66300
-1.71100
-1.74800
-1.69300
-1.88700
-2.04400
-1.86900
-1.52900
-1.32300
-1.35400
-1.02100
-0.518000
-2.70000E-02
0.554000
1.10000
1.25100
1.36000
1.34800
1.33600
1.12400
0.797000
0.494000
0.252000
-3.00000E-03
-0.336000
-0.603000
-0.621000
-0.451000
-0.172000
1.00000E-01
0.258000
0.306000
0.215000
-3.00000E-03
-0.318000
-0.578000
-0.712000
-0.809000
-0.693000
-0.391000
-0.106000
9.40000E-02
0.427000
0.954000
1.72400
2.31100
2.62600
2.51100
1.90500
1.05700
7.60000E-02
-0.742000
-1.36000
-1.60800
-1.62600
-1.94100
-2.17800
-2.25600
-2.20800
-2.19600
-2.23800
-1.87500
-1.34200
-0.645000
0.227000
1.30600
2.29900
2.97200
3.08100
2.74100
1.93600
0.773000
-0.275000
-0.996000
-1.53600
-1.76000
-1.80800
-2.02600
-2.01400
-1.96000
-1.75400
-1.50500
-1.13000
-0.657000
-0.154000
0.451000
0.900000
1.00300
0.979000
0.966000
0.912000
0.694000
0.488000
0.548000
0.833000
1.11200
1.34800
1.69900
2.07500
2.05100
1.53000
0.639000
-0.378000
-1.28700
-1.89900
-2.14100
-2.17800
-2.25600
-2.30500
-2.14100
-1.58400
-0.687000
0.567000
2.00200
2.74100
2.50500
1.79600
1.02100
0.373000
-5.70000E-02
-0.209000
5.80000E-02
0.470000
0.494000
0.451000
0.524000
0.464000
0.391000
0.324000
0.324000
0.185000
-9.40000E-02
-0.312000
-0.312000
-0.112000
0.155000
0.300000
0.500000
0.985000
1.53600
1.73000
1.31200
0.573000
-0.251000
-0.990000
-1.49900
-1.76000
-1.74800
-1.48100
-1.06900
-5.70000E-02
1.72400
3.78900
4.15300
2.96500
1.70500
0.621000
-0.179000
-0.809000
-1.42000
-1.90500
-2.26900
-2.57700
-2.77100
-2.80200
-2.87400
-3.04400
-3.14100
-3.03800
-2.69900
-1.82600
-0.275000
2.96500
4.91600
2.99600
1.40300
0.246000
-0.566000
-1.16000
-1.62600
-1.78400
-1.85100
-1.87500
-1.87500
-1.83200
-1.77200
-1.74800
-1.63200
-1.48700
-1.24500
-0.954000
-0.645000
-0.136000
0.597000
1.48100
2.19600
2.57200
2.58400
2.26300
1.37200
0.506000
-0.203000
-0.790000
-1.14200
-1.16600
-1.36000
-1.31700
-1.24500
-1.12400
-0.930000
-0.572000
-1.00000E-01
0.530000
1.28100
1.84500
2.05100
1.85100
1.41500
0.809000
0.143000
-0.421000
-0.712000
-0.748000
-0.621000
-6.30000E-02
0.651000
1.22700
1.76000
2.05100
2.00200
1.56000
0.942000
0.451000
6.40000E-02
-0.421000
-0.790000
-1.03300
-1.23900
-1.32300
-1.24500
-0.978000
-0.639000
-0.269000
0.106000
0.748000
1.54200
2.30500
2.71700
2.53500
1.99600
1.12400
0.209000
-0.445000
-0.796000
-1.22700
-1.52900
-2.02600
-2.26200
-2.32300
-2.27500
-1.98400
-1.46900
-0.572000
0.724000
2.85000
4.93400
2.79600
1.14800
-1.00000E-01
-0.978000
-1.51100
-1.87500
-1.95400
-2.00200
-1.92900
-1.89300
-1.72900
-1.43900
-0.869000
-0.118000
0.736000
1.59600
2.24500
2.43800
2.17200
1.60900
0.894000
0.379000
-8.20000E-02
-0.275000
-0.427000
-0.609000
-0.887000
-1.16000
-1.45100
-1.65700
-1.75400
-1.73500
-1.61400
-1.45100
-1.22000
-0.603000
0.403000
1.53600
2.52900
2.89900
2.60800
1.97800
1.30600
0.760000
0.421000
0.191000
5.80000E-02
0.209000
0.258000
0.233000
0.276000
0.106000
-0.221000
-0.578000
-0.881000
-1.26300
-1.55400
-1.71100
-1.71700
-1.58400
-1.29300
-0.481000
3.78900
4.03200
4.02000
2.81400
1.51800
0.336000
-0.548000
-1.29900
-1.75400
-2.06900
-2.31100
-2.37800
-2.68000
-3.03200
-3.23800
-3.10400
-2.72300
-2.37100
-1.68100
-0.693000
0.639000
2.42600
3.10500
2.37800
1.46300
0.724000
-1.50000E-02
-0.687000
-1.05100
-1.21400
-1.17800
-1.20200
-1.26300
-1.12400
-1.03900
-0.803000
-0.500000
5.20000E-02
0.700000
1.25100
1.48100
1.32400
0.882000
0.239000
-0.336000
-0.772000
-1.07500
-1.18400
-1.08100
-1.11800
-0.978000
-0.566000
-5.70000E-02
0.676000
1.42700
2.04500
1.97200
1.69300
1.17800
0.500000
-6.30000E-02
-0.572000
-0.930000
-1.20800
-1.57200
-1.77800
-1.74800
-1.54200
-1.22000
-0.924000
-0.385000
0.276000
1.13600
1.99600
2.55400
2.31700
1.67500
0.760000
2.70000E-02
-0.354000
-0.687000
-0.930000
-0.869000
-0.918000
-0.887000
-0.887000
-0.754000
-0.481000
-0.251000
3.30000E-02
0.500000
1.00300
1.25100
1.20900
1.03300
0.718000
0.324000
-3.90000E-02
-0.366000
-0.639000
-0.687000
-0.693000
-0.839000
-1.04500
-1.07500
-0.760000
-0.209000
0.445000
0.882000
1.02700
1.13000
1.25100
1.27500
1.10000
0.688000
0.246000
-0.106000
-0.494000
-1.06300
-1.54800
-1.60200
-1.45100
-1.49900
-1.53600
-1.17800
-0.330000
1.12400
2.80800
3.23800
2.56000
1.24500
3.00000E-03
-0.948000
-1.51100
-1.72900
-1.34200
-0.893000
-0.354000
0.379000
1.05700
1.42100
1.30600
0.930000
0.567000
0.264000
-3.30000E-02
-0.469000
-0.742000
-0.597000
-1.00000E-01
0.294000
0.597000
0.682000
0.639000
0.639000
0.603000
0.536000
0.367000
8.20000E-02
-0.209000
-0.403000
-0.554000
-0.518000
-0.348000
-7.60000E-02
0.191000
0.591000
1.10600
1.50600
1.56600
1.29400
0.833000
0.264000
-0.445000
-1.00200
-1.46300
-1.73500
-1.73500
-1.59600
-1.45700
-1.24500
-0.930000
-0.451000
0.191000
0.815000
1.26900
1.42100
1.24500
0.882000
0.494000
6.40000E-02
-0.433000
-0.790000
-0.912000
-0.905000
-0.912000
-0.803000
-0.736000
-0.639000
-0.500000
-0.263000
-0.185000
-0.124000
4.00000E-02
0.221000
0.500000
0.760000
0.724000
0.330000
-0.288000
-0.790000
-1.10500
-1.34800
-1.32300
-1.07500
-0.487000
0.355000
1.48100
2.69300
3.07500
2.91100
1.95400
0.760000
-0.257000
-0.960000
-1.50500
-1.72300
-1.97200
-2.21400
-2.17800
-2.02600
-1.86300
-1.53600
-1.02700
-0.360000
0.397000
1.25700
2.10500
2.83800
3.00800
2.93500
2.52300
1.77800
0.906000
0.239000
-0.227000
-0.481000
-0.572000
-0.578000
-0.948000
-1.12400
-1.31700
-1.54800
-1.66900
-1.82000
-1.94100
-1.88700
-1.64500
-0.845000
0.439000
2.40200
4.96500
4.71000
2.81400
1.14800
-7.00000E-02
-0.748000
-1.08100
-1.31700
-1.29300
-1.43300
-1.23900
-1.03300
-0.809000
-0.718000
-0.657000
-0.554000
-0.518000
-0.512000
-0.560000
-0.627000
-0.590000
-0.403000
-7.60000E-02
0.373000
1.24500
2.46300
3.69800
4.35300
2.69900
0.930000
-0.560000
-1.46300
-2.09300
-2.44400
-2.55300
-2.63800
-2.66800
-2.60200
-2.49300
-2.46800
-2.22600
-1.72300
-1.13000
-0.294000
0.645000
1.53600
2.19600
2.17800
1.88700
1.35400
0.742000
0.270000
-8.20000E-02
-0.524000
-0.912000
-1.11800
-1.29300
-1.22000
-1.17800
-1.10500
-1.00800
-0.893000
-0.790000
-0.451000
7.00000E-02
0.603000
0.918000
0.863000
0.573000
0.239000
-1.50000E-02
-0.221000
-0.148000
-0.154000
-0.239000
-0.409000
-0.548000
-0.445000
-0.251000
-0.142000
-0.112000
-3.00000E-03
0.203000
0.397000
0.573000
0.815000
1.02700
1.02700
0.869000
0.524000
7.60000E-02
-0.318000
-0.645000
-0.766000
-0.748000
-0.736000
-0.833000
-0.821000
-0.754000
-0.597000
-0.366000
-4.50000E-02
0.112000
1.00000E-01
0.130000
0.336000
0.597000
0.936000
1.33600
1.51200
1.33000
0.942000
0.355000
-0.154000
-0.615000
-0.942000
-1.05700
-1.01500
-0.845000
-0.615000
-0.312000
-8.80000E-02
9.00000E-03
2.10000E-02
-2.10000E-02
-7.00000E-02
-8.80000E-02
2.10000E-02
0.282000
0.700000
1.14200
1.61500
1.99600
2.13000
1.69300
0.839000
-3.00000E-03
-0.651000
-1.09300
-1.29900
-1.46300
-1.63200
-1.72900
-1.49300
-0.924000
-0.172000
0.833000
1.91700
2.83800
2.94100
2.23900
1.04500
1.50000E-02
-0.566000
-0.893000
-1.00800
-1.02100
-1.20800
-1.26300
-1.13600
-0.766000
-0.415000
-0.118000
0.106000
0.330000
0.645000
1.09400
1.54200
1.86300
2.12300
2.07500
1.55400
0.809000
8.20000E-02
-0.633000
-1.26900
-1.69300
-1.95400
-1.86900
-1.62000
-1.16600
-0.657000
8.80000E-02
1.10600
2.13600
2.50500
2.08100
1.34800
0.554000
-9.00000E-03
-0.433000
-0.675000
-0.572000
-0.397000
-0.590000
-0.796000
-0.887000
-0.815000
-0.706000
-0.633000
-0.542000
-0.209000
0.270000
0.906000
1.75400
2.65700
2.91100
2.35400
1.26300
8.20000E-02
-0.924000
-1.73500
-2.38400
-2.46200
-2.58400
-2.63200
-2.68700
-2.76500
-2.80800
-2.60200
-2.02600
-1.06900
0.306000
2.10500
3.43200
2.89300
1.46300
0.106000
-0.784000
-1.24500
-1.52300
-1.58400
-1.42000
-1.14200
-0.827000
-0.421000
4.00000E-02
0.421000
0.639000
0.530000
0.282000
-2.10000E-02
-0.403000
-0.700000
-0.815000
-0.912000
-1.07500
-1.02700
-0.651000
-0.160000
0.445000
1.23300
1.71200
1.95400
1.65100
1.33600
0.918000
0.494000
3.00000E-03
-0.457000
-0.712000
-0.863000
-1.03300
-1.14800
-1.22000
-1.27500
-1.22700
-1.08100
-0.827000
-0.469000
-3.30000E-02
0.415000
0.760000
0.942000
0.918000
0.821000
0.645000
0.664000
0.845000
1.07500
1.30000
1.17800
0.585000
-0.209000
-0.936000
-1.56000
-1.99600
-2.22000
-2.11100
-1.84400
-1.42000
-0.530000
0.742000
2.05100
2.65000
2.00800
1.05700
0.185000
-0.421000
-0.760000
-0.863000
-0.645000
-0.578000
-0.494000
-0.439000
-0.500000
-0.439000
-0.221000
0.306000
0.985000
1.61500
2.04500
1.96000
1.47500
0.760000
6.40000E-02
-0.572000
-1.08100
-1.40800
-1.56000
-1.39000
-0.990000
-0.439000
0.324000
1.25100
1.98400
2.26900
2.06900
1.41500
0.651000
-0.106000
-0.700000
-1.11800
-1.32300
-1.62600
-1.56000
-1.25700
-0.796000
-0.209000
0.518000
1.31800
2.12300
2.57200
2.35400
1.76600
1.06300
0.476000
-0.106000
-0.578000
-0.809000
-0.960000
-1.06900
-1.09300
-1.09900
-1.06300
-1.03300
-0.996000
-1.02700
-1.07500
-0.857000
-0.385000
0.203000
0.960000
1.78400
2.30500
2.25100
1.62700
0.918000
0.288000
-0.106000
-0.403000
-0.597000
-0.487000
-0.512000
-0.518000
-0.663000
-0.790000
-0.790000
-0.778000
-0.760000
-0.627000
-0.481000
-0.233000
8.20000E-02
0.409000
0.609000
0.476000
0.252000
7.60000E-02
0.264000
0.918000
1.84500
2.29300
1.51200
0.276000
-0.754000
-1.48700
-1.89900
-1.86300
-1.76000
-1.60200
-1.14800
-0.481000
0.124000
0.712000
1.26900
1.66900
1.86900
1.72400
1.26900
0.470000
-0.215000
-0.712000
-0.990000
-1.13000
-1.42000
-1.66300
-1.67500
-1.43300
-1.18400
-0.821000
-0.306000
0.252000
0.688000
0.766000
0.585000
0.451000
0.470000
0.712000
1.28700
2.03900
2.58400
2.06900
0.906000
-0.306000
-1.09300
-1.57800
-1.99600
-2.14700
-2.19600
-1.96600
-1.75400
-1.56600
-1.28100
-0.839000
-0.330000
0.312000
1.06900
2.00200
2.81400
2.76000
1.97200
0.966000
0.136000
-0.348000
-0.663000
-0.948000
-1.04500
-1.28700
-1.48700
-1.60800
-1.62000
-1.48700
-1.27500
-0.845000
-0.348000
0.427000
1.49900
2.54100
3.06200
2.85600
1.80800
0.573000
-0.415000
-1.04500
-1.48100
-1.52900
-1.65700
-1.74100
-1.68100
-1.49900
-1.08100
-0.554000
5.20000E-02
0.597000
0.954000
1.14800
1.26900
1.46300
1.74200
2.06300
2.20800
1.98400
1.41500
0.748000
0.161000
-0.227000
-0.409000
-0.403000
-0.403000
-0.469000
-0.518000
-0.590000
-0.706000
-0.803000
-0.912000
-0.978000
-0.905000
-0.639000
-0.142000
0.664000
1.82100
3.09900
4.12300
3.94100
2.65000
1.28100
0.124000
-0.681000
-1.24500
-1.64500
-1.82000
-2.06300
-2.19600
-2.27500
-2.23800
-2.19600
-1.92900
-1.51700
-0.778000
0.306000
1.76000
2.88700
2.55400
1.34800
0.161000
-0.542000
-0.857000
-0.851000
-0.427000
0.227000
0.960000
1.80800
2.63200
3.13500
3.32900
2.70500
1.37200
0.179000
-0.639000
-1.38400
-1.88100
-2.13500
-2.38400
-2.45600
-2.49900
-2.48700
-2.49900
-2.46800
-2.31100
-1.98400
-0.118000
1.52400
2.51700
2.60800
2.19600
1.71800
0.906000
0.203000
-0.348000
-0.706000
-1.13000
-1.57200
-1.92900
-2.23800
-2.52300
-2.63200
-2.53500
-2.54700
-2.35900
-2.19000
-2.02000
-1.53600
-0.815000
0.361000
1.64500
2.39000
2.34800
1.82100
1.34200
0.766000
0.451000
8.80000E-02
-0.179000
-0.500000
-0.839000
-0.948000
-1.05100
-1.43900
-1.54800
-1.62000
-1.59000
-1.31100
-1.17200
-0.930000
-0.578000
9.00000E-03
0.542000
1.06300
1.44500
1.46900
1.24500
0.942000
0.567000
0.330000
6.40000E-02
-0.263000
-0.306000
-0.245000
-0.221000
-0.130000
-2.10000E-02
2.70000E-02
-8.80000E-02
-0.257000
-0.378000
-0.439000
-0.445000
-0.500000
-0.554000
-0.427000
-6.30000E-02
0.476000
1.03300
1.48100
1.73000
1.70500
1.45100
1.08100
0.609000
0.167000
-0.112000
-0.330000
-0.754000
-1.07500
-1.31700
-1.23900
-0.960000
-0.590000
-7.60000E-02
0.670000
1.39700
2.11700
2.52900
2.26900
1.71200
1.03300
0.270000
-0.354000
-1.03300
-1.59600
-1.60800
-1.66300
-1.39600
-1.45700
-1.17200
-0.494000
0.403000
1.94800
3.66800
4.77100
3.92900
2.19600
0.748000
-0.330000
-0.972000
-1.52900
-1.60800
-1.65100
-1.89300
-2.14700
-2.17200
-1.81400
-1.48700
-1.02700
-0.403000
0.639000
2.00800
3.29900
3.72300
2.98400
1.84500
0.760000
-0.124000
-0.833000
-1.43900
-1.27500
-1.13000
-1.06900
-0.639000
0.149000
1.06900
1.51200
1.54800
1.30000
0.876000
0.282000
-0.306000
-0.524000
-0.572000
-0.348000
-5.70000E-02
0.373000
0.900000
1.28100
1.71800
2.17800
2.48700
2.39000
1.63300
0.494000
-0.457000
-1.20800
-1.85100
-2.22600
-2.39600
-2.59600
-2.52900
-2.35900
-1.89900
-1.15400
0.130000
2.22000
4.38300
5.05500
3.28100
1.39000
-0.197000
-1.19000
-1.72900
-2.17800
-2.37800
-2.65600
-2.82600
-2.99500
-3.13500
-3.20700
-3.24400
-3.29800
-3.12900
-2.65000
-1.46300
0.894000
5.77000
4.15300
2.26300
0.700000
-0.445000
-1.14800
-1.49900
-1.82000
-1.79600
-1.87500
-1.77800
-1.80200
-1.92900
-1.96600
-1.88100
-1.65700
-1.46300
-1.14800
-0.863000
-0.530000
-3.30000E-02
0.451000
0.839000
1.24500
1.54800
1.58400
1.44500
1.04500
0.936000
0.972000
0.942000
0.876000
0.676000
0.367000
-0.166000
-0.645000
-1.00800
-1.33000
-1.72900
-2.11700
-2.29300
-2.22000
-2.00200
-1.72300
-1.41400
-0.905000
3.00000E-03
1.20900
2.61400
3.13500
2.75300
1.83900
1.00900
0.373000
9.00000E-03
-0.245000
-4.50000E-02
0.161000
0.421000
0.833000
1.01500
0.821000
0.603000
0.427000
0.415000
0.548000
0.664000
0.627000
0.476000
0.161000
-0.372000
-0.742000
-0.960000
-1.03300
-1.00200
-0.809000
-0.112000
1.22100
3.11100
5.38900
5.37000
3.74700
2.34200
1.19700
0.397000
-9.40000E-02
-0.421000
-0.578000
-0.796000
-1.28100
-1.61400
-1.84400
-1.96000
-2.15300
-2.45000
-2.72900
-2.85000
-2.68700
-2.21400
-1.22000
1.02700
6.57600
5.70400
3.77100
2.12300
0.815000
-6.30000E-02
-0.657000
-1.16000
-1.45100
-1.64500
-1.85100
-2.01400
-2.17200
-2.26900
-2.22000
-1.99600
-1.70500
-1.34800
-0.972000
-0.633000
-0.106000
0.670000
1.72400
3.01400
4.17700
4.33500
2.75300
0.863000
-0.554000
-1.27500
-1.78400
-2.05600
-2.48100
-2.74700
-2.74100
-2.61400
-2.60800
-2.65600
-2.65600
-2.40200
-1.99600
-1.11800
0.324000
2.67500
4.71600
3.16500
1.50600
-3.00000E-03
-0.996000
-1.39600
-1.69900
-1.39000
-1.11800
-0.845000
-0.475000
-0.366000
-0.397000
-0.536000
-0.603000
-0.500000
-0.233000
-0.257000
-0.348000
-0.469000
-0.603000
-0.718000
-0.597000
-0.154000
0.391000
0.960000
1.48700
1.87500
1.75400
1.23300
0.512000
-0.215000
-0.766000
-1.20200
-1.44500
-1.52900
-1.64500
-1.72900
-1.71100
-1.71100
-1.75400
-1.72900
-1.59600
-1.33000
-0.627000
0.797000
2.80200
4.14100
3.50500
1.95400
0.518000
-0.439000
-1.04500
-1.31700
-1.35400
-1.34800
-1.50500
-1.55400
-1.48700
-1.28100
-1.17800
-1.13000
-1.14200
-1.02100
-0.615000
7.60000E-02
0.936000
1.93600
3.02600
3.63200
3.45600
2.43800
1.22100
0.300000
-0.300000
-0.827000
-1.24500
-1.59000
-1.95400
-1.99000
-1.89300
-1.89300
-1.98400
-1.90500
-1.50500
-0.815000
5.80000E-02
1.60200
3.37100
4.62500
4.34700
2.73500
1.20300
0.112000
-0.700000
-1.36000
-1.52900
-1.60800
-1.97200
-2.19000
-2.19600
-2.01400
-1.65700
-1.17200
-0.385000
0.857000
2.23900
3.14700
3.29300
2.41400
1.31200
0.536000
0.130000
-0.160000
-0.385000
-0.530000
-0.760000
-0.984000
-1.19000
-1.36600
-1.48700
-1.42600
-1.18400
-0.706000
9.40000E-02
1.05700
1.88100
2.29900
1.87500
1.16000
0.427000
-5.10000E-02
-0.372000
-0.693000
-0.778000
-0.784000
-0.784000
-0.790000
-1.03900
-1.29900
-1.25100
-0.954000
-0.554000
1.50000E-02
0.664000
1.06300
1.17800
1.00900
0.694000
0.276000
-3.90000E-02
-0.300000
-0.366000
-0.275000
-0.306000
-0.403000
-0.294000
-7.60000E-02
4.00000E-02
-2.10000E-02
-0.257000
-0.427000
-0.494000
-0.445000
-0.324000
-0.421000
-0.572000
-0.627000
-0.566000
-0.372000
-0.112000
0.246000
0.639000
0.900000
1.16000
1.38400
1.43900
1.30600
0.930000
0.355000
-0.118000
-0.457000
-0.766000
-0.960000
-1.00800
-0.930000
-0.893000
-0.984000
-1.05700
-1.13000
-1.16600
-1.11100
-0.954000
-0.663000
-0.185000
0.500000
1.35400
2.46300
3.10500
3.05600
2.21400
1.13600
0.318000
-0.372000
-0.924000
-1.19000
-1.36000
-1.41400
-1.46300
-1.48700
-1.43900
-1.49300
-1.55400
-1.46300
-1.31700
-1.09900
-0.790000
-0.391000
0.167000
1.03300
1.97800
2.57800
2.66900
2.27500
1.68100
1.06900
0.524000
-0.148000
-0.887000
-1.36600
-1.70500
-1.82600
-1.96600
-2.02600
-1.97800
-1.88700
-1.89900
-1.61400
-0.984000
-6.30000E-02
1.05100
2.28700
2.94700
2.58400
1.34200
0.203000
-0.445000
-0.857000
-1.23900
-1.05100
-0.742000
-0.348000
0.197000
0.754000
1.16600
1.14800
0.766000
0.106000
-0.542000
-1.05100
-1.27500
-1.28700
-1.32300
-1.14200
-0.700000
-5.70000E-02
0.712000
1.63300
2.26900
2.29300
1.85700
1.13600
0.421000
-7.60000E-02
-0.469000
-0.736000
-0.936000
-1.08100
-1.39600
-1.34200
-1.07500
-0.748000
-0.500000
-0.166000
0.233000
0.670000
0.985000
1.03300
0.930000
0.664000
0.282000
3.00000E-03
-0.233000
-0.233000
-0.136000
-0.136000
-0.203000
-0.191000
-9.40000E-02
9.00000E-03
0.143000
0.330000
0.561000
0.845000
1.05100
0.912000
0.476000
3.00000E-03
-0.463000
-0.803000
-0.942000
-1.09300
-1.34200
-1.42600
-1.29900
-1.16000
-0.930000
-0.500000
0.155000
1.00300
1.89900
2.24500
1.90500
1.19700
0.458000
-0.148000
-0.506000
-0.639000
-0.560000
-0.524000
-0.275000
0.112000
0.494000
0.791000
0.785000
0.433000
-8.20000E-02
-0.615000
-1.03900
-1.34800
-1.48100
-1.46300
-1.19600
-0.669000
7.00000E-02
1.07500
2.30500
3.06800
2.92900
1.82100
0.573000
-0.397000
-1.02700
-1.49300
-1.52900
-1.51700
-1.23300
-0.760000
-0.112000
0.458000
0.894000
1.00900
0.645000
8.20000E-02
-0.366000
-0.584000
-0.663000
-0.663000
-0.560000
-0.269000
0.106000
0.451000
0.597000
0.488000
0.276000
0.143000
6.40000E-02
1.00000E-01
0.179000
0.118000
-2.70000E-02
-0.118000
-0.215000
-0.294000
-0.360000
-0.372000
-0.409000
-0.469000
-0.512000
-0.518000
-0.566000
-0.590000
-0.669000
-0.784000
-0.875000
-0.833000
-0.869000
-0.984000
-0.924000
-0.657000
-0.203000
0.258000
0.657000
0.954000
1.06300
0.912000
0.548000
3.30000E-02
-0.403000
-0.584000
-0.590000
-0.542000
-0.518000
-0.572000
-0.639000
-0.784000
-0.893000
-0.887000
-0.718000
-0.203000
0.427000
0.936000
1.10000
0.966000
0.700000
0.530000
0.548000
0.470000
0.312000
0.318000
0.391000
0.476000
0.421000
0.203000
-0.124000
-0.469000
-0.700000
-0.675000
-0.197000
0.530000
1.63900
2.69900
2.99000
2.54100
1.60200
0.682000
0.124000
-0.209000
-0.391000
-0.263000
-0.263000
-0.324000
-0.257000
-0.136000
2.70000E-02
0.330000
0.736000
1.11800
1.35400
1.37800
1.13000
0.718000
0.318000
-0.112000
-0.366000
-0.118000
0.682000
2.57800
5.31600
4.32900
3.07500
1.78400
0.688000
-0.185000
-0.930000
-1.53600
-1.77800
-2.02000
-2.19600
-2.51700
-2.71100
-2.83200
-2.82600
-2.87400
-2.75300
-2.48100
-1.87500
-0.742000
2.02000
6.15800
4.65600
2.97200
1.62700
0.639000
-1.00000E-01
-0.760000
-1.29300
-1.49300
-1.66300
-1.92900
-2.09300
-2.38400
-2.58400
-2.75300
-2.83200
-2.94100
-2.96500
-2.86800
-2.53500
-1.73500
-0.397000
1.61500
4.77700
3.01400
1.17200
-0.227000
-1.19600
-1.80200
-2.17200
-2.18400
-2.11700
-1.79000
-1.29300
-0.803000
-0.257000
0.488000
1.10600
1.17800
0.736000
4.60000E-02
-0.621000
-0.954000
-1.11100
-1.20200
-1.16600
-1.23900
-1.07500
-0.833000
-0.524000
-0.209000
1.50000E-02
0.185000
0.246000
0.167000
9.40000E-02
5.80000E-02
1.50000E-02
8.20000E-02
0.342000
0.688000
0.942000
0.960000
0.815000
0.518000
0.276000
0.185000
1.50000E-02
-0.306000
-0.645000
-0.887000
-0.899000
-0.712000
-0.409000
-0.409000
-0.572000
-0.609000
-0.294000
7.60000E-02
0.470000
0.809000
1.23300
1.73600
2.12300
2.29900
2.16000
1.79600
1.16000
0.645000
0.124000
-0.463000
-0.905000
-1.07500
-1.24500
-1.20800
-1.16600
-1.17200
-1.22000
-0.984000
-0.560000
-8.80000E-02
0.397000
1.05700
1.86900
2.59000
2.71100
2.06300
1.15400
0.318000
-0.209000
-0.681000
-0.966000
-0.706000
-0.554000
-0.385000
-0.330000
-0.106000
0.258000
0.706000
1.14800
1.59000
1.99600
2.22000
2.05100
1.68100
1.20300
0.748000
0.367000
-3.90000E-02
-0.191000
-0.197000
-0.415000
-0.821000
-1.20200
-1.44500
-1.29900
-1.00200
-0.736000
-0.506000
-0.136000
0.524000
1.45700
2.46300
3.28100
3.71700
3.34100
2.31700
1.38400
0.518000
-3.90000E-02
-0.312000
-0.481000
-0.627000
-1.17800
-1.44500
-1.54200
-1.63200
-1.82000
-1.95400
-2.00200
-1.84400
-1.89900
-1.82600
-1.46900
-0.778000
0.233000
1.63900
3.14100
3.62000
3.13500
2.22600
1.20300
0.221000
-0.500000
-0.972000
-1.29300
-1.22000
-1.28100
-1.43300
-1.39600
-1.24500
-1.14800
-1.19600
-1.33600
-1.56000
-1.68100
-1.56600
-1.23300
-0.948000
-0.475000
1.41500
2.97200
3.45000
2.21400
0.966000
3.00000E-03
-0.821000
-1.28100
-1.63800
-2.00200
-2.26200
-2.35900
-2.49300
-2.63200
-2.55900
-2.14100
-1.68100
-0.790000
0.730000
3.12300
3.91700
2.23200
0.561000
-0.475000
-0.978000
-1.19600
-1.66900
-1.64500
-1.62600
-1.54200
-1.56600
-1.49900
-1.23900
-0.748000
-6.30000E-02
0.676000
1.16600
1.40900
1.39000
1.49900
1.54800
1.53000
1.26300
0.760000
0.276000
-0.136000
-0.421000
-0.693000
-0.905000
-0.984000
-0.899000
-0.730000
-0.687000
-0.693000
-0.693000
-0.512000
-0.106000
0.209000
0.409000
0.651000
0.960000
1.22700
1.30000
1.42100
1.65700
1.56600
1.39700
1.05700
0.718000
0.409000
9.00000E-03
-0.372000
-0.615000
-0.724000
-0.772000
-0.972000
-1.22000
-1.37800
-1.28100
-1.00800
-0.633000
-0.421000
-0.179000
0.276000
1.12400
1.97200
2.61400
2.56000
1.86900
0.888000
-3.90000E-02
-0.784000
-1.26900
-1.58400
-1.96600
-1.90500
-1.60800
-0.978000
-0.209000
0.924000
2.13000
3.07500
2.78400
1.76000
0.615000
-0.306000
-0.742000
-1.02700
-1.11100
-1.23300
-1.37200
-1.36600
-1.16000
-0.536000
0.276000
1.19700
2.44500
3.40800
3.60200
2.79600
1.75400
0.773000
9.00000E-03
-0.421000
-0.542000
-0.451000
-0.669000
-0.893000
-0.857000
-0.736000
-0.887000
-1.00800
-0.827000
-0.348000
0.258000
3.23800
4.00700
3.25600
2.17800
1.37200
0.512000
-0.209000
-0.572000
-0.954000
-1.31700
-1.51100
-1.78400
-2.03800
-2.35900
-2.74700
-2.59000
-2.51100
-2.48700
-2.28700
-1.82600
-0.578000
2.00800
4.18900
2.76600
1.44500
0.421000
-0.185000
-0.615000
-0.978000
-1.39000
-1.42600
-1.38400
-1.49300
-1.60800
-1.56600
-1.19000
-0.669000
-0.148000
-5.70000E-02
-7.60000E-02
-6.30000E-02
-0.203000
-0.300000
-0.166000
0.264000
0.542000
0.542000
0.603000
0.530000
0.421000
8.20000E-02
-0.481000
-0.760000
-0.712000
-0.500000
-0.487000
-0.518000
-0.590000
-0.542000
-0.463000
-0.282000
-8.20000E-02
0.270000
0.494000
0.421000
0.252000
-3.30000E-02
-0.275000
-0.445000
-0.645000
-0.912000
-1.07500
-1.14800
-1.13000
-0.827000
-0.391000
0.112000
0.857000
1.68100
1.87500
1.60900
1.22700
0.524000
-0.160000
-0.633000
-0.930000
-1.09900
-1.37800
-1.68700
-1.71100
-1.55400
-1.34200
-1.25100
-1.04500
-0.530000
0.330000
1.54800
2.69300
2.88100
2.28100
1.16600
0.306000
-0.257000
-0.590000
-0.966000
-1.26900
-1.61400
-1.82000
-1.82000
-1.46300
-1.01500
-0.724000
-0.257000
0.591000
1.61500
2.57200
2.82000
2.21400
1.07500
4.00000E-02
-0.669000
-1.25100
-1.57800
-1.56000
-1.51100
-1.29300
-1.03300
-0.427000
0.742000
2.45100
3.60800
3.45000
2.17800
0.912000
-0.112000
-0.815000
-1.32300
-1.40800
-1.36600
-1.54800
-1.51700
-1.29900
-0.784000
0.161000
1.43900
2.48100
2.89900
2.41400
1.59000
0.815000
0.494000
0.433000
0.348000
8.80000E-02
-0.166000
-0.451000
-0.584000
-0.518000
-0.360000
-0.215000
-0.245000
-0.197000
6.40000E-02
0.373000
0.785000
1.16000
1.25100
1.30000
1.17800
0.991000
0.664000
0.233000
-0.263000
-0.736000
-1.03900
-1.16600
-1.07500
-0.954000
-0.766000
-0.354000
0.118000
0.573000
0.900000
0.948000
0.688000
0.409000
0.215000
0.124000
-0.112000
-0.330000
-0.524000
-0.542000
-0.409000
-0.221000
-0.185000
-0.312000
-0.566000
-0.748000
-0.851000
-0.839000
-0.712000
-0.724000
-0.663000
-0.378000
-0.112000
-6.30000E-02
-0.154000
-0.275000
-0.463000
-0.681000
-0.730000
-0.615000
-0.385000
-8.80000E-02
0.336000
0.651000
0.718000
0.567000
0.300000
9.00000E-03
-0.294000
-0.615000
-0.869000
-1.03300
-1.14200
-1.36600
-1.53600
-1.51100
-1.46900
-1.26300
-0.905000
-0.445000
0.197000
0.942000
1.70500
2.13000
1.99000
1.46900
0.773000
7.00000E-02
-0.687000
-1.28100
-1.55400
-1.80800
-1.94700
-1.80200
-1.45100
-0.893000
-5.10000E-02
0.991000
1.83900
2.23200
1.70500
0.809000
2.10000E-02
-0.639000
-1.06300
-1.22000
-1.08700
-0.784000
-0.463000
-0.106000
0.330000
0.954000
1.52400
1.66300
1.42100
0.954000
0.445000
9.00000E-03
-0.239000
-0.275000
-0.227000
-0.245000
-0.203000
-0.203000
-0.300000
-0.348000
-0.282000
-0.257000
-8.20000E-02
0.306000
0.651000
0.857000
0.869000
0.748000
0.645000
0.597000
0.591000
0.579000
0.670000
0.718000
0.688000
0.615000
0.445000
0.300000
0.112000
-0.142000
-0.378000
-0.524000
-0.512000
-0.445000
-0.500000
-0.269000
-1.50000E-02
0.355000
0.863000
1.33000
1.57200
1.58400
1.30600
0.888000
0.518000
0.203000
-2.70000E-02
-0.251000
-0.360000
-0.433000
-0.451000
-0.572000
-0.687000
-0.772000
-0.839000
-0.960000
-0.875000
-0.590000
-9.40000E-02
0.433000
0.954000
1.45100
1.71200
1.46900
0.900000
0.252000
-0.427000
-0.833000
-1.05100
-0.839000
-0.724000
-0.633000
-0.487000
-0.263000
-4.50000E-02
-6.30000E-02
-0.191000
-0.348000
-0.542000
-0.548000
-0.282000
0.118000
0.597000
1.00900
1.20900
1.02700
0.579000
6.40000E-02
-0.312000
-0.481000
-0.500000
-0.463000
-0.578000
-0.724000
-0.724000
-0.621000
-0.342000
7.00000E-02
0.500000
0.857000
1.05100
0.966000
0.676000
0.306000
-0.118000
-0.609000
-0.996000
-1.26300
-1.43900
-1.35400
-1.05100
-0.645000
-0.233000
0.342000
1.00900
1.41500
1.36600
0.918000
0.282000
-0.263000
-0.651000
-0.742000
-0.366000
0.258000
1.10600
1.61500
1.30600
0.500000
-0.324000
-1.03900
-1.61400
-1.99000
-2.20800
-2.31100
-2.25000
-1.88100
-1.26300
-0.154000
1.46900
3.55300
3.86800
2.22600
0.839000
-0.142000
-0.718000
-1.08100
-1.34800
-1.31700
-1.28100
-1.27500
-1.43300
-1.59000
-1.57200
-1.45100
-1.22000
-0.887000
-0.342000
0.524000
1.53000
2.37800
2.36000
1.48700
0.306000
-0.542000
-0.984000
-1.25100
-1.33600
-1.33600
-1.29300
-0.984000
-0.500000
0.106000
0.645000
1.36000
1.92400
2.21400
2.15400
1.81400
1.14800
0.342000
-0.500000
-1.22700
-1.82000
-2.21400
-2.44400
-2.43800
-2.25000
-1.89900
-1.43900
-0.530000
1.10000
3.02600
4.23800
3.00800
1.42700
0.124000
-0.651000
-0.978000
-1.22000
-1.08100
-0.990000
-0.778000
-0.397000
0.197000
0.815000
1.18400
1.19700
1.05700
0.742000
0.415000
5.20000E-02
-0.148000
-0.160000
-3.00000E-03
0.136000
8.20000E-02
-2.70000E-02
-0.239000
-0.336000
-0.421000
-0.209000
0.464000
1.59600
3.31100
5.29800
3.08700
1.22100
-0.154000
-1.07500
-1.60800
-2.05600
-2.19600
-2.32900
-2.35900
-2.46800
-2.48700
-2.20800
-2.12300
-1.68100
-1.11100
-0.233000
0.869000
1.99000
2.34800
1.97800
1.37800
0.930000
0.766000
0.815000
0.803000
0.615000
0.130000
-0.415000
-0.857000
-1.14800
-1.28700
-1.52900
-1.57800
-1.19600
-0.584000
3.30000E-02
0.712000
1.45100
1.80800
1.66300
1.03300
0.227000
-0.548000
-1.12400
-1.51100
-1.59600
-1.66300
-1.61400
-1.48700
-1.14800
-0.675000
3.30000E-02
0.900000
1.84500
2.69300
2.86900
2.50500
1.65700
0.821000
0.185000
-0.312000
-0.675000
-0.693000
-0.833000
-1.02100
-1.24500
-1.54800
-1.76000
-1.94700
-2.21400
-2.40800
-2.39600
-2.20800
-1.94700
-1.29300
-0.179000
1.18400
2.79600
3.55900
3.28700
2.12300
1.02100
0.130000
-0.378000
-0.724000
-1.05100
-1.03900
-1.22700
-1.28700
-1.34200
-1.48700
-1.54800
-1.61400
-1.71100
-1.82600
-1.81400
-1.49900
-0.845000
0.143000
1.49300
2.94700
3.45000
2.56600
1.34200
0.379000
-0.324000
-0.784000
-1.19000
-1.22700
-1.39000
-1.46300
-1.17800
-0.597000
5.80000E-02
0.700000
1.20300
1.22700
0.924000
0.458000
9.00000E-03
-0.275000
-0.397000
-0.269000
-0.112000
0.288000
0.924000
1.60200
1.96600
1.77800
1.22100
0.476000
-0.275000
-0.724000
-0.984000
-0.936000
-0.851000
-0.687000
-0.348000
8.20000E-02
0.518000
0.906000
1.30000
1.37200
1.20300
0.785000
0.300000
-1.50000E-02
-0.203000
-0.306000
-0.282000
-0.197000
-8.20000E-02
0.112000
0.373000
0.518000
0.397000
0.282000
0.161000
6.40000E-02
-3.90000E-02
-0.136000
-0.179000
-7.60000E-02
0.155000
0.445000
0.712000
1.06900
1.42700
1.62700
1.42700
0.869000
0.203000
-0.245000
-0.639000
-1.06300
-1.39600
-1.48100
-1.29300
-1.01500
-0.700000
-0.385000
-0.172000
-9.40000E-02
8.80000E-02
0.439000
0.930000
1.36600
1.65100
1.88100
2.01400
1.89300
1.56000
0.930000
0.246000
-0.421000
-0.948000
-1.16600
-1.14800
-1.14800
-1.14200
-1.20200
-1.16600
-1.09900
-1.07500
-1.09900
-1.15400
-1.06900
-0.839000
-0.372000
0.342000
1.24500
2.43200
3.17100
3.26200
2.60800
1.61500
0.676000
4.60000E-02
-0.330000
-0.712000
-0.887000
-1.17800
-1.51700
-1.68100
-1.82600
-1.92300
-2.00200
-2.19600
-2.14100
-1.83800
-1.44500
-0.960000
-0.197000
0.815000
2.09900
3.10500
3.66800
3.51100
2.18400
0.670000
-0.348000
-0.912000
-1.39600
-1.57200
-1.58400
-1.76600
-1.69300
-1.62600
-1.51100
-1.26900
-1.11800
-1.10500
-1.10500
-1.12400
-0.978000
-0.663000
-0.160000
0.712000
2.02700
3.47400
3.89800
2.32300
0.482000
-0.760000
-1.39000
-1.87500
-2.14700
-2.27500
-2.38400
-2.32300
-1.88100
-1.43300
-0.996000
-0.572000
-0.239000
0.118000
0.421000
0.567000
0.524000
0.427000
0.306000
0.155000
0.155000
0.282000
0.548000
0.633000
0.445000
0.203000
-6.30000E-02
-0.269000
-0.275000
-0.112000
0.203000
0.512000
0.815000
0.985000
0.906000
0.603000
4.60000E-02
-0.736000
-1.37800
-1.79600
-1.95400
-1.89300
-1.60800
-1.24500
-0.530000
0.494000
1.71200
2.68100
2.82600
2.48700
1.73000
0.785000
-5.70000E-02
-0.748000
-1.20200
-1.15400
-1.14200
-1.16000
-1.19600
-1.28700
-1.37200
-1.36000
-1.17200
-0.990000
-0.772000
-0.221000
0.603000
1.62100
2.23200
2.26300
1.85700
1.05100
0.385000
-0.106000
-0.463000
-0.809000
-0.948000
-1.14800
-1.20800
-1.14800
-0.966000
-0.597000
-5.10000E-02
0.651000
1.46900
2.05100
2.11700
1.68100
0.785000
-3.30000E-02
-0.693000
-1.33600
-1.68700
-1.94700
-1.88700
-1.57200
-0.984000
-8.80000E-02
1.24500
2.70500
3.19000
2.50500
1.17200
3.30000E-02
-0.760000
-1.24500
-1.39000
-1.13000
-0.815000
-0.257000
0.270000
0.573000
0.603000
0.421000
8.20000E-02
-0.300000
-0.542000
-0.645000
-0.724000
-0.742000
-0.639000
-0.348000
-5.70000E-02
0.348000
0.797000
1.05700
1.13000
0.985000
0.567000
7.00000E-02
-0.282000
-0.487000
-0.560000
-0.621000
-0.439000
-0.136000
0.136000
0.415000
0.651000
0.615000
0.445000
0.246000
1.50000E-02
-0.239000
-0.481000
-0.730000
-0.948000
-1.05100
-1.07500
-0.984000
-0.790000
-0.512000
-0.142000
0.258000
0.470000
0.639000
0.869000
1.20300
1.45700
1.31200
1.05100
0.688000
0.336000
4.00000E-02
-0.263000
-0.566000
-0.851000
-1.15400
-1.36600
-1.60800
-1.77800
-1.69300
-1.52900
-1.31100
-1.12400
-0.881000
-0.409000
0.252000
1.01500
1.73600
2.11100
1.78400
1.14200
0.361000
-0.245000
-0.566000
-0.687000
-0.718000
-0.742000
-0.869000
-0.821000
-0.675000
-0.366000
5.20000E-02
0.494000
0.942000
1.15400
1.09400
0.760000
0.246000
-0.306000
-0.809000
-1.17200
-1.35400
-1.49300
-1.39600
-1.09900
-0.566000
0.197000
1.14800
2.26300
3.00800
2.82600
1.99000
1.00900
0.239000
-0.330000
-0.851000
-0.978000
-1.08100
-1.14200
-1.08100
-0.839000
-0.397000
0.149000
0.730000
1.22100
1.42700
1.21500
0.730000
0.197000
-0.312000
-0.778000
-0.972000
-0.809000
-0.542000
-0.136000
0.373000
0.869000
1.15400
1.06300
0.888000
0.639000
0.215000
-0.203000
-0.397000
-0.348000
-0.160000
0.312000
1.06300
1.99000
2.47500
2.24500
1.29400
9.40000E-02
-0.869000
-1.53600
-1.98400
-2.17800
-2.43800
-2.38400
-2.28700
-2.03200
-1.34200
-0.142000
1.26900
2.68700
3.38300
3.08700
2.04500
0.773000
-3.30000E-02
-0.336000
-0.603000
-0.827000
-0.887000
-1.02100
-0.966000
-0.821000
-0.942000
-1.06300
-0.875000
-0.427000
8.80000E-02
0.500000
0.615000
0.385000
-5.70000E-02
-0.372000
-0.590000
-0.457000
-0.112000
0.470000
1.26300
2.02700
2.62600
2.59000
1.86300
0.766000
-0.348000
-1.19600
-1.85700
-2.25600
-2.48100
-2.52900
-2.57700
-2.52300
-2.22600
-1.70500
-0.857000
0.342000
1.82700
3.55900
3.63200
1.83300
0.403000
-0.597000
-1.16600
-1.65100
-1.82000
-1.76000
-1.61400
-1.43300
-1.06300
-0.439000
0.330000
1.16600
1.79000
2.00200
1.64500
1.11800
0.439000
-0.112000
-0.548000
-0.978000
-1.24500
-1.45100
-1.43300
-1.21400
-0.687000
-3.30000E-02
0.815000
1.82700
2.55400
2.43800
2.00200
1.25100
0.445000
-0.197000
-0.706000
-1.05100
-1.07500
-1.15400
-1.15400
-1.17200
-1.21400
-1.07500
-0.851000
-0.651000
-0.487000
-0.282000
1.50000E-02
0.312000
0.664000
1.00300
1.30600
1.42700
1.30000
0.912000
0.470000
3.30000E-02
-0.348000
-0.518000
-0.627000
-0.633000
-0.500000
-7.60000E-02
0.476000
1.09400
1.47500
1.48700
1.08800
0.379000
-0.300000
-0.833000
-1.22700
-1.42000
-1.58400
-1.72900
-1.80200
-1.66900
-1.32300
-0.457000
1.16000
4.81300
5.41300
3.18400
1.30600
-0.136000
-1.01500
-1.56600
-2.04400
-2.15900
-2.32900
-2.33500
-2.35900
-2.25000
-2.14700
-2.00200
-1.78400
-1.40200
-0.590000
0.391000
1.33000
1.97200
2.17800
1.98400
1.59000
1.17800
0.809000
0.421000
2.10000E-02
-0.251000
-0.518000
-0.766000
-1.08100
-1.19600
-1.25700
-1.17800
-0.887000
-0.403000
0.397000
1.45700
2.50500
2.89300
2.26300
0.960000
-0.366000
-1.25700
-1.77800
-1.92900
-1.88100
-1.87500
-1.59600
-0.984000
5.80000E-02
1.20900
2.03300
2.08700
1.62100
1.08800
0.724000
0.573000
0.476000
0.342000
0.106000
3.30000E-02
-0.239000
-0.542000
-0.796000
-0.918000
-0.863000
-0.621000
-0.275000
-9.40000E-02
-3.30000E-02
-8.80000E-02
-1.00000E-01
3.00000E-03
0.233000
0.839000
1.89900
2.82000
2.81400
2.07500
1.10600
0.179000
-0.584000
-1.17200
-1.70500
-1.89900
-2.15300
-2.24400
-2.23200
-2.19000
-1.85100
-1.09900
7.00000E-02
1.73600
4.18900
4.14700
2.22000
0.615000
-0.609000
-1.47500
-2.05600
-2.20800
-2.16600
-1.92900
-1.68100
-1.45700
-1.05100
-0.427000
0.348000
1.10600
1.42100
1.20300
0.639000
3.30000E-02
-0.330000
-0.542000
-0.687000
-0.385000
0.130000
0.573000
1.00900
1.06300
0.845000
0.512000
0.124000
-0.360000
-0.784000
-1.03900
-1.18400
-1.31100
-1.40200
-1.41400
-1.31700
-1.01500
-0.548000
0.118000
0.773000
1.17800
1.24500
1.12400
1.00300
0.676000
0.112000
-0.372000
-0.730000
-1.03300
-1.32300
-1.46300
-1.43900
-1.14800
-0.597000
0.143000
0.972000
1.69900
2.01400
1.81400
1.22100
0.476000
-0.124000
-0.639000
-1.03300
-0.887000
-0.718000
-0.445000
-4.50000E-02
0.124000
9.00000E-03
-6.30000E-02
-2.10000E-02
-1.50000E-02
-8.20000E-02
9.00000E-03
0.421000
0.966000
1.50600
1.83300
2.08700
1.82700
1.17200
0.379000
-0.300000
-0.809000
-1.15400
-1.39600
-1.65100
-1.72300
-1.58400
-1.42000
-1.08100
-0.572000
0.136000
1.00900
1.92400
2.68700
2.80800
2.25700
1.32400
0.355000
-0.378000
-0.790000
-1.17200
-1.07500
-0.978000
-0.887000
-0.899000
-0.815000
-0.433000
0.161000
0.597000
0.664000
0.518000
0.427000
0.488000
0.579000
0.706000
0.979000
1.40300
1.76000
1.78400
1.42100
0.809000
-3.00000E-03
-0.615000
-1.06300
-1.46900
-1.76000
-1.77800
-1.74100
-1.49900
-0.990000
-0.185000
0.869000
2.09900
3.21400
3.61400
3.09300
1.74200
0.524000
-0.251000
-0.712000
-1.13000
-1.16600
-1.33600
-1.39000
-1.31700
-1.29300
-1.25100
-1.12400
-0.784000
-0.336000
0.173000
0.773000
1.36600
1.90500
2.41400
2.81400
3.03200
3.00200
2.46300
1.45100
0.439000
-0.354000
-1.23900
-1.94700
-2.19000
-2.59000
-2.87400
-3.03200
-3.17700
-3.18300
-3.08600
-2.97700
-2.65600
-2.03800
-0.778000
