# Reference: Mase, H. & Kirby, J.T. (1992). Hybrid frequency-domain KdV equation for random wave transformation. Proc. 23rd Int. Conf. Coastal Engineering (ASCE), 474-487.
# Source repo: https://github.com/fengyanshi/FUNWAVE-TVD  commit b4c322e7582035ee19df8e6409a3dfedaff1cb96, path benchmarks/car_mase_kirby/postprocessing/r2d100.dat
# (r2d470.dat also at benchmarks/car_mase_kirby/fft/r2d470.dat, same values to 4e-9, different formatting; it is the record used to drive the FUNWAVE wavemaker)
# Content: MEASURED surface elevation at the gauge in still-water depth h = 10.0 cm (file name r2dNNN = depth in mm; error_series.m: 'fnam(:,...)='r2d100.dat'' with
#   'h=[47 35 30 25 20 17.5 15 12.5 10 7.5 5 2.5]' in comp_mkskew.m and the plot labels 'h=35.0cm' ... 'h= 2.5cm' in comp_series.m).
# Column: (1) eta [cm], one sample per line, no time column.
#   Time step 0.05 s: error_series.m 'data_time=[0:length(gage_m)-1]*0.05;' and fft4wavemaker.m 'sample_frequency=0.05;' (used as the sampling interval, t=[0:..]*sample_frequency).
#   Units cm: fft4wavemaker.m 'scale_fac=0.01;' converts to m for the wavemaker; error_series.m compares std(data) with 'model(:,k-1)=gage(:,2)*100' (model m -> cm).
#   t = 0 at first sample; 15000 samples = 750 s. Time origin relative to wavemaker start is not documented.
# Geometry (FUNWAVE work/input.txt, model setup): 'DEPTH_FLAT = 0.47', 'SLP = 0.05' (1:20 slope), 'Xslp = 10.0' (slope toe at x = 10 m in the model frame), 'DX = 0.04'.
#   Model gauge positions (work/gauges_004.txt, grid index i, x=(i-1)*DX): 250 313 338 363 388 400 413 425 438 450 463 475 for h = 47 35 30 25 20 17.5 15 12.5 10 7.5 5 2.5 cm.
#   In a lab-independent form: gauge distance shoreward of the slope toe = (47 cm - h)/0.05 (follows from the stated depth and slope; lab x-coordinates are not in the repo).
# Waves: irregular; FUNWAVE uses 'PeakPeriod = 1.0' (spectrum details not stated in repo). Regular sampling -> original instrument record.
1.57900
1.58500
1.37900
1.00800
0.711000
0.650000
0.468000
0.267000
0.134000
-1.80000E-02
0.
0.176000
0.146000
-9.10000E-02
-0.237000
-0.273000
-0.273000
-0.267000
-0.115000
0.207000
0.729000
1.25700
1.52500
1.52500
1.10000
0.468000
-0.146000
-0.431000
-0.583000
-0.850000
-0.959000
-0.613000
-4.20000E-02
0.504000
1.12400
1.84100
2.43000
2.48400
1.99200
1.06900
0.170000
-0.407000
-0.874000
-1.39700
-1.63400
-1.94900
-2.11300
-2.13800
-2.25300
-2.19900
-2.02800
-1.63400
-0.874000
1.11200
4.78000
3.26200
1.74300
0.565000
-0.291000
-0.820000
-1.25100
-1.43900
-1.40300
-1.46400
-1.56100
-1.60900
-1.65200
-1.68800
-1.70000
-1.65200
-1.50000
-1.15400
-0.710000
-0.140000
0.577000
1.40900
2.21700
2.43000
1.99200
1.24500
0.523000
0.116000
-0.358000
-0.905000
-1.25700
-1.43300
-1.79200
-1.93700
-1.89500
-1.74900
-1.54900
-1.29400
-0.808000
5.50000E-02
1.39100
2.72700
3.50500
2.98800
1.82800
0.936000
0.322000
-0.115000
-0.601000
-0.911000
-0.990000
-1.19600
-1.38500
-1.38500
-1.38500
-1.53600
-1.79200
-1.84000
-1.63400
-1.05100
2.40000E-02
1.61000
3.96000
5.52700
3.62600
1.98000
0.723000
-6.70000E-02
-0.625000
-1.07500
-1.14200
-1.14200
-1.31200
-1.54300
-1.75500
-1.85200
-1.90100
-1.98600
-2.07100
-2.10700
-1.91900
-1.53600
-1.05100
-0.273000
0.990000
2.70300
3.90600
3.25000
1.86500
0.735000
0.
-0.510000
-0.947000
-1.11700
-1.27500
-1.51800
-1.63400
-1.63400
-1.67000
-1.67600
-1.59700
-1.38500
-1.02000
-0.413000
0.407000
1.34200
1.92600
1.73100
1.19700
0.516000
1.80000E-02
-0.218000
-0.413000
-0.510000
-0.437000
-0.273000
-9.70000E-02
8.50000E-02
0.273000
0.431000
0.486000
0.516000
0.565000
0.662000
0.711000
0.693000
0.844000
1.00800
1.14800
1.25700
1.19700
1.06900
0.863000
0.583000
0.134000
-0.316000
-0.662000
-0.856000
-0.990000
-1.06300
-1.16000
-1.23300
-1.14200
-0.947000
-0.389000
0.656000
2.95800
2.89700
2.27800
1.13600
0.249000
-0.218000
-0.680000
-1.11700
-1.48200
-1.59100
-1.63400
-1.75500
-1.90100
-1.91300
-1.71900
-1.14200
-0.607000
0.462000
1.82200
2.25400
1.36700
0.346000
-0.419000
-0.844000
-1.14200
-1.16600
-0.838000
-0.534000
8.50000E-02
0.844000
1.76800
2.70300
3.08000
2.80000
2.01700
1.00200
5.50000E-02
-0.607000
-1.08100
-1.36600
-1.51200
-1.77900
-2.05300
-2.13800
-2.25900
-2.33200
-2.15600
-1.92500
-1.37900
3.10000E-02
2.59400
4.74400
3.63800
1.96800
0.559000
-0.255000
-0.759000
-1.13000
-1.20800
-1.36600
-1.53000
-1.45800
-1.28100
-1.16000
-0.972000
-0.656000
-0.273000
0.280000
0.650000
0.820000
0.662000
0.468000
0.219000
0.170000
0.352000
0.796000
1.14800
1.06300
0.747000
0.273000
-0.285000
-0.735000
-0.947000
-1.06900
-1.11700
-1.14800
-1.14800
-0.917000
-0.516000
-6.70000E-02
0.383000
0.662000
0.759000
0.608000
0.328000
0.201000
8.50000E-02
-7.90000E-02
-0.237000
-0.382000
-0.534000
-0.583000
-0.668000
-0.680000
-0.704000
-0.856000
-0.759000
-0.297000
0.201000
0.565000
0.857000
1.23900
1.33600
1.14200
0.753000
0.213000
-0.188000
-0.662000
-1.07500
-1.35400
-1.62800
-1.76100
-1.82200
-1.84000
-1.64600
-1.10500
-1.03000E-01
1.37900
2.99500
3.56500
2.30800
1.02700
9.70000E-02
-0.510000
-0.862000
-1.05700
-1.05100
-1.11100
-1.17200
-1.13600
-1.01400
-1.02000
-0.966000
-0.777000
-0.468000
1.80000E-02
0.687000
1.53700
2.38100
2.86700
2.74500
2.16200
1.53100
0.905000
0.492000
0.164000
-1.80000E-02
6.00000E-03
-0.164000
-0.407000
-0.577000
-0.844000
-0.984000
-1.14800
-1.27500
-1.29400
-1.14800
-0.917000
-0.528000
0.
0.778000
1.84700
2.92800
3.96000
3.86300
1.96200
0.565000
-0.358000
-0.795000
-1.13600
-1.37900
-1.55500
-1.72500
-1.89500
-1.94300
-2.02200
-1.92500
-1.71900
-1.68200
-1.59700
-1.14200
-0.316000
0.887000
1.96800
2.09600
1.56100
0.784000
0.201000
1.80000E-02
-1.80000E-02
-0.188000
-0.243000
-9.70000E-02
1.20000E-02
0.
-1.80000E-02
6.00000E-03
-6.70000E-02
-0.212000
-0.364000
-0.443000
-0.534000
-0.625000
-0.680000
-0.741000
-0.674000
-0.340000
0.201000
0.735000
1.24500
1.38500
1.06300
0.419000
-0.243000
-0.759000
-1.01400
-1.17800
-1.30600
-1.51200
-1.56100
-1.40300
-0.996000
-0.461000
0.122000
0.790000
1.37300
1.56100
1.28200
0.857000
0.383000
5.50000E-02
-9.70000E-02
-0.146000
-2.40000E-02
-9.70000E-02
-0.121000
-9.10000E-02
-0.158000
-0.358000
-0.553000
-0.723000
-0.996000
-1.23900
-1.31200
-1.26300
-1.06900
-0.759000
-0.176000
0.820000
2.12000
3.27400
3.16500
2.06500
0.850000
-6.10000E-02
-0.607000
-1.00200
-1.09900
-1.18400
-1.28700
-1.33000
-1.22700
-1.17800
-0.990000
-0.704000
-0.401000
-0.328000
-0.334000
-0.127000
0.437000
1.22100
2.06500
2.57500
2.51500
1.81000
0.796000
-6.70000E-02
-0.674000
-1.09900
-1.25700
-1.37900
-1.36000
-1.16600
-0.820000
-0.310000
0.188000
0.759000
1.34200
1.73100
1.68900
1.31800
0.753000
0.170000
-0.316000
-0.540000
-0.419000
-0.188000
-0.243000
-0.425000
-0.644000
-0.650000
-0.279000
0.292000
0.796000
1.56100
2.24100
2.28400
1.46400
0.322000
-0.559000
-1.16600
-1.66400
-1.96800
-2.12000
-2.10700
-1.74300
-1.23300
-0.704000
0.249000
1.43400
2.21100
2.15000
1.70100
1.11200
0.492000
-6.70000E-02
-0.607000
-1.08100
-1.44500
-1.67600
-1.93100
-1.88900
-1.68200
-1.20800
-0.346000
0.784000
2.07100
3.03700
2.79400
1.84700
0.875000
0.122000
-0.382000
-0.771000
-1.14800
-1.33000
-1.59700
-1.84000
-1.91300
-1.87100
-1.77300
-1.57900
-1.20200
-0.310000
1.54300
5.58200
3.96600
2.16200
0.826000
-0.109000
-0.692000
-1.13600
-1.48200
-1.59700
-1.85200
-2.08300
-2.20500
-2.30200
-2.35600
-2.35600
-2.22300
-1.79800
-0.953000
0.674000
3.14000
3.99100
2.55100
1.24500
0.201000
-0.504000
-0.899000
-1.21500
-1.15400
-1.16600
-1.14800
-1.03800
-0.966000
-0.996000
-0.972000
-0.795000
-0.546000
-0.255000
0.116000
0.504000
0.699000
0.626000
0.608000
0.559000
0.535000
0.401000
0.389000
0.431000
0.589000
0.936000
1.20900
1.33000
1.19100
0.784000
0.298000
-0.121000
-0.413000
-0.656000
-0.826000
-0.984000
-1.07500
-1.14200
-1.08700
-0.899000
-0.583000
-2.40000E-02
0.838000
1.91900
2.75200
2.93400
2.71500
1.99800
1.20300
0.468000
-7.30000E-02
-0.486000
-0.972000
-1.21500
-1.64000
-1.85200
-1.97400
-2.02200
-1.98600
-1.85200
-1.47000
-0.583000
3.86300
3.11600
2.97000
1.74900
0.620000
-0.237000
-0.674000
-1.07500
-1.51800
-1.67600
-1.87100
-1.93700
-1.76700
-1.51200
-1.24500
-0.881000
-0.140000
1.08700
2.37500
2.82400
2.26000
1.36700
0.583000
3.10000E-02
-0.346000
-0.516000
-0.364000
-0.480000
-0.820000
-0.941000
-0.826000
-0.802000
-0.874000
-0.953000
-0.953000
-0.941000
-0.698000
-0.225000
0.322000
0.972000
1.78000
2.45400
2.56300
2.12000
1.40300
0.820000
0.589000
0.413000
0.188000
0.122000
0.225000
-0.194000
-0.553000
-0.874000
-1.08700
-1.11100
-1.11100
-1.18400
-1.19000
-1.02000
-0.723000
3.10000E-02
1.14800
2.46000
3.74200
4.62200
3.30400
1.73100
0.601000
-0.212000
-0.747000
-1.21500
-1.50000
-1.77300
-2.04100
-2.23500
-2.42900
-2.60500
-2.60500
-2.63000
-2.55700
-2.42300
-1.96800
-1.01400
0.936000
4.67700
3.40100
1.82200
0.699000
-9.10000E-02
-0.613000
-1.02000
-1.32400
-1.23900
-1.43300
-1.48200
-1.45100
-1.36600
-1.29400
-1.12300
-0.808000
-0.261000
0.322000
0.729000
0.875000
0.759000
0.504000
0.243000
5.50000E-02
1.20000E-02
-5.40000E-02
-0.158000
-0.164000
-0.146000
-0.115000
-6.70000E-02
-0.212000
-0.395000
-0.583000
-0.747000
-0.589000
-0.243000
-2.40000E-02
1.80000E-02
0.152000
0.419000
0.620000
0.699000
0.589000
0.304000
-7.90000E-02
-0.322000
-0.455000
-0.492000
-0.407000
-0.510000
-0.437000
-0.146000
0.195000
0.632000
1.19700
1.56700
1.42700
1.00200
0.334000
-0.358000
-0.966000
-1.23900
-1.21500
-1.26300
-1.37900
-1.42700
-1.20800
-0.747000
-0.164000
0.492000
1.19700
1.79800
1.73100
1.02100
0.158000
-0.389000
-0.674000
-0.844000
-0.856000
-1.06300
-1.04500
-0.644000
1.20000E-02
0.826000
1.52500
1.90100
1.67000
1.07500
0.413000
-0.218000
-0.704000
-0.996000
-0.923000
-1.03800
-0.972000
-0.723000
-0.504000
-0.115000
0.614000
1.56700
2.57500
3.15900
3.20700
2.50900
1.43400
0.529000
-3.00000E-02
-0.322000
-0.528000
-0.389000
-0.680000
-1.05700
-1.16000
-1.24500
-1.22100
-1.36000
-1.43900
-1.09300
-0.158000
1.10600
2.98800
5.62400
3.51700
1.81600
0.650000
-1.80000E-02
-0.504000
-0.947000
-1.08700
-1.25700
-1.35400
-1.30600
-1.17800
-1.06300
-0.959000
-0.832000
-0.625000
-6.70000E-02
0.905000
2.07100
2.85500
2.91600
2.35100
1.53700
0.699000
-4.20000E-02
-0.710000
-1.33600
-1.77300
-1.94300
-2.38100
-2.52000
-2.64200
-2.67800
-2.55700
-2.01000
-0.577000
3.84500
3.83300
2.24100
0.905000
-9.10000E-02
-0.710000
-1.10500
-1.43900
-1.58500
-1.70000
-1.80400
-1.89500
-2.03500
-2.11300
-2.13800
-2.04700
-1.82800
-1.57300
-1.29400
-1.00200
-0.449000
0.346000
1.31200
1.94400
1.70100
0.972000
0.164000
-0.468000
-0.978000
-1.43900
-1.42700
-1.23300
-0.874000
-0.243000
0.437000
1.15400
1.60400
1.42700
0.796000
4.30000E-02
-0.613000
-1.06900
-1.33600
-1.45800
-1.71300
-1.88300
-1.84600
-1.48800
-1.08700
-0.601000
5.50000E-02
1.04500
2.31400
2.98800
2.84900
2.04100
1.07500
0.261000
-0.395000
-0.905000
-1.14200
-1.16000
-1.23300
-1.33600
-1.47600
-1.36000
-1.06300
-0.935000
-0.893000
-0.625000
-0.121000
0.516000
1.14200
1.43400
1.33600
1.34200
1.39100
1.28200
1.14800
0.844000
0.359000
-0.225000
-0.729000
-1.09300
-1.21500
-1.26300
-1.22700
-0.911000
-0.285000
0.419000
1.19100
1.71900
1.65200
1.28800
0.996000
0.857000
0.741000
0.437000
2.40000E-02
-0.261000
-0.468000
-0.595000
-0.753000
-0.802000
-0.868000
-0.455000
5.50000E-02
0.504000
1.08700
1.63400
1.86500
1.67000
1.27000
0.705000
0.267000
0.122000
-2.40000E-02
-0.115000
-0.164000
-0.237000
-0.310000
-0.431000
-0.419000
-0.510000
-0.571000
-0.437000
-0.243000
-0.164000
5.50000E-02
0.492000
1.28200
2.31400
2.79400
2.29000
1.36100
0.377000
-0.304000
-0.619000
-0.820000
-0.905000
-0.856000
-1.05700
-1.08700
-0.996000
-0.826000
-0.723000
-0.674000
-0.601000
-0.443000
-0.170000
0.413000
1.55500
3.41400
4.72600
2.87300
1.03900
-1.03000E-01
-0.808000
-1.25700
-1.84600
-1.96800
-2.18600
-2.25900
-2.24700
-2.25300
-2.35000
-2.55700
-2.59300
-2.25900
-1.42700
0.128000
4.77400
3.97800
2.33900
0.966000
-0.115000
-0.826000
-1.16600
-1.50600
-1.61500
-1.67600
-1.65200
-1.48800
-1.05100
-0.443000
0.298000
1.21500
2.04100
2.28400
1.73100
0.717000
-0.273000
-0.917000
-1.37900
-1.71900
-1.81600
-1.84600
-1.50600
-1.02000
-0.188000
1.17200
3.11600
3.82100
2.62400
1.36700
0.352000
-0.389000
-0.844000
-1.16000
-1.16000
-1.24500
-1.36000
-1.43300
-1.57900
-1.74300
-1.78500
-1.67000
-1.44500
-1.06300
-0.358000
0.802000
2.38700
3.85100
3.40800
1.95000
0.844000
-1.80000E-02
-0.553000
-0.789000
-0.990000
-1.06900
-1.21500
-1.45100
-1.63400
-1.60900
-1.52400
-1.45100
-1.48200
-1.48200
-1.20800
-0.546000
0.419000
1.52500
2.66700
3.06700
2.64200
1.56100
0.535000
-0.291000
-0.838000
-1.28100
-1.41500
-1.74300
-1.98000
-1.98600
-1.84000
-1.64000
-1.33000
-0.650000
0.401000
1.78000
2.80000
2.92200
2.36900
1.31200
0.437000
-1.03000E-01
-0.443000
-0.492000
-0.297000
-0.413000
-0.389000
-0.237000
-8.50000E-02
-4.20000E-02
-0.115000
-0.237000
-0.261000
-0.164000
1.03000E-01
0.559000
1.17800
1.95000
2.96400
4.18500
4.03900
2.70300
1.33600
0.219000
-0.571000
-1.21500
-1.48200
-1.68200
-2.00400
-2.24100
-2.38700
-2.47200
-2.54500
-2.52600
-2.25900
-1.83400
-1.19600
1.20000E-02
1.87700
3.78400
2.81200
1.46400
0.559000
2.40000E-02
-0.370000
-0.692000
-0.808000
-0.771000
-0.601000
-0.334000
-4.80000E-02
0.243000
0.437000
0.492000
0.359000
0.116000
-9.10000E-02
-0.328000
-0.559000
-0.874000
-1.16600
-1.17800
-0.856000
-0.164000
1.03900
2.26600
2.87300
2.82400
1.97400
1.18500
0.638000
0.164000
-0.170000
-0.510000
-0.838000
-1.11700
-1.49400
-1.65800
-1.79200
-1.86400
-1.79200
-1.57300
-1.20800
-0.601000
0.462000
2.07700
3.51700
2.86100
1.44000
0.395000
-0.164000
-0.310000
-0.413000
-0.407000
-0.437000
-0.771000
-1.05100
-1.22100
-1.21500
-1.09300
-0.850000
-0.777000
-0.565000
-5.40000E-02
0.614000
1.15400
1.19700
0.869000
0.316000
-0.121000
-0.425000
-0.565000
-0.395000
6.00000E-03
0.796000
1.56100
1.65800
1.21500
0.401000
-0.370000
-0.874000
-0.966000
-0.881000
-0.868000
-0.874000
-0.899000
-1.03200
-1.19000
-1.23300
-1.20800
-0.953000
-0.468000
0.267000
1.31800
2.55100
3.04900
2.52700
1.36100
0.322000
-0.322000
-0.698000
-1.05100
-1.21500
-1.44500
-1.76100
-1.98000
-2.14400
-2.10700
-2.01000
-1.84600
-1.52400
-0.862000
0.656000
3.97800
4.92600
3.01900
1.51300
0.444000
-0.212000
-0.680000
-1.13000
-1.18400
-1.37900
-1.56100
-1.64600
-1.79800
-1.91900
-2.08300
-2.16200
-1.98600
-1.54900
-0.577000
3.91800
3.40800
3.45000
2.23500
1.02100
2.40000E-02
-0.613000
-1.00200
-1.39100
-1.68200
-1.90100
-2.05300
-1.96200
-1.70000
-1.68200
-1.36600
-0.662000
0.456000
1.40300
2.07100
1.89500
1.19100
0.462000
3.70000E-02
-5.40000E-02
-9.10000E-02
-0.188000
0.128000
0.826000
1.53700
2.24700
2.32600
1.82800
0.978000
0.237000
-0.225000
-0.674000
-1.02000
-1.11700
-1.28700
-1.28700
-1.26900
-1.06300
-0.601000
0.292000
1.94400
4.61600
5.70900
3.45000
1.75500
0.601000
-6.70000E-02
-0.613000
-1.20200
-1.43300
-1.60300
-1.49400
-1.52400
-1.58500
-1.80400
-2.16800
-2.36300
-2.25300
-1.91900
-1.33600
0.990000
2.61200
2.39900
2.36300
1.77400
0.826000
7.90000E-02
-0.498000
-0.607000
-0.455000
-0.984000
-1.60900
-1.91300
-1.99200
-2.06500
-2.25900
-2.31400
-2.33200
-2.41700
-2.52000
-2.36300
-1.90100
-0.996000
0.243000
1.85300
2.72100
1.86500
1.07500
0.359000
3.10000E-02
0.249000
0.510000
0.444000
0.371000
0.401000
0.158000
-0.291000
-0.540000
-0.674000
-0.893000
-1.14200
-1.28700
-1.10500
-0.972000
-1.02600
-0.978000
-0.759000
-0.127000
0.711000
1.41500
1.91900
1.95000
1.50600
0.936000
0.310000
-0.127000
-0.358000
-0.601000
-0.771000
-0.959000
-0.935000
-0.814000
-0.820000
-0.753000
-0.577000
-0.170000
0.668000
1.42100
1.75500
1.78000
1.47600
0.972000
0.413000
-5.40000E-02
-0.334000
-0.607000
-0.802000
-1.06300
-1.22700
-1.36600
-1.30600
-1.12300
-0.723000
-0.121000
0.571000
1.53700
2.64200
3.15900
2.77600
1.71900
0.638000
7.90000E-02
-0.334000
-0.802000
-1.02000
-1.40900
-1.59700
-1.60300
-1.45100
-1.31800
-1.39100
-1.55500
-1.70000
-1.59700
-1.14800
-0.237000
1.17200
3.08000
4.45200
2.75200
1.08700
-2.40000E-02
-0.583000
-0.795000
-0.935000
-1.05700
-1.28100
-1.27500
-1.11100
-0.868000
-0.455000
-1.20000E-02
0.128000
0.243000
0.401000
0.601000
0.857000
1.06300
1.02700
0.650000
1.03000E-01
-0.285000
-0.455000
-0.316000
-4.80000E-02
0.377000
1.14800
2.41100
2.69100
1.31800
7.30000E-02
-0.765000
-1.36000
-1.81000
-1.99200
-1.96200
-1.77900
-1.33000
-0.625000
0.298000
1.20300
1.38500
0.972000
0.346000
-0.237000
-0.844000
-1.25700
-1.36600
-0.966000
-0.601000
-2.40000E-02
0.680000
1.34200
1.33000
0.942000
0.529000
1.03000E-01
-0.115000
-0.218000
-0.279000
-0.291000
-0.291000
-0.522000
-0.771000
-0.929000
-0.990000
-0.990000
-0.850000
-0.534000
-0.291000
4.90000E-02
0.571000
1.14800
1.62200
1.91300
2.10800
1.97400
1.57900
0.875000
-3.60000E-02
-0.795000
-1.36000
-1.82800
-2.02200
-2.20500
-2.18000
-2.00400
-1.79800
-1.45800
-1.05700
-0.589000
7.90000E-02
1.00200
1.92600
2.43000
2.30800
1.74900
1.06300
0.571000
0.273000
1.80000E-02
-0.194000
-0.261000
-0.553000
-0.899000
-1.09300
-1.19000
-1.17800
-1.20800
-1.06300
-0.972000
-0.972000
-0.893000
-0.583000
-0.334000
0.201000
1.02700
1.82800
2.14400
1.82200
1.14200
0.583000
0.213000
0.195000
0.286000
0.504000
0.820000
0.978000
0.948000
0.687000
0.110000
-0.413000
-0.777000
-1.05100
-1.26900
-1.42700
-1.54900
-1.70000
-1.62800
-1.45100
-1.09300
-0.382000
0.601000
1.57900
2.30200
2.50900
2.01700
1.28800
0.656000
0.195000
-0.164000
-0.437000
-0.468000
-0.474000
-0.704000
-0.723000
-0.650000
-0.674000
-0.698000
-0.680000
-0.704000
-0.820000
-0.808000
-0.571000
-0.267000
-4.80000E-02
1.03000E-01
0.267000
0.486000
0.699000
1.11200
1.59800
1.95000
2.06500
1.67700
0.881000
4.90000E-02
-0.534000
-0.783000
-0.844000
-0.941000
-1.23300
-1.45100
-1.37900
-1.16600
-1.00800
-0.838000
-0.565000
-0.310000
-6.70000E-02
0.267000
0.711000
1.23900
1.77400
2.15600
2.17500
1.93800
1.56100
1.08700
0.529000
-4.80000E-02
-0.528000
-0.826000
-0.941000
-1.03800
-1.09900
-1.18400
-1.25700
-1.35400
-1.36600
-1.23300
-1.04500
-0.662000
-7.90000E-02
0.650000
1.63400
2.77600
3.46800
2.97000
1.87700
0.802000
8.50000E-02
-0.382000
-0.729000
-0.856000
-1.00200
-1.20800
-1.29400
-1.28700
-1.16000
-0.820000
-0.461000
-0.255000
-0.109000
-6.00000E-03
-4.20000E-02
-0.115000
-0.194000
-0.200000
4.90000E-02
0.887000
2.82400
4.37900
2.47800
0.966000
-5.40000E-02
-0.704000
-1.17200
-1.64600
-1.86400
-2.01600
-1.98600
-2.00400
-2.08900
-2.27700
-2.37500
-2.27700
-1.99200
-1.50600
-0.838000
0.116000
1.28200
2.25400
2.55700
2.38700
1.81600
1.00200
0.152000
-0.376000
-0.704000
-1.00800
-1.24500
-1.50000
-1.71900
-1.64600
-1.60900
-1.57900
-1.45800
-1.16000
-0.984000
-0.887000
-0.601000
-0.225000
0.322000
0.929000
1.65200
2.24700
2.22300
1.56100
0.431000
-0.571000
-1.25700
-1.86400
-2.11300
-2.18600
-1.84600
-1.50600
-1.06900
-9.10000E-02
1.41500
2.88500
2.47200
1.22100
0.201000
-0.656000
-1.27500
-1.63400
-1.54900
-1.53000
-1.57300
-1.63400
-1.60900
-1.40900
-1.09300
-0.413000
0.687000
2.02300
2.78800
2.58200
1.70700
1.01400
0.565000
0.340000
0.146000
-0.182000
-0.468000
-0.723000
-1.08100
-1.20800
-1.26300
-1.09300
-0.777000
-0.237000
0.456000
1.12400
1.39100
1.00200
0.322000
-6.70000E-02
-0.255000
-0.340000
-0.164000
0.152000
0.407000
0.638000
0.808000
1.07500
1.44000
1.78000
1.79800
1.34900
0.717000
0.152000
-0.334000
-0.723000
-0.923000
-1.02000
-0.935000
-0.662000
-0.431000
-0.297000
-0.170000
0.
0.146000
0.219000
0.365000
0.814000
1.57900
2.69100
3.69900
3.15900
1.67000
0.553000
-0.127000
-0.607000
-0.996000
-1.10500
-1.17800
-1.18400
-1.03800
-0.893000
-0.826000
-0.644000
-0.407000
-0.170000
7.30000E-02
0.504000
1.18500
2.01100
2.99500
5.10800
4.03300
2.27200
0.972000
0.164000
-0.358000
-0.747000
-1.11100
-1.33600
-1.50000
-1.69400
-1.89500
-2.08300
-2.07100
-1.91300
-1.79200
-1.55500
-1.25700
-0.874000
-0.182000
0.990000
2.44800
4.53100
3.26200
2.23500
1.11200
0.243000
-0.310000
-0.893000
-1.16600
-1.30000
-1.46400
-1.87700
-2.19200
-2.30800
-2.45400
-2.64800
-2.75700
-2.87900
-2.99400
-2.81200
-2.42300
-1.79800
-0.461000
1.95600
3.42600
2.05900
0.699000
-0.322000
-0.947000
-1.19000
-1.45800
-1.50000
-1.48200
-1.45100
-1.53000
-1.51200
-1.24500
-0.893000
-0.364000
0.243000
0.850000
1.33000
1.37900
0.905000
0.310000
-0.170000
-0.631000
-1.04500
-1.31200
-1.57900
-1.76100
-1.71900
-1.46400
-1.13600
-0.455000
0.656000
2.28400
3.51700
2.77000
1.33000
9.10000E-02
-0.631000
-0.850000
-0.996000
-0.765000
-0.698000
-0.595000
-0.273000
5.50000E-02
0.346000
0.559000
0.468000
0.267000
-0.140000
-0.583000
-0.795000
-0.808000
-0.407000
0.340000
1.67700
3.59600
4.35500
3.32200
2.03500
0.978000
0.395000
3.10000E-02
-0.461000
-0.480000
-0.510000
-0.723000
-0.929000
-1.05100
-1.14200
-1.28700
-1.43300
-1.43300
-1.33600
-1.19600
-0.710000
0.346000
2.32600
5.61200
4.00900
2.10200
0.687000
-0.273000
-0.814000
-1.21500
-1.28100
-1.40300
-1.45800
-1.54300
-1.53600
-1.40300
-1.09900
-0.589000
0.140000
1.10600
2.21100
2.79400
2.60000
1.61600
0.711000
0.201000
-0.164000
-0.559000
-0.923000
-1.14200
-1.39100
-1.21500
-1.11100
-1.13600
-1.22100
-1.18400
-0.996000
-0.389000
0.589000
2.03500
3.25000
3.45600
2.43600
0.960000
-0.291000
-1.05700
-1.38500
-1.73700
-1.85200
-2.01000
-2.06500
-1.96800
-1.88900
-1.74900
-1.53000
-1.19000
-0.419000
0.553000
1.19700
1.24500
0.875000
0.170000
-0.370000
-0.528000
-0.346000
-5.40000E-02
0.225000
0.729000
1.50600
1.98000
1.82800
1.37900
0.808000
0.292000
-0.170000
-0.650000
-1.11700
-1.40900
-1.52400
-1.79200
-1.94900
-2.02200
-2.04100
-2.05900
-1.89500
-1.57300
-0.540000
1.75500
4.73800
4.22700
2.52700
1.14200
7.30000E-02
-0.528000
-0.868000
-1.18400
-1.33600
-1.60300
-1.67000
-1.59700
-1.57900
-1.70000
-1.77900
-1.58500
-1.37900
-1.06300
-0.291000
0.838000
1.99800
2.88500
2.93400
2.01700
0.948000
0.249000
-0.158000
-0.486000
-0.795000
-0.704000
-0.820000
-0.856000
-0.704000
-0.534000
-0.510000
-0.553000
-0.631000
-0.565000
-0.346000
-0.115000
1.03000E-01
0.316000
0.565000
0.693000
0.747000
0.687000
0.614000
0.589000
0.462000
0.340000
0.219000
1.03000E-01
7.90000E-02
0.201000
0.395000
0.541000
0.626000
0.559000
0.401000
0.219000
-7.90000E-02
-0.431000
-0.832000
-1.23300
-1.40300
-1.37900
-1.23900
-1.06900
-0.874000
-0.322000
0.808000
2.38100
3.32900
2.60000
1.14200
-0.115000
-0.947000
-1.48800
-1.91300
-1.93700
-1.86400
-1.79800
-1.72500
-1.59700
-1.30600
-0.826000
-0.249000
0.389000
0.972000
1.43400
1.62800
1.36100
0.796000
0.395000
0.219000
0.134000
7.90000E-02
4.90000E-02
-0.291000
-0.565000
-0.589000
-0.480000
-0.115000
0.492000
1.11800
1.31800
1.14200
0.687000
7.90000E-02
-0.425000
-0.735000
-0.868000
-1.02000
-1.19000
-1.02000
-0.662000
0.176000
1.30000
2.40500
2.62400
1.99800
0.948000
7.90000E-02
-0.346000
-0.601000
-0.723000
-0.461000
-0.480000
-0.389000
-0.334000
-0.182000
0.140000
0.650000
1.12400
1.26400
1.05700
0.680000
0.352000
6.10000E-02
-0.176000
-0.212000
-7.90000E-02
0.437000
1.39100
2.47800
3.43800
3.38300
2.12000
0.942000
0.122000
-0.316000
-0.704000
-1.23300
-1.50000
-1.73100
-1.73100
-1.77900
-1.96800
-2.23500
-2.41100
-2.19900
-0.546000
2.30200
2.47200
3.36500
2.28400
1.70100
0.778000
-0.158000
-0.941000
-1.43900
-1.71900
-1.94300
-2.13800
-2.25300
-2.06500
-1.81600
-1.91900
-2.01000
-2.03500
-1.76700
-1.15400
-0.468000
0.437000
1.46400
2.08300
2.18700
1.88300
1.31800
0.583000
-4.80000E-02
-0.516000
-0.783000
-0.990000
-1.26300
-1.70000
-1.89500
-1.81000
-1.85800
-1.80400
-1.54900
-0.905000
-1.80000E-02
0.875000
1.57900
1.70700
1.12400
0.371000
-0.225000
-0.686000
-1.18400
-1.22700
-1.11700
-0.868000
-0.455000
6.70000E-02
0.784000
1.40900
1.63400
1.37900
0.893000
0.492000
0.273000
0.195000
0.243000
0.401000
0.425000
0.116000
-0.407000
-0.978000
-1.26300
-1.40900
-1.47000
-1.57300
-1.68200
-1.53000
-1.14200
-0.480000
0.304000
1.36100
2.50900
3.37100
3.48000
2.41100
1.06900
-1.80000E-02
-0.510000
-0.844000
-1.17200
-1.19600
-1.50000
-1.65200
-1.65200
-1.50600
-1.33600
-1.29400
-1.30600
-1.26900
-1.18400
-1.03200
-0.680000
-2.40000E-02
1.17800
2.64200
4.08200
4.22700
2.63600
1.04500
-9.10000E-02
-0.662000
-0.868000
-0.905000
-0.881000
-0.789000
-0.631000
-0.231000
9.10000E-02
0.237000
0.431000
0.462000
0.195000
-0.121000
-8.50000E-02
0.128000
0.492000
1.05100
1.50000
1.68300
1.57300
1.52500
1.44000
1.33000
1.12400
1.20900
1.55500
2.02300
2.04700
1.62200
0.990000
0.431000
-9.10000E-02
-0.510000
-0.729000
-0.984000
-1.17800
-1.34200
-1.48800
-1.56100
-1.47600
-1.11700
-0.601000
4.90000E-02
1.08700
2.72700
3.98500
3.76600
2.07100
0.377000
-0.710000
-1.29400
-1.77900
-2.01000
-2.04100
-2.24700
-2.39900
-2.36900
-2.41100
-2.41100
-2.24100
-2.01000
-1.45800
-0.437000
1.37900
3.40800
2.64200
1.07500
-6.70000E-02
-0.802000
-1.26300
-1.61500
-1.60900
-1.64600
-1.62200
-1.51200
-1.31200
-1.10500
-0.832000
-0.577000
-0.291000
7.30000E-02
0.577000
1.14200
1.53700
1.57300
1.27600
0.808000
0.359000
-0.188000
-0.717000
-1.21500
-1.54300
-1.74900
-1.76700
-1.76700
-1.80400
-1.86400
-1.87100
-1.70000
-1.34800
-0.820000
-3.60000E-02
0.978000
1.82800
2.26600
2.01700
1.31200
0.322000
-0.346000
-0.771000
-1.05100
-1.04500
-1.23900
-1.18400
-1.02000
-0.644000
0.116000
1.41500
2.86700
3.19500
1.98000
0.462000
-0.510000
-1.17800
-1.63400
-1.67000
-1.87700
-1.96800
-1.64000
-1.24500
-0.449000
0.662000
1.74300
2.47800
2.45400
1.92600
1.31800
0.954000
0.893000
0.929000
0.772000
0.687000
0.583000
0.310000
-6.00000E-03
-0.182000
-0.346000
-0.528000
-0.753000
-0.917000
-1.04500
-0.893000
-0.516000
-1.80000E-02
0.638000
1.73100
3.08600
3.90000
3.32200
1.88300
0.541000
-0.480000
-1.25100
-1.77300
-1.79800
-1.96800
-2.10700
-1.90100
-1.58500
-1.23900
-0.559000
0.377000
1.41500
2.58200
3.21300
2.77600
1.54900
0.516000
-9.70000E-02
-0.553000
-0.911000
-0.966000
-0.947000
-0.972000
-0.899000
-0.947000
-1.03200
-1.08700
-1.19600
-1.16000
-0.972000
-0.680000
-0.243000
0.346000
1.12400
1.86500
2.14400
1.87100
1.11200
0.365000
-0.176000
-0.474000
-0.686000
-0.674000
-0.638000
-0.723000
-0.802000
-0.856000
-0.966000
-1.02600
-0.753000
-0.140000
0.850000
2.01700
2.83700
2.46600
1.24500
-4.20000E-02
-0.966000
-1.53000
-1.89500
-2.02200
-2.18000
-2.15600
-1.91300
-1.54900
-1.06900
-0.389000
0.741000
2.24700
3.34100
3.18900
1.79200
0.346000
-0.607000
-1.02000
-1.34200
-1.50000
-1.45100
-1.39700
-1.30600
-1.16000
-0.874000
-0.534000
-0.133000
0.237000
0.504000
0.662000
0.516000
7.90000E-02
-0.510000
-0.917000
-1.08700
-0.966000
-0.510000
0.298000
1.61600
2.81200
3.20700
2.54500
1.10000
-4.80000E-02
-0.777000
-1.26300
-1.59700
-1.70700
-1.84000
-1.77900
-1.57300
-1.36000
-1.06300
-0.674000
-0.152000
0.261000
0.577000
0.826000
0.978000
0.948000
0.796000
0.699000
0.650000
0.444000
0.146000
-0.152000
-0.194000
-0.146000
0.128000
0.504000
1.12400
1.57900
1.79200
1.68300
1.39700
0.905000
0.395000
6.00000E-03
-0.346000
-0.656000
-0.990000
-1.16600
-1.25700
-1.24500
-1.06300
-0.735000
-1.03000E-01
1.12400
5.07800
4.17900
2.97600
2.08300
0.954000
0.170000
-0.583000
-1.14800
-1.74300
-1.90100
-1.99800
-2.10700
-2.39900
-2.61200
-2.72700
-2.35000
-2.16800
-1.74900
-0.583000
2.15000
5.29600
3.66900
2.05900
0.857000
-1.80000E-02
-0.559000
-0.874000
-1.21500
-1.14800
-1.18400
-1.31800
-1.38500
-1.36000
-1.28700
-1.22700
-1.19600
-1.06300
-0.929000
-0.990000
-0.729000
2.40000E-02
3.20700
3.69300
2.90900
1.85300
0.784000
7.90000E-02
-0.461000
-0.959000
-1.37900
-1.64600
-1.74300
-1.86400
-2.16200
-2.08900
-2.29000
-2.47200
-2.16200
-1.68800
-0.874000
0.273000
2.23500
3.36500
3.21300
1.78000
0.608000
-0.146000
-0.218000
-0.382000
-0.838000
-1.05100
-1.14200
-1.22700
-1.28700
-1.28700
-1.05100
-0.589000
0.541000
1.97400
3.01900
3.02500
2.11400
1.19700
0.601000
0.152000
-0.206000
-0.631000
-0.899000
-1.05700
-1.29400
-1.40300
-1.41500
-1.26300
-1.04500
-0.601000
4.90000E-02
1.18500
2.81200
4.03300
3.25600
1.72500
0.437000
-0.528000
-1.22100
-1.58500
-1.47600
-1.35400
-1.50600
-1.62800
-1.73700
-1.71900
-1.77900
-1.50000
-0.881000
0.
1.03300
2.12600
2.70300
2.53300
1.97400
1.42700
0.923000
0.389000
-9.70000E-02
-0.437000
-0.565000
-0.723000
-1.07500
-1.30600
-1.45800
-1.55500
-1.59100
-1.63400
-1.59700
-1.16000
-0.164000
1.60400
3.96000
4.26400
2.73900
1.47600
0.541000
0.134000
0.122000
0.176000
0.255000
-4.80000E-02
-0.480000
-0.868000
-1.20800
-1.37200
-1.40900
-1.53600
-1.65800
-1.50000
-0.698000
2.14400
3.52900
3.28000
2.40500
1.64600
0.936000
0.322000
-0.243000
-0.656000
-1.02000
-1.21500
-1.26300
-1.41500
-1.60900
-1.98600
-2.44800
-2.59900
-2.55100
-2.31400
-1.99800
0.237000
3.39500
3.52300
1.89500
0.990000
0.389000
5.50000E-02
-0.285000
-0.698000
-1.25100
-1.62800
-1.93100
-2.06500
-2.04700
-1.73100
-1.71900
-1.54900
-1.21500
-0.510000
0.881000
2.83700
3.34700
2.60600
1.53100
0.735000
0.273000
4.90000E-02
-0.304000
-0.625000
-0.698000
-0.808000
-0.753000
-0.765000
-0.850000
-0.874000
-0.723000
-0.443000
-0.109000
0.444000
1.31800
2.33900
3.18900
3.69300
3.06700
1.98600
0.978000
0.413000
1.20000E-02
-0.364000
-0.534000
-0.935000
-1.21500
-1.43900
-1.64600
-1.72500
-1.71900
-1.65200
-1.57900
-1.48800
-1.12300
0.213000
3.31000
3.09200
2.62400
2.33200
1.83400
0.820000
-0.237000
-0.735000
-1.17200
-1.45800
-1.62800
-1.56700
-1.50600
-1.56100
-1.79200
-1.78500
-1.64600
-1.04500
-0.449000
0.116000
0.626000
1.06300
1.56100
2.16200
2.67900
2.67300
2.44200
1.95000
1.22100
0.492000
-0.261000
-0.966000
-1.14200
-0.941000
-0.929000
-0.953000
-1.18400
-1.33000
-1.36000
-1.50600
-1.60300
-1.67000
-1.83400
-1.69400
-1.37900
-0.777000
0.316000
2.23500
4.08800
3.80800
2.63000
1.54900
0.826000
6.00000E-03
-0.802000
-1.34800
-1.31200
-1.29400
-1.35400
-1.53000
-1.76700
-1.88300
-2.01600
-2.08900
-2.23500
-2.37500
-2.31400
-1.91300
-1.37900
-0.650000
0.346000
1.19700
1.47000
1.28200
0.723000
0.359000
0.176000
5.50000E-02
0.122000
0.413000
0.753000
1.03900
1.39100
1.39100
0.954000
0.219000
-0.553000
-1.15400
-1.45800
-1.60900
-1.84000
-1.94900
-2.11300
-2.22900
-2.16200
-1.93100
-1.50000
-0.820000
0.492000
2.18100
2.90900
2.60000
1.48200
0.444000
-0.188000
-0.486000
-0.577000
-0.443000
-0.140000
-7.30000E-02
7.90000E-02
0.322000
0.486000
0.407000
0.273000
-6.00000E-03
-0.413000
-0.559000
-0.601000
-0.504000
-0.218000
9.10000E-02
0.383000
0.674000
0.850000
0.857000
0.765000
0.650000
0.601000
0.614000
0.601000
0.486000
0.444000
0.656000
0.844000
0.881000
0.626000
0.413000
0.122000
-1.80000E-02
-8.50000E-02
-0.206000
-0.237000
-0.127000
1.03000E-01
0.322000
0.656000
1.09300
1.20300
0.917000
0.407000
-3.00000E-02
-0.425000
-0.704000
-0.899000
-1.04500
-0.917000
-0.662000
-0.273000
0.243000
0.753000
1.07500
1.33000
1.37900
1.07500
0.765000
0.620000
0.638000
0.614000
0.425000
0.213000
-6.70000E-02
-0.382000
-0.644000
-0.723000
-0.777000
-0.990000
-1.29400
-1.52400
-1.63400
-1.55500
-1.28700
-0.692000
0.188000
1.40300
2.72700
3.01900
2.06500
0.899000
-1.20000E-02
-0.468000
-0.844000
-1.30600
-1.38500
-1.47600
-1.57900
-1.63400
-1.64600
-1.54900
-1.38500
-1.13000
-0.765000
-0.182000
0.571000
1.37900
2.09600
2.42400
2.11400
1.65200
1.18500
0.674000
2.40000E-02
-0.674000
-1.19600
-1.33600
-1.64000
-1.79800
-1.82800
-1.82800
-1.76700
-1.60300
-1.05700
1.20000E-02
1.53700
2.96400
3.09200
2.09600
1.12400
0.304000
-0.231000
-0.504000
-0.553000
-0.237000
2.40000E-02
2.40000E-02
6.00000E-03
-4.20000E-02
-0.182000
-0.395000
-0.468000
-0.255000
7.30000E-02
0.656000
3.31000
3.71100
2.33900
1.41500
0.808000
0.128000
-0.546000
-0.929000
-1.23300
-1.46400
-1.67000
-2.04700
-2.31400
-2.32000
-2.32600
-2.38700
-0.795000
-0.577000
4.25200
3.64400
2.55700
1.78000
0.954000
0.310000
-0.346000
-1.11700
-1.74900
-1.92500
-1.99200
-2.08900
-2.27700
-2.32600
-2.47200
-2.59300
-2.50200
-2.28400
-2.04700
-1.53000
-0.407000
2.77000
4.28200
3.04300
1.95600
1.06300
0.334000
-0.249000
-0.753000
-1.27500
-1.21500
-1.51800
-1.59700
-1.71900
-1.80400
-1.96200
-2.02800
-2.04100
-1.98000
-1.65800
-1.00200
1.80000E-02
1.23900
2.35100
2.40500
1.67000
0.844000
0.371000
0.128000
-0.212000
-0.461000
-0.401000
-0.322000
-0.164000
3.10000E-02
1.80000E-02
-0.121000
-0.316000
-0.522000
-0.686000
-0.856000
-0.826000
-0.431000
0.170000
0.875000
1.40300
1.53700
1.36700
0.978000
0.492000
1.80000E-02
-0.352000
-0.589000
-0.686000
-0.905000
-0.947000
-0.911000
-0.559000
0.152000
0.741000
1.22100
1.42700
1.31200
1.07500
0.826000
0.601000
0.359000
-0.176000
-0.625000
-0.899000
-0.972000
-0.723000
-0.310000
-0.237000
-0.419000
-0.170000
0.565000
1.65800
2.79400
3.06700
2.39900
1.05100
-6.70000E-02
-0.802000
-1.33600
-1.55500
-1.57300
-1.64600
-1.80400
-1.71900
-1.33600
-0.959000
-0.291000
0.765000
2.05900
3.16500
3.32900
2.40500
1.28800
0.468000
-3.60000E-02
-0.401000
-0.638000
-0.747000
-1.08700
-1.40900
-1.37200
-1.15400
-1.05100
-0.905000
-0.619000
-0.146000
0.419000
1.31800
2.42400
2.99500
2.84900
1.78000
0.608000
-0.146000
-0.577000
-0.838000
-0.929000
-1.02600
-1.02600
-0.947000
-0.850000
-0.650000
-0.389000
-0.261000
-0.225000
-0.127000
0.152000
0.510000
0.656000
0.699000
0.693000
0.820000
0.893000
0.954000
0.802000
0.541000
0.213000
-4.80000E-02
-0.431000
-0.905000
-1.20800
-1.40300
-1.50000
-1.37200
-1.17200
-0.923000
-0.674000
-0.407000
-7.30000E-02
0.395000
0.668000
0.614000
0.468000
0.589000
1.12400
1.63400
2.06500
1.96800
1.40900
0.723000
6.00000E-03
-0.607000
-1.06900
-1.45800
-1.72500
-1.97400
-2.07700
-2.12000
-2.19200
-2.25300
-2.20500
-1.92500
-1.58500
-1.01400
0.249000
3.10400
4.61600
2.87900
1.13600
-3.60000E-02
-0.832000
-1.29400
-1.64000
-1.65200
-1.87100
-1.94300
-1.96800
-1.82800
-1.59700
-1.30600
-0.826000
-0.182000
0.699000
1.45200
1.69500
1.29400
0.535000
-0.364000
-0.850000
-0.966000
-0.662000
-0.115000
0.844000
2.11400
2.89100
2.86700
2.24100
1.20900
0.346000
-0.261000
-0.777000
-0.917000
-0.741000
-0.856000
-1.05100
-1.23300
-1.25700
-1.18400
-0.947000
-0.553000
5.50000E-02
1.13600
2.70300
4.19700
3.83900
2.30800
0.844000
-0.273000
-0.923000
-1.37900
-1.59700
-1.72500
-1.82200
-1.82800
-1.71300
-1.64600
-1.46400
-1.08700
-0.601000
-4.80000E-02
0.601000
1.13600
1.61000
1.65800
1.28200
0.668000
0.249000
0.267000
0.504000
0.784000
0.893000
0.881000
0.437000
-0.121000
-0.607000
-0.929000
-1.00200
-1.12300
-1.31800
-1.37200
-1.28100
-1.08700
-0.826000
-0.358000
0.359000
1.06900
1.33600
1.10000
0.523000
-1.80000E-02
-0.468000
-0.674000
-0.814000
-0.704000
-0.413000
0.201000
0.893000
1.47600
1.69500
1.43400
0.674000
-8.50000E-02
-0.528000
-0.814000
-1.08700
-1.12300
-1.14200
-1.01400
-0.947000
-0.972000
-1.10500
-1.16000
-1.05100
-0.820000
-0.389000
0.389000
1.27600
1.96200
2.05900
1.78000
1.44000
1.14800
0.832000
0.535000
0.213000
-0.115000
-0.273000
-0.413000
-0.559000
-0.729000
-0.899000
-1.03800
-1.11100
-1.09900
-1.09300
-1.19000
-1.11700
-0.723000
-0.140000
0.444000
1.07500
1.77400
2.30800
2.50300
2.23500
1.55500
0.723000
0.140000
-0.243000
-0.455000
-0.461000
-0.346000
-0.370000
-0.200000
-0.152000
-0.297000
-0.583000
-0.680000
-0.826000
-1.11100
-1.37900
-1.37900
-1.20800
-0.947000
-0.413000
0.389000
1.62200
3.14000
4.22100
3.21300
1.39100
8.50000E-02
-0.698000
-1.21500
-1.73100
-1.86400
-2.02200
-2.18600
-2.33200
-2.33200
-2.25300
-2.02200
-1.74300
-1.43900
-0.795000
0.365000
1.73100
2.73900
2.52100
1.22100
5.50000E-02
-0.674000
-1.16600
-1.54900
-1.65800
-1.69400
-1.75500
-1.45100
-0.656000
0.601000
2.41100
3.42000
2.42400
1.00200
-0.158000
-0.899000
-1.37900
-1.67600
-1.73100
-1.93700
-1.99800
-1.94300
-1.77300
-1.50600
-1.15400
-0.710000
-0.212000
0.273000
0.875000
1.48200
1.71300
1.47600
1.11200
0.747000
0.462000
0.146000
-0.261000
-0.583000
-0.856000
-0.990000
-1.19000
-1.18400
-1.11700
-1.06900
-1.01400
-0.953000
-0.674000
-0.140000
0.510000
1.15400
1.52500
1.44000
0.832000
6.00000E-03
-0.704000
-1.13000
-1.25100
-0.917000
-0.540000
1.80000E-02
0.784000
1.56100
1.82800
1.44000
1.05100
0.784000
0.608000
0.535000
0.450000
0.134000
-0.127000
-0.589000
-0.856000
-1.05100
-1.25700
-1.31200
-1.15400
-0.838000
-0.285000
0.529000
1.47600
2.21100
2.11400
1.40900
0.480000
-0.297000
-0.868000
-1.18400
-1.02000
-0.759000
-6.00000E-03
1.19700
2.82400
3.57200
2.38100
1.06900
4.30000E-02
-0.808000
-1.30600
-1.47000
-1.28700
-1.21500
-1.05100
-0.832000
-0.662000
-0.407000
0.
0.589000
1.53100
2.84900
4.22100
4.23400
2.65400
1.19700
0.134000
-0.565000
-1.18400
-1.62800
-1.77300
-1.94300
-1.99200
-1.86400
-1.80400
-1.81600
-1.85200
-1.67000
-1.31200
-0.759000
0.304000
1.86500
3.48000
4.03300
3.23700
2.14400
1.14200
0.188000
-0.528000
-1.03800
-1.40300
-1.48200
-1.71300
-1.86400
-1.79200
-1.65800
-1.60900
-1.56100
-1.40900
-1.21500
-0.953000
-0.468000
1.03000E-01
0.565000
0.687000
0.614000
0.498000
0.516000
0.601000
0.699000
0.808000
0.972000
1.07500
0.972000
0.632000
0.158000
-0.419000
-0.966000
-1.43300
-1.77300
-2.02800
-2.12600
-2.16800
-2.14400
-1.90100
-1.56700
-1.08100
-0.480000
0.310000
1.36700
2.52100
3.16500
2.98200
1.85900
0.437000
-0.674000
-1.31200
-1.82800
-2.01000
-2.13200
-2.32000
-2.35000
-2.25900
-2.15600
-1.98600
-1.65800
-1.07500
-0.212000
1.10600
2.62400
3.08600
1.86500
0.674000
-0.188000
-0.729000
-1.11100
-1.16600
-0.674000
4.90000E-02
1.20900
2.44800
2.55700
1.78600
0.826000
1.80000E-02
-0.717000
-1.22100
-1.38500
-1.35400
-1.23300
-1.08100
-0.795000
-0.304000
0.419000
1.27000
2.06500
2.48400
2.57500
2.29000
1.68300
1.06300
0.468000
-1.80000E-02
-0.389000
-0.656000
-0.959000
-1.25700
-1.43900
-1.52400
-1.44500
-1.20200
-0.747000
5.50000E-02
1.43400
3.16500
3.84500
2.86100
1.50600
0.462000
-0.121000
-0.619000
-1.00800
-1.09900
-1.24500
-1.37900
-1.52400
-1.57900
-1.45800
-0.996000
-0.212000
1.17200
3.23700
4.97500
2.90300
1.24500
0.116000
-0.577000
-1.00800
-1.22100
-1.28100
-1.43300
-1.53000
-1.47000
-1.29400
-1.18400
-0.990000
-0.911000
-0.917000
-0.826000
-0.729000
-0.625000
-0.443000
-0.243000
5.50000E-02
0.668000
1.68300
2.70900
3.06700
2.41100
1.19100
1.20000E-02
-0.729000
-1.19000
-1.67600
-1.80400
-1.84000
-1.93700
-1.96200
-1.86400
-1.72500
-1.58500
-1.71300
-1.93700
-2.03500
-1.77300
-1.09300
-0.164000
1.10000
2.41800
2.69100
1.72500
0.687000
5.50000E-02
-0.218000
-0.468000
-0.601000
-0.407000
-0.170000
-0.109000
-0.194000
-0.279000
-0.310000
-0.334000
-1.80000E-02
0.389000
0.583000
0.559000
0.352000
9.70000E-02
-0.115000
-0.237000
-0.267000
-0.291000
-0.194000
-1.20000E-02
0.237000
0.674000
1.36700
2.10800
2.61200
2.79400
2.63000
2.05900
1.36700
0.687000
4.90000E-02
-0.607000
-1.04500
-1.28700
-1.60300
-1.88300
-2.14400
-2.25300
-2.21700
-2.21100
-2.01600
-1.79200
-1.30000
-0.273000
1.41500
5.07800
4.30000
2.47800
1.11800
0.225000
-0.431000
-1.02600
-1.48800
-1.57900
-1.72500
-1.79800
-1.83400
-1.86400
-1.93700
-1.84000
-1.59700
-1.14200
-0.340000
0.729000
1.73100
2.20500
1.90100
1.34200
0.905000
0.741000
0.687000
0.504000
0.273000
5.50000E-02
-0.212000
-0.528000
-0.759000
-1.05100
-1.23300
-1.26900
-1.13000
-0.899000
-0.534000
-4.80000E-02
0.504000
1.11200
1.51300
1.53700
1.14200
0.693000
0.201000
-0.382000
-0.844000
-1.03800
-1.26300
-1.23900
-1.08100
-0.893000
-0.644000
-0.364000
3.10000E-02
0.486000
0.875000
0.990000
0.759000
0.237000
-0.237000
-0.656000
-0.947000
-1.00800
-1.03800
-0.795000
-0.273000
0.468000
1.24500
1.65200
1.50600
0.796000
6.70000E-02
-0.674000
-1.17800
-1.48200
-1.48200
-1.44500
-1.40300
-1.25700
-0.990000
-0.431000
0.243000
0.863000
1.24500
1.13600
0.662000
0.164000
0.
0.158000
0.583000
1.22700
1.86500
2.06500
1.91900
1.48200
0.911000
0.310000
-0.231000
-0.698000
-1.11100
-1.52400
-1.86400
-1.80400
-1.76700
-1.82800
-1.64600
-1.22100
-0.261000
1.29400
3.31000
4.57400
4.03900
2.91600
1.85900
0.899000
0.340000
-3.60000E-02
-0.346000
-0.382000
-0.607000
-0.899000
-1.05700
-1.14800
-1.34200
-1.51200
-1.59700
-1.60300
-1.66400
-1.59700
-1.31200
-0.601000
1.04500
5.25400
5.44800
3.59600
2.19900
1.18500
0.480000
-3.00000E-02
-0.504000
-0.868000
-1.05100
-1.40300
-1.67000
-1.91900
-2.13800
-2.32600
-2.45400
-2.56300
-2.58100
-2.47200
-2.22900
-1.48200
0.201000
4.67100
3.66300
1.95600
0.565000
-0.480000
-1.14200
-1.57900
-1.96200
-1.97400
-2.02200
-2.06500
-2.18600
-2.28400
-2.31400
-2.15600
-2.05900
-1.72500
-1.04500
1.03000E-01
1.41500
2.18700
1.97400
1.34200
0.753000
0.243000
-0.218000
-0.565000
-0.741000
-0.753000
-0.753000
-0.996000
-1.36000
-1.67000
-1.87700
-1.77900
-1.67600
-1.53600
-1.25100
-0.868000
-0.140000
1.06300
2.37500
2.72100
1.85300
0.796000
-7.90000E-02
-0.759000
-1.24500
-1.45800
-1.47600
-1.42100
-1.19600
-0.710000
-0.146000
0.176000
0.134000
4.90000E-02
4.90000E-02
0.116000
0.225000
0.298000
0.413000
0.595000
1.05100
1.61000
1.87700
1.68300
1.14200
0.486000
-0.121000
-0.480000
-0.735000
-1.02000
-1.25700
-1.04500
-0.553000
0.158000
0.881000
1.44000
1.80400
1.82200
1.51300
1.12400
0.662000
0.237000
2.40000E-02
2.40000E-02
0.201000
0.492000
0.893000
1.22100
1.20300
0.814000
0.267000
-0.115000
-0.273000
-0.310000
-0.140000
-4.80000E-02
0.146000
0.687000
1.57900
2.38700
2.61200
2.30800
1.68900
1.07500
0.516000
0.140000
0.
2.40000E-02
-0.261000
-0.613000
-0.795000
-0.881000
-0.729000
-0.413000
-1.80000E-02
0.662000
1.67000
2.75200
2.81800
1.64000
0.340000
-0.546000
-1.18400
-1.65800
-1.71900
-1.77300
-1.75500
-1.64000
-1.40900
-0.753000
0.316000
1.48200
2.30800
2.15000
1.46400
0.662000
6.10000E-02
-0.340000
-0.480000
-0.474000
-0.273000
-9.10000E-02
-5.40000E-02
-6.70000E-02
-0.334000
-0.874000
-1.23300
-1.47600
-1.59700
-1.55500
-1.40900
-1.20200
-1.05100
-0.674000
-6.10000E-02
0.729000
1.30000
1.31200
0.917000
0.395000
-0.140000
-0.577000
-0.795000
-0.953000
-0.905000
-0.747000
-0.510000
-0.407000
-0.170000
0.273000
0.772000
1.02700
1.07500
0.875000
0.510000
0.134000
-0.243000
-0.468000
-0.589000
-0.704000
-0.868000
-1.06300
-1.19600
-1.05100
-0.723000
-4.20000E-02
1.17200
2.83700
4.16100
3.82100
2.12000
0.662000
-0.340000
-0.953000
-1.39100
-1.58500
-1.66400
-1.84600
-1.94300
-1.90100
-1.95600
-1.99800
-2.04100
-2.11300
-2.10100
-1.53600
-0.395000
1.47600
4.03300
4.17900
2.54500
1.20900
0.286000
-9.10000E-02
-0.140000
-0.212000
-7.30000E-02
6.00000E-03
6.70000E-02
7.90000E-02
4.90000E-02
-0.170000
-0.516000
-1.02000
-1.36600
-1.31200
-0.966000
-0.498000
0.425000
2.69100
5.30300
4.27600
2.47800
1.07500
0.116000
-0.540000
-1.03800
-1.40300
-1.50600
-1.70000
-1.83400
-1.92500
-2.01000
-1.98600
-1.77300
0.462000
2.43000
2.86100
2.70300
2.26600
1.42100
0.881000
0.225000
-0.358000
-0.710000
-1.02000
-1.54300
-1.73100
-1.82800
-2.03500
-2.24100
-2.16200
-2.35600
-2.57500
-2.36300
-1.98600
-1.37900
0.273000
5.27200
3.98500
2.44800
1.34200
0.413000
-0.358000
-0.826000
-1.14800
-1.39100
-1.46400
-1.59100
-1.72500
-1.88900
-1.99200
-1.92500
-1.86400
-1.91300
-1.82200
-1.47000
-0.771000
0.116000
1.12400
1.99200
2.02300
1.45800
0.772000
5.50000E-02
-0.528000
-0.899000
-1.11100
-1.23900
-1.34200
-1.42700
-1.35400
-1.12300
-0.789000
-0.486000
-0.115000
0.255000
0.529000
0.480000
0.395000
0.146000
-0.140000
-0.395000
-0.455000
-0.334000
-0.164000
0.195000
0.583000
0.893000
0.869000
0.765000
0.583000
0.243000
-9.10000E-02
-0.419000
-0.710000
-0.735000
-0.486000
-0.164000
4.90000E-02
0.201000
0.273000
0.565000
0.929000
1.02700
0.796000
0.553000
0.510000
0.589000
0.778000
0.929000
0.881000
0.699000
0.553000
0.292000
5.50000E-02
-6.70000E-02
6.70000E-02
0.723000
1.53700
2.22300
2.45400
2.02900
1.08700
0.383000
-0.170000
-0.607000
-0.911000
-1.00200
-1.29400
-1.48800
-1.48200
-1.45800
-1.14800
-0.710000
-0.297000
0.298000
1.19100
1.99200
2.31400
2.14400
1.64600
1.12400
0.705000
0.316000
-7.30000E-02
-0.389000
-0.443000
-0.468000
-0.492000
-0.631000
-0.698000
-0.911000
-1.05100
-1.16000
-1.50600
-1.67600
-1.40300
-0.795000
-0.364000
1.80000E-02
0.377000
0.790000
1.00800
0.905000
0.480000
5.50000E-02
-0.152000
-0.146000
0.
0.225000
0.480000
0.626000
0.577000
0.267000
-0.243000
-0.723000
-1.13600
-1.40300
-1.65200
-1.85800
-1.92500
-1.79200
-1.63400
-1.24500
-0.723000
0.225000
1.89500
3.06700
2.60600
1.24500
6.10000E-02
-0.753000
-1.17800
-1.48200
-1.64600
-1.60900
-1.54900
-1.50600
-1.37200
-1.17200
-0.978000
-0.795000
-0.686000
-0.358000
0.346000
1.08700
1.18500
0.917000
0.577000
0.425000
0.516000
0.778000
1.12400
1.55500
1.85300
1.87100
1.39100
0.583000
-0.188000
-0.832000
-1.21500
-1.45800
-1.59700
-1.84000
-2.02200
-2.11300
-1.91900
-1.53000
-0.923000
0.201000
2.09600
4.33100
4.00900
2.02900
0.832000
1.80000E-02
-0.553000
-1.08700
-1.45800
-1.57300
-1.53600
-1.43900
-1.52400
-1.57300
-1.50600
-1.25700
-0.905000
-0.346000
0.535000
1.60400
2.44200
2.43600
1.73100
0.881000
0.334000
3.10000E-02
-0.285000
-0.492000
-0.443000
-0.528000
-0.267000
5.50000E-02
0.231000
0.352000
0.577000
0.893000
1.16600
1.02100
0.504000
-9.10000E-02
-0.516000
-0.723000
-0.929000
-1.06300
-1.09300
-0.893000
-0.516000
-4.20000E-02
0.608000
1.26400
1.71300
1.71900
1.28200
0.802000
0.413000
-4.20000E-02
-0.601000
-1.03200
-1.23300
-1.46400
-1.47600
-1.25100
-0.765000
-0.237000
0.273000
0.608000
0.644000
0.498000
0.213000
6.00000E-03
-0.164000
-0.310000
-0.559000
-0.826000
-0.972000
-0.881000
-0.540000
0.170000
1.19700
2.33900
2.95800
2.81200
1.87100
0.850000
6.10000E-02
-0.510000
-0.905000
-1.09900
-1.19000
-1.42700
-1.57900
-1.67600
-1.68200
-1.70700
-1.82800
-1.89500
-1.71300
-1.16000
-0.285000
1.48200
4.35500
4.84700
3.04900
1.69500
0.650000
-0.146000
-0.607000
-1.00800
-1.09300
-1.34800
-1.58500
-1.74300
-1.82200
-1.79800
-1.67000
-1.59700
-1.70700
-1.50600
-0.874000
0.207000
1.47600
2.58200
2.87300
2.57500
1.91900
1.30000
0.893000
0.747000
0.735000
0.808000
0.990000
0.936000
0.456000
-0.140000
-0.631000
-1.06900
-1.37900
-1.63400
-1.84000
-1.90700
-1.76700
-1.48200
-0.978000
-4.80000E-02
1.52500
4.44000
3.25600
1.62800
0.401000
-0.455000
-1.03800
-1.47600
-1.53000
-1.64600
-1.73700
-1.79200
-1.63400
-1.11100
-0.261000
0.796000
1.91900
2.51500
2.19300
1.19100
-4.80000E-02
-0.862000
-1.34200
-1.68200
-1.86400
-1.94300
-1.91300
-1.59700
-1.25700
-0.838000
-4.20000E-02
0.863000
1.53100
1.53100
0.990000
0.298000
-0.188000
-0.498000
-0.656000
-0.607000
-0.468000
-0.407000
-0.243000
-9.10000E-02
-7.30000E-02
-0.310000
-0.540000
-0.723000
-0.850000
-0.802000
-0.668000
-0.437000
-7.90000E-02
0.371000
0.753000
0.948000
0.729000
0.249000
-0.152000
-0.273000
-0.121000
0.346000
0.972000
1.39700
1.49400
1.17200
0.608000
2.40000E-02
-0.510000
-0.856000
-0.966000
-1.02000
-1.08100
-1.16000
-1.26300
-1.30600
-1.24500
-1.05100
-0.601000
-9.70000E-02
0.589000
1.35500
2.05900
2.22300
1.99200
1.56700
1.07500
0.687000
0.444000
0.346000
0.292000
0.316000
0.182000
-7.90000E-02
-0.510000
-0.966000
-1.23900
-1.36000
-1.37900
-1.22100
-0.966000
-0.595000
-8.50000E-02
0.614000
1.33000
2.10800
2.67900
2.81200
2.72100
2.65400
2.54500
1.93800
1.11200
0.243000
-0.607000
-1.25100
-1.55500
-1.77900
-2.02200
-2.11300
-2.20500
-2.33200
-2.41100
-2.38700
-2.19200
-1.72500
-1.03800
0.158000
2.36300
4.63400
3.40800
1.99200
1.10000
0.680000
0.462000
0.486000
0.529000
0.662000
0.608000
0.207000
-0.522000
-1.08700
-1.46400
-1.70700
-1.93700
-1.96800
-2.03500
-2.02200
-1.99800
-1.72500
-1.20800
-0.237000
1.34900
3.08000
3.95400
3.17700
2.18700
1.26400
0.516000
0.146000
-9.70000E-02
-0.304000
-0.559000
-0.747000
-1.10500
-1.48200
-1.85200
-2.16800
-2.36300
-2.53900
-2.69700
-2.75700
-2.64200
-2.30200
-1.50000
8.50000E-02
4.51900
3.74200
2.17500
0.844000
-0.140000
-0.741000
-1.09300
-1.33000
-1.17200
-1.17200
-1.16600
-1.14200
-1.17200
-1.23300
-1.30000
-1.35400
-1.36600
-1.25700
-1.02000
-0.692000
-0.291000
0.176000
0.650000
1.13600
1.41500
1.33600
1.04500
0.674000
0.249000
-0.140000
-0.461000
-0.802000
-1.06300
-1.27500
-1.43900
-1.41500
-1.43300
-1.33600
-1.08100
-0.674000
3.10000E-02
0.844000
1.61000
2.09000
1.94400
1.40900
0.723000
0.176000
-0.291000
-0.583000
-0.534000
-0.559000
-0.498000
-0.395000
-0.188000
-9.10000E-02
2.40000E-02
0.
-0.188000
-0.212000
-0.152000
6.00000E-03
0.249000
0.753000
1.47600
2.41100
3.17700
3.20100
2.07100
0.857000
6.10000E-02
-0.553000
-1.09900
-1.25700
-1.38500
-1.55500
-1.60300
-1.40300
-1.29400
-1.26900
-1.14200
-0.461000
0.201000
0.875000
1.56700
2.28400
2.50900
2.24700
1.63400
0.954000
0.468000
0.128000
-0.170000
-0.170000
-1.80000E-02
-0.146000
0.116000
0.383000
0.486000
0.796000
1.27000
1.61000
1.74300
1.57900
0.923000
0.128000
-0.571000
-1.13600
-1.59700
-1.76700
-1.84600
-1.71300
-1.17200
-0.273000
2.30200
4.67100
3.92400
3.01300
1.84700
0.990000
4.30000E-02
-0.528000
-0.984000
-1.21500
-1.55500
-1.74300
-2.08300
-2.22900
-2.45400
-2.59900
-2.64800
-2.75100
-2.75100
-2.78800
-2.74500
-2.49000
-1.74900
-0.273000
2.88500
4.19700
2.41100
1.02700
2.40000E-02
-0.759000
-1.37900
-1.85200
-1.96200
-1.82800
-1.81000
-1.87700
-1.93700
-1.72500
-1.33000
-0.692000
-4.20000E-02
0.359000
0.322000
7.90000E-02
-0.188000
-0.437000
-0.516000
1.03000E-01
1.14800
2.16200
2.28400
1.44000
0.371000
-0.565000
-1.13600
-1.45800
-1.57900
-1.42100
-1.40300
-1.31800
-1.02600
-0.486000
6.00000E-03
0.280000
0.541000
0.759000
0.753000
0.687000
0.996000
1.48800
1.62200
1.40300
0.954000
0.486000
0.134000
-9.70000E-02
-0.188000
-0.188000
-0.164000
-0.218000
-0.389000
-0.820000
-1.08700
-1.18400
-1.16000
-1.06300
-0.692000
-0.182000
0.674000
1.74300
2.50900
2.72100
2.06500
1.11800
0.213000
-0.310000
-0.589000
-0.625000
-0.674000
-0.759000
-0.516000
-1.03000E-01
0.486000
0.996000
1.23900
1.23300
1.11200
0.844000
0.553000
0.249000
2.40000E-02
-8.50000E-02
-0.231000
-0.528000
-0.832000
-0.899000
-0.704000
-0.389000
-0.170000
-7.90000E-02
0.164000
0.772000
1.60400
2.30800
2.66000
2.67900
2.35100
1.71900
0.996000
0.444000
3.10000E-02
-0.304000
-0.510000
-0.662000
-0.844000
-0.996000
-1.28100
-1.40900
-1.49400
-1.53000
-1.51200
-1.38500
-1.04500
-0.413000
0.729000
2.99500
6.43200
4.39100
2.66700
1.30000
0.267000
-0.407000
-0.905000
-1.22100
-1.35400
-1.50600
-1.67600
-1.79800
-1.93700
-2.07100
-2.21700
-2.36300
-2.42900
-2.27700
-1.87100
-1.02000
0.796000
6.17700
5.15700
3.21300
1.79800
0.729000
3.70000E-02
-0.322000
-0.674000
-0.917000
-0.966000
-1.15400
-1.28700
-1.43900
-1.56100
-1.74900
-1.94300
-2.15000
-2.22300
-2.14400
-1.94300
-1.51200
0.516000
2.65400
2.92800
2.23500
1.13600
0.286000
-0.382000
-1.23900
-1.47600
-1.36000
-1.57300
-1.67000
-1.96800
-2.08900
-1.77300
-1.34800
-0.868000
-0.297000
0.249000
0.608000
0.699000
0.413000
5.50000E-02
-0.176000
-0.297000
-0.492000
-0.510000
-0.291000
2.40000E-02
0.523000
1.00200
1.06300
0.881000
0.662000
0.371000
0.310000
0.431000
0.231000
-7.90000E-02
-0.188000
-0.413000
-0.844000
-0.887000
-1.01400
-1.40900
-1.65800
-1.58500
-1.21500
-0.771000
-0.194000
0.565000
1.65800
2.46000
2.29000
1.48200
0.498000
-0.121000
-0.510000
-0.856000
-1.02600
-0.893000
-0.923000
-0.850000
-0.753000
-0.607000
-0.322000
4.30000E-02
0.322000
0.498000
0.729000
0.875000
0.711000
0.444000
0.371000
0.359000
0.273000
0.243000
0.170000
0.188000
0.213000
9.10000E-02
-3.00000E-02
-0.267000
-9.10000E-02
9.70000E-02
0.188000
0.717000
1.48800
2.16200
2.44200
2.21100
1.48200
0.601000
-8.50000E-02
-0.504000
-0.808000
-0.874000
-1.06300
-1.21500
-1.18400
-0.953000
-0.771000
-0.340000
0.565000
2.47800
4.47700
3.59600
2.30200
1.07500
0.152000
-0.461000
-0.820000
-1.08700
-1.16600
-0.990000
-1.19600
-1.60900
-1.75500
-1.53000
-1.55500
-1.70700
-1.50600
-1.05100
-0.395000
0.535000
1.84700
2.81800
2.81800
2.54500
2.27800
2.01100
1.74300
1.29400
0.486000
-0.140000
-0.389000
-0.589000
-0.929000
-1.29400
-1.63400
-1.87100
-1.87100
-1.91300
-2.01000
-2.07100
-1.99800
-1.82200
-1.45800
-0.674000
0.759000
3.56500
4.86500
2.87300
1.34200
0.413000
-0.218000
-0.789000
-1.08100
-1.17200
-0.917000
-1.13000
-1.31200
-1.43900
-1.67600
-1.83400
-1.87700
-1.90100
-1.87700
-1.77900
-1.81600
-1.60300
-1.13000
-0.279000
0.875000
2.24100
2.67900
1.70100
0.541000
-0.170000
-0.522000
-0.631000
-0.540000
-0.370000
-6.70000E-02
0.273000
0.614000
0.790000
0.620000
0.292000
3.10000E-02
-0.200000
-0.382000
-0.522000
-0.729000
-1.06300
-1.26300
-1.30600
-1.28100
-1.22100
-1.06300
-0.826000
-0.528000
-0.146000
0.310000
0.869000
1.13600
1.14800
0.929000
0.729000
0.753000
0.990000
1.45800
1.76800
1.96200
1.68300
1.17200
0.498000
-0.218000
-0.856000
-1.24500
-1.47600
-1.68200
-1.79200
-1.87100
-1.96800
-2.07700
-2.13200
-2.12000
-1.75500
-0.990000
0.437000
3.74200
4.34300
2.77000
1.36100
0.298000
-0.419000
-0.893000
-1.28700
-1.39700
-1.56100
-1.68200
-1.76700
-1.64600
-1.59100
-1.67000
-1.57900
-1.28100
-0.802000
-0.176000
0.492000
1.34200
2.07100
2.46000
2.30800
1.73100
0.954000
0.468000
0.310000
7.30000E-02
5.50000E-02
-2.40000E-02
-0.364000
-0.285000
-0.188000
-0.225000
-0.595000
-1.05100
-0.947000
-0.571000
-7.90000E-02
0.431000
1.07500
1.87700
2.60600
2.67900
2.23500
1.56100
0.929000
0.650000
0.456000
6.70000E-02
-0.212000
-0.340000
-0.486000
-0.534000
-0.516000
-0.382000
-0.310000
-0.431000
-0.364000
0.219000
1.15400
1.99200
2.54500
2.90900
3.79600
2.69700
1.36100
0.462000
-0.146000
-0.468000
-0.589000
-0.674000
-0.978000
-1.38500
-1.64600
-1.74300
-1.82800
-1.88900
-1.97400
-2.19200
-2.16200
-1.81600
-0.267000
3.01300
4.02100
3.05500
1.84100
0.778000
3.10000E-02
-0.504000
-0.820000
-1.40300
-1.63400
-1.54900
-1.37900
-1.66400
-1.87100
-1.78500
-1.65200
-1.80400
-1.56100
-1.08700
-0.783000
-0.225000
0.437000
1.39100
2.11400
2.28400
1.84100
1.30600
0.808000
0.340000
-4.80000E-02
-0.146000
-0.140000
-0.164000
-9.70000E-02
-5.40000E-02
-0.152000
-0.188000
-0.316000
-0.486000
-0.662000
-0.662000
-1.24500
-1.67000
-1.50000
-1.47000
-1.66400
-1.59700
-0.789000
0.723000
2.78800
4.18500
3.26200
1.82200
0.923000
0.365000
7.90000E-02
-0.273000
-0.619000
-0.625000
-0.443000
-0.534000
-0.777000
-0.959000
-1.08700
-1.25700
-1.37900
-1.36000
-1.57900
-1.91300
-2.23500
-2.27100
-1.87700
-1.16000
-0.237000
1.39100
3.54700
4.54300
3.14000
1.51300
0.365000
-0.273000
-0.577000
-1.05100
-1.56700
-1.81000
-1.96800
-2.05900
-2.14400
-2.13200
-2.13200
-2.13200
-2.11300
-2.03500
-1.96800
-1.70000
-1.01400
-0.200000
1.02700
2.55700
3.57200
3.03700
2.02900
1.05100
0.273000
-0.334000
-0.717000
-0.868000
-0.826000
-0.941000
-1.05700
-1.15400
-1.01400
-0.674000
-0.249000
7.90000E-02
0.389000
0.778000
1.10000
1.39100
1.52500
1.33000
1.06900
0.875000
0.887000
0.923000
1.02100
1.02700
0.857000
0.492000
2.40000E-02
-0.340000
-0.480000
-0.480000
-0.480000
-0.407000
0.146000
1.02100
2.09600
2.72700
2.47800
1.50000
0.504000
-0.200000
-0.723000
-1.09300
-1.28700
-1.60300
-1.70000
-1.59700
-1.18400
-0.188000
1.67700
5.24800
4.83500
2.75200
0.917000
-0.346000
-0.978000
-1.36000
-1.55500
-1.43300
-1.60300
-1.79800
-1.97400
-2.09500
-2.21100
-2.19900
-2.07700
-1.67000
-0.723000
0.911000
3.14000
4.05100
2.96400
1.48200
0.316000
-0.225000
-0.468000
-0.747000
-0.795000
-0.868000
-0.947000
-1.06300
-1.21500
-1.45800
-1.47600
-1.25700
-1.08700
-0.893000
-0.510000
1.20000E-02
0.632000
1.06300
0.966000
0.699000
0.359000
0.122000
2.40000E-02
0.146000
0.601000
1.16000
1.52500
1.56100
1.17200
0.371000
-0.413000
-1.06900
-1.53600
-1.74300
-1.82800
-1.79200
-1.72500
-1.54300
-1.21500
-0.832000
-0.370000
0.213000
0.844000
1.20900
1.11200
0.680000
0.316000
7.30000E-02
-0.237000
-0.516000
-0.662000
-0.874000
-1.01400
-0.996000
-0.704000
-0.176000
0.431000
0.844000
0.850000
0.486000
-1.80000E-02
-0.413000
-0.631000
-0.698000
-0.625000
-0.504000
-0.413000
-0.553000
-0.759000
-0.838000
-0.692000
-0.140000
0.802000
2.04100
2.81800
2.60600
1.46400
0.225000
-0.674000
-1.20800
-1.54900
-1.57900
-1.57900
-1.64600
-1.70000
-1.68200
-1.54900
-1.30600
-1.06900
-0.723000
-0.127000
0.699000
1.76800
2.52100
2.27800
1.33600
0.486000
-4.20000E-02
-0.249000
-0.273000
4.30000E-02
0.340000
0.486000
0.437000
0.201000
-9.70000E-02
-0.382000
-0.638000
-1.01400
-1.35400
-1.43300
-1.20200
-0.765000
-0.188000
0.431000
1.29400
2.33200
2.90300
2.67300
1.70700
0.869000
0.346000
4.90000E-02
-0.164000
7.30000E-02
0.286000
0.225000
0.152000
9.10000E-02
6.00000E-03
-4.80000E-02
-9.70000E-02
-7.90000E-02
9.10000E-02
0.164000
0.116000
-1.20000E-02
-0.146000
-0.158000
-0.158000
4.90000E-02
0.565000
1.25700
2.25400
3.06100
3.18300
2.05300
0.687000
-0.455000
-1.07500
-1.36600
-1.65200
-1.77300
-1.98000
-2.02200
-2.05900
-2.10700
-2.13200
-2.08300
-1.85800
-1.33600
-0.376000
1.11800
2.69100
2.97000
1.98600
0.960000
0.316000
7.30000E-02
-2.40000E-02
-0.188000
-0.273000
-0.322000
-0.468000
-0.631000
-0.777000
-0.923000
-1.09900
-1.33000
-1.54900
-1.64600
-1.72500
-1.72500
-1.55500
-1.15400
-0.285000
1.33000
3.21300
3.93000
2.11400
0.541000
-0.468000
-0.984000
-1.24500
-1.39100
-1.37900
-1.40300
-1.42700
-1.28700
-1.11100
-0.795000
-0.407000
-9.10000E-02
9.70000E-02
0.152000
0.201000
0.146000
0.110000
1.80000E-02
-0.152000
-0.249000
-9.10000E-02
0.292000
0.826000
1.46400
2.09000
2.78800
2.83700
2.14400
1.11200
0.170000
-0.510000
-1.14800
-1.43900
-1.71900
-1.91300
-2.11300
-2.22900
-2.31400
-2.39900
-2.32000
-2.05900
-1.57300
-0.534000
1.28800
3.30400
3.75400
2.46000
1.13000
0.116000
-0.419000
-0.662000
-0.850000
-0.698000
-0.729000
-0.674000
-0.431000
-0.237000
-0.170000
-0.218000
-0.364000
-0.534000
-0.595000
-0.474000
-0.358000
-0.249000
-0.115000
0.122000
0.565000
1.00200
1.37900
1.68300
1.86500
1.81600
1.58500
1.21500
0.778000
0.243000
-0.340000
-0.783000
-1.06300
-1.40900
-1.64000
-1.72500
-1.65200
-1.38500
-0.917000
-0.176000
0.850000
1.93800
2.55700
2.43000
1.81000
1.13600
0.504000
-4.20000E-02
-0.528000
-0.844000
-0.795000
-0.644000
-0.437000
-0.152000
0.359000
1.10000
2.14400
3.12200
3.60200
2.94000
1.31200
-0.140000
-1.01400
-1.39100
-1.58500
-1.69400
-1.87100
-1.91300
-1.90100
-1.84000
-1.74300
-1.58500
-0.820000
3.01900
3.68100
2.75200
2.05300
1.18500
0.431000
-0.140000
-0.680000
-1.01400
-1.62800
-1.86400
-1.88900
-1.76700
-1.73100
-1.60900
-1.23900
-1.40900
-1.26300
-0.316000
1.00800
2.30200
2.92200
2.84900
2.17500
1.55500
0.729000
2.40000E-02
-0.492000
-0.881000
-1.09900
-1.18400
-1.21500
-1.31200
-1.31200
-1.19000
-0.905000
-0.498000
1.20000E-02
0.371000
0.565000
0.826000
1.10600
1.08700
0.790000
0.273000
-0.115000
-0.200000
-6.70000E-02
0.462000
1.19700
2.09000
2.76400
2.71500
1.90100
0.881000
4.90000E-02
-0.401000
-0.674000
-1.00200
-1.09900
-1.34200
-1.64600
-1.99200
-2.08300
-1.62800
0.954000
3.93000
4.13600
3.03100
2.36300
1.70700
1.27600
0.504000
-0.152000
-0.662000
-1.43900
-1.71300
-1.87100
-1.74900
-1.81000
-2.07100
-2.32600
-2.55700
-2.61800
-2.59900
-2.30200
-1.84600
0.765000
3.74800
4.64700
3.42000
2.16200
1.33600
0.541000
6.00000E-03
-0.528000
-1.01400
-1.31200
-1.50000
-1.89500
-2.14400
-2.22900
-2.25300
-2.13200
-2.25300
-2.42900
-2.47800
-2.42900
-2.13200
-1.31200
0.577000
5.81300
4.71900
2.69100
1.11200
0.146000
-0.243000
-0.516000
-0.583000
-0.601000
-0.808000
-0.972000
-1.14200
-1.21500
-1.23900
-1.18400
-1.18400
-1.19600
-1.16000
-1.04500
-0.899000
-0.680000
-0.255000
0.407000
1.37900
2.52100
3.37100
3.18300
1.84700
0.638000
-0.133000
-0.486000
-0.662000
-0.832000
-1.25700
-1.59100
-1.91900
-1.99200
-1.81000
-1.46400
-1.19600
-1.05100
-0.832000
-0.625000
-0.389000
-4.80000E-02
0.541000
1.28200
1.74300
1.79200
1.44000
1.19700
1.07500
1.02100
0.990000
0.905000
0.504000
0.128000
-0.237000
-0.407000
-0.534000
-0.741000
-0.771000
-0.795000
-0.808000
-0.881000
-1.03800
-1.16600
-1.14200
-0.680000
-0.121000
0.437000
1.06300
1.75500
2.38700
2.58200
2.30800
1.80400
1.40300
1.01400
0.431000
-0.237000
-0.795000
-1.06300
-1.36000
-1.14200
-0.990000
-0.905000
-0.832000
-0.577000
-0.212000
0.201000
0.565000
0.717000
0.529000
0.237000
0.140000
0.273000
0.516000
0.814000
1.11800
1.46400
1.70100
1.75500
1.70100
1.57900
1.33000
0.911000
0.516000
6.10000E-02
-0.346000
-0.625000
-0.856000
-1.02600
-1.19000
-1.33600
-1.42700
-1.50600
-1.63400
-1.67000
-1.82800
-1.81600
-1.52400
-0.923000
1.20000E-02
1.47600
2.98200
2.94600
1.63400
0.559000
-0.316000
-0.899000
-1.45800
-1.69400
-1.75500
-1.79200
-1.79800
-1.82200
-1.81600
-1.82800
-1.73100
-1.45100
-1.14200
-0.650000
8.50000E-02
0.972000
1.51300
1.33000
0.765000
0.225000
-2.40000E-02
-0.140000
-0.237000
-0.218000
6.10000E-02
0.134000
0.128000
-7.90000E-02
-0.334000
-0.492000
-0.601000
-0.826000
-1.19000
-1.39100
-1.45100
-1.43900
-1.30600
-0.802000
-0.146000
0.735000
1.67000
2.30200
1.85300
1.02700
1.03000E-01
-0.498000
-0.923000
-1.31200
-1.32400
-1.16000
-0.613000
0.286000
1.29400
2.14400
2.28400
1.65200
0.778000
0.201000
-0.188000
-0.638000
-1.11100
-1.33600
-1.62800
-1.65200
-1.68200
-1.57300
-1.12300
0.729000
2.86100
3.72900
3.01900
1.92600
0.741000
-0.182000
-0.625000
-1.02600
-1.47600
-1.65200
-1.77300
-2.03500
-2.18600
-2.19200
-2.16800
-2.04100
-1.52400
-0.996000
-0.425000
0.444000
1.37900
1.52500
1.17200
0.917000
0.608000
0.389000
0.195000
0.146000
0.201000
0.188000
0.273000
0.267000
0.328000
0.292000
0.243000
0.273000
0.492000
0.808000
1.14800
1.24500
1.14200
0.705000
0.267000
-3.00000E-02
-0.310000
-0.455000
-0.389000
-0.285000
-0.194000
-9.10000E-02
1.20000E-02
0.128000
0.213000
0.334000
0.334000
0.273000
0.468000
0.662000
0.796000
1.03900
1.51300
2.16800
2.75200
3.06700
2.73300
1.48800
0.280000
-0.565000
-1.09900
-1.52400
-1.84600
-2.01600
-2.28400
-2.53900
-2.68400
-2.70300
-2.70300
-2.76300
-2.46600
-1.72500
-0.486000
2.06500
4.90200
3.01300
1.35500
0.116000
-0.704000
-1.23900
-1.61500
-1.82800
-1.97400
-2.02200
-2.01000
-1.98600
-1.99800
-1.81000
-1.40900
-0.802000
9.70000E-02
1.19700
1.85300
1.53100
0.802000
0.110000
-0.316000
-0.498000
-0.431000
-0.176000
0.116000
-1.80000E-02
0.
5.50000E-02
0.170000
5.50000E-02
-9.10000E-02
-0.127000
-0.237000
-0.291000
-0.109000
0.316000
0.972000
1.99200
2.76400
2.72700
2.20500
1.36700
0.535000
-0.212000
-0.947000
-1.50600
-1.74900
-1.96200
-2.20500
-2.39900
-2.10700
-1.23900
0.158000
2.77000
3.75400
2.29000
1.08700
1.80000E-02
-0.990000
-1.65800
-2.04100
-1.81000
-1.63400
-1.39100
-0.929000
0.
1.87100
4.27600
3.82100
2.21100
0.778000
-0.334000
-0.929000
-1.36600
-1.40300
-1.45800
-1.62800
-1.89500
-2.08300
-2.12000
-2.07100
-1.85200
-1.42700
-1.01400
-0.267000
0.662000
1.77400
2.49600
2.47200
1.99800
1.46400
0.978000
0.340000
-0.285000
-0.729000
-0.972000
-1.15400
-1.41500
-1.41500
-1.45100
-1.54900
-1.60300
-1.53600
-1.22700
-0.486000
0.747000
2.29000
2.98200
2.71500
1.77400
0.790000
2.40000E-02
-0.625000
-1.05100
-1.22100
-1.23300
-1.22700
-1.28100
-1.31200
-0.874000
-5.40000E-02
1.12400
2.43600
2.88500
2.45400
1.50600
0.565000
-9.70000E-02
-0.759000
-1.31200
-1.52400
-1.54900
-1.64600
-1.62200
-1.35400
-0.729000
0.195000
1.35500
2.02300
1.91300
1.34900
0.723000
5.50000E-02
-0.510000
-0.923000
-1.07500
-0.868000
-0.468000
0.188000
1.11200
2.55100
3.35300
2.48400
1.10000
-6.00000E-03
-0.662000
-1.16000
-1.57900
-1.55500
-1.62800
-1.77300
-1.94300
-2.02200
-1.96200
-1.79200
-1.51200
-0.881000
0.656000
3.25600
4.64700
3.22500
1.54900
0.310000
-0.443000
-0.844000
-1.16000
-1.02000
-0.972000
-0.856000
-0.619000
-0.382000
-0.528000
-0.868000
-1.06300
-1.13600
-1.10500
-0.802000
-0.322000
0.504000
1.72500
2.74500
2.94000
2.47800
1.62800
0.735000
0.152000
-0.212000
-0.370000
-0.455000
-0.559000
-1.02000
-1.28700
-1.49400
-1.55500
-1.51200
-1.26900
-0.844000
-0.364000
0.292000
1.10000
1.84700
2.09000
1.94400
1.56100
1.07500
0.565000
0.219000
3.70000E-02
-0.194000
-0.346000
-0.698000
-0.868000
-0.966000
-1.15400
-1.48200
-1.67000
-1.48200
-1.04500
-0.389000
0.249000
1.07500
1.85300
2.38100
2.27200
1.56700
0.729000
3.70000E-02
-0.449000
-0.838000
-1.05100
-1.19000
-1.20800
-0.947000
-0.850000
-0.874000
-0.808000
-0.631000
-0.662000
-0.553000
-0.577000
-0.668000
-0.571000
-0.279000
0.286000
0.990000
1.97400
2.90900
3.07300
2.21100
1.05100
6.00000E-03
-0.741000
-1.24500
-1.57300
-1.70700
-2.03500
-2.20500
-2.32600
-2.52600
-2.52600
-2.50800
-2.32600
-1.73100
-0.808000
0.614000
2.58200
3.57200
2.28400
0.893000
-0.249000
-0.929000
-1.14200
-1.19000
-1.11700
-1.18400
-0.996000
-0.510000
0.158000
0.869000
1.28200
1.22100
0.899000
0.541000
0.413000
0.292000
1.80000E-02
-0.255000
-0.443000
-0.577000
-0.747000
-0.874000
-0.874000
-0.759000
-0.553000
-0.249000
0.140000
0.541000
0.929000
1.08700
0.972000
0.796000
0.583000
0.486000
0.553000
0.553000
0.589000
0.498000
9.10000E-02
-0.364000
-0.680000
-1.02000
-1.29400
-1.43900
-1.46400
-1.33000
-1.06300
-0.704000
-0.146000
0.523000
1.37900
1.97400
1.80400
1.13600
0.474000
0.176000
7.30000E-02
-0.340000
-0.795000
-0.893000
-0.941000
-0.868000
-0.723000
-0.528000
-0.218000
2.40000E-02
0.267000
0.468000
0.523000
0.504000
0.468000
0.371000
0.340000
0.535000
0.923000
1.20300
1.40900
1.27600
0.869000
0.267000
-0.334000
-0.862000
-1.28700
-1.60300
-1.88300
-1.98600
-2.07100
-2.03500
-1.74300
-1.22100
-0.364000
0.729000
1.90700
2.42400
1.84100
1.02700
0.310000
-9.10000E-02
-9.10000E-02
0.201000
0.583000
0.832000
0.711000
0.407000
-3.00000E-02
-0.437000
-0.941000
-1.33000
-1.53000
-1.57900
-1.43900
-1.37900
-1.24500
-1.03800
-0.905000
-0.680000
-0.188000
0.687000
1.78000
2.72100
2.97000
2.42400
1.16000
1.20000E-02
-0.789000
-1.32400
-1.84600
-2.05900
-2.14400
-2.04700
-1.76700
-1.48200
-0.941000
-0.121000
0.541000
1.08700
1.17800
0.929000
0.480000
6.00000E-03
-0.395000
-0.583000
-0.625000
-0.352000
0.128000
0.796000
1.61000
2.42400
2.75200
2.36300
1.45800
0.656000
7.30000E-02
-0.431000
-0.917000
-1.26900
-1.35400
-1.57900
-1.78500
-1.96800
-2.01000
-2.07700
-2.06500
-1.71900
-0.881000
0.395000
2.50900
5.66700
3.86300
2.04100
0.601000
-0.322000
-0.856000
-1.20800
-1.39100
-1.45100
-1.62800
-1.83400
-1.98600
-1.99200
-2.07100
-2.13200
-2.07100
-1.85200
-1.40900
-0.504000
0.826000
2.50300
3.17100
2.49600
1.40300
0.389000
-0.334000
-0.850000
-1.28100
-1.33600
-1.24500
-1.08100
-0.771000
-0.370000
1.03000E-01
0.504000
0.729000
0.680000
0.486000
0.225000
6.00000E-03
-0.225000
-0.382000
-0.455000
-0.340000
3.70000E-02
0.486000
0.826000
0.990000
0.869000
0.626000
0.359000
0.128000
5.50000E-02
0.365000
0.948000
1.33000
1.11800
0.595000
6.00000E-03
-0.577000
-1.03800
-1.13600
-1.02000
-0.990000
-0.862000
-0.686000
-0.528000
-0.212000
0.170000
0.492000
0.784000
1.10000
1.37900
1.55500
1.51300
1.28200
0.929000
0.553000
1.80000E-02
-0.510000
-0.972000
-1.26900
-1.50000
-1.64000
-1.69400
-1.50000
-1.19600
-0.917000
-0.510000
0.310000
1.47000
2.54500
2.31400
1.24500
0.292000
-0.407000
-0.972000
-1.43300
-1.54300
-1.47600
-1.19600
-0.686000
-0.140000
0.359000
0.850000
1.30000
1.56700
1.47000
1.20900
0.796000
0.310000
-0.291000
-0.747000
-0.692000
-0.449000
0.
0.559000
1.23900
1.78600
1.76800
1.47600
0.942000
0.322000
-0.170000
-0.486000
-0.534000
-0.595000
-0.583000
-0.546000
-0.328000
0.346000
1.28200
2.36300
3.00700
3.00100
2.30800
1.19700
0.213000
-0.395000
-0.905000
-1.14800
-1.25700
-1.57900
-1.54900
-1.33600
-1.13000
-0.856000
-0.601000
-0.431000
-9.10000E-02
0.371000
1.08100
2.01700
2.98800
4.07000
3.66900
2.46600
1.17200
5.50000E-02
-0.771000
-1.31200
-1.55500
-1.48200
-1.65800
-2.02800
-2.27700
-2.39900
-2.53300
-2.64200
-2.74500
-2.76900
-2.78200
-2.53300
-1.90100
-0.638000
3.44400
4.30600
3.11600
1.56100
0.389000
-0.358000
-0.771000
-1.05700
-1.39100
-1.48800
-1.72500
-1.75500
-1.76700
-1.77300
-1.72500
-1.78500
-1.74300
-1.59100
-1.38500
-1.24500
-0.820000
-0.140000
0.662000
1.40900
1.99200
1.94400
1.36700
0.480000
-0.225000
-0.674000
-0.929000
-1.01400
-0.795000
-0.923000
-1.03800
-0.826000
-0.431000
6.70000E-02
0.638000
1.08700
1.36700
1.34900
1.02100
0.462000
-6.10000E-02
-0.395000
-0.565000
-0.553000
-0.625000
-0.814000
-0.935000
-0.923000
-0.729000
-0.243000
0.541000
1.47600
2.22900
2.35100
1.85300
1.06900
0.413000
3.10000E-02
-0.194000
-0.510000
-0.631000
-0.814000
-0.674000
-0.565000
-0.334000
0.188000
0.832000
1.27000
1.30000
0.960000
0.492000
9.70000E-02
-0.152000
-0.261000
-0.431000
-0.771000
-1.06300
-0.990000
-0.583000
0.286000
1.73100
3.66300
5.04700
3.06700
1.34200
5.50000E-02
-0.656000
-1.02000
-1.43900
-1.55500
-1.74300
-1.90100
-1.97400
-2.05900
-2.01000
-2.06500
-2.04100
-1.73700
-1.07500
0.164000
2.28400
4.74400
4.74400
3.23700
1.82200
0.826000
0.346000
-0.194000
-0.777000
-1.00200
-1.19600
-1.20800
-1.25700
-1.38500
-1.45800
-1.48200
-1.57900
-1.60300
-1.46400
-1.30600
-0.492000
1.19700
4.45200
4.23400
2.64800
1.18500
0.176000
-0.431000
-0.723000
-1.00200
-0.929000
-0.966000
-1.01400
-1.09300
-1.24500
-1.30600
-1.30600
-1.34200
-1.29400
-1.24500
-0.935000
-0.510000
4.90000E-02
0.413000
0.893000
1.42700
1.76800
1.85300
1.64600
1.35500
0.978000
0.632000
0.243000
-9.70000E-02
-0.443000
-0.789000
-1.03800
-1.24500
-1.45100
-1.69400
-1.87100
-1.87100
-1.84600
-2.02200
-2.23500
-2.18000
-1.69400
-0.431000
1.92600
4.22700
3.76600
2.33200
1.11800
0.213000
-0.297000
-0.820000
-1.39100
-1.40900
-1.48200
-1.50600
-1.53600
-1.63400
-1.86400
-1.98600
-2.03500
-2.15600
-2.13200
-1.93700
-1.72500
-1.21500
-0.231000
1.45800
3.94200
3.57200
2.04700
0.608000
-0.285000
-0.698000
-0.996000
-1.02000
-0.953000
-1.00200
-0.990000
-0.844000
-0.680000
-0.583000
-0.631000
-0.771000
-0.820000
-0.759000
-0.625000
-0.492000
-0.170000
0.243000
0.832000
1.65200
2.64200
2.69100
2.09600
1.24500
0.535000
0.146000
0.
-6.10000E-02
-6.70000E-02
-1.03000E-01
-0.273000
-0.431000
-0.625000
-0.723000
-0.826000
-1.01400
-1.09900
-1.03800
-0.844000
-0.443000
0.188000
0.857000
1.45800
1.87700
1.88300
1.44600
0.893000
0.419000
9.10000E-02
-1.80000E-02
3.70000E-02
0.237000
9.70000E-02
-2.40000E-02
0.
5.50000E-02
6.00000E-03
-4.20000E-02
-9.70000E-02
-0.170000
-0.340000
-0.607000
-0.838000
-1.06300
-1.09900
-0.771000
-0.540000
-0.310000
0.462000
1.57300
2.46600
2.67900
2.05900
1.05100
5.50000E-02
-0.686000
-1.20800
-1.45800
-1.33600
-1.39700
-1.34200
-1.31800
-1.30000
-1.22100
-1.00200
-0.510000
0.170000
0.850000
1.34200
1.65800
1.71900
1.47600
1.13600
0.808000
0.395000
-2.40000E-02
-0.291000
-0.382000
-0.668000
-0.929000
-0.990000
-0.966000
-0.771000
-0.559000
-9.70000E-02
0.565000
1.36700
2.13800
2.19900
1.64600
0.954000
0.365000
-1.03000E-01
-0.413000
-0.170000
0.468000
1.14800
2.01100
2.48400
2.16800
1.43400
0.656000
4.90000E-02
-0.553000
-1.16600
-1.45100
-1.60900
-1.54900
-1.43300
-1.03200
-0.212000
1.38500
3.89300
5.23000
3.95400
2.77600
1.74900
0.899000
0.243000
-0.255000
-0.777000
-0.972000
-1.17200
-1.50000
-1.80400
-2.06500
-2.32000
-2.62400
-2.81200
-2.80000
-2.65400
-2.31400
3.10000E-02
1.90100
3.96000
3.31600
2.38700
1.33000
0.237000
-0.674000
-1.22100
-1.45800
-1.63400
-1.70000
-1.81000
-2.12600
-2.47200
-2.83600
-2.95800
-2.83600
-2.68400
-2.55100
-2.42900
-2.34400
-2.18000
-1.43900
0.164000
2.35700
2.84900
1.91900
0.899000
8.50000E-02
-0.437000
-1.01400
-1.56100
-1.54900
-1.57900
-1.33600
-1.03800
-0.820000
-0.431000
6.70000E-02
0.747000
1.53700
1.70700
1.21500
0.523000
6.00000E-03
-0.601000
-1.22100
-1.35400
-1.40300
-1.45800
-1.43300
-1.21500
-1.02000
-0.704000
-0.133000
0.431000
1.06300
1.62800
1.79800
1.50600
1.02700
0.699000
0.541000
0.456000
0.225000
3.10000E-02
-0.261000
-0.437000
-0.534000
-0.625000
-0.443000
-0.297000
-0.358000
-0.625000
-0.674000
-0.364000
0.146000
0.644000
0.990000
1.08700
1.10000
1.10600
1.26400
1.41500
1.40900
1.28200
1.01400
0.747000
0.516000
0.389000
0.170000
-0.267000
-0.516000
-0.710000
-1.08700
-1.26900
-1.03800
-0.304000
1.31200
4.19100
4.64000
2.90300
1.54900
0.614000
4.30000E-02
-0.413000
-0.765000
-0.844000
-0.874000
-0.826000
-0.966000
-1.16000
-1.20800
-1.25700
-1.31200
-1.14200
-0.437000
0.875000
3.01900
6.10400
5.37500
3.21300
1.65800
0.486000
-9.10000E-02
-0.613000
-0.862000
-0.966000
-1.22700
-1.48200
-1.85800
-2.08900
-2.07100
-1.98600
-1.91300
-1.84000
-1.80400
-1.45100
-0.583000
0.899000
3.00700
4.85900
4.56800
3.20100
1.70700
0.589000
-0.218000
-0.680000
-1.11100
-1.21500
-1.36000
-1.69400
-2.02200
-2.21100
-2.27700
-2.23500
-2.18000
-2.04100
-1.95600
-1.86400
-1.60900
-1.17200
-0.504000
0.577000
2.09000
2.99500
2.39300
1.05700
-0.176000
-1.03800
-1.53000
-1.88300
-1.94300
-1.94300
-2.01000
-2.05900
-2.02200
-1.87700
-1.65800
-1.30600
-0.777000
-2.40000E-02
0.960000
1.87700
1.91300
1.24500
0.395000
-0.140000
-0.437000
-0.850000
-1.28700
-1.40300
-1.58500
-1.63400
-1.63400
-1.47600
-1.28100
-0.990000
-0.474000
0.164000
1.27000
3.00700
4.69500
3.71700
2.11400
0.905000
0.146000
-0.395000
-0.917000
-1.40300
-1.64000
-1.89500
-2.05900
-2.20500
-2.31400
-2.50800
-2.67200
-2.75100
-2.73900
-2.58700
-1.96800
-0.826000
3.21300
3.64400
3.55300
2.25400
0.966000
0.
-0.631000
-1.03800
-1.34200
-1.43900
-1.44500
-1.56700
-1.64600
-1.65800
-1.55500
-1.33600
-0.972000
-0.638000
-0.431000
7.90000E-02
0.990000
1.85300
2.33900
2.35100
2.07100
1.71900
1.33000
0.917000
0.529000
0.219000
7.30000E-02
1.80000E-02
-7.90000E-02
-0.176000
-0.346000
-0.577000
-0.553000
-0.285000
-4.80000E-02
0.231000
0.444000
0.529000
0.383000
6.10000E-02
4.30000E-02
0.608000
1.26400
1.74900
1.80400
1.61600
1.35500
1.12400
0.905000
0.632000
0.267000
-0.146000
-0.376000
-0.528000
-0.589000
-0.625000
-0.601000
-0.358000
-0.243000
-0.206000
-0.121000
-4.80000E-02
-0.188000
-0.407000
-0.486000
-0.449000
-0.401000
-0.133000
0.437000
1.00800
1.30600
1.22100
0.899000
0.510000
0.195000
-1.80000E-02
-0.480000
-0.868000
-1.01400
-0.941000
-0.874000
-0.923000
-0.704000
-0.370000
-7.90000E-02
6.70000E-02
4.30000E-02
-7.30000E-02
-0.340000
-0.461000
-0.486000
-0.504000
-0.310000
6.00000E-03
0.395000
0.850000
1.10600
0.923000
0.456000
-3.00000E-02
-0.443000
-0.516000
-0.255000
0.128000
0.595000
1.02100
1.13000
0.844000
0.237000
-0.468000
-0.972000
-1.26300
-1.38500
-1.42700
-1.41500
-1.11100
-0.395000
0.857000
2.70900
3.49900
2.75800
1.45200
0.389000
-0.243000
-0.723000
-1.01400
-1.02000
-1.13600
-1.30000
-1.45100
-1.49400
-1.25100
-1.03800
-0.893000
-0.674000
-0.267000
0.158000
0.547000
0.929000
1.19700
1.05100
0.802000
0.468000
0.249000
8.50000E-02
7.90000E-02
0.213000
0.456000
0.638000
0.529000
0.243000
3.70000E-02
-0.133000
-0.261000
-0.443000
-0.710000
-0.893000
-1.01400
-1.15400
-1.40900
-1.63400
-1.71900
-1.63400
-1.25700
-0.419000
1.04500
3.02500
3.32900
1.70700
0.170000
-0.881000
-1.46400
-1.81600
-1.77300
-1.72500
-1.56700
-1.11700
-0.243000
0.832000
1.62200
1.50600
0.741000
1.20000E-02
-0.449000
-0.729000
-0.795000
-0.650000
-0.601000
-0.322000
3.70000E-02
0.559000
1.04500
1.05100
0.869000
0.638000
0.638000
0.608000
0.608000
0.541000
0.419000
0.249000
9.10000E-02
-6.00000E-03
-7.30000E-02
0.110000
0.462000
0.954000
1.70100
2.77600
3.94200
3.09800
1.57900
0.535000
-0.194000
-0.625000
-1.01400
-1.30600
-1.52400
-1.62800
-1.66400
-1.71900
-1.90100
-2.15600
-2.22900
-1.99200
0.140000
2.51500
1.27600
1.90100
1.90100
1.45200
0.650000
0.243000
-4.80000E-02
-0.194000
-0.480000
-1.05100
-1.53000
-1.82200
-1.60300
-1.66400
-1.81000
-2.02200
-1.91300
-1.56100
-1.30600
-0.923000
-0.237000
0.826000
2.00500
2.25400
2.22900
1.68300
1.19100
0.808000
0.638000
0.431000
0.255000
0.359000
0.419000
0.261000
0.170000
7.30000E-02
7.30000E-02
0.176000
0.152000
0.
-0.212000
-0.534000
-0.802000
-0.959000
-0.747000
-0.613000
-0.559000
-0.164000
0.729000
2.04700
3.37700
4.08200
2.72700
1.30600
0.225000
-0.455000
-0.850000
-1.19000
-1.24500
-1.51200
-1.68200
-1.43900
-1.26900
-1.28700
-1.26300
-1.11700
-0.996000
-0.856000
-0.601000
0.
0.923000
2.09000
3.01900
3.17700
2.39900
1.27000
0.395000
-4.20000E-02
-0.413000
-0.850000
-0.941000
-1.15400
-1.24500
-1.37900
-1.60300
-1.55500
-1.33600
-1.21500
-1.08700
-0.990000
-1.00200
-0.978000
-0.717000
-0.182000
0.826000
1.95600
2.89700
3.58400
3.31000
2.02300
0.929000
1.03000E-01
-0.498000
-1.03200
-1.32400
-1.57300
-1.71900
-1.67000
-1.67000
-1.74900
-1.78500
-1.82800
-1.88900
-1.74300
-1.43900
-0.947000
-0.218000
1.24500
3.65700
5.33900
4.14200
2.43600
1.07500
0.219000
-0.291000
-0.802000
-0.972000
-1.16600
-1.45100
-1.68200
-1.75500
-1.91300
-2.11300
-2.18600
-2.39900
-2.48400
-2.30200
-1.97400
-1.19000
0.632000
5.92800
4.75000
3.08000
1.59800
0.456000
-0.243000
-0.601000
-0.868000
-0.887000
-0.881000
-0.881000
-0.905000
-1.01400
-1.23900
-1.52400
-1.72500
-1.82200
-1.84600
-1.86400
-1.82800
-1.65800
-1.20800
-6.70000E-02
2.38100
5.32100
3.38300
1.63400
0.273000
-0.638000
-1.11100
-1.38500
-1.28100
-1.28100
-1.45100
-1.70700
-1.90100
-1.95600
-1.86400
-1.64600
-1.33600
-0.935000
-0.243000
0.832000
2.03500
2.61800
2.10200
1.21500
0.486000
4.90000E-02
-0.237000
-0.188000
0.371000
1.06300
1.68300
1.94400
1.45800
0.583000
-0.200000
-0.856000
-1.28100
-1.39100
-1.39100
-1.23300
-0.899000
-0.413000
0.213000
0.942000
1.56100
1.93800
1.82800
1.44600
0.954000
0.377000
-7.30000E-02
-0.261000
-0.261000
3.10000E-02
0.237000
0.413000
0.413000
0.292000
9.70000E-02
-0.273000
-0.662000
-0.966000
-1.22100
-1.42700
-1.46400
-1.45800
-1.18400
-0.692000
-1.80000E-02
0.893000
1.95000
2.53300
2.12000
1.27000
0.401000
-0.291000
-0.717000
-1.01400
-0.905000
-0.765000
-0.607000
-0.486000
-0.316000
-0.115000
0.158000
0.359000
0.456000
0.413000
0.243000
-6.70000E-02
-0.334000
-0.583000
-0.765000
-0.868000
-0.674000
-1.80000E-02
1.29400
3.52300
4.93200
3.37700
1.82800
0.589000
-0.115000
-0.504000
-0.917000
-1.04500
-1.27500
-1.45100
-1.48800
-1.41500
-1.28100
-1.17200
-1.09300
-1.09300
-0.868000
-0.607000
-0.413000
3.70000E-02
0.857000
2.08300
3.45000
4.27600
3.49900
2.19900
0.936000
4.30000E-02
-0.668000
-1.19600
-1.37900
-1.47600
-1.71900
-1.99200
-2.18000
-2.22300
-2.21700
-2.08300
-1.93700
-1.82200
-1.57900
-0.959000
0.170000
1.76800
3.29800
3.61400
2.45400
1.24500
0.322000
-0.340000
-0.899000
-1.30600
-1.30600
-1.47600
-1.68200
-1.64600
-1.62800
-1.70000
-1.33000
-0.625000
0.188000
1.67000
3.04300
2.99500
1.78000
0.620000
-0.115000
-0.674000
-1.13600
-1.37900
-1.40300
-1.57900
-1.83400
-1.93100
-1.82200
-1.67000
-1.54900
-1.40900
-1.00200
-7.30000E-02
1.50600
2.89700
3.03100
2.10200
1.01400
6.00000E-03
-0.650000
-1.25100
-1.70000
-1.79200
-1.93700
-2.15600
-2.32600
-2.35000
-2.30200
-2.05300
-1.56700
-0.820000
0.346000
2.32600
3.73600
1.88900
0.365000
-0.644000
-1.22700
-1.50000
-1.60900
-1.37900
-1.01400
-0.437000
0.413000
1.46400
2.30800
2.37500
1.90700
1.22100
0.626000
7.90000E-02
-0.528000
-0.947000
-1.00800
-1.08700
-0.917000
-0.856000
-0.978000
-1.11100
-1.06900
-1.08700
-1.26900
-1.25700
-0.881000
-0.243000
0.826000
2.01100
3.01900
3.45000
2.75200
1.60400
0.747000
0.225000
-0.188000
-0.583000
-0.777000
-1.06900
-1.36000
-1.47600
-1.57300
-1.71900
-1.79800
-1.67600
-1.60300
-1.28700
-0.565000
0.456000
1.93800
4.35500
3.96000
2.33200
0.911000
-2.40000E-02
-0.631000
-1.17800
-1.51200
-1.57900
-1.83400
-1.82200
-1.74900
-1.69400
-1.50000
-1.14800
-0.808000
-0.158000
0.948000
1.93200
2.33200
2.10800
1.47600
0.857000
0.310000
-1.20000E-02
-0.461000
-0.826000
-0.972000
-1.31800
-1.43900
-1.29400
-1.39100
-1.37900
-0.923000
-0.498000
4.90000E-02
0.784000
1.45200
1.71900
1.53700
0.996000
0.340000
-0.146000
-0.322000
-0.528000
-0.710000
-0.729000
-0.917000
-1.04500
-1.09300
-1.14800
-1.17200
-1.19600
-1.02600
-0.753000
-0.352000
0.267000
0.863000
1.37900
1.64000
1.79200
1.80400
1.62800
1.25100
0.729000
0.195000
-0.237000
-0.625000
-0.947000
-1.02000
-1.13600
-1.40900
-1.55500
-1.59700
-1.58500
-1.46400
-1.21500
-0.704000
1.03000E-01
1.33600
2.87900
3.56500
2.82400
1.59800
0.559000
-0.212000
-0.656000
-0.929000
-0.953000
-0.917000
-0.868000
-0.656000
-0.334000
-9.70000E-02
0.146000
0.231000
0.195000
0.273000
0.444000
0.662000
0.808000
0.863000
0.747000
0.444000
0.116000
-0.158000
-0.352000
-0.534000
-0.571000
-0.376000
0.213000
0.966000
1.90100
2.83700
3.03700
2.35100
1.17800
0.243000
-0.358000
-0.905000
-1.42700
-1.70000
-2.01000
-2.16200
-2.24700
-2.25300
-2.27700
-2.14400
-1.82800
-1.31200
-0.170000
1.71300
3.19500
2.73900
1.45200
0.359000
-0.364000
-0.893000
-1.36000
-1.49400
-1.40900
-1.40300
-1.34200
-1.24500
-1.04500
-0.704000
-0.364000
3.70000E-02
0.365000
0.832000
1.24500
1.40300
1.10000
0.638000
0.292000
3.10000E-02
-0.225000
-0.407000
-0.443000
-0.601000
-0.680000
-0.510000
-0.237000
-4.20000E-02
0.188000
0.529000
0.784000
0.899000
0.808000
0.474000
6.70000E-02
-0.273000
-0.516000
-0.595000
-0.613000
-0.461000
-0.170000
0.195000
0.626000
1.02700
1.40300
1.56100
1.44000
1.13000
0.711000
0.292000
6.00000E-03
-0.273000
-0.492000
-0.753000
-0.947000
-1.03800
-0.947000
-0.941000
-0.929000
-0.777000
-0.504000
-0.261000
0.152000
0.705000
1.10000
1.37900
1.58500
1.52500
1.35500
1.03300
0.614000
5.50000E-02
-0.437000
-0.820000
-1.02600
-1.20800
-1.31800
-1.23300
-0.917000
-0.389000
0.352000
1.42100
2.25400
2.28400
1.50000
0.486000
-0.358000
-0.935000
-1.33600
-1.44500
-1.49400
-1.27500
-0.820000
-9.10000E-02
1.06900
2.50300
2.84300
1.81000
0.778000
0.116000
-0.212000
-0.364000
-0.152000
0.389000
0.972000
1.49400
1.85300
1.70700
1.08700
0.395000
-0.146000
-0.607000
-1.02000
-1.26300
-1.44500
-1.45100
-1.35400
-1.11100
-0.437000
0.899000
2.97000
5.22400
4.16700
2.59400
1.27000
0.249000
-0.431000
-0.893000
-1.31200
-1.43900
-1.63400
-1.74300
-1.86400
-1.88900
-1.89500
-1.96200
-2.06500
-2.02200
-1.63400
-0.613000
2.33900
3.48000
3.03700
2.55100
1.57300
0.680000
-0.121000
-0.534000
-0.783000
-1.00200
-1.45100
-1.93700
-2.15600
-2.12600
-2.13200
-2.38100
-2.69000
-2.93300
-3.03100
-2.91500
-2.76900
-2.51400
-1.82800
-0.346000
4.24600
3.27400
1.81000
0.680000
-0.170000
-0.698000
-1.14800
-1.51200
-1.60900
-1.70700
-1.71300
-1.67000
-1.40900
-1.14800
-0.783000
-0.443000
-4.20000E-02
0.249000
0.413000
0.316000
2.40000E-02
-0.382000
-0.613000
-0.686000
-0.747000
-0.795000
-0.619000
-0.316000
4.90000E-02
0.437000
0.942000
1.56100
1.88900
1.70700
1.33600
0.923000
0.601000
0.292000
5.50000E-02
-6.00000E-03
-4.20000E-02
-0.140000
-0.218000
-0.486000
-0.717000
-0.795000
-0.735000
-0.577000
-0.474000
-0.340000
2.40000E-02
0.850000
2.10200
2.87300
2.84900
1.78000
0.535000
-0.188000
-0.522000
-0.905000
-1.05100
-1.14200
-1.06300
-0.996000
-0.747000
-8.50000E-02
1.21500
2.76400
3.89300
3.11000
1.62800
0.371000
-0.461000
-0.935000
-1.13600
-0.941000
-0.947000
-0.972000
-0.923000
-0.868000
-0.771000
-0.486000
-3.00000E-02
0.456000
1.00200
1.68300
2.44800
2.94600
3.03100
2.50900
1.62200
0.929000
0.559000
0.304000
-9.70000E-02
-0.346000
-0.638000
-0.795000
-0.947000
-1.03200
-1.20800
-1.26300
-1.26900
-1.31800
-1.36600
-1.26300
-1.04500
-0.510000
0.389000
1.45200
2.53300
2.92200
2.55700
1.53100
0.535000
-0.170000
-0.607000
-1.13600
-1.41500
-1.71900
-2.03500
-1.98000
-1.96200
-1.90700
-1.57300
-1.08700
-0.310000
0.784000
1.99200
1.90100
0.699000
-0.468000
-1.23300
-1.67000
-1.96200
-1.94300
-1.89500
-1.57900
-0.899000
3.10000E-02
1.19700
1.85300
1.30000
0.462000
-0.176000
-0.516000
-0.662000
-0.662000
-0.553000
-0.559000
-0.765000
-0.972000
-1.11700
-1.24500
-1.22100
-1.01400
-0.625000
0.122000
1.19700
2.38100
2.32000
1.14800
4.30000E-02
-0.698000
-1.28700
-1.82200
-1.96800
-2.04100
-2.07100
-1.93700
-1.41500
-0.437000
1.22100
3.29200
3.77200
2.83700
1.52500
0.286000
-0.601000
-1.11100
-1.33000
-1.19000
-1.28700
-1.37900
-1.35400
-1.25700
-0.966000
-0.698000
-0.382000
-8.50000E-02
0.292000
0.826000
1.28200
1.30600
1.02700
0.735000
0.535000
0.437000
0.407000
0.431000
0.437000
0.462000
0.638000
0.838000
0.826000
0.735000
0.735000
0.723000
0.893000
1.36100
1.85300
1.86500
1.49400
0.687000
-0.127000
-0.747000
-1.21500
-1.40900
-1.47000
-1.45100
-1.39100
-1.24500
-1.00200
-0.559000
0.365000
1.99200
3.81400
3.80800
2.78800
1.68300
0.881000
0.413000
4.90000E-02
-0.340000
-0.389000
-0.516000
-0.723000
-0.856000
-0.990000
-1.12300
-1.33600
-1.56700
-1.67000
-1.74300
-1.75500
-1.53000
-0.953000
0.
1.21500
2.91600
3.79600
2.83100
1.36700
0.359000
-0.237000
-0.583000
-0.947000
-1.15400
-1.20800
-1.45100
-1.64600
-1.74300
-1.68200
-1.48200
-1.20800
-0.723000
0.158000
1.47000
2.64200
2.72700
1.98600
1.28800
0.516000
-6.70000E-02
-0.510000
-0.808000
-0.978000
-1.12300
-1.37900
-1.54300
-1.55500
-1.44500
-1.02000
-6.70000E-02
3.12800
2.76400
2.74500
1.63400
0.826000
0.170000
-0.559000
-1.02600
-1.28100
-1.56100
-1.58500
-1.82800
-2.01000
-2.01000
-2.01000
-1.96200
-1.76700
-1.35400
-0.334000
2.01100
3.84500
2.40500
1.16600
0.407000
5.50000E-02
-0.164000
-0.565000
-0.978000
-1.20800
-1.34800
-1.35400
-1.33000
-1.18400
-0.990000
-0.455000
0.195000
0.929000
1.78600
2.01700
1.83400
1.22100
0.608000
7.90000E-02
-0.267000
-0.486000
-0.680000
-0.619000
-0.668000
-0.516000
-0.504000
-0.589000
-0.437000
0.195000
1.04500
1.76800
2.35100
2.39300
2.14400
1.52500
0.857000
0.486000
4.90000E-02
-0.455000
-0.789000
-0.862000
-1.08700
-1.22100
-1.40900
-1.48200
-1.31200
-1.16000
-1.14800
-0.856000
2.47200
3.69900
3.20100
2.89700
1.96200
0.699000
-9.70000E-02
-0.553000
-0.941000
-1.30600
-1.72500
-1.64000
-1.74900
-2.02800
-2.31400
-2.49600
-2.65400
-2.47200
-2.35000
-1.92500
-1.42700
-0.182000
2.48400
4.25800
2.95800
1.61000
0.474000
-0.121000
-0.231000
-0.310000
-0.395000
-0.492000
-0.844000
-1.38500
-1.64000
-1.74900
-1.55500
-1.43300
-1.40900
-1.58500
-1.19600
-0.553000
0.662000
1.72500
2.18700
2.09600
1.74300
1.25700
0.687000
0.261000
4.30000E-02
-0.218000
-0.601000
-0.826000
-1.00200
-1.34200
-1.51200
-1.48800
-1.36000
-1.03800
-0.407000
0.219000
1.00200
1.70700
2.01100
2.05900
1.96800
1.87100
1.73700
1.36100
0.778000
0.213000
-0.346000
-0.941000
-1.35400
-1.76700
-1.87100
-1.79800
-1.79800
-1.70700
-1.22100
1.20900
3.91800
2.41100
2.43600
1.24500
0.146000
-0.583000
-0.959000
-1.22100
-1.58500
-1.96200
-2.10100
-1.87100
-1.92500
-2.01600
-1.86400
-1.16000
-0.225000
1.14800
2.72700
3.09200
2.28400
1.19700
0.346000
-8.50000E-02
-0.358000
-0.625000
-0.753000
-0.868000
-1.01400
-0.899000
-0.826000
-0.874000
-1.02600
-1.20800
-1.05100
-0.771000
-0.237000
0.389000
1.12400
1.91900
2.18700
2.10800
1.70700
1.28200
0.887000
0.510000
0.176000
-9.70000E-02
-0.316000
-0.571000
-0.662000
-0.662000
-0.808000
-0.947000
-1.12300
-1.15400
-1.11700
-0.996000
-0.625000
-7.90000E-02
0.662000
1.42700
2.09600
2.29000
1.77400
1.02100
0.359000
-0.249000
-0.826000
-1.19600
-1.23300
-1.60300
-1.72500
-1.65200
-1.34200
-0.935000
-0.638000
-0.310000
-1.80000E-02
0.413000
0.638000
0.462000
0.152000
-0.121000
-0.468000
-0.808000
-0.905000
-0.553000
0.201000
1.23900
2.32000
2.45400
1.67000
0.571000
-0.255000
-0.747000
-1.20800
-1.59700
-1.72500
-1.94300
-2.12600
-2.28400
-2.35000
-2.37500
-2.08900
-1.33600
-0.237000
1.57900
4.15500
2.92800
1.36700
0.249000
-0.504000
-1.03200
-1.40300
-1.40900
-1.40900
-1.19600
-0.808000
-0.340000
3.10000E-02
0.225000
0.413000
0.565000
0.753000
0.954000
1.17200
1.13600
0.990000
0.668000
0.365000
0.225000
0.122000
4.90000E-02
-0.146000
-0.164000
0.176000
0.729000
1.27000
1.82200
2.22300
2.13800
1.82800
1.28200
0.699000
9.10000E-02
-0.382000
-0.747000
-1.04500
-1.37200
-1.58500
-1.63400
-1.41500
-0.947000
0.
1.38500
3.12800
4.64000
3.86900
2.13800
0.687000
-0.419000
-1.04500
-1.38500
-1.28700
-1.30000
-1.30600
-1.39100
-1.23300
-0.856000
-0.662000
-0.577000
-0.334000
-2.40000E-02
0.
5.50000E-02
0.310000
0.772000
1.24500
1.94400
2.84300
3.40800
3.08600
2.01700
0.772000
-0.152000
-0.747000
-1.23300
-1.47600
-1.56700
-1.81000
-1.92500
-1.99800
-1.99800
-2.11300
-2.25900
-2.23500
-2.02800
-1.57900
-0.874000
0.273000
2.12000
4.25800
3.35900
1.43400
7.30000E-02
-0.723000
-1.10500
-1.47600
-1.54900
-1.63400
-1.71900
-1.79800
-1.74300
-1.61500
-1.30600
-1.00800
-0.613000
1.80000E-02
0.735000
1.26400
1.37900
0.990000
0.359000
-0.200000
-0.540000
-0.650000
-0.662000
-0.723000
-0.765000
-0.528000
9.10000E-02
0.784000
1.41500
1.63400
1.22100
0.462000
-0.304000
-0.929000
-1.26900
-1.41500
-1.35400
-1.52400
-1.70000
-1.79200
-1.71900
-1.39100
-0.723000
0.152000
1.31800
2.79400
2.97000
2.06500
0.972000
1.20000E-02
-0.638000
-1.11100
-1.50000
-1.42100
-1.48200
-1.39700
-1.14800
-0.607000
0.116000
0.808000
1.22100
1.10000
0.583000
-4.80000E-02
-0.571000
-0.984000
-1.30600
-1.20200
-0.747000
0.122000
1.56100
3.11000
3.62000
2.62400
1.59800
0.978000
0.808000
0.808000
0.741000
0.729000
0.662000
0.346000
-6.10000E-02
-0.443000
-0.686000
-0.947000
-1.19000
-1.38500
-1.50600
-1.48800
-1.32400
-1.01400
-0.382000
0.978000
2.89100
6.26800
5.44200
3.60200
2.12000
1.02700
0.237000
-0.413000
-0.972000
-1.02000
-1.17200
-1.41500
-1.64000
-1.81600
-1.96200
-1.98600
-2.04100
-1.97400
-1.92500
-1.69400
-1.43900
-0.923000
-9.70000E-02
1.12400
3.11000
5.46000
3.54100
1.59800
0.359000
-0.297000
-0.656000
-0.972000
-1.05700
-1.09900
-1.19000
-1.18400
-1.26900
-1.37900
-1.45100
-1.52400
-1.59100
-1.55500
-1.43900
-1.25700
-0.917000
-0.364000
0.614000
2.29000
3.72900
2.97000
1.37900
0.164000
-0.680000
-1.20800
-1.50600
-1.73100
-1.79200
-2.09500
-2.36300
-2.49600
-2.49000
-2.38100
-1.98600
-1.23300
0.188000
2.48400
4.07600
2.46600
0.954000
-7.30000E-02
-0.577000
-0.814000
-1.17800
-1.24500
-1.50000
-1.64600
-1.79800
-2.04100
-2.13800
-2.07700
-1.90100
-1.57300
-0.808000
0.541000
2.47200
3.96000
3.08600
1.80400
0.723000
-5.40000E-02
-0.589000
-1.03800
-1.14200
-1.13000
-1.21500
-1.25700
-1.30600
-1.34200
-1.41500
-1.45100
-1.45100
-1.33600
-0.972000
-0.376000
0.334000
0.820000
1.33000
1.83400
2.31400
2.28400
1.86500
1.12400
0.504000
0.152000
-8.50000E-02
-0.261000
-0.291000
-0.607000
-0.747000
-0.929000
-1.05700
-1.25700
-1.40300
-1.37900
-1.08700
-0.510000
0.322000
1.65800
3.04900
3.64400
2.67300
1.30600
0.365000
-0.146000
-0.510000
-0.838000
-0.893000
-1.00200
-1.09900
-0.978000
-0.856000
-0.680000
-0.291000
0.116000
0.626000
1.23300
1.91900
2.47800
2.80000
2.67900
2.16800
1.59800
0.923000
0.298000
-0.225000
-0.698000
-0.972000
-1.34800
-1.55500
-1.79200
-2.02200
-2.18000
-2.16800
-2.19200
-2.01000
-1.42100
-0.389000
1.34900
4.61000
3.06700
1.35500
1.03000E-01
-0.704000
-1.26300
-1.59700
-1.51200
-1.54900
-1.46400
-1.14200
-0.528000
0.371000
1.19100
1.51900
1.26400
0.711000
1.03000E-01
-0.413000
-0.917000
-1.35400
-1.53000
-1.54900
-1.29400
-1.02600
-0.868000
-0.395000
0.516000
1.78000
2.60000
2.21100
1.41500
0.480000
-0.310000
-0.795000
-1.14200
-1.33000
-1.31200
-1.36000
-1.31800
-1.09900
-0.893000
-0.577000
-0.364000
-0.164000
0.152000
0.523000
0.929000
1.11200
0.954000
0.729000
0.462000
0.146000
0.
-6.70000E-02
-0.188000
-0.395000
-0.528000
-0.316000
7.90000E-02
0.680000
1.34200
1.70100
1.52500
1.01400
0.437000
-9.10000E-02
-0.528000
-0.777000
-0.935000
-0.972000
-1.08700
-1.29400
-1.23300
-0.777000
-6.10000E-02
0.559000
1.36100
2.39300
2.82400
2.30200
1.31800
0.431000
-0.237000
-0.729000
-1.12300
-1.29400
-1.64600
-1.71900
-1.74300
-1.77300
-1.77300
-1.50600
-1.22700
-0.771000
-5.40000E-02
0.954000
1.99200
2.50300
2.15000
1.31200
0.644000
0.237000
-0.152000
-0.419000
-0.364000
-0.413000
-0.546000
-0.534000
-0.419000
-0.358000
-0.285000
-0.291000
-0.437000
-0.577000
-0.534000
-0.322000
-0.115000
1.80000E-02
0.152000
0.267000
0.322000
0.450000
0.626000
0.765000
0.869000
0.662000
0.444000
0.322000
0.365000
0.407000
0.389000
0.261000
0.140000
0.
4.90000E-02
0.128000
0.195000
0.273000
0.310000
0.334000
0.298000
0.195000
4.90000E-02
-0.146000
-0.437000
-0.899000
-1.29400
-1.48800
-1.54900
-1.53000
-1.21500
-0.291000
1.88300
4.95000
3.34700
1.84100
0.699000
-6.10000E-02
-0.559000
-1.02000
-1.16600
-1.24500
-1.35400
-1.43900
-1.53000
-1.65200
-1.82200
-1.99200
-2.05900
-1.97400
-1.91300
-1.80400
-1.51200
-0.723000
0.899000
3.81400
4.16100
2.44200
1.01400
-3.00000E-02
-0.704000
-1.19000
-1.50600
-1.62800
-1.71300
-1.56700
-1.18400
-0.631000
9.10000E-02
0.820000
1.36100
1.40900
1.05100
0.529000
0.116000
-0.273000
-0.589000
-0.729000
-0.431000
2.40000E-02
0.844000
1.79200
2.48400
2.55700
2.11400
1.80400
1.68300
1.62800
1.36700
0.881000
0.249000
-0.364000
-0.832000
-1.25100
-1.43900
-1.56700
-1.69400
-1.84600
-1.97400
-2.03500
-1.86400
-1.45800
-0.644000
0.820000
3.03100
5.14500
3.79600
2.05900
0.778000
-0.170000
-0.826000
-1.38500
-1.47600
-1.45100
-1.42700
-1.54900
-1.67000
-1.79800
-1.86400
-1.81600
-1.68200
-1.35400
-0.783000
1.80000E-02
1.07500
1.91900
2.06500
1.61600
0.881000
0.249000
-0.322000
-0.680000
-0.802000
-0.656000
-0.461000
-0.607000
-0.856000
-1.00200
-1.20800
-1.36000
-1.54300
-1.67600
-1.59700
-1.17200
-0.407000
0.699000
1.98600
2.80000
2.16200
0.832000
-0.218000
-0.868000
-1.30600
-1.67000
-1.74900
-1.98600
-2.06500
-1.91900
-1.55500
-1.06900
-0.407000
0.213000
0.674000
0.759000
0.559000
0.267000
-1.03000E-01
-0.389000
-0.297000
-0.152000
0.273000
0.826000
1.31200
1.36700
1.11800
0.699000
0.249000
-4.20000E-02
-0.164000
-0.237000
-0.304000
-0.480000
-0.577000
-0.613000
-0.589000
-0.468000
-0.437000
-0.267000
0.292000
1.04500
1.88900
2.41100
2.24100
1.50000
0.875000
0.413000
-2.40000E-02
-0.285000
-7.90000E-02
0.425000
0.759000
1.05100
1.09300
0.881000
0.541000
0.195000
-4.80000E-02
-0.127000
1.80000E-02
0.371000
0.857000
1.78000
3.94800
4.61000
3.28600
2.15600
0.966000
0.243000
6.00000E-03
-0.364000
-0.656000
-0.911000
-1.25700
-1.30600
-1.52400
-1.87100
-2.01000
-2.18600
-2.24700
-2.05900
-1.54300
1.80400
3.28600
4.40400
3.23100
2.69700
1.52500
0.304000
-0.273000
-0.710000
-1.11100
-1.23900
-1.23300
-1.24500
-1.54900
-1.73100
-1.86400
-2.19900
-2.33200
-2.16200
-1.65200
-1.36000
-1.06300
-0.771000
-1.03000E-01
1.05700
2.16200
2.38700
2.04100
1.51300
0.881000
0.310000
-6.10000E-02
-0.437000
-0.704000
-0.698000
-0.631000
-0.990000
-1.24500
-1.18400
-1.10500
-1.19000
-1.22700
-1.03200
-0.735000
-0.443000
-0.200000
0.249000
0.729000
0.875000
0.814000
0.474000
-0.127000
-0.783000
-1.14200
-1.22100
-0.868000
-0.304000
0.504000
1.75500
2.78800
2.80000
1.97400
1.05100
0.462000
7.90000E-02
-0.140000
-0.200000
-0.382000
-0.613000
-0.996000
-1.60300
-1.67600
-1.73100
-1.84600
-1.82800
-1.87700
-1.64600
-0.899000
2.10200
3.32200
2.68500
1.97400
1.01400
0.304000
9.70000E-02
-0.340000
-0.862000
-1.32400
-1.41500
-1.45100
-1.65200
-2.06500
-2.21100
-2.04100
-2.15000
-2.24100
-2.32600
-1.89500
-1.04500
0.850000
4.44600
3.22500
1.99800
1.00200
0.419000
6.00000E-03
-0.316000
-0.358000
-0.316000
-0.595000
-0.808000
-0.808000
-0.638000
-0.340000
-0.194000
-9.10000E-02
-1.03000E-01
3.10000E-02
0.237000
0.699000
1.33600
2.07100
2.21100
1.89500
1.47000
0.972000
0.504000
7.90000E-02
-0.389000
-0.559000
-0.674000
-0.656000
-0.553000
-0.376000
3.10000E-02
0.419000
0.589000
0.559000
0.486000
0.407000
0.110000
-0.152000
-0.249000
-0.273000
-5.40000E-02
0.413000
1.02100
1.51300
1.79200
1.92600
1.48800
0.820000
-2.40000E-02
-0.874000
-1.57300
-1.79200
-1.68800
-1.40300
-1.23300
-1.03800
-0.625000
0.
0.881000
1.62200
1.54300
0.759000
7.30000E-02
-0.461000
-0.996000
-1.43900
-1.41500
-1.26900
-0.899000
-0.553000
-0.194000
0.176000
0.662000
1.13600
1.25700
1.07500
0.875000
0.656000
0.304000
-1.20000E-02
-0.291000
-0.449000
-0.613000
-0.844000
-0.923000
-0.972000
-0.966000
-0.868000
-0.783000
-0.613000
-0.437000
-4.80000E-02
0.437000
0.972000
1.56100
1.81600
1.75500
1.55500
1.02700
0.395000
-0.115000
-0.565000
-0.808000
-1.05100
-1.18400
-1.06300
-0.802000
-0.437000
-0.237000
-0.212000
-7.90000E-02
0.273000
0.705000
1.00200
1.14800
1.10600
1.01400
0.978000
0.917000
0.850000
0.705000
0.614000
0.498000
0.589000
0.808000
0.917000
0.753000
0.249000
-0.316000
-0.777000
-1.06300
-1.20800
-1.38500
-1.50000
-1.54300
-1.54900
-1.26900
-0.631000
0.298000
1.61000
3.40800
4.49500
4.00900
2.56900
1.18500
7.90000E-02
-0.662000
-1.22100
-1.67600
-1.76700
-1.98000
-2.21700
-2.37500
-2.44800
-2.49000
-2.52000
-2.57500
-2.67800
-2.73300
-2.66600
-2.39900
-1.53600
0.371000
4.47000
4.00300
2.63000
1.36700
0.510000
0.146000
0.134000
0.146000
0.292000
0.419000
0.225000
-4.80000E-02
-0.364000
-0.771000
-1.11700
-1.40900
-1.73100
-1.97400
-2.08900
-2.18600
-2.28400
-2.32000
-2.20500
-1.78500
-0.674000
1.50000
4.90800
3.09200
1.36700
9.70000E-02
-0.747000
-1.25700
-1.59700
-1.45800
-1.36000
-1.19000
-0.887000
-0.565000
-0.346000
-0.225000
-0.261000
-0.340000
-0.413000
-0.425000
-0.200000
0.201000
0.650000
1.05100
1.21500
0.972000
0.310000
-0.340000
-0.820000
-1.09900
-0.917000
-0.364000
0.498000
1.61600
2.64200
2.83700
2.03500
0.996000
0.
-0.583000
-0.899000
-1.18400
-1.16000
-1.48200
-1.55500
-1.37900
-1.03800
-0.771000
-0.516000
-3.00000E-02
0.516000
0.863000
0.972000
0.796000
0.504000
0.310000
0.395000
0.638000
1.14200
1.63400
2.01100
2.10800
1.82800
1.36700
0.923000
0.437000
-4.80000E-02
-0.492000
-0.771000
-1.06300
-1.23900
-1.42700
-1.40900
-1.24500
-1.10500
-0.917000
-0.686000
-0.413000
0.170000
0.893000
1.68300
2.35100
2.53300
2.30800
1.85300
1.23900
0.662000
1.03000E-01
-0.370000
-0.802000
-1.05100
-1.23900
-1.15400
-0.959000
-0.516000
1.80000E-02
0.201000
0.170000
-4.80000E-02
-0.231000
-0.279000
-0.322000
-0.358000
-9.10000E-02
0.346000
0.875000
1.45800
1.93800
2.26600
2.23500
1.78000
1.17800
0.608000
6.70000E-02
-0.455000
-0.881000
-1.11100
-1.43300
-1.67600
-1.88900
-1.92500
-1.81600
-1.96200
-2.09500
-1.82200
-1.20200
-0.255000
1.08700
2.55700
3.33500
2.33200
0.656000
-0.644000
-1.24500
-1.43900
-1.72500
-1.74900
-1.81600
-1.64600
-1.11700
-0.328000
0.735000
1.90100
2.16200
1.47000
0.425000
-0.437000
-1.02600
-1.52400
-1.84000
-1.96800
-2.12600
-1.96800
-1.60900
-1.13600
-0.589000
0.419000
1.76200
2.99500
3.96600
3.76000
2.73900
1.14800
-2.40000E-02
-0.741000
-1.19000
-1.58500
-1.79200
-2.16800
-2.29000
-2.28400
-2.42900
-2.52600
-2.60500
-2.71500
-2.82400
-2.64800
-2.39300
-1.71300
-0.382000
2.36900
4.78000
3.15200
1.73100
0.729000
0.134000
-0.340000
-0.759000
-0.978000
-0.984000
-1.10500
-1.09300
-1.09300
-1.06900
-1.05100
-0.868000
-0.625000
-0.267000
0.298000
0.936000
1.39700
1.46400
1.25700
0.929000
0.674000
0.316000
-4.80000E-02
-0.218000
-0.285000
-0.140000
3.10000E-02
0.170000
0.395000
0.753000
1.18500
1.62200
1.73100
1.61000
1.36100
1.04500
0.735000
0.389000
-1.80000E-02
-0.407000
-0.735000
-1.03800
-1.28100
-1.37200
-1.41500
-1.43900
-1.30600
-0.923000
-0.437000
0.316000
1.38500
2.54500
2.86100
2.20500
1.27000
0.468000
-0.194000
-0.759000
-1.28700
-1.48800
-1.46400
-1.33600
-1.16000
-0.947000
-0.607000
1.20000E-02
0.523000
0.832000
0.674000
0.273000
-0.121000
-0.407000
-0.510000
-0.328000
7.90000E-02
0.796000
1.67000
2.14400
1.82800
0.948000
-1.20000E-02
-0.729000
-1.22100
-1.59700
-1.68200
-1.65200
-1.45800
-1.21500
-0.759000
7.30000E-02
1.22100
2.30200
2.38100
1.75500
0.936000
0.225000
-0.401000
-0.747000
-0.874000
-0.686000
-0.559000
-0.358000
-0.146000
0.431000
1.50000
2.81200
3.76000
3.40800
2.19300
0.960000
4.90000E-02
-0.631000
-1.20800
-1.58500
-1.79800
-1.89500
-2.05900
-2.28400
-2.32600
-2.12000
-1.58500
1.71300
2.80000
3.21300
2.97000
1.96200
1.02700
7.90000E-02
-0.540000
-0.923000
-1.23900
-1.47600
-1.73700
-2.31400
-2.60500
-2.73900
-2.48400
-2.34400
-2.23500
-2.08900
-1.59100
-0.662000
0.614000
2.09000
2.33200
1.87100
1.14800
0.492000
2.40000E-02
-0.297000
-0.528000
-0.704000
-0.802000
-0.874000
-1.05100
-1.28100
-1.37900
-1.47000
-1.54900
-1.51800
-1.36000
-1.15400
-0.589000
9.10000E-02
0.662000
1.09300
1.21500
1.08700
0.753000
0.395000
0.116000
6.00000E-03
3.10000E-02
-6.70000E-02
-0.413000
-0.747000
-0.565000
-0.225000
-1.80000E-02
3.10000E-02
-0.158000
-9.70000E-02
9.10000E-02
0.146000
-6.00000E-03
-0.407000
-0.461000
-0.231000
-0.121000
8.50000E-02
0.328000
0.638000
0.942000
1.06300
1.04500
0.984000
0.778000
0.310000
-0.212000
-0.553000
-0.674000
-0.771000
-0.789000
-0.777000
-0.710000
-0.346000
0.188000
0.608000
0.850000
0.790000
0.516000
0.243000
4.30000E-02
-0.152000
-0.316000
-0.382000
-0.407000
-0.358000
-0.340000
-1.80000E-02
0.577000
1.14200
1.45800
1.46400
1.22100
0.680000
0.261000
7.90000E-02
3.10000E-02
-0.261000
-0.674000
-1.05700
-1.13600
-1.06300
-1.08700
-1.25700
-1.11700
-0.480000
0.778000
2.75200
4.10000
3.23700
1.78000
0.589000
-0.218000
-0.747000
-1.01400
-0.990000
-0.874000
-1.01400
-1.28700
-1.50600
-1.37900
-1.21500
-0.844000
-0.285000
0.462000
1.42100
2.24700
2.43000
2.14400
1.64600
1.19700
0.857000
0.802000
0.832000
0.796000
0.620000
0.395000
-0.164000
-0.704000
-0.941000
-1.23900
-1.57900
-1.86400
-1.87700
-1.69400
-1.39100
-0.656000
0.729000
2.96400
4.76800
2.88500
1.08700
-1.03000E-01
-0.820000
-1.21500
-1.61500
-1.73700
-1.88900
-2.14400
-2.35600
-2.47200
-2.58700
-2.53900
-2.25900
-1.67000
-0.395000
1.78000
4.37900
2.55700
1.08100
6.00000E-03
-0.808000
-1.47600
-2.01000
-1.98600
-2.01000
-1.87100
-1.82800
-1.77900
-1.58500
-1.26900
-0.698000
0.146000
1.19100
1.87700
1.51300
0.638000
-0.212000
-0.795000
-1.11700
-1.34800
-1.39700
-1.25700
-1.03800
-0.589000
-0.218000
6.00000E-03
9.70000E-02
3.10000E-02
-9.70000E-02
-0.200000
-0.249000
-0.316000
-0.504000
-0.704000
-0.777000
-0.577000
-0.225000
0.286000
0.614000
0.784000
0.802000
0.656000
0.553000
0.468000
0.310000
5.50000E-02
-0.164000
-0.340000
-0.455000
-0.486000
-0.431000
-0.334000
-0.382000
-0.553000
-0.528000
-0.364000
-0.316000
-0.188000
0.383000
1.23300
2.13200
2.74500
2.26000
1.26400
0.359000
-0.176000
-0.516000
-0.735000
-0.832000
-1.08700
-1.08100
-1.09900
-1.14800
-1.14800
-0.674000
0.122000
0.954000
1.92600
2.62400
2.60600
2.24100
1.56100
0.711000
4.90000E-02
-0.340000
-0.717000
-0.771000
-1.01400
-1.13600
-1.14200
-1.08700
-0.771000
-0.413000
6.00000E-03
0.577000
1.30600
1.84700
1.82800
1.38500
0.747000
6.70000E-02
-0.480000
-0.771000
-0.795000
-0.753000
-0.291000
0.292000
0.972000
1.37900
1.34200
0.942000
0.437000
-9.10000E-02
-0.546000
-0.887000
-0.905000
-0.832000
-0.710000
-0.389000
0.249000
0.948000
1.36700
1.45200
1.22100
0.808000
0.201000
-0.237000
-0.316000
-0.194000
-1.80000E-02
-6.00000E-03
-1.80000E-02
-0.200000
-0.559000
-0.802000
-0.789000
-0.571000
-0.297000
9.10000E-02
0.565000
0.966000
1.21500
1.21500
0.936000
0.437000
-0.152000
-0.735000
-1.03800
-1.19000
-1.20800
-1.16000
-0.929000
-0.662000
-0.419000
-0.121000
0.195000
0.365000
0.419000
0.377000
0.140000
-0.261000
-0.723000
-1.08700
-1.15400
-0.729000
5.50000E-02
1.06900
2.03500
2.30200
1.60400
0.687000
-0.146000
-0.662000
-0.905000
-1.26900
-1.46400
-1.69400
-1.64000
-1.45800
-1.40300
-1.36600
-1.24500
-0.990000
-0.528000
9.70000E-02
1.10000
2.43600
3.57800
2.90900
1.62200
0.565000
-7.30000E-02
-0.413000
-0.789000
-0.966000
-1.11100
-1.34200
-1.52400
-1.48200
-1.48200
-1.43300
-1.24500
-1.05100
-0.698000
-0.200000
0.614000
1.44000
2.01100
1.90100
1.31800
0.626000
0.164000
-0.140000
-0.340000
-0.237000
-4.20000E-02
0.231000
0.456000
0.638000
0.784000
0.687000
0.413000
6.70000E-02
-0.231000
-0.601000
-0.899000
-1.04500
-1.13600
-1.02600
-0.808000
-0.285000
0.510000
1.33600
1.67700
1.47000
0.826000
7.90000E-02
-0.492000
-0.947000
-1.43300
-1.50000
-1.43300
-1.21500
-0.911000
-0.395000
0.346000
1.09300
1.60400
1.78000
1.42700
0.699000
-4.20000E-02
-0.650000
-0.996000
-1.13000
-1.11100
-0.905000
-0.638000
-0.407000
-0.212000
-2.40000E-02
0.122000
0.267000
0.444000
0.626000
0.832000
1.08700
1.37300
1.45800
1.34200
0.942000
0.431000
6.70000E-02
-0.297000
-0.631000
-0.759000
-0.826000
-0.808000
-0.856000
-0.966000
-1.09300
-1.09300
-0.826000
-0.279000
0.437000
1.41500
2.27800
2.39900
1.68300
0.778000
0.128000
-0.310000
-0.565000
-0.395000
0.116000
0.668000
1.31200
1.73100
1.71300
1.40300
0.929000
0.334000
-0.273000
-0.820000
-1.16000
-1.48200
-1.74300
-1.86400
-1.91300
-1.65200
-1.04500
0.134000
2.23500
4.76800
3.66300
2.12000
0.844000
-9.70000E-02
-0.680000
-1.09300
-1.08700
-1.09900
-1.11100
-1.03800
-0.771000
-0.340000
9.70000E-02
0.541000
0.784000
0.802000
0.687000
0.444000
0.128000
-0.121000
-0.206000
-6.70000E-02
0.334000
0.954000
1.69500
2.51500
2.97000
3.06700
1.79200
0.541000
-0.449000
-1.06900
-1.50000
-1.70000
-1.74900
-2.02200
-2.16800
-2.36300
-2.47200
-2.31400
-1.79200
0.553000
2.83700
3.02500
2.66000
1.42700
0.680000
2.40000E-02
-0.662000
-1.27500
-1.87700
-2.08300
-2.14400
-2.36900
-2.51400
-2.57500
-2.83000
-2.81200
-2.66600
-2.52600
-2.06500
-1.11700
0.759000
4.10000
3.59600
1.88900
0.298000
-0.583000
-0.923000
-0.777000
-1.12300
-1.20800
-1.36000
-1.45100
-1.42700
-1.50600
-1.61500
-1.70700
-1.70700
-1.71900
-1.63400
-1.31200
-0.802000
9.10000E-02
1.17200
2.35100
2.83700
2.55100
1.65200
0.644000
3.10000E-02
-0.346000
-0.783000
-0.856000
-0.729000
-0.802000
-1.02000
-1.27500
-1.43900
-1.53000
-1.62800
-1.67600
-1.57900
-1.44500
-0.917000
0.237000
1.70100
2.74500
2.91600
2.66000
1.95000
1.39100
1.08700
0.808000
0.450000
0.170000
-8.50000E-02
-0.437000
-0.966000
-1.24500
-1.42700
-1.37200
-1.32400
-1.48200
-1.53600
-1.24500
-0.625000
0.431000
2.18100
4.57400
4.53100
2.39900
0.747000
-0.358000
-0.978000
-1.42700
-1.51800
-1.60300
-1.60300
-1.53600
-1.33000
-1.14200
-0.899000
-0.340000
0.516000
1.48800
2.10800
1.93200
1.20900
0.389000
-0.255000
-0.686000
-0.856000
-0.431000
0.310000
1.24500
2.11400
2.63000
2.40500
1.45200
0.699000
0.176000
-0.285000
-0.698000
-0.899000
-1.24500
-1.40300
-1.26300
-1.01400
-0.802000
-0.631000
-0.528000
-0.285000
0.201000
1.25100
2.55700
3.28600
2.77600
1.31800
0.116000
-0.601000
-1.03800
-1.31200
-1.14800
-0.966000
-0.832000
-0.625000
-0.364000
-2.40000E-02
0.255000
0.340000
0.116000
-0.176000
-0.443000
-0.601000
-0.631000
-0.607000
-0.583000
-0.419000
-1.03000E-01
0.316000
0.662000
0.996000
1.21500
1.57300
1.82800
1.65800
1.16600
0.535000
-7.30000E-02
-0.528000
-0.984000
-1.31800
-1.45100
-1.55500
-1.59700
-1.62800
-1.57900
-1.56100
-1.56100
-1.53000
-1.46400
-1.23300
-0.729000
0.128000
1.52500
3.93000
2.90900
1.48200
0.280000
-0.546000
-1.07500
-1.48800
-1.67000
-1.71900
-1.55500
-1.42700
-1.26300
-1.02600
-0.856000
-0.674000
-0.553000
-0.407000
-0.468000
-0.285000
-0.152000
7.90000E-02
0.298000
0.784000
1.45800
2.05900
2.38700
2.16800
1.46400
0.699000
0.316000
-2.40000E-02
-0.486000
-0.795000
-0.856000
-1.13600
-1.23300
-1.36000
-1.27500
-1.20200
-1.22100
-0.947000
-9.10000E-02
0.929000
2.33200
3.72300
2.89700
1.22100
-4.80000E-02
-0.826000
-1.15400
-1.43900
-1.40300
-0.941000
6.00000E-03
1.16600
2.64800
3.34100
2.80600
1.61000
0.468000
-0.364000
-0.972000
-1.30600
-1.39100
-1.64600
-1.91900
-1.93700
-1.70000
-1.54300
-1.41500
-0.783000
0.152000
1.50600
3.01300
3.42000
2.44200
1.39100
0.516000
-7.30000E-02
-0.777000
-1.37900
-1.47600
-1.53000
-1.60300
-1.50600
-1.49400
-1.50000
-1.25700
-1.16000
-1.08700
-0.820000
-0.237000
0.687000
1.67700
2.21100
2.10200
1.45200
0.626000
-0.170000
-0.844000
-1.24500
-1.24500
-0.838000
-0.844000
-0.747000
-0.680000
-0.486000
-0.243000
-0.127000
-0.152000
-0.225000
-0.322000
-0.461000
-0.480000
-0.322000
1.20000E-02
0.419000
0.844000
1.08700
0.948000
0.735000
0.504000
0.146000
-0.152000
-0.170000
1.20000E-02
0.243000
0.486000
0.620000
0.589000
0.492000
0.201000
-0.218000
-0.595000
-0.959000
-1.28100
-1.46400
-1.33600
-1.06300
-0.559000
0.462000
1.96200
3.32200
3.77200
2.87300
1.31200
0.146000
-0.528000
-0.953000
-1.29400
-1.25700
-1.28700
-1.45100
-1.57900
-1.50600
-1.40300
-1.25700
-0.966000
-0.650000
-0.218000
0.304000
0.796000
1.12400
1.19700
1.14800
1.05700
1.04500
1.10000
1.23300
1.30600
1.45800
1.58500
1.70100
1.65200
1.54300
1.24500
0.735000
0.140000
-0.267000
-0.510000
-0.723000
-1.01400
-1.30600
-1.57300
-1.72500
-1.90700
-2.06500
-2.13200
-1.99800
-1.56100
1.31800
2.50300
2.77000
2.58200
1.64600
0.832000
0.334000
-2.40000E-02
-0.583000
-1.16600
-1.56100
-1.52400
-1.63400
-1.70000
-1.94300
-2.12600
-1.97400
-1.77900
-1.82200
-1.96800
-1.79800
-1.18400
-0.370000
0.371000
1.31800
1.96800
1.85300
1.45800
1.04500
0.699000
0.395000
0.207000
-2.40000E-02
-0.376000
-0.534000
-0.638000
-0.783000
-0.795000
-0.601000
-0.285000
-0.146000
-0.237000
-0.492000
-0.419000
-0.188000
-9.70000E-02
-0.255000
-0.407000
-0.528000
-0.540000
-0.310000
0.170000
0.875000
1.84700
2.43600
2.32600
2.02300
1.58500
1.19100
0.614000
1.20000E-02
-0.528000
-0.820000
-1.16600
-1.43300
-1.74900
-1.79800
-1.94900
-2.18000
-2.13800
-2.06500
-2.05900
-1.76100
-1.07500
0.128000
1.90100
3.79000
4.10600
3.03100
1.86500
0.942000
0.292000
-6.70000E-02
-0.455000
-0.881000
-1.05100
-1.29400
-1.57900
-1.81600
-1.76700
-1.61500
-1.59700
-1.63400
-1.52400
-1.14200
-0.559000
0.261000
1.28200
2.13200
2.18700
1.80400
1.24500
0.863000
0.674000
0.699000
1.00200
1.27000
1.51300
1.57900
1.39700
1.13000
0.747000
0.419000
1.80000E-02
-0.498000
-1.02000
-1.43900
-1.64000
-1.80400
-1.94900
-1.99200
-1.87100
-1.54300
-0.735000
0.747000
3.52300
3.18900
1.53100
0.340000
-0.304000
-0.516000
-0.613000
-0.631000
-0.431000
-0.194000
0.176000
0.456000
0.456000
0.310000
9.10000E-02
-9.70000E-02
-0.231000
-0.285000
-0.273000
-0.225000
-0.146000
-6.70000E-02
8.50000E-02
0.486000
0.893000
1.06300
0.917000
0.614000
0.122000
-0.340000
-0.832000
-1.33000
-1.56700
-1.40300
-0.899000
0.267000
2.59400
5.40600
3.43200
1.68300
0.377000
-0.437000
-0.826000
-1.16000
-1.43900
-1.46400
-1.60300
-1.77300
-2.02800
-2.26500
-2.37500
-2.37500
-2.40500
-2.39900
-2.16200
-0.826000
2.78800
3.71100
3.14000
1.91900
0.960000
0.583000
-1.80000E-02
-0.613000
-1.19600
-1.66400
-1.65200
-1.40900
-1.65200
-1.86400
-1.91300
-1.62200
-1.67000
-1.55500
-1.21500
-0.917000
-0.516000
0.201000
1.41500
2.43600
2.94600
2.90300
2.33900
1.70700
1.12400
0.638000
0.365000
-0.115000
-0.723000
-0.990000
-1.25700
-1.36600
-1.42700
-1.44500
-1.45100
-1.31800
-0.905000
-0.164000
0.729000
1.56100
2.09000
2.01100
1.50000
0.820000
0.237000
-8.50000E-02
-0.316000
-0.516000
-0.565000
-0.419000
7.90000E-02
0.559000
1.02100
1.58500
1.85300
1.70700
1.30600
0.765000
1.03000E-01
-0.510000
-1.01400
-1.28100
-1.37900
-1.50600
-1.48200
-1.20800
-0.868000
-0.540000
0.116000
1.08700
1.99200
2.55100
2.72100
2.31400
1.45800
0.608000
7.30000E-02
-0.279000
-0.680000
-0.953000
-1.20800
-1.57300
-1.73700
-1.74900
-1.74900
-1.70700
-1.54900
-1.06900
0.243000
3.59600
3.90600
2.97000
1.38500
7.90000E-02
-0.777000
-1.21500
-1.45800
-1.65800
-2.12000
-2.19900
-2.16200
-2.15600
-2.02200
-1.56700
-0.777000
0.352000
1.51300
2.77000
2.93400
2.24100
1.39100
0.832000
0.389000
7.30000E-02
-0.291000
-0.334000
-0.468000
-0.747000
-0.868000
-1.01400
-1.17800
-1.25700
-1.36600
-1.47600
-1.39700
-1.06900
-0.571000
0.164000
1.01400
2.07100
2.94000
3.01900
2.30800
1.39700
0.687000
0.237000
-0.237000
-0.534000
-0.407000
-0.346000
-0.328000
-0.237000
-0.267000
-0.310000
-0.340000
-0.601000
-0.856000
-1.03800
-1.14200
-1.02000
-0.826000
7.90000E-02
2.87300
2.82400
2.83700
1.74900
1.14200
0.571000
0.116000
-0.322000
-0.856000
-1.33000
-1.65200
-1.87100
-1.97400
-2.03500
-2.19200
-2.38100
-2.76300
-2.74500
-2.72100
-2.44800
-1.91300
-1.11700
3.18900
3.46800
2.21700
1.19700
0.371000
-0.170000
-0.553000
-0.881000
-1.17200
-1.43900
-1.55500
-1.62800
-1.47600
-1.00200
-0.601000
-0.382000
1.80000E-02
0.632000
1.14200
1.44600
1.24500
1.01400
0.638000
0.249000
-0.121000
-0.437000
-0.674000
-0.795000
-1.02600
-0.899000
-0.504000
0.158000
0.747000
1.36700
2.09000
2.35700
2.06500
1.37900
0.650000
7.90000E-02
-0.382000
-0.704000
-0.984000
-1.34800
-1.35400
-1.29400
-1.33600
-1.40900
-1.33000
-0.935000
-0.346000
0.468000
1.50000
2.43000
2.67300
1.90100
1.00200
0.152000
-0.468000
-0.759000
-1.09300
-1.18400
-1.39100
-1.42700
-1.21500
-1.09300
-0.996000
-0.868000
-0.455000
0.286000
1.05700
1.37300
1.21500
0.863000
0.541000
0.328000
0.195000
-4.80000E-02
-0.407000
-0.771000
-1.02600
-0.972000
-0.941000
-0.917000
-0.759000
-0.528000
-0.249000
0.219000
0.929000
1.62800
1.85900
1.53700
1.02100
0.431000
0.122000
-0.115000
-0.443000
-0.650000
-0.808000
-0.984000
-1.13600
-1.25700
-1.24500
-0.953000
-0.492000
1.03000E-01
1.14800
2.70300
3.10400
1.90100
0.565000
-0.486000
-1.02000
-1.28100
-1.16000
-1.16600
-1.23900
-0.899000
-0.364000
0.340000
1.14800
1.77400
1.73100
1.08100
0.310000
-0.285000
-0.638000
-0.820000
-0.795000
-0.759000
-0.285000
0.164000
0.626000
1.02700
0.972000
0.729000
0.377000
1.03000E-01
-1.03000E-01
-0.407000
-0.534000
-0.698000
-0.795000
-0.504000
1.80000E-02
0.571000
1.05100
1.45800
1.54900
1.22100
0.559000
-4.80000E-02
-0.461000
-0.674000
-0.856000
-1.01400
-1.38500
-1.62800
-1.57900
-1.45800
-1.16000
-0.820000
-0.528000
7.90000E-02
0.972000
1.86500
2.08300
1.50000
0.759000
0.134000
-0.364000
-0.747000
-0.893000
-0.868000
-0.868000
-0.723000
-0.698000
-0.723000
-0.704000
-0.553000
-0.322000
6.00000E-03
0.316000
0.480000
0.504000
0.480000
0.389000
0.292000
0.146000
-6.10000E-02
-0.285000
-0.455000
-0.498000
-0.595000
-0.534000
6.00000E-03
0.923000
2.09600
3.13400
3.25600
2.10200
0.772000
-0.249000
-0.905000
-1.28700
-1.43300
-1.54300
-1.84600
-2.04700
-2.21100
-2.20500
-2.06500
-1.74300
-1.29400
-0.419000
1.08700
3.30400
4.37300
3.57200
2.35100
1.25700
0.601000
0.273000
6.00000E-03
-0.243000
-0.346000
-0.528000
-0.795000
-0.899000
-1.03800
-1.20800
-1.25700
-1.34200
-1.48200
-1.55500
-1.55500
-1.18400
-0.316000
1.07500
3.51700
5.36900
3.54700
1.86500
0.614000
-0.152000
-0.650000
-1.13600
-1.26300
-1.39700
-1.54300
-1.65800
-1.68200
-1.67000
-1.61500
-1.50000
-1.14800
-0.723000
-0.261000
5.50000E-02
0.122000
2.40000E-02
-7.90000E-02
0.164000
0.796000
1.75500
2.89100
3.77200
3.42000
2.05300
0.674000
-0.237000
-0.868000
-1.45800
-1.77900
-2.01000
-2.35600
-2.56300
-2.67200
-2.69000
-2.76900
-2.72700
-2.59900
-2.53900
-2.16200
-1.26300
0.444000
2.83700
3.52300
2.21700
1.05700
0.176000
-0.358000
-0.698000
-0.935000
-0.838000
-0.899000
-1.06300
-1.20800
-1.18400
-1.09300
-1.06900
-1.10500
-0.990000
-0.638000
-9.10000E-02
0.492000
0.790000
0.923000
0.881000
0.723000
0.365000
1.03000E-01
-9.70000E-02
-0.340000
-0.455000
-0.540000
-0.559000
-0.437000
-0.413000
-0.419000
-0.212000
1.80000E-02
0.219000
0.486000
0.656000
0.699000
0.735000
0.693000
0.608000
0.401000
0.237000
0.176000
9.70000E-02
-0.158000
-0.510000
-0.777000
-0.856000
-0.814000
-0.698000
-0.486000
-0.164000
0.116000
0.346000
0.614000
0.857000
1.06900
1.16600
1.21500
1.27000
1.31800
1.35500
1.23900
0.875000
0.444000
9.10000E-02
-0.140000
-0.431000
-0.868000
-1.26900
-1.11100
-0.698000
-0.437000
-0.358000
-0.364000
-0.188000
7.90000E-02
0.225000
0.413000
0.753000
0.996000
1.12400
1.20900
1.24500
1.16600
0.948000
0.741000
0.504000
0.213000
-9.10000E-02
-0.480000
-0.917000
-1.30600
-1.48800
-1.46400
-1.36000
-1.13000
-0.777000
0.146000
1.88900
3.42000
3.15200
1.84700
0.790000
-7.90000E-02
-0.759000
-1.40300
-1.63400
-1.60300
-1.59700
-1.41500
-1.26900
-1.11100
-0.704000
-0.188000
0.243000
0.699000
1.23300
1.71900
1.97400
1.70700
1.21500
0.814000
0.407000
-3.60000E-02
-0.364000
-0.777000
-1.11100
-1.49400
-1.65800
-1.71900
-1.60300
-1.32400
-0.899000
-7.90000E-02
1.28200
2.81800
2.84300
1.65200
0.583000
-0.273000
-0.868000
-1.23300
-1.40300
-1.26300
-1.09300
-0.893000
-0.795000
-0.674000
-0.522000
-0.310000
-0.109000
0.116000
0.504000
1.24500
2.02300
2.50300
2.35100
1.65800
0.832000
6.00000E-03
-0.674000
-1.31200
-1.72500
-1.84000
-2.11300
-2.25300
-2.37500
-2.52600
-2.60500
-2.44800
-2.30200
-1.91900
-1.06900
0.881000
4.81100
3.31000
1.51300
0.176000
-0.595000
-1.02000
-1.36000
-1.46400
-1.53000
-1.47600
-1.28700
-0.990000
-0.589000
-0.152000
0.346000
0.778000
0.954000
0.808000
0.468000
-5.40000E-02
-0.577000
-0.868000
-0.935000
-0.808000
-0.601000
-0.267000
0.219000
0.972000
1.74900
2.22900
2.07100
1.63400
0.923000
0.316000
-0.176000
-0.540000
-0.735000
-0.802000
-0.935000
-0.990000
-1.09900
-1.19600
-1.14200
-1.02600
-0.923000
-0.874000
-0.625000
-0.115000
0.589000
1.27000
1.63400
1.52500
1.17200
0.802000
0.541000
0.462000
0.632000
0.699000
0.516000
0.195000
-0.182000
-0.528000
-0.856000
-1.11700
-1.43900
-1.53000
-1.40900
-1.09900
-0.856000
-0.164000
1.03900
2.52700
2.89100
1.70700
0.577000
-0.164000
-0.686000
-1.06900
-1.21500
-1.08700
-1.01400
-0.771000
-0.310000
0.134000
0.589000
0.978000
1.33600
1.51300
1.48800
1.37300
1.02100
0.480000
-5.40000E-02
-0.449000
-0.698000
-0.959000
-1.17200
-1.16000
-0.899000
-0.510000
3.10000E-02
0.844000
1.86500
2.46000
2.13200
1.28800
0.407000
-0.237000
-0.844000
-1.33600
-1.47600
-1.56100
-1.27500
-1.02600
-0.710000
-0.146000
0.656000
1.73100
2.76400
2.86100
2.16200
1.10000
0.116000
-0.474000
-0.783000
-1.00200
-1.01400
-1.16600
-1.23300
-1.24500
-1.35400
-1.35400
-1.26300
-1.19000
-1.11100
-0.856000
-0.474000
0.146000
0.923000
1.60400
1.98000
2.01100
1.59800
0.978000
0.510000
-1.20000E-02
-0.419000
-0.820000
-0.947000
-1.06900
-1.10500
-1.06300
-0.990000
-0.874000
-0.729000
-0.510000
-0.407000
-0.249000
-7.90000E-02
7.30000E-02
0.170000
0.213000
0.334000
0.504000
0.808000
1.12400
1.23900
1.03900
0.735000
0.492000
0.340000
0.213000
4.90000E-02
-0.297000
-0.832000
-1.40300
-1.71900
-1.89500
-1.86400
-1.41500
-0.571000
0.899000
2.77000
2.87300
1.76800
0.790000
0.152000
-0.170000
-0.431000
-0.729000
-0.881000
-1.05100
-1.26300
-1.50600
-1.54900
-1.45100
-1.32400
-1.14200
-0.674000
6.00000E-03
0.729000
1.40900
1.69500
1.48800
1.19100
0.996000
0.863000
0.972000
0.984000
0.966000
0.759000
0.365000
-0.310000
-1.05100
-1.47000
-1.80400
-2.09500
-2.22900
-2.20500
-2.07700
-1.74300
-1.11100
1.20000E-02
1.80400
3.32200
3.09800
2.25400
1.50000
0.875000
0.395000
-9.70000E-02
-0.607000
-0.868000
-1.06300
-1.31200
-1.45800
-1.55500
-1.58500
-1.54900
-1.42700
-1.16600
-0.504000
0.504000
1.76800
2.76400
2.95800
2.74500
1.70100
0.699000
-7.90000E-02
-0.625000
-1.06300
-1.28700
-1.43900
-1.73100
-1.76100
-1.71900
-1.64000
-1.45100
-1.09300
-0.358000
0.626000
1.87700
2.79400
2.72100
2.05300
1.40900
0.990000
0.942000
0.966000
0.875000
0.595000
0.201000
-1.03000E-01
-0.504000
-0.814000
-0.941000
-1.14800
-1.24500
-1.09900
-0.747000
-0.461000
-0.255000
-8.50000E-02
0.164000
0.529000
1.19700
2.31400
3.67500
4.17900
3.07300
1.58500
0.346000
-0.407000
-0.820000
-1.23300
-1.41500
-1.59700
-1.79800
-1.87100
-1.87100
-1.92500
-2.02200
-2.10700
-2.01600
-1.70000
-0.996000
0.164000
1.79200
3.18300
2.80000
1.23900
0.146000
-0.443000
-0.710000
-0.802000
-0.316000
0.796000
2.55700
4.46400
3.86900
2.55700
1.45800
0.693000
0.116000
-0.419000
-0.850000
-1.02000
-1.31200
-1.55500
-1.82800
-2.03500
-2.19900
-2.25900
-2.31400
-2.31400
-1.99800
-0.212000
1.34200
2.58200
2.73900
2.18100
1.27000
0.389000
-0.237000
-0.704000
-0.923000
-0.978000
-1.14200
-1.39700
-1.67600
-1.84600
-1.97400
-2.02200
-2.07100
-2.33200
-2.57500
-2.66600
-2.30200
-1.72500
-1.23900
0.243000
3.03100
3.32200
2.13200
1.24500
0.559000
7.30000E-02
-0.273000
-0.644000
-0.856000
-0.674000
-0.656000
-0.826000
-0.984000
-1.16000
-1.23900
-1.37200
-1.45800
-1.53000
-1.25700
-0.868000
-0.492000
-2.40000E-02
0.662000
1.49400
2.28400
2.32600
1.69500
0.753000
-4.20000E-02
-0.468000
-0.619000
-0.601000
-0.607000
-0.461000
-0.267000
-0.109000
3.10000E-02
0.164000
-6.70000E-02
-0.267000
-0.425000
-0.468000
-0.370000
-0.322000
-0.212000
7.30000E-02
0.656000
1.30600
1.79200
1.99800
1.79800
1.40900
0.936000
0.504000
0.237000
1.03000E-01
9.70000E-02
0.
-0.358000
-0.783000
-1.02600
-1.01400
-0.704000
-0.176000
0.456000
1.29400
2.29000
2.81800
2.74500
1.86500
1.13600
0.444000
-9.70000E-02
-0.583000
-0.723000
-0.972000
-1.06300
-1.09900
-1.21500
-1.28700
-0.856000
0.128000
1.80400
3.94200
4.81700
3.01300
1.51300
0.614000
0.116000
-0.455000
-1.04500
-1.39700
-1.71300
-1.84600
-1.96200
-2.05900
-2.07700
-2.02200
-1.97400
-1.59700
-0.571000
1.31200
4.15500
4.39100
2.75200
1.22100
0.128000
-0.486000
-0.923000
-1.32400
-1.39100
-1.57300
-1.70000
-1.56700
-1.24500
-0.625000
0.116000
0.948000
1.48200
1.36100
0.844000
0.201000
-0.364000
-0.674000
-0.729000
-0.577000
-5.40000E-02
0.395000
1.19100
1.88300
2.28400
1.97400
1.18500
0.395000
-0.267000
-0.631000
-1.01400
-1.37900
-1.60900
-1.91900
-2.16200
-2.20500
-2.18600
-1.91300
-1.20800
0.808000
5.59400
4.08200
2.32600
0.978000
-4.20000E-02
-0.631000
-0.947000
-1.35400
-1.49400
-1.79200
-2.08300
-2.25300
-2.40500
-2.53900
-2.69000
-2.81200
-2.88500
-2.76900
-1.67600
1.04500
2.83700
2.63000
1.82800
1.17800
0.462000
-0.225000
-0.820000
-1.21500
-1.51200
-1.79800
-1.96800
-1.94300
-2.02800
-1.91300
-1.99200
-1.88900
-1.73100
-1.51800
-1.22100
-0.753000
-0.243000
0.413000
1.06900
1.58500
1.80400
1.82800
1.89500
1.79800
1.58500
1.42700
1.23300
0.881000
0.638000
0.413000
0.134000
-7.90000E-02
-5.40000E-02
4.90000E-02
-4.20000E-02
-0.510000
-0.917000
-1.20800
-1.50000
-1.65800
-1.67600
-1.59700
-1.43300
-1.11100
-0.486000
1.02700
3.48000
4.16100
2.77000
1.36700
0.346000
-0.225000
-0.577000
-0.680000
-0.528000
-0.212000
0.152000
0.516000
0.832000
0.905000
0.790000
0.565000
0.273000
0.201000
0.146000
0.122000
2.40000E-02
-9.10000E-02
-0.249000
-0.455000
-0.486000
-0.510000
-0.158000
0.759000
2.14400
4.32500
5.61800
3.59600
2.08300
0.978000
0.310000
-0.164000
-0.559000
-0.631000
-0.759000
-0.808000
-0.941000
-1.14200
-1.37200
-1.64600
-1.82800
-2.04700
-2.08300
-1.91900
-1.71300
1.31200
2.95800
2.80000
3.28600
2.44200
1.74900
1.26400
0.717000
0.286000
-0.212000
-0.717000
-1.40300
-1.74900
-1.58500
-1.75500
-1.87100
-2.06500
-2.08300
-1.92500
-1.88900
-2.02200
-1.90700
-1.50000
-0.389000
1.76200
4.16100
4.96200
4.05100
2.56300
1.21500
0.207000
-0.662000
-1.20800
-1.62200
-1.74900
-2.06500
-2.25900
-2.31400
-2.25300
-2.35000
-2.50200
-2.69700
-2.86700
-2.81200
-2.50800
-0.285000
2.45400
2.77600
2.18700
1.18500
0.176000
-0.662000
-1.28100
-1.62800
-1.79800
-1.85200
-1.81600
-1.86400
-1.72500
-1.45100
-0.959000
-0.528000
-0.200000
0.128000
0.170000
-0.109000
-0.522000
-0.735000
-0.771000
-0.583000
-0.158000
0.456000
1.25700
1.99800
2.29000
1.83400
1.02100
0.152000
-0.595000
-1.02600
-1.13600
-0.917000
-0.850000
-0.777000
-0.929000
-1.19600
-1.37900
-1.57900
-1.55500
-1.34200
-0.808000
5.50000E-02
1.60400
4.25800
4.35500
2.64200
1.19700
0.310000
-0.285000
-0.802000
-1.08100
-1.11100
-1.17200
-1.06300
-1.09300
-1.11700
-1.30600
-1.45100
-1.46400
-1.19000
-0.759000
-0.249000
0.614000
1.93800
3.18900
3.86900
3.71700
2.95200
2.01100
1.17200
0.371000
-0.212000
-0.474000
-0.468000
-0.966000
-1.45100
-1.57900
-1.45100
-1.59700
-1.77900
-1.87700
-1.75500
-1.37200
-0.698000
0.601000
2.95800
5.69100
4.03300
2.28400
0.996000
7.90000E-02
-0.710000
-1.23300
-1.31200
-1.54900
-1.87700
-2.04700
-2.09500
-2.10700
-2.12600
-2.06500
-1.71900
-1.06300
0.122000
2.23500
4.17900
2.81200
1.25700
0.225000
-0.352000
-0.802000
-1.24500
-1.50000
-1.54900
-1.64000
-1.62800
-1.37200
-1.31200
-1.42700
-1.47000
-1.20800
-0.631000
0.395000
1.65800
2.38700
1.96800
1.06900
0.273000
-0.249000
-0.625000
-0.868000
-0.899000
-0.826000
-1.19000
-1.39100
-1.39100
-1.28100
-1.05700
-0.625000
-7.90000E-02
0.383000
0.705000
1.04500
1.26400
1.05100
0.662000
0.413000
0.249000
0.134000
-2.40000E-02
-0.140000
-0.212000
-0.334000
-0.316000
-0.310000
-0.255000
-5.40000E-02
0.188000
0.340000
0.389000
0.346000
0.140000
-1.03000E-01
-0.291000
-0.449000
-0.534000
-0.352000
1.80000E-02
0.741000
1.53700
1.82800
1.75500
1.57900
1.19700
0.966000
0.850000
0.601000
0.298000
-3.00000E-02
-0.261000
-0.316000
-0.449000
-0.583000
-0.710000
-0.978000
-1.27500
-1.40300
-1.31200
-1.08100
-0.868000
-0.528000
0.195000
0.978000
1.68300
2.30800
2.81200
2.80000
2.31400
1.50600
0.656000
0.140000
-0.358000
-0.917000
-1.33000
-1.67600
-1.81000
-1.71300
-1.59700
-1.69400
-1.67600
-1.71900
-1.76700
-1.64600
-1.25700
-0.674000
-0.121000
0.535000
1.40900
2.20500
2.57500
2.40500
1.85300
1.01400
0.176000
-0.553000
-1.08700
-1.38500
-1.45100
-1.40300
-1.43900
-1.64000
-1.89500
-2.13200
-2.15000
-1.99800
-1.82800
-1.42100
-0.534000
0.899000
2.54500
3.18900
2.04700
0.735000
-0.194000
-0.710000
-1.09900
-1.43900
-1.33000
-1.11700
-0.838000
-0.504000
5.50000E-02
0.705000
1.09300
0.875000
0.322000
-0.273000
-0.795000
-1.28700
-1.52400
-1.43900
-1.08700
-0.577000
0.146000
1.16600
2.23500
2.39900
1.97400
1.16000
0.328000
-0.340000
-0.874000
-1.17200
-1.17200
-1.26300
-1.20800
-0.966000
-0.820000
-0.808000
-0.692000
-0.389000
7.90000E-02
0.614000
1.10000
1.36100
1.23900
0.887000
0.450000
-6.70000E-02
-0.389000
-0.504000
-0.449000
-0.273000
-4.20000E-02
0.128000
0.267000
0.413000
0.492000
0.541000
0.632000
0.711000
0.729000
0.674000
0.553000
0.419000
0.225000
-4.80000E-02
-0.431000
-0.747000
-0.972000
-1.20800
-1.30600
-1.19000
-0.905000
-0.480000
3.10000E-02
0.735000
1.63400
2.29000
2.31400
1.80400
1.02100
0.346000
-0.140000
-0.480000
-0.692000
-0.759000
-0.808000
-0.735000
-0.528000
-4.20000E-02
0.535000
0.857000
0.857000
0.529000
6.00000E-03
-0.559000
-0.966000
-1.06300
-0.917000
-0.729000
-0.534000
0.134000
1.27000
2.52700
3.18300
2.23500
0.966000
-3.00000E-02
-0.650000
-1.13600
-1.50600
-1.63400
-1.81600
-1.75500
-1.47000
-1.19000
-0.759000
1.80000E-02
0.784000
1.10000
0.923000
0.431000
-0.164000
-0.601000
-0.899000
-1.08100
-0.966000
-0.644000
-0.109000
0.510000
0.857000
0.820000
0.601000
0.255000
-0.170000
-0.382000
-0.322000
-0.249000
-0.188000
-0.121000
-0.121000
-0.188000
-0.297000
-0.431000
-0.461000
-0.486000
-0.589000
-0.577000
-0.461000
-0.358000
-0.389000
-0.565000
-0.747000
-0.783000
-0.650000
-0.468000
-0.310000
-4.20000E-02
0.273000
0.784000
1.31200
1.22100
0.826000
0.340000
4.90000E-02
-0.164000
-0.291000
-0.346000
-0.443000
-0.577000
-0.680000
-0.625000
-0.559000
-0.461000
-0.413000
-0.304000
-3.00000E-02
0.492000
1.06300
1.44600
1.47600
1.28200
0.905000
0.413000
2.40000E-02
-0.152000
-0.140000
-6.70000E-02
7.30000E-02
6.10000E-02
-6.00000E-03
-5.40000E-02
-0.152000
-0.194000
-6.10000E-02
0.249000
0.772000
1.61000
2.40500
2.63600
2.17500
1.27000
0.365000
-0.358000
-0.795000
-1.01400
-0.832000
-0.625000
-0.243000
7.30000E-02
0.365000
0.614000
0.802000
0.899000
1.14200
1.34900
1.37900
1.29400
1.10000
0.899000
0.820000
1.12400
2.00500
3.98500
3.51100
2.84900
1.80400
0.869000
0.292000
-9.70000E-02
-0.759000
-1.17200
-1.33600
-1.60900
-1.79800
-1.85800
-2.03500
-2.22900
-2.30200
-2.40500
-2.53900
-2.33200
0.310000
3.79000
1.95600
1.99200
2.03500
1.61000
0.820000
0.322000
-0.182000
-0.546000
-1.13600
-1.50600
-1.69400
-1.89500
-2.04700
-2.10700
-2.22900
-2.32000
-2.50200
-2.76300
-2.93300
-2.89100
-2.73900
-2.32000
-1.66400
1.31800
2.67900
2.10200
1.10000
9.70000E-02
-0.789000
-1.30600
-1.70000
-1.98000
-2.02800
-2.20500
-2.30800
-2.05300
-1.64600
-0.899000
0.237000
1.22100
1.62800
1.00200
-2.40000E-02
-0.735000
-1.03800
-1.23300
-1.26300
-1.27500
-1.24500
-1.11100
-0.826000
-0.546000
-9.70000E-02
0.431000
0.832000
0.802000
0.571000
0.480000
0.286000
0.152000
0.322000
0.656000
0.893000
1.00200
0.966000
0.753000
0.535000
0.304000
1.03000E-01
3.10000E-02
-6.70000E-02
-0.291000
-0.522000
-0.735000
-0.881000
-0.753000
-0.413000
0.146000
0.772000
1.05100
1.04500
1.23900
1.70100
2.14400
2.36300
2.47800
2.23500
1.79800
1.08700
0.431000
-4.20000E-02
-0.291000
-0.443000
-0.516000
-0.723000
-0.972000
-1.13600
-1.18400
-1.14800
-0.881000
-0.680000
-0.364000
0.152000
0.893000
2.02300
2.84900
3.06700
2.83700
1.95000
0.996000
0.267000
-0.206000
-0.546000
-0.686000
-0.723000
-0.704000
-0.759000
-0.619000
-9.10000E-02
0.638000
1.26400
1.80400
2.19300
2.16800
1.96800
1.61600
1.22700
0.796000
0.365000
-0.140000
-0.510000
-0.783000
-0.929000
-1.01400
-1.01400
-1.06900
-1.18400
-1.29400
-1.18400
-1.06300
-0.656000
9.70000E-02
1.23300
2.71500
3.65000
3.59600
2.51500
1.23300
0.346000
-0.140000
-0.376000
-0.662000
-0.941000
-1.20800
-1.50000
-1.61500
-1.51200
-1.51200
-1.70000
-1.79800
-2.01000
-2.17400
-2.22900
-2.01600
-1.60300
-0.959000
0.116000
2.02300
4.10600
3.65000
2.43000
1.20300
0.201000
-0.504000
-0.996000
-1.37200
-1.35400
-1.31800
-1.33600
-1.25700
-1.21500
-1.32400
-1.43900
-1.48200
-1.57300
-1.47000
-1.28100
-1.03800
-0.771000
-0.316000
0.535000
1.75500
3.12800
2.75200
1.65200
0.595000
-0.152000
-0.662000
-1.01400
-1.50000
-1.62200
-1.74300
-1.94900
-2.01000
-2.16200
-2.12600
-1.92500
-1.65800
-1.02000
2.67300
3.06700
2.53300
1.78000
0.850000
3.70000E-02
-0.565000
-0.783000
-1.24500
-1.62200
-1.87100
-1.79200
-1.37900
-1.14200
-1.13600
-0.874000
-0.583000
1.20000E-02
0.978000
1.95000
2.55100
2.60000
2.16800
1.63400
1.13600
0.656000
1.03000E-01
-0.140000
-0.164000
-0.140000
-0.413000
-0.553000
-0.826000
-0.941000
-0.990000
-0.881000
-0.753000
-0.717000
-0.516000
-0.188000
5.50000E-02
0.437000
0.948000
1.47600
1.70700
1.62800
1.33600
1.05700
0.790000
0.589000
0.395000
0.176000
3.10000E-02
-0.237000
-0.310000
-0.364000
-0.802000
-1.16600
-1.20200
-1.05100
-1.12300
-1.31200
-1.14800
-0.698000
-0.297000
0.249000
1.14800
2.10200
2.55700
2.19300
1.35500
0.638000
0.146000
-0.231000
-0.662000
-1.06300
-1.33000
-1.36000
-1.22700
-1.07500
-0.929000
-0.255000
1.12400
2.69700
3.80200
2.99500
1.71900
0.365000
-0.625000
-1.14800
-1.48800
-1.50000
-1.43300
-1.38500
-1.17200
-0.674000
0.225000
1.61000
2.94000
3.63200
3.38900
2.36300
1.19100
0.437000
4.30000E-02
-0.480000
-1.01400
-0.947000
-0.996000
-1.11100
-1.19600
-1.12300
-1.05700
-0.899000
-0.534000
0.116000
1.05100
2.31400
3.52300
2.75200
1.47000
0.577000
4.30000E-02
-0.504000
-0.935000
-1.05100
-1.07500
-1.31800
-1.44500
-1.69400
-1.93700
-2.09500
-2.17400
-2.38100
-2.41100
-2.22300
-1.90100
1.39700
2.84900
1.73100
0.978000
0.705000
1.03000E-01
-0.376000
-0.905000
-1.34200
-1.40300
-1.64000
-1.91300
-1.96200
-1.71900
-1.54900
-1.11700
-0.990000
-1.14200
-0.929000
-0.425000
0.316000
0.632000
0.577000
0.504000
0.589000
0.510000
0.486000
0.456000
0.492000
0.371000
0.249000
7.90000E-02
-6.00000E-03
-0.146000
-0.255000
-0.401000
-0.601000
-0.686000
-0.559000
-0.534000
-0.510000
-0.334000
7.90000E-02
0.565000
0.972000
1.02700
0.650000
-6.00000E-03
-0.455000
-0.704000
-0.826000
-0.881000
-0.893000
-0.753000
-0.583000
-9.10000E-02
0.468000
0.808000
1.14200
1.53700
1.67000
1.44000
0.996000
0.614000
0.176000
-0.370000
-0.905000
-0.996000
-1.01400
-1.20800
-1.63400
-1.71900
-1.57900
-1.24500
-0.783000
-0.249000
0.772000
2.28400
3.25600
3.05500
2.07100
0.662000
-0.261000
-0.607000
-0.929000
-1.14200
-1.30000
-1.16600
-1.25700
-1.45100
-1.47000
-1.36600
-0.923000
-0.140000
0.857000
1.97400
2.86700
2.94000
1.93200
1.00200
7.30000E-02
-0.607000
-1.11700
-1.41500
-1.53000
-1.55500
-1.33600
-0.838000
-0.176000
0.832000
2.33200
3.49900
3.01300
1.59800
0.365000
-0.437000
-0.941000
-1.39100
-1.59700
-1.74300
-1.65200
-1.48200
-1.42100
-1.01400
-0.170000
0.753000
1.95000
2.93400
2.78800
1.45800
0.201000
-0.431000
-0.771000
-1.16000
-1.20800
-0.935000
-0.662000
-0.528000
-0.504000
-0.316000
-9.70000E-02
-0.140000
-0.382000
-0.316000
0.267000
0.875000
1.30600
1.35500
1.08100
0.705000
0.340000
-1.03000E-01
-0.431000
-0.874000
-1.28700
-1.40300
-1.25700
-0.978000
-0.795000
-0.553000
-0.237000
0.152000
0.638000
0.972000
0.972000
0.741000
0.340000
-5.40000E-02
-0.261000
-0.291000
-0.340000
-0.468000
-0.625000
-0.583000
-0.486000
-0.522000
-0.553000
-0.443000
-0.358000
-0.389000
-0.431000
-0.407000
-0.389000
-0.413000
-0.461000
-0.413000
-0.231000
-6.70000E-02
9.70000E-02
0.225000
0.340000
0.310000
0.140000
-9.70000E-02
-8.50000E-02
0.237000
0.589000
0.778000
0.729000
0.632000
0.516000
0.334000
-0.140000
-0.704000
-1.06300
-1.17200
-1.17200
-1.13600
-1.18400
-1.15400
-0.905000
-0.540000
6.00000E-03
0.680000
1.56100
2.24100
2.35100
1.99800
1.24500
0.407000
-0.200000
-0.625000
-0.856000
-1.03200
-1.45100
-1.64600
-1.64600
-1.57900
-1.40900
-1.04500
-0.237000
0.832000
1.93800
2.57500
1.96200
0.832000
-0.273000
-0.990000
-1.45800
-1.54900
-1.29400
-1.01400
-0.510000
0.195000
0.936000
1.67000
1.98600
1.67700
1.05100
0.328000
-0.322000
-0.577000
-0.704000
-0.607000
-0.644000
-0.498000
-0.364000
-0.194000
-4.20000E-02
7.90000E-02
0.201000
0.334000
0.437000
0.559000
0.778000
1.01400
1.14800
1.09300
0.893000
0.632000
0.450000
0.346000
0.413000
0.559000
0.419000
0.116000
-9.10000E-02
-0.170000
0.
7.30000E-02
-0.115000
-0.419000
-0.625000
-0.650000
-0.461000
-7.90000E-02
0.431000
0.996000
1.48200
1.65800
1.45200
0.978000
0.395000
-2.40000E-02
-0.243000
-0.395000
-0.431000
-0.686000
-0.923000
-0.966000
-0.935000
-0.905000
-0.893000
-0.947000
-0.802000
-0.546000
-0.188000
0.195000
0.535000
0.917000
1.25700
1.33000
1.13600
0.687000
5.50000E-02
-0.516000
-0.856000
-0.941000
-0.923000
-0.984000
-1.00200
-0.917000
-0.735000
-0.455000
-0.115000
0.188000
0.261000
0.225000
1.03000E-01
0.
-3.00000E-02
0.164000
0.535000
0.929000
1.05100
0.784000
0.237000
-0.261000
-0.583000
-0.826000
-0.935000
-0.978000
-0.905000
-0.656000
-0.340000
1.03000E-01
0.553000
0.784000
0.863000
0.899000
0.820000
0.577000
0.225000
-0.170000
-0.486000
-0.698000
-0.735000
-0.832000
-1.00200
-1.09300
-0.887000
-0.407000
0.316000
1.16000
1.72500
1.75500
1.28200
0.638000
1.03000E-01
-0.267000
-0.540000
-0.589000
-0.340000
2.40000E-02
0.559000
1.00800
0.954000
0.516000
-9.70000E-02
-0.704000
-1.19600
-1.63400
-1.93700
-2.04100
-1.81600
-1.31800
-0.334000
2.09000
4.56800
2.72100
1.17800
-1.80000E-02
-0.783000
-1.22700
-1.57900
-1.43900
-1.52400
-1.64600
-1.78500
-1.84600
-1.84000
-1.70700
-1.48200
-1.06900
-0.534000
0.164000
1.00200
1.82800
2.17500
1.82200
1.08700
0.213000
-0.443000
-0.923000
-1.29400
-1.35400
-1.37900
-1.09300
-0.820000
-0.504000
0.225000
1.22100
2.28400
2.72100
2.22300
1.39700
0.589000
7.90000E-02
-0.340000
-0.674000
-0.820000
-1.03800
-1.26300
-1.33600
-1.53600
-1.63400
-1.47600
-1.14200
-0.188000
2.33900
4.64000
3.44400
1.80400
0.462000
-0.486000
-1.09900
-1.53000
-1.59700
-1.48200
-1.31200
-1.00800
-0.613000
-0.140000
0.419000
0.929000
1.18500
1.02700
0.711000
0.316000
-4.20000E-02
-0.310000
-0.468000
-0.382000
-0.358000
-0.310000
-9.70000E-02
0.188000
0.553000
1.05100
1.74900
2.54500
3.60200
3.11600
1.84100
0.729000
6.00000E-03
-0.735000
-1.26900
-1.71300
-1.82200
-2.05300
-2.27100
-2.42300
-2.71500
-2.81800
-2.67200
-2.42300
-1.90700
-1.16600
-4.80000E-02
1.47000
3.08000
2.99500
1.96800
1.16600
0.541000
0.213000
-6.00000E-03
-0.170000
-9.10000E-02
0.
-7.90000E-02
-0.334000
-0.528000
-0.680000
-0.923000
-1.16000
-1.14200
-0.656000
7.30000E-02
0.814000
1.56100
2.04700
1.78000
0.960000
9.70000E-02
-0.662000
-1.14200
-1.39100
-1.45100
-1.57900
-1.56100
-1.52400
-1.33600
-0.753000
0.292000
1.65800
2.89700
3.14000
2.47800
1.50600
0.504000
-0.212000
-0.686000
-1.06300
-1.20800
-1.20200
-1.30600
-1.25700
-1.14200
-1.14200
-1.21500
-1.43900
-1.59700
-1.72500
-1.79200
-1.73700
-1.53000
-0.966000
0.249000
2.53300
4.96800
3.29800
1.78000
0.680000
-4.20000E-02
-0.522000
-0.911000
-1.00200
-1.14200
-1.33600
-1.43300
-1.43900
-1.41500
-1.46400
-1.57900
-1.72500
-1.73100
-1.58500
-1.20800
-0.668000
-9.70000E-02
0.729000
1.91300
3.10400
3.28000
2.14400
0.735000
-0.310000
-0.893000
-1.25700
-1.45800
-1.53600
-1.58500
-1.43900
-1.08100
-0.656000
-0.218000
0.310000
0.857000
1.33600
1.48200
1.27000
0.832000
0.298000
-0.164000
-0.389000
-0.194000
0.243000
0.857000
1.53700
1.78000
1.49400
0.978000
0.456000
-3.00000E-02
-0.468000
-0.868000
-1.00800
-1.05100
-1.00200
-0.771000
-0.261000
0.559000
1.31200
1.63400
1.48800
1.05100
0.583000
0.182000
-0.115000
-0.218000
-0.146000
-0.285000
-0.480000
-0.553000
-0.304000
0.152000
0.535000
0.638000
0.444000
0.273000
1.03000E-01
-9.70000E-02
-0.194000
-7.90000E-02
4.90000E-02
1.03000E-01
0.292000
0.668000
1.10000
1.37900
1.36700
1.06900
0.523000
0.
-0.504000
-1.01400
-1.25700
-1.34800
-1.26300
-1.07500
-1.07500
-1.01400
-0.868000
-0.492000
0.213000
0.978000
1.67700
2.15000
1.93800
1.61000
1.43400
1.38500
1.29400
1.00200
0.553000
-1.80000E-02
-0.449000
-0.802000
-0.953000
-1.07500
-1.25700
-1.41500
-1.53000
-1.53600
-1.45100
-1.22100
-0.947000
-0.698000
-0.316000
0.201000
0.881000
1.71300
2.60600
3.31000
3.55900
2.66700
1.20900
7.30000E-02
-0.486000
-0.808000
-1.06300
-1.06300
-1.23900
-1.34200
-1.35400
-1.40300
-1.57300
-1.79800
-1.94300
-2.03500
-2.04700
-1.87700
-1.48200
-0.747000
0.504000
2.63000
4.81100
3.41400
1.79800
0.759000
0.176000
-0.170000
-0.607000
-0.996000
-1.12300
-1.36600
-1.59700
-1.79800
-2.00400
-2.14400
-2.15600
-2.15000
-2.01600
-1.77300
-1.26900
-0.492000
0.267000
1.04500
1.68300
2.05900
2.44200
2.81200
2.46000
1.21500
-9.10000E-02
-1.01400
-1.69400
-2.13800
-2.34400
-2.65400
-2.66600
-2.60500
-2.38100
-2.04100
-1.62200
-1.20800
-0.638000
0.128000
0.899000
1.40900
1.31800
0.893000
0.510000
0.292000
0.146000
0.273000
0.444000
0.608000
0.492000
0.334000
0.286000
0.128000
6.00000E-03
0.158000
0.298000
0.468000
0.650000
0.680000
0.535000
0.267000
1.80000E-02
-0.395000
-0.850000
-1.21500
-1.44500
-1.40900
-1.28100
-1.02000
-0.413000
0.638000
2.22900
3.25000
2.87300
1.71300
0.644000
-0.237000
-0.753000
-1.09300
-1.17800
-1.19000
-1.36600
-1.41500
-1.38500
-1.40900
-1.45100
-1.34200
-1.07500
-0.650000
0.
0.857000
1.73700
2.25400
2.16800
1.79200
1.23900
0.735000
0.340000
1.80000E-02
-0.346000
-0.650000
-0.923000
-1.11100
-1.20800
-1.13600
-0.753000
-0.261000
0.292000
0.869000
1.45200
1.85300
1.92600
1.62200
1.01400
0.213000
-0.528000
-1.08700
-1.53600
-1.70700
-1.75500
-1.55500
-1.08700
-0.237000
0.984000
2.61800
3.55300
2.30800
0.705000
-0.382000
-0.953000
-1.25700
-1.56100
-1.48200
-1.44500
-1.24500
-0.966000
-0.528000
0.
0.492000
0.717000
0.492000
-6.00000E-03
-0.583000
-0.917000
-0.941000
-0.771000
-0.577000
-0.364000
7.30000E-02
0.699000
1.11800
0.990000
0.504000
0.134000
-9.10000E-02
-0.486000
-0.759000
-0.850000
-0.692000
-0.559000
-0.376000
-0.115000
0.188000
0.340000
0.389000
0.322000
0.116000
-0.200000
-0.486000
-0.668000
-0.753000
-0.820000
-0.905000
-0.978000
-0.917000
-0.729000
-0.407000
0.164000
0.808000
1.26400
1.46400
1.34900
1.18500
0.966000
0.723000
0.492000
0.298000
9.70000E-02
-0.212000
-0.516000
-0.911000
-1.09300
-1.05700
-1.14800
-1.29400
-1.40300
-1.40300
-1.25700
-1.11100
-1.05100
-0.686000
5.50000E-02
1.05100
2.04100
2.61800
2.27800
1.36100
0.516000
-1.20000E-02
-0.389000
-0.698000
-0.723000
-0.553000
-0.674000
-0.735000
-0.583000
-0.200000
0.122000
0.389000
0.565000
0.826000
1.06300
1.19700
1.00200
0.583000
1.03000E-01
-0.340000
-0.686000
-0.917000
-0.887000
-0.923000
-0.923000
-0.504000
0.292000
1.53700
2.77000
3.19500
2.61800
1.37900
0.128000
-0.680000
-1.13000
-1.50600
-1.56100
-1.54900
-1.33600
-1.02000
-0.759000
-0.419000
9.10000E-02
0.498000
0.814000
1.00800
1.11200
0.881000
0.480000
1.80000E-02
-0.413000
-0.723000
-0.856000
-0.735000
-0.528000
-0.158000
0.389000
1.06300
1.50000
1.38500
0.929000
0.316000
-0.176000
-0.419000
-0.395000
0.
0.510000
1.22100
1.93200
2.05900
1.58500
0.705000
-0.194000
-0.826000
-1.24500
-1.45100
-1.74900
-2.00400
-2.10100
-2.02200
-1.75500
-1.25700
-0.291000
1.56700
4.17300
3.31000
1.82800
0.638000
-9.70000E-02
-0.565000
-0.978000
-1.20800
-1.18400
-1.26300
-1.28700
-1.17200
-1.07500
-0.899000
-0.631000
-0.480000
-0.334000
-1.03000E-01
0.176000
0.389000
0.334000
0.249000
0.225000
0.249000
0.462000
0.759000
1.16000
1.71900
2.18700
2.34500
1.82800
0.735000
-0.152000
-0.753000
-1.11100
-1.38500
-1.47600
-1.68200
-1.85200
-2.06500
-2.18000
-2.02200
-1.71900
-0.990000
0.462000
4.59800
4.48300
2.64200
1.04500
-0.188000
-0.959000
-1.42700
-1.73100
-1.77300
-1.78500
-1.70000
-1.60300
-1.32400
-0.753000
7.90000E-02
1.02100
1.89500
2.15600
1.79200
1.05100
0.328000
-0.279000
-0.771000
-1.14800
-1.22100
-1.40300
-1.26300
-0.972000
-0.468000
0.359000
1.39100
2.30800
2.72100
2.31400
1.35500
0.419000
-0.188000
-0.571000
-1.01400
-1.24500
-1.40300
-1.42700
-1.38500
-1.37900
-1.34200
-1.24500
-1.14200
-0.923000
-0.565000
-8.50000E-02
0.492000
1.10000
1.38500
1.49400
1.40900
1.16000
0.832000
0.559000
0.328000
4.90000E-02
-0.182000
-0.237000
-0.334000
-0.437000
-0.401000
-9.70000E-02
0.310000
0.711000
1.05100
1.14200
0.954000
0.504000
5.50000E-02
-0.407000
-0.868000
-1.31200
-1.52400
-1.52400
-1.31800
-0.802000
0.759000
3.23700
3.54700
3.00700
1.81600
0.759000
-2.40000E-02
-0.583000
-0.966000
-1.34200
-1.62800
-1.91300
-2.18600
-2.33200
-2.43500
-2.41100
-2.36900
-2.37500
-2.31400
-1.74300
-0.832000
0.322000
2.04700
3.46200
2.97000
1.69500
0.687000
5.50000E-02
-9.70000E-02
-0.176000
-0.407000
-0.486000
-0.601000
-0.765000
-0.862000
-0.978000
-1.11100
-1.05100
-0.753000
-0.158000
0.674000
1.63400
2.41100
2.30800
1.48800
0.310000
-0.540000
-1.06300
-1.42700
-1.71300
-1.68200
-1.76700
-1.73100
-1.23300
-0.413000
0.826000
2.44800
2.97000
2.07100
0.832000
3.70000E-02
-0.340000
-0.364000
-0.237000
-0.109000
-0.194000
-0.486000
-0.662000
-0.650000
-0.559000
-0.607000
-0.595000
-0.407000
-0.127000
0.243000
0.559000
0.778000
1.13600
1.54900
1.84700
2.15000
2.11400
1.71900
1.08700
0.322000
-0.340000
-0.802000
-1.24500
-1.40300
-1.64600
-1.67000
-1.74300
-1.83400
-1.68200
-1.33600
-0.601000
0.838000
4.30600
3.96600
2.12000
0.468000
-0.571000
-1.13000
-1.53000
-1.88900
-1.82200
-1.96800
-2.02800
-2.04700
-1.87700
-1.64600
-1.38500
-0.644000
0.346000
1.23300
1.57300
1.17200
0.444000
-4.80000E-02
-0.370000
-0.686000
-0.577000
-0.291000
3.10000E-02
0.395000
0.917000
1.23900
1.03300
0.462000
-0.212000
-0.856000
-1.18400
-1.31200
-1.33600
-1.13600
-1.11100
-0.990000
-0.625000
-0.164000
0.389000
1.06300
1.58500
1.78000
1.48800
0.936000
0.346000
-0.127000
-0.480000
-0.874000
-1.02000
-1.14800
-1.06300
-1.01400
-0.941000
-0.625000
-1.80000E-02
0.875000
1.71900
2.22300
1.91900
0.990000
0.146000
-0.370000
-0.662000
-0.832000
-0.826000
-1.08100
-1.02600
-0.771000
-0.577000
-0.364000
6.00000E-03
0.431000
0.869000
1.01400
0.929000
0.954000
1.16000
1.35500
1.42700
1.39100
1.19100
0.796000
0.292000
-0.285000
-0.753000
-1.02600
-1.15400
-1.39100
-1.69400
-1.84000
-1.61500
-1.16000
-0.382000
0.784000
2.35100
3.37100
2.89700
1.84700
0.966000
0.322000
-0.152000
-0.601000
-0.899000
-0.917000
-0.990000
-1.01400
-0.996000
-0.959000
-0.759000
-0.540000
-0.310000
0.219000
0.875000
1.37900
1.57900
1.39100
1.00200
0.808000
0.820000
0.917000
1.06300
1.08700
1.08700
0.796000
0.298000
-0.310000
-0.923000
-1.35400
-1.57900
-1.75500
-1.71900
-1.43300
-0.850000
8.50000E-02
1.57300
3.79600
3.84500
2.33200
1.11800
0.201000
-0.382000
-0.820000
-1.19000
-1.32400
-1.64600
-1.79200
-1.76700
-1.67600
-1.70000
-1.67600
-1.31800
-0.698000
0.170000
1.24500
2.31400
2.83700
2.83700
2.66700
2.36900
1.95000
1.30600
0.626000
0.116000
-0.364000
-0.899000
-1.30600
-1.68200
