# Reference: Mase, H. & Kirby, J.T. (1992). Hybrid frequency-domain KdV equation for random wave transformation. Proc. 23rd Int. Conf. Coastal Engineering (ASCE), 474-487.
# Source repo: https://github.com/fengyanshi/FUNWAVE-TVD  commit b4c322e7582035ee19df8e6409a3dfedaff1cb96, path benchmarks/car_mase_kirby/postprocessing/r2d150.dat
# (r2d470.dat also at benchmarks/car_mase_kirby/fft/r2d470.dat, same values to 4e-9, different formatting; it is the record used to drive the FUNWAVE wavemaker)
# Content: MEASURED surface elevation at the gauge in still-water depth h = 15.0 cm (file name r2dNNN = depth in mm; error_series.m: 'fnam(:,...)='r2d150.dat'' with
#   'h=[47 35 30 25 20 17.5 15 12.5 10 7.5 5 2.5]' in comp_mkskew.m and the plot labels 'h=35.0cm' ... 'h= 2.5cm' in comp_series.m).
# Column: (1) eta [cm], one sample per line, no time column.
#   Time step 0.05 s: error_series.m 'data_time=[0:length(gage_m)-1]*0.05;' and fft4wavemaker.m 'sample_frequency=0.05;' (used as the sampling interval, t=[0:..]*sample_frequency).
#   Units cm: fft4wavemaker.m 'scale_fac=0.01;' converts to m for the wavemaker; error_series.m compares std(data) with 'model(:,k-1)=gage(:,2)*100' (model m -> cm).
#   t = 0 at first sample; 15000 samples = 750 s. Time origin relative to wavemaker start is not documented.
# Geometry (FUNWAVE work/input.txt, model setup): 'DEPTH_FLAT = 0.47', 'SLP = 0.05' (1:20 slope), 'Xslp = 10.0' (slope toe at x = 10 m in the model frame), 'DX = 0.04'.
#   Model gauge positions (work/gauges_004.txt, grid index i, x=(i-1)*DX): 250 313 338 363 388 400 413 425 438 450 463 475 for h = 47 35 30 25 20 17.5 15 12.5 10 7.5 5 2.5 cm.
#   In a lab-independent form: gauge distance shoreward of the slope toe = (47 cm - h)/0.05 (follows from the stated depth and slope; lab x-coordinates are not in the repo).
# Waves: irregular; FUNWAVE uses 'PeakPeriod = 1.0' (spectrum details not stated in repo). Regular sampling -> original instrument record.
1.43800
1.29800
1.03700
0.673000
0.357000
0.114000
-0.214000
-0.542000
-0.821000
-1.02200
-1.09500
-0.997000
-0.676000
-3.20000E-02
0.964000
2.33700
3.57000
3.91000
3.03500
1.65100
0.175000
-0.961000
-1.65300
-2.13300
-2.23000
-2.47300
-2.44900
-2.26100
-1.99300
-1.62900
-1.03400
-4.40000E-02
1.00100
2.15500
3.13800
3.35700
2.83500
1.96600
1.09200
0.387000
-0.147000
-0.512000
-0.651000
-0.682000
-0.906000
-1.01600
-1.19200
-1.51400
-1.65300
-1.75000
-1.76900
-1.39800
-1.02800
-0.578000
0.163000
1.14000
2.04500
2.58000
2.67100
2.13600
1.23800
0.351000
-0.208000
-0.676000
-1.07600
-1.30700
-1.75700
-2.00600
-1.87200
-1.72000
-1.64700
-1.41600
-0.967000
-0.378000
0.320000
1.21900
2.08200
2.62800
2.75000
2.41600
1.86900
1.09800
0.175000
-0.639000
-1.22200
-1.61100
-1.68400
-2.01200
-2.18800
-2.23600
-2.17600
-2.10900
-1.95100
-1.67200
-1.04000
-0.117000
1.11600
2.62200
3.84900
3.95800
3.21700
2.23400
1.08600
-4.40000E-02
-0.803000
-1.24000
-1.45900
-1.50100
-1.79900
-1.98700
-2.04200
-1.99900
-2.01200
-1.98700
-1.92700
-1.59900
-1.14300
-0.463000
0.466000
1.47400
2.54300
3.36900
3.39400
2.62200
1.41400
0.199000
-0.603000
-1.18000
-1.65300
-1.64700
-1.82900
-1.58600
-1.25900
-0.991000
-0.779000
-0.487000
-5.00000E-02
0.290000
0.624000
0.916000
0.989000
0.770000
0.369000
6.50000E-02
-0.190000
-0.366000
-0.341000
-0.141000
2.90000E-02
0.187000
0.223000
0.138000
-0.178000
-0.445000
-0.433000
-0.293000
-7.40000E-02
0.193000
0.509000
0.727000
0.855000
0.891000
0.843000
0.794000
0.794000
0.904000
1.04900
0.970000
0.569000
-7.40000E-02
-0.858000
-1.57400
-2.21800
-2.60700
-2.80100
-2.74000
-2.47900
-1.96900
-1.08200
0.436000
2.61000
5.49500
3.80600
1.93600
0.406000
-0.748000
-1.33100
-1.62900
-1.62900
-1.62900
-1.52600
-1.29500
-0.809000
-0.263000
0.211000
0.612000
0.897000
1.02500
1.04900
0.946000
0.715000
0.223000
-0.329000
-0.676000
-0.918000
-0.967000
-1.04600
-1.26500
-1.04600
-0.208000
1.09200
2.68300
4.21900
3.86700
2.44600
1.06700
-4.40000E-02
-0.821000
-1.45900
-1.96300
-2.22400
-2.41200
-2.40000
-2.21200
-2.13300
-2.06600
-1.81700
-1.16700
-8.00000E-02
1.31600
2.87700
3.75800
3.06600
1.80200
0.655000
-0.147000
-0.694000
-1.06400
-1.01600
-0.663000
-0.348000
-0.263000
-0.220000
-0.269000
-0.499000
-0.700000
-0.651000
-0.463000
-0.323000
-0.299000
-0.129000
0.235000
0.831000
1.38900
1.62600
1.40800
1.03700
0.648000
0.381000
0.114000
-0.250000
-0.360000
-0.414000
-0.530000
-0.603000
-0.439000
-0.281000
-0.275000
-5.60000E-02
0.211000
0.588000
0.855000
0.758000
0.557000
0.466000
0.515000
0.521000
0.503000
0.406000
0.235000
-3.20000E-02
-0.512000
-0.900000
-1.11900
-1.13700
-0.955000
-0.754000
-0.390000
0.175000
0.879000
1.48700
1.82100
1.75400
1.48000
0.825000
-9.20000E-02
-0.876000
-1.36800
-1.70800
-2.01200
-2.30300
-2.15700
-1.94500
-1.53200
-0.997000
-0.238000
0.545000
1.13400
1.53500
1.79000
1.81400
1.63200
1.14000
0.436000
-0.281000
-0.864000
-1.24000
-1.31900
-1.38000
-1.46500
-1.41600
-1.17400
-0.991000
-0.779000
-0.597000
-0.445000
-0.275000
0.163000
0.855000
1.55900
2.00900
2.08800
1.94800
1.70500
1.25000
0.709000
0.248000
-2.00000E-02
-0.202000
-0.396000
-0.530000
-0.827000
-1.09500
-1.35600
-1.66500
-1.93300
-2.03600
-1.91400
-1.61100
-1.06400
-0.202000
0.976000
2.46400
3.70300
4.14700
3.22300
1.83900
0.527000
-0.360000
-0.906000
-1.38600
-1.50800
-1.60500
-1.62900
-1.58000
-1.42300
-1.19800
-0.906000
-0.627000
-0.220000
0.193000
0.539000
0.904000
1.17700
1.21300
0.995000
0.746000
0.624000
0.454000
0.272000
0.150000
0.296000
0.606000
0.934000
0.970000
0.794000
0.491000
0.150000
-0.178000
-0.481000
-0.779000
-1.04600
-1.06400
-0.773000
-0.420000
2.30000E-02
0.576000
1.35300
1.83900
1.79000
1.33500
0.557000
-0.190000
-0.754000
-1.03400
-1.16100
-1.21000
-1.17400
-0.985000
-0.712000
-0.390000
-0.202000
-6.80000E-02
0.120000
0.393000
0.600000
0.624000
0.454000
0.248000
0.187000
0.333000
0.539000
0.679000
0.636000
0.448000
0.163000
-0.196000
-0.773000
-1.35000
-1.81700
-2.09100
-2.32100
-2.30900
-2.11500
-1.65300
-1.04600
-0.420000
0.333000
1.20700
1.86300
2.17900
1.93000
1.42600
0.855000
0.345000
-2.60000E-02
-0.329000
-0.566000
-0.688000
-1.11300
-1.47700
-1.77500
-1.91400
-1.84200
-1.84800
-1.70200
-1.28300
-0.487000
0.503000
1.57200
2.39800
2.38500
1.77800
0.904000
0.144000
-0.378000
-0.785000
-0.955000
-0.761000
-0.712000
-0.445000
-0.287000
-0.263000
-0.317000
-0.341000
-0.184000
0.211000
0.879000
1.64400
2.14200
1.91800
1.09200
0.242000
-0.439000
-1.07000
-1.55600
-1.53800
-1.51400
-1.27100
-0.748000
0.120000
1.14000
1.99100
2.45800
2.39800
2.00900
1.42000
0.721000
-4.40000E-02
-0.700000
-1.14300
-1.33700
-1.45900
-1.39200
-1.29500
-1.00300
-0.481000
0.114000
0.928000
1.77200
2.28200
2.37900
2.13600
1.59600
0.831000
0.114000
-0.554000
-1.12500
-1.34400
-1.55000
-1.42300
-1.25900
-1.04000
-0.712000
-0.275000
0.369000
1.30400
2.41000
3.40600
3.54500
2.69500
1.52300
0.381000
-0.469000
-1.01600
-1.59900
-1.92700
-2.27300
-2.38800
-2.37000
-2.21200
-1.92000
-1.49500
-0.712000
0.515000
2.15500
3.94000
4.69300
3.32700
1.60200
0.144000
-0.912000
-1.60500
-2.12700
-2.30300
-2.49700
-2.53400
-2.51000
-2.40000
-2.01800
-1.47100
-0.876000
-3.20000E-02
1.00100
1.80200
2.20300
2.04500
1.55300
0.928000
0.381000
-2.60000E-02
-0.427000
-0.937000
-1.02800
-0.882000
-0.882000
-0.967000
-1.02200
-0.797000
-0.627000
-0.329000
-3.80000E-02
0.181000
0.223000
9.60000E-02
-4.40000E-02
-9.20000E-02
-0.129000
-7.40000E-02
4.70000E-02
0.132000
0.387000
0.746000
1.03700
1.32900
1.48700
1.36500
0.916000
0.290000
-0.269000
-0.609000
-0.754000
-0.864000
-0.937000
-0.931000
-0.979000
-0.997000
-1.02200
-0.937000
-0.730000
-0.414000
-1.40000E-02
0.685000
1.80200
4.18900
3.92800
2.33100
0.758000
-0.293000
-1.14300
-1.76900
-2.30900
-2.46700
-2.58900
-2.54600
-2.38800
-2.08400
-1.48300
-0.263000
1.33500
2.88900
3.55100
2.84100
1.76600
0.673000
-0.226000
-0.991000
-1.64700
-1.85400
-1.77500
-1.77500
-1.70200
-1.36200
-0.870000
-0.348000
0.320000
0.733000
0.891000
0.928000
1.04300
1.21900
1.40800
1.42000
1.28000
0.770000
0.138000
-0.578000
-1.09500
-1.35000
-1.28900
-1.19200
-1.11300
-0.967000
-0.906000
-0.888000
-0.797000
-0.603000
-0.348000
-4.40000E-02
0.442000
1.00100
1.49300
1.96600
2.19100
2.11800
1.76600
1.23100
0.697000
0.320000
0.126000
-6.80000E-02
-0.281000
-0.439000
-0.560000
-0.809000
-1.15500
-1.41600
-1.53800
-1.58000
-1.48300
-1.25900
-0.943000
-0.548000
2.30000E-02
1.13400
2.90800
6.09000
5.00900
2.61600
0.721000
-0.633000
-1.45900
-1.95700
-2.15100
-2.21200
-2.30300
-2.46700
-2.48500
-2.26700
-2.01200
-1.65900
-1.01600
-0.305000
0.703000
1.88100
2.90200
3.12000
2.76200
2.07000
1.29200
0.454000
-0.390000
-1.21000
-1.33700
-0.925000
-0.839000
-0.657000
-0.433000
-0.402000
-0.250000
-8.00000E-02
5.30000E-02
7.80000E-02
1.02000E-01
0.266000
0.484000
0.667000
0.606000
0.551000
0.503000
0.430000
0.248000
1.02000E-01
4.10000E-02
-9.90000E-02
-0.366000
-0.609000
-0.815000
-1.00300
-0.906000
-0.518000
-0.105000
0.242000
0.527000
0.679000
0.606000
0.357000
0.150000
-7.40000E-02
-0.396000
-0.736000
-1.07600
-1.23400
-1.12500
-0.846000
-0.487000
-0.171000
0.254000
0.788000
1.18300
1.28000
1.14600
0.770000
0.175000
-0.469000
-1.04600
-1.43500
-1.62900
-1.82300
-1.88400
-1.53800
-1.10100
-0.542000
0.284000
1.14600
1.61400
1.51700
1.07400
0.436000
-0.208000
-0.633000
-0.839000
-0.876000
-0.943000
-0.797000
-0.463000
-3.80000E-02
0.460000
0.946000
1.31000
1.48000
1.52300
1.42600
1.03700
0.503000
-5.60000E-02
-0.627000
-0.997000
-1.14300
-1.08200
-1.02200
-0.961000
-0.748000
-0.360000
5.30000E-02
0.588000
1.21300
1.75400
2.16100
2.50700
2.64700
2.45800
1.65700
0.588000
-0.360000
-1.16100
-1.79300
-2.06600
-2.28500
-2.33300
-2.23600
-2.06000
-1.70200
-1.13700
-0.220000
0.964000
2.26400
3.23000
3.23000
2.65300
1.78400
0.976000
0.393000
-0.117000
-0.603000
-0.803000
-0.827000
-1.03400
-1.14300
-1.24000
-1.29500
-1.24600
-1.12500
-0.803000
-0.171000
0.709000
2.06300
4.69300
4.71100
2.67700
0.879000
-0.578000
-1.50100
-2.09700
-2.42500
-2.50400
-2.50400
-2.37000
-2.14500
-1.69600
-0.876000
0.260000
1.34100
2.50100
3.18700
3.13200
2.67100
1.85100
0.970000
0.211000
-0.141000
-0.396000
-0.870000
-1.42900
-1.69000
-1.67800
-1.82300
-2.07800
-2.20600
-1.97500
-1.64700
-0.931000
-8.00000E-02
0.806000
1.69900
2.16100
1.85100
1.12800
0.211000
-0.663000
-1.14900
-1.47700
-1.44100
-1.11300
-0.536000
0.272000
0.970000
1.29200
1.09800
0.636000
0.126000
-0.329000
-0.530000
-0.724000
-1.06400
-1.41000
-1.87200
-2.21200
-2.44300
-2.36400
-2.19400
-1.90200
-1.19800
-0.202000
1.00100
2.04500
2.14200
1.67500
0.995000
0.509000
9.60000E-02
-0.372000
-0.736000
-0.724000
-0.663000
-0.943000
-1.35000
-1.53200
-1.55600
-1.58600
-1.61700
-1.46500
-1.12500
-0.651000
5.30000E-02
0.831000
1.48000
1.72300
1.52300
1.07400
0.697000
0.381000
-7.00000E-03
-0.372000
-0.688000
-0.991000
-1.28300
-1.24000
-1.04600
-0.645000
-0.190000
0.223000
0.600000
0.940000
1.21900
1.29200
1.24400
1.09200
0.746000
0.266000
-0.196000
-0.645000
-0.906000
-0.991000
-0.858000
-0.748000
-0.512000
-0.293000
5.30000E-02
0.484000
0.818000
1.06100
1.22500
1.20700
1.01300
0.655000
0.509000
0.606000
0.885000
1.11600
1.12200
0.746000
5.30000E-02
-0.590000
-1.02200
-1.38000
-1.32500
-1.21600
-0.997000
-0.651000
2.30000E-02
0.891000
1.77800
2.32500
2.36100
2.03900
1.60800
1.31000
1.14000
1.03100
0.964000
0.818000
0.636000
0.235000
-0.105000
-0.518000
-0.943000
-1.19200
-1.38000
-1.45900
-1.54400
-1.63500
-1.40400
-0.736000
0.175000
1.74200
3.94000
5.51900
4.42000
2.41600
0.648000
-0.688000
-1.56200
-2.09700
-2.16300
-2.45500
-2.64900
-2.62500
-2.40000
-2.03600
-1.62300
-0.918000
-2.00000E-02
1.00100
2.11200
3.13200
3.26000
2.28200
0.904000
-0.214000
-0.833000
-1.42900
-2.01200
-2.00600
-1.72600
-1.30100
-0.724000
6.50000E-02
1.12200
2.05700
2.55500
1.99100
0.910000
-9.90000E-02
-0.876000
-1.58600
-1.92700
-1.81100
-1.80500
-1.65900
-1.48300
-0.973000
-5.00000E-02
0.861000
1.71700
2.31200
2.62800
2.38500
1.68100
0.879000
0.217000
-0.317000
-0.925000
-1.43500
-1.62300
-1.95100
-2.14500
-2.13300
-2.03000
-1.88400
-1.60500
-1.21600
-0.663000
0.175000
1.30400
2.30600
2.71900
2.54900
2.06300
1.40800
0.691000
2.90000E-02
-0.566000
-0.979000
-1.22200
-1.54400
-1.79900
-1.89000
-2.06000
-2.23600
-2.26700
-1.95100
-1.30100
-0.554000
0.314000
1.35900
2.37900
2.96200
2.82900
1.76600
0.442000
-0.846000
-1.62900
-2.06600
-2.09100
-2.12700
-1.90800
-1.50100
-1.06400
-0.578000
-0.184000
7.80000E-02
0.460000
0.946000
1.37100
1.49900
1.31600
0.989000
0.655000
0.363000
0.144000
-2.60000E-02
-0.153000
-9.20000E-02
0.199000
0.223000
-6.80000E-02
-0.487000
-0.900000
-1.31300
-1.55600
-1.79300
-1.73800
-1.34400
-0.566000
0.655000
2.35500
4.39600
4.97900
3.55700
1.78400
0.211000
-0.773000
-1.37400
-1.96900
-2.16300
-2.33300
-2.42500
-2.41200
-2.27900
-1.92700
-1.42900
-0.797000
0.120000
1.11600
2.05100
2.48900
2.28800
1.62000
0.831000
0.223000
-2.00000E-02
-3.20000E-02
0.199000
0.424000
0.606000
0.818000
0.916000
0.721000
0.466000
0.169000
-5.00000E-02
-0.220000
-0.408000
-0.590000
-0.688000
-0.761000
-0.809000
-0.797000
-0.676000
-0.390000
-0.123000
0.260000
0.940000
1.93000
3.11400
3.76400
3.15700
1.87500
0.442000
-0.609000
-1.27700
-1.61100
-1.46500
-1.44100
-1.47700
-1.48300
-1.36200
-1.13100
-0.779000
-0.536000
-0.165000
0.478000
1.33500
2.17900
2.79200
2.84100
2.05100
0.891000
-2.60000E-02
-0.712000
-1.14300
-1.28900
-1.11900
-0.846000
-0.463000
-0.147000
0.114000
0.260000
0.150000
2.90000E-02
-3.20000E-02
-0.147000
-0.196000
-0.299000
-0.311000
-0.226000
-0.129000
9.00000E-02
0.314000
0.466000
0.655000
0.764000
0.806000
0.733000
0.624000
0.484000
0.339000
4.70000E-02
-0.244000
-0.682000
-1.05800
-1.27100
-1.46500
-1.59900
-1.69600
-1.67800
-1.50100
-1.02200
-0.481000
0.163000
1.17700
2.22700
2.87100
2.92000
2.37900
1.40800
0.381000
-0.360000
-0.979000
-1.58600
-1.84200
-2.27300
-2.47300
-2.45500
-2.40000
-2.22400
-1.85400
-1.31900
-0.639000
0.284000
1.46800
2.67700
3.62400
3.85500
3.09000
1.79000
0.393000
-0.712000
-1.58000
-2.21200
-2.32100
-2.43100
-2.75300
-2.85000
-2.88600
-2.67400
-2.26100
-1.56800
-0.512000
0.825000
2.61600
4.34100
4.06200
2.64000
1.21300
2.30000E-02
-0.925000
-1.44700
-1.88400
-1.84200
-1.69600
-1.56200
-1.35600
-0.803000
-0.141000
0.533000
1.27400
1.68700
1.47400
0.867000
0.199000
-0.317000
-0.530000
-0.427000
-6.20000E-02
0.339000
0.648000
1.08600
1.62000
2.11200
2.24000
1.96600
1.49300
0.873000
0.223000
-0.348000
-0.858000
-1.30100
-1.73800
-1.95700
-1.88400
-1.79900
-1.63500
-1.25900
-0.542000
0.721000
2.56800
4.63900
5.05800
3.64300
2.21500
1.01900
6.50000E-02
-0.639000
-1.28300
-1.69600
-1.89600
-2.08400
-2.26700
-2.47900
-2.63100
-2.87400
-2.87400
-2.74000
-2.32700
-1.45300
0.314000
4.71100
5.70100
3.80600
2.00900
0.588000
-0.414000
-1.16700
-1.84800
-2.08400
-2.18200
-2.16900
-2.16900
-2.07200
-1.89000
-1.67200
-1.42300
-1.24000
-0.797000
-0.263000
0.284000
0.612000
0.624000
0.539000
0.515000
0.758000
0.922000
0.746000
0.843000
1.01300
1.03700
0.758000
0.248000
-0.263000
-0.633000
-1.13100
-1.55000
-1.69000
-1.63500
-1.51400
-1.47700
-1.45300
-1.11900
-0.718000
-0.323000
2.90000E-02
0.442000
0.843000
1.14600
1.18300
1.01900
0.733000
0.387000
-0.135000
-0.615000
-1.05200
-1.27100
-1.35600
-1.26500
-1.13100
-0.949000
-0.621000
-0.165000
0.296000
0.673000
0.891000
0.976000
1.14600
1.31000
1.23800
0.843000
0.150000
-0.590000
-1.19200
-1.48900
-1.62300
-1.67800
-1.55600
-1.24000
-0.973000
-0.469000
9.00000E-02
0.709000
1.52900
2.16100
2.47600
2.59800
2.48900
1.96600
1.20700
0.381000
-0.439000
-1.18000
-1.84800
-2.38200
-2.57000
-2.32100
-2.10900
-1.98700
-1.74400
-1.29500
-0.633000
0.169000
1.09200
1.85100
2.28800
2.39800
2.08800
1.53500
0.855000
0.242000
-0.366000
-0.846000
-1.16700
-1.41000
-1.52600
-1.48900
-0.967000
-5.00000E-02
0.843000
1.34100
1.44400
1.06700
0.582000
-4.40000E-02
-0.712000
-1.13700
-1.35000
-1.35600
-1.01600
-0.269000
0.758000
2.13600
3.16900
3.00500
1.99100
0.600000
-0.481000
-1.17400
-1.50100
-1.15500
-0.730000
-0.232000
0.339000
0.746000
0.964000
0.843000
0.709000
0.661000
0.642000
0.412000
0.120000
-0.111000
-0.329000
-0.153000
8.40000E-02
0.138000
0.211000
0.375000
0.588000
1.01900
1.54100
1.84500
1.62000
1.17100
0.576000
0.114000
4.10000E-02
0.199000
0.320000
0.290000
9.60000E-02
-0.171000
-0.469000
-0.736000
-1.01600
-1.36800
-1.51400
-1.36200
-0.900000
-0.147000
1.00700
2.28800
2.85300
2.48300
1.64400
0.606000
-0.171000
-0.809000
-1.24000
-1.60500
-1.65300
-1.70800
-1.63500
-1.70800
-1.77500
-1.69600
-1.33700
-0.821000
-0.159000
0.454000
0.891000
1.03700
1.07400
1.04900
1.12200
1.15300
1.01900
0.727000
0.163000
-0.475000
-1.01600
-1.50100
-1.80500
-1.82300
-1.72600
-1.70200
-1.49500
-1.12500
-0.761000
-0.323000
7.80000E-02
0.363000
0.557000
0.521000
0.339000
0.144000
8.40000E-02
6.50000E-02
0.260000
0.661000
1.01300
1.23800
1.32300
1.20100
0.873000
0.418000
-0.129000
-0.688000
-1.14300
-1.45300
-1.65300
-1.75000
-1.68400
-1.46500
-1.18600
-0.821000
-0.493000
-0.287000
-7.40000E-02
0.278000
0.861000
1.46800
1.86300
1.88700
1.64400
1.26800
0.879000
0.460000
9.60000E-02
-0.208000
-0.457000
-0.469000
-0.275000
-0.129000
-0.117000
-0.153000
-0.263000
-0.487000
-0.742000
-0.949000
-1.05800
-0.979000
-0.876000
-0.639000
-0.220000
0.387000
1.09200
1.80200
2.06300
1.97200
1.65700
0.989000
0.533000
0.169000
-0.123000
-0.317000
-0.414000
-0.669000
-0.821000
-0.882000
-0.991000
-1.06400
-1.04000
-1.06400
-1.13700
-0.949000
-0.566000
-0.226000
6.50000E-02
0.406000
0.922000
1.69300
2.25800
2.50100
2.13600
1.45600
0.648000
1.02000E-01
-0.263000
-0.493000
-0.633000
-0.839000
-1.08200
-1.25200
-1.48900
-1.68400
-1.79300
-1.82900
-1.59900
-1.11300
-0.433000
0.399000
1.68100
2.86500
3.23600
2.50700
1.53500
0.491000
-7.40000E-02
-0.481000
-0.682000
-0.366000
9.60000E-02
0.454000
0.697000
0.539000
7.10000E-02
-0.524000
-1.02200
-1.38000
-1.58600
-1.66500
-1.89000
-1.86600
-1.46500
-0.627000
0.563000
2.28800
3.74000
3.92200
2.91400
1.93600
0.916000
1.02000E-01
-0.512000
-0.955000
-0.997000
-1.04600
-1.18600
-1.37400
-1.49500
-1.58600
-1.69600
-1.73200
-1.62900
-1.30100
-0.682000
1.02000E-01
0.995000
1.88100
2.64700
2.67700
2.15500
1.41400
0.733000
0.418000
0.266000
0.144000
-5.00000E-02
-0.244000
-0.694000
-0.979000
-1.25900
-1.69600
-2.04200
-2.30900
-2.35200
-2.01800
-1.39200
-0.256000
1.22500
2.60400
3.09000
2.33100
1.10400
-9.20000E-02
-0.961000
-1.52600
-1.98700
-2.04800
-2.03600
-1.86600
-1.55000
-0.797000
0.387000
1.67500
2.35500
2.05700
1.17100
0.211000
-0.396000
-0.724000
-0.894000
-0.876000
-0.748000
-0.991000
-1.21600
-1.52000
-1.63500
-1.55000
-1.33100
-1.01600
-0.293000
0.636000
1.63800
2.38500
2.34900
1.80200
1.07400
0.345000
-0.220000
-0.584000
-0.870000
-0.627000
-0.676000
-0.736000
-0.651000
-0.390000
-7.40000E-02
0.381000
0.855000
0.970000
0.667000
0.157000
-0.335000
-0.712000
-0.858000
-0.900000
-0.815000
-0.530000
-3.80000E-02
0.709000
1.49900
1.74200
1.46200
0.855000
0.484000
0.351000
0.272000
0.235000
0.320000
0.491000
0.442000
0.272000
-0.141000
-0.657000
-1.18600
-1.58600
-1.71400
-1.72000
-1.58600
-1.14900
-0.384000
0.703000
2.03900
3.07800
3.18700
2.48900
1.69300
1.03700
0.588000
0.369000
0.223000
0.150000
9.60000E-02
-0.226000
-0.518000
-0.761000
-1.07600
-1.41600
-1.64700
-1.70200
-1.62900
-1.35600
-0.852000
-7.40000E-02
1.06100
2.66500
5.03300
5.27600
3.18700
1.50500
0.193000
-0.512000
-0.846000
-0.967000
-0.761000
-0.688000
-0.603000
-0.578000
-0.876000
-1.33700
-1.72600
-2.10900
-2.34000
-2.29100
-1.91400
-1.35600
-0.269000
1.55900
4.49300
6.07200
3.98300
1.93600
0.308000
-0.730000
-1.26500
-1.89600
-2.11500
-2.29100
-2.31500
-2.43700
-2.47300
-2.38800
-2.13300
-1.72600
-1.21600
-0.518000
0.187000
0.794000
1.48700
1.76600
1.74800
1.31600
0.952000
0.363000
2.30000E-02
-0.566000
-1.01600
-1.34400
-1.55000
-1.58000
-1.53200
-1.25900
-0.870000
-0.348000
0.357000
1.12200
1.55900
1.65700
1.50500
1.04900
0.314000
-0.463000
-1.19800
-1.80500
-2.16300
-2.38200
-2.24800
-1.84200
-1.28900
-0.518000
0.600000
1.64400
2.19100
1.98500
1.38300
0.661000
7.10000E-02
-0.329000
-0.457000
-0.299000
0.223000
0.709000
0.831000
0.472000
-1.00000E-03
-0.597000
-1.10100
-1.39800
-1.69600
-1.87200
-1.75700
-1.62300
-1.24000
-0.730000
-0.159000
0.648000
1.54700
2.09400
2.48300
2.88900
2.79200
2.05100
1.09800
0.114000
-0.712000
-1.33100
-1.92000
-2.16300
-2.44300
-2.57000
-2.59500
-2.51000
-2.23000
-1.69600
-0.961000
-2.00000E-02
1.26200
2.68300
3.75200
3.41800
2.42200
1.18300
0.144000
-0.609000
-1.26500
-1.42300
-1.39200
-1.48900
-1.24600
-0.906000
-0.542000
-0.141000
0.266000
0.703000
1.17700
1.57200
1.76600
1.92400
2.01500
1.79600
1.26200
0.557000
-0.178000
-0.748000
-1.14900
-1.46500
-1.76900
-1.77500
-1.67200
-1.42300
-1.02800
-0.597000
0.175000
1.23100
2.55500
3.52100
3.49700
2.60400
1.45600
0.418000
-0.348000
-0.925000
-1.30700
-1.25200
-1.30100
-1.07000
-0.724000
-0.287000
5.00000E-03
0.175000
0.314000
0.460000
0.533000
0.606000
0.563000
0.503000
0.454000
0.296000
-5.60000E-02
-0.366000
-0.408000
-0.226000
0.235000
1.08600
2.00900
2.75000
2.96200
2.54900
1.51700
0.357000
-0.457000
-1.10100
-1.68400
-1.98700
-2.23600
-2.30300
-2.25500
-2.14500
-1.97500
-1.70800
-1.29500
-0.639000
0.320000
1.59000
2.87700
3.30800
2.66500
1.71700
0.746000
-8.60000E-02
-0.821000
-1.49500
-1.91400
-1.97500
-2.21800
-2.41200
-2.34000
-2.16300
-1.88400
-1.31300
-0.651000
6.50000E-02
0.758000
1.14600
1.09200
0.976000
0.855000
0.740000
0.503000
0.284000
4.10000E-02
-0.360000
-0.645000
-0.967000
-1.19200
-1.14300
-0.961000
-1.02800
-1.05200
-0.870000
-0.700000
-0.487000
-0.287000
-5.00000E-02
0.229000
0.430000
0.357000
0.138000
-7.40000E-02
-0.263000
-0.317000
-0.293000
-0.232000
-0.202000
-7.00000E-03
0.345000
0.782000
1.31000
1.55900
1.34100
0.788000
0.150000
-0.518000
-1.17400
-1.65900
-2.01800
-2.20000
-2.09100
-1.79900
-1.24600
-0.305000
0.794000
1.92400
2.64700
2.67100
2.20300
1.46200
0.746000
0.163000
-0.311000
-0.627000
-0.651000
-0.894000
-0.973000
-1.01000
-1.01600
-0.991000
-0.858000
-0.414000
7.80000E-02
0.703000
1.24400
1.53500
1.62000
1.40200
0.922000
0.314000
-0.244000
-0.645000
-0.876000
-0.773000
-0.433000
1.70000E-02
0.533000
0.946000
1.16500
1.01900
0.600000
1.02000E-01
-0.360000
-0.821000
-1.06400
-1.13700
-1.27700
-1.28300
-1.17400
-0.918000
-0.396000
0.199000
0.800000
1.33500
1.75400
1.76600
1.28000
0.491000
-0.141000
-0.530000
-0.627000
-0.645000
-0.584000
-0.420000
-0.202000
0.114000
0.679000
1.27400
1.50500
1.26200
0.703000
1.02000E-01
-0.420000
-0.858000
-1.02800
-0.997000
-0.852000
-0.366000
0.314000
1.09800
1.82700
2.55500
3.15100
3.62400
3.35100
2.11200
0.679000
-0.566000
-1.63500
-2.48500
-2.74600
-3.08700
-3.12900
-2.98300
-2.78900
-2.46100
-1.87800
-0.967000
0.563000
2.47600
4.31100
4.73000
3.23600
1.76600
0.685000
-4.40000E-02
-0.524000
-0.870000
-1.07000
-1.32500
-1.36800
-1.35600
-1.38000
-1.43500
-1.48300
-1.41000
-1.26500
-1.00300
-0.597000
-6.80000E-02
0.612000
1.43800
2.13600
2.62800
2.62800
1.90000
0.515000
-0.560000
-1.18000
-1.67200
-2.04200
-2.01800
-1.88400
-1.57400
-1.11300
-0.384000
0.375000
0.873000
0.940000
0.709000
0.254000
-0.323000
-0.676000
-0.773000
-0.609000
-0.378000
-0.420000
-0.530000
-0.603000
-0.700000
-0.682000
-0.560000
-0.414000
-0.171000
0.254000
0.685000
0.964000
1.03700
0.855000
0.636000
0.436000
0.138000
-0.135000
-0.384000
-0.724000
-1.13700
-1.45300
-1.65300
-1.82300
-1.98100
-2.08400
-1.98700
-1.65300
-1.08800
-0.427000
0.454000
1.65700
2.66500
2.81700
2.28200
1.65700
1.11600
0.667000
0.260000
-0.141000
-0.469000
-0.730000
-1.24000
-1.62900
-1.89600
-2.12100
-2.31500
-2.40000
-2.29100
-1.99300
-1.53200
-0.682000
0.406000
1.55900
2.41600
2.53100
2.25800
1.79600
1.35900
1.01900
0.715000
0.369000
9.00000E-02
-0.117000
-0.329000
-0.669000
-0.858000
-0.955000
-0.943000
-0.821000
-0.530000
-0.171000
0.229000
0.642000
0.818000
0.648000
0.339000
7.80000E-02
-6.80000E-02
-5.00000E-02
0.150000
0.551000
1.07400
1.59600
2.02100
2.37900
2.48300
2.16700
1.62000
1.04900
0.588000
0.175000
-0.238000
-0.645000
-1.07000
-1.30100
-1.46500
-1.55000
-1.53200
-1.60500
-1.56800
-1.19800
-0.499000
0.503000
1.80800
3.81900
5.85300
3.98900
1.92400
0.235000
-0.906000
-1.64700
-2.07800
-2.21200
-2.25500
-2.16900
-1.92700
-1.59900
-1.16700
-0.414000
0.460000
1.28600
1.82700
1.96000
1.72900
1.24400
0.733000
0.448000
0.175000
-2.60000E-02
-8.00000E-02
-0.505000
-0.967000
-1.15500
-1.11900
-1.23400
-1.26500
-1.22200
-0.931000
-0.554000
-2.60000E-02
0.582000
1.29800
1.72900
1.74200
1.31600
0.770000
0.144000
-0.439000
-0.925000
-1.22200
-1.22200
-1.47700
-1.72000
-2.01800
-2.18800
-2.09100
-1.97500
-1.78700
-1.24600
-0.335000
0.612000
1.57800
2.36100
2.22100
1.24400
4.70000E-02
-0.955000
-1.61100
-2.08400
-2.33300
-2.23000
-1.84200
-1.02200
0.150000
1.34100
2.30600
2.28800
1.45600
0.442000
-0.408000
-0.931000
-1.17400
-1.35600
-1.38600
-1.36200
-0.973000
-0.827000
-0.724000
-0.469000
-0.263000
5.00000E-03
0.266000
0.563000
1.01900
1.23100
1.13400
1.06100
1.12200
1.23800
1.38900
1.43200
1.23800
0.904000
0.333000
-0.360000
-1.07600
-1.55600
-1.77500
-1.93900
-1.78100
-1.46500
-1.16100
-0.518000
0.418000
1.82100
3.46000
4.35300
3.61200
2.04500
0.648000
-0.378000
-1.06400
-1.59900
-1.65300
-1.61100
-1.57400
-1.34400
-0.918000
-0.238000
0.533000
1.13400
1.47400
1.69300
1.85100
2.04500
1.97200
1.71100
1.25600
0.679000
4.10000E-02
-0.445000
-1.05800
-1.50100
-1.53200
-1.38000
-1.27700
-0.991000
-0.639000
-0.366000
-0.196000
-9.90000E-02
4.10000E-02
0.278000
0.594000
0.976000
1.37700
1.77200
1.94200
1.75400
1.11600
0.211000
-0.578000
-1.14300
-1.55600
-1.69600
-1.71400
-1.56800
-1.24600
-0.748000
4.70000E-02
1.01900
2.00300
2.77400
2.93200
2.33700
1.23100
0.114000
-0.724000
-1.33700
-1.75000
-1.87800
-2.13300
-2.07200
-1.89600
-1.50800
-0.876000
-5.00000E-02
0.940000
2.15500
3.21100
3.23600
2.30600
1.14000
0.169000
-0.560000
-1.01600
-1.12500
-0.906000
-0.900000
-0.657000
-7.40000E-02
0.521000
0.928000
0.952000
0.576000
-0.171000
-0.967000
-1.52000
-1.92000
-2.03600
-1.97500
-1.67200
-1.04000
-0.123000
0.946000
1.95400
2.45800
2.38500
1.65700
0.648000
-0.171000
-0.676000
-0.858000
-0.961000
-0.906000
-1.14900
-1.22200
-1.25900
-1.27700
-1.24000
-1.01600
-0.590000
-2.00000E-02
0.582000
1.02500
0.995000
0.606000
0.114000
-0.263000
-0.433000
-0.481000
-0.493000
-0.536000
-0.463000
-0.226000
0.138000
0.612000
1.07400
1.43200
1.63800
1.62600
1.32300
0.794000
0.114000
-0.493000
-1.01600
-1.47700
-1.89600
-2.27300
-2.46100
-2.52200
-2.34000
-1.80500
-0.997000
0.327000
2.23400
4.50500
5.19100
3.36900
1.60800
0.175000
-0.748000
-1.38600
-1.95700
-2.21800
-2.49700
-2.64900
-2.81300
-2.78300
-2.58900
-2.07200
-1.24600
-9.20000E-02
1.35300
2.82300
3.60000
3.32100
2.44000
1.51100
0.952000
0.709000
0.849000
0.709000
0.709000
0.648000
0.235000
-0.348000
-0.852000
-1.41000
-1.87200
-2.07200
-2.21800
-2.32700
-2.18200
-1.67200
-0.827000
0.509000
2.49500
4.68100
4.92400
3.30200
1.78400
0.618000
-0.305000
-1.02800
-1.61100
-1.87800
-2.03000
-2.17600
-2.18800
-2.09100
-1.90200
-1.58000
-1.21000
-0.748000
-2.60000E-02
0.995000
2.20300
3.09000
2.90800
2.01500
0.946000
4.70000E-02
-0.736000
-1.51400
-1.80500
-1.59900
-1.64100
-1.53200
-1.13100
-0.767000
-0.390000
1.02000E-01
0.733000
1.41400
1.79600
2.05100
2.24000
2.05700
1.36500
0.418000
-0.481000
-1.20400
-1.76300
-1.99900
-2.10900
-2.04800
-2.01200
-1.70200
-1.07000
-0.250000
0.879000
2.26400
3.61200
4.00700
3.11400
1.71700
0.406000
-0.493000
-1.10100
-1.46500
-1.45900
-1.55600
-1.47700
-1.19800
-0.821000
-0.566000
-0.505000
-0.487000
-0.408000
-0.184000
0.199000
0.831000
1.79000
2.92000
3.43000
2.68300
1.35900
-9.20000E-02
-1.05200
-1.51400
-1.77500
-1.76900
-1.84200
-1.60500
-1.47100
-1.39200
-1.21000
-0.833000
-0.390000
7.10000E-02
0.612000
1.26200
1.86300
2.24000
2.39800
2.26400
1.94200
1.31600
0.545000
-0.196000
-0.821000
-1.05200
-1.09500
-1.42900
-1.67800
-1.92000
-2.27300
-2.54000
-2.61900
-2.46700
-2.06600
-1.21600
0.351000
5.55600
5.19100
4.37700
2.45800
0.733000
-0.633000
-1.53200
-2.14500
-2.58200
-2.69200
-2.95900
-3.11100
-2.94100
-2.86200
-2.75300
-2.65500
-2.23000
-1.16100
0.727000
3.18100
4.91200
4.42600
2.81000
1.37700
0.169000
-0.706000
-1.47700
-2.09100
-2.11500
-1.90800
-1.76900
-1.58000
-1.26500
-0.779000
-0.238000
0.351000
0.788000
1.23100
1.69300
1.97200
1.99700
1.86900
1.57200
1.20700
0.770000
-7.00000E-03
-0.754000
-1.04000
-1.07000
-1.04600
-1.02200
-1.12500
-1.22200
-1.28900
-1.08800
-0.609000
8.40000E-02
0.897000
1.76600
2.59200
3.11400
3.04100
2.54900
1.79600
1.00700
0.296000
-0.390000
-1.29500
-1.99900
-2.30900
-2.57600
-2.86800
-3.02000
-2.82500
-2.55800
-2.27900
-1.72000
-0.408000
1.52300
3.81300
4.39000
3.48500
2.38500
1.26200
0.320000
-0.366000
-0.925000
-1.07000
-0.906000
-0.925000
-1.00300
-1.13700
-1.42900
-1.58000
-1.60500
-1.33100
-0.858000
-0.396000
-7.00000E-03
0.442000
0.970000
1.49300
1.99700
2.54300
2.78600
2.48300
2.05700
1.57800
0.934000
0.290000
-0.311000
-0.761000
-1.10100
-1.38000
-1.43500
-1.62300
-1.82300
-1.97500
-1.90200
-1.55000
-1.25900
-1.13700
-0.925000
-0.657000
5.00000E-03
0.940000
2.15500
3.44200
3.97700
3.35700
2.26400
0.976000
-7.00000E-03
-0.663000
-1.25900
-1.52600
-1.60500
-1.72600
-1.92000
-1.98100
-1.87800
-1.70800
-1.42900
-1.06400
-0.560000
-7.40000E-02
0.387000
0.800000
0.806000
0.454000
-0.117000
-0.524000
-0.633000
-0.487000
-0.214000
0.211000
0.746000
1.42000
2.00900
2.36100
2.16700
1.35900
0.320000
-0.487000
-1.19800
-1.78100
-2.00600
-2.21800
-2.09100
-2.06600
-1.94500
-1.72000
-1.18600
-0.505000
0.114000
0.685000
1.07400
1.14600
1.03100
0.843000
0.594000
0.381000
0.320000
0.363000
0.460000
0.509000
0.399000
0.211000
-8.00000E-02
-0.311000
-0.360000
-0.390000
-0.463000
-0.584000
-0.560000
-0.548000
-0.518000
-0.396000
-0.165000
9.00000E-02
0.242000
0.193000
3.50000E-02
-0.153000
-0.275000
-0.323000
-0.117000
0.339000
0.922000
1.21300
1.07400
0.825000
0.442000
0.138000
-0.141000
-0.335000
-0.414000
-0.390000
-0.190000
-8.00000E-02
-9.20000E-02
0.120000
0.630000
1.26200
1.59000
1.34700
0.685000
-5.60000E-02
-0.590000
-0.724000
-0.584000
-0.414000
-0.341000
-0.275000
-8.00000E-02
0.187000
0.320000
0.296000
0.314000
0.314000
0.393000
0.648000
1.03700
1.40200
1.72900
1.84500
1.71100
1.37700
0.831000
5.00000E-03
-0.736000
-1.14300
-1.50100
-1.66500
-1.74400
-1.81700
-1.82900
-1.72000
-1.19200
-0.354000
0.412000
1.09200
1.73600
2.24000
2.21500
1.77200
1.07400
0.497000
2.90000E-02
-0.433000
-0.821000
-0.870000
-0.949000
-0.997000
-1.04600
-1.32500
-1.62300
-1.70200
-1.60500
-1.27700
-0.852000
-0.159000
0.642000
1.62000
2.45800
2.79200
2.57400
1.87500
0.910000
-0.129000
-1.15500
-1.82300
-2.04200
-2.04200
-1.94500
-1.71400
-1.27100
-0.663000
-0.135000
0.339000
0.782000
1.16500
1.41400
1.31600
1.04900
0.758000
0.509000
0.539000
0.800000
1.09800
1.17100
0.891000
0.387000
-0.141000
-0.773000
-1.29500
-1.70800
-2.01200
-2.09100
-1.93300
-1.35000
-0.329000
1.20700
5.15500
5.80500
3.55100
1.60200
2.90000E-02
-1.13100
-1.91400
-2.53400
-2.74600
-3.03800
-3.08700
-2.98900
-2.88600
-2.74000
-2.32700
-1.67200
-0.724000
0.910000
3.28400
5.56800
4.51100
2.47000
0.806000
-0.512000
-1.28300
-1.79300
-2.34000
-2.48500
-2.35800
-2.40000
-2.62500
-2.47900
-2.04800
-1.92700
-1.70800
-1.19200
-0.311000
0.873000
2.08800
3.15700
3.34500
2.88300
2.13000
1.20700
-0.335000
-1.36200
-1.85400
-2.16900
-2.24200
-2.46100
-2.25500
-1.96300
-1.75000
-1.48900
-1.02200
-0.481000
-4.40000E-02
0.278000
0.618000
0.873000
0.922000
0.746000
0.563000
0.406000
0.363000
0.412000
0.387000
0.357000
0.320000
-1.40000E-02
-0.493000
-0.918000
-1.28300
-1.43500
-1.40400
-1.15500
-0.700000
-0.117000
0.491000
1.01900
1.35900
1.40800
1.03700
0.515000
-2.00000E-02
-0.414000
-0.463000
-0.420000
-0.530000
-0.633000
-0.566000
-0.323000
-0.269000
-0.366000
-0.269000
7.80000E-02
0.551000
1.13400
1.64400
1.73600
1.38300
0.782000
0.114000
-0.518000
-1.13700
-1.44700
-1.58000
-1.53200
-1.36200
-0.906000
-0.178000
0.782000
1.79600
2.62200
2.84100
2.34300
1.42600
0.503000
-0.123000
-0.657000
-1.13700
-1.26500
-1.60500
-1.58600
-1.41600
-1.30700
-1.07000
-0.603000
5.90000E-02
0.818000
1.62000
2.30600
2.62200
2.43400
1.88100
0.940000
0.235000
-0.299000
-0.931000
-1.28300
-1.41000
-1.59300
-1.60500
-1.52600
-1.39200
-1.06400
-0.463000
0.320000
1.24400
1.94800
2.14200
1.93600
1.43800
0.922000
0.412000
5.30000E-02
-0.202000
-0.335000
-0.360000
-0.360000
-0.269000
-0.220000
-0.232000
-0.323000
-0.408000
-0.554000
-0.609000
-0.530000
-0.366000
-1.00000E-03
0.484000
1.06100
1.62000
1.90000
1.90000
1.58400
0.995000
0.333000
-0.165000
-0.578000
-0.736000
-0.548000
-0.311000
-0.147000
9.60000E-02
0.254000
0.327000
0.235000
-5.60000E-02
-0.433000
-0.754000
-0.918000
-0.688000
-0.256000
0.187000
0.794000
1.53500
2.11200
2.49500
2.48300
2.10000
1.45000
0.800000
0.187000
-0.512000
-1.20400
-1.69000
-2.00600
-2.29100
-2.49700
-2.67400
-2.69800
-2.60100
-2.30300
-1.68400
-0.894000
0.314000
2.16100
4.39600
3.59400
1.83900
0.442000
-0.736000
-1.56200
-1.99300
-1.96900
-1.78700
-1.44700
-0.979000
-0.408000
-2.00000E-02
0.217000
0.296000
0.229000
7.80000E-02
-0.153000
-0.396000
-0.609000
-0.918000
-1.14300
-1.11300
-0.748000
-0.202000
0.126000
0.472000
1.00100
1.68100
1.89300
1.86300
1.66900
1.03700
0.290000
-0.360000
-0.876000
-1.39800
-1.80500
-2.23600
-2.34000
-2.26100
-2.03600
-1.75000
-1.11900
-6.80000E-02
1.47400
3.26000
4.00100
3.23600
2.01500
0.746000
-0.232000
-0.870000
-1.27100
-1.33100
-1.24000
-1.19200
-0.973000
-0.712000
-0.518000
-0.323000
-0.190000
-4.40000E-02
0.144000
0.217000
0.132000
6.50000E-02
0.144000
0.533000
0.916000
1.28600
1.69900
1.93600
1.74200
1.09800
0.345000
-0.390000
-0.858000
-1.27100
-1.57400
-1.46500
-1.13700
-0.827000
-0.439000
6.50000E-02
0.576000
1.03700
1.20700
0.976000
0.521000
0.169000
-0.171000
-0.487000
-0.566000
-0.493000
-0.305000
-7.40000E-02
0.199000
0.582000
0.891000
1.13400
1.34100
1.38900
1.26200
0.922000
0.418000
-5.60000E-02
-0.420000
-0.651000
-0.833000
-0.931000
-1.04600
-1.11900
-1.08200
-0.961000
-0.918000
-0.882000
-0.724000
-0.390000
-3.80000E-02
0.357000
0.916000
1.40200
1.79000
1.79600
1.39500
0.873000
0.582000
0.478000
0.357000
0.150000
-0.159000
-0.627000
-1.11900
-1.39200
-1.52000
-1.63500
-1.72600
-1.59900
-1.35600
-1.07000
-0.779000
-0.287000
0.260000
0.752000
1.18900
1.48000
1.48000
1.28000
1.02500
0.806000
0.642000
0.563000
0.509000
0.412000
0.260000
1.02000E-01
-2.00000E-02
-0.220000
-0.560000
-1.02200
-1.48900
-1.84800
-2.08400
-2.24200
-2.26100
-2.11500
-1.56800
-0.682000
0.418000
1.86300
3.40600
4.06200
3.26000
2.03900
0.855000
-0.141000
-0.931000
-1.65900
-1.96900
-2.13900
-2.30900
-2.33300
-2.23000
-1.89600
-1.35600
-0.773000
5.30000E-02
1.18900
2.45200
2.87700
2.03300
0.782000
-0.354000
-1.17400
-1.67200
-1.87800
-1.78100
-1.78100
-1.30700
-0.748000
4.70000E-02
1.07400
2.14200
2.70700
2.39800
1.58400
0.733000
0.169000
-0.196000
-0.518000
-0.761000
-0.870000
-1.14900
-1.30700
-1.38600
-1.33100
-1.16700
-0.912000
-0.542000
-2.00000E-02
0.363000
0.533000
0.703000
0.897000
1.19500
1.62000
2.07000
2.14200
1.48000
0.412000
-0.420000
-1.08200
-1.63500
-1.77500
-1.71400
-1.48300
-1.02200
-0.323000
0.454000
1.06100
1.02500
0.727000
0.363000
6.50000E-02
-0.129000
-0.202000
-0.323000
-0.360000
-0.463000
-0.584000
-0.597000
-0.481000
-0.360000
-0.214000
9.00000E-02
0.509000
1.00100
1.57200
1.79000
1.57200
1.01300
0.217000
-0.651000
-1.39800
-1.92700
-2.15700
-2.27300
-2.16300
-1.69000
-0.730000
0.527000
1.86300
2.41000
1.77200
0.679000
-0.293000
-0.973000
-1.46500
-1.61100
-1.14300
-0.597000
0.217000
1.07400
1.68700
1.90000
1.71700
1.28000
0.922000
0.740000
0.618000
0.472000
0.223000
-0.129000
-0.706000
-1.31300
-1.79900
-2.10900
-2.23000
-2.07200
-1.52600
-0.748000
0.442000
2.14200
3.80600
4.41400
3.41800
2.15500
1.09800
0.296000
-0.360000
-0.931000
-1.25900
-1.40400
-1.67800
-1.92000
-2.07200
-2.13300
-2.02400
-1.72600
-1.38000
-0.809000
5.30000E-02
1.15900
2.42200
3.36900
3.40600
2.91400
2.07000
1.03700
-6.20000E-02
-0.870000
-1.31300
-1.47100
-1.67200
-1.57400
-1.18000
-0.736000
-0.256000
5.30000E-02
0.144000
6.50000E-02
-0.129000
-0.433000
-0.639000
-0.773000
-0.797000
-0.554000
5.00000E-03
0.733000
1.49900
1.93600
2.08200
1.87500
1.34100
0.897000
0.545000
0.187000
-5.60000E-02
-0.287000
-0.512000
-0.997000
-1.39200
-1.79900
-2.13300
-2.23000
-2.10900
-1.93900
-1.53200
-0.925000
-5.60000E-02
1.08600
2.45800
3.41200
3.54500
2.37900
0.995000
-0.263000
-1.26500
-2.03600
-2.52200
-2.54000
-2.58900
-2.47300
-2.21800
-1.72600
-1.00300
-4.40000E-02
1.04900
1.89300
1.70500
0.970000
0.175000
-0.433000
-0.949000
-1.21600
-0.991000
-0.402000
0.181000
0.940000
1.42600
1.47400
1.11600
0.539000
8.40000E-02
-0.184000
-0.457000
-0.651000
-0.748000
-0.991000
-1.24000
-1.33700
-1.30700
-1.19800
-0.955000
-0.578000
2.90000E-02
0.800000
1.77200
2.72500
3.01100
2.44000
1.38900
0.333000
-0.433000
-0.997000
-1.50800
-1.61100
-1.69600
-1.58000
-1.40400
-1.28300
-0.949000
-0.244000
0.709000
1.86300
3.00500
3.43600
2.79800
1.55300
0.327000
-0.572000
-1.30700
-1.90200
-1.92700
-2.03600
-2.01200
-1.90800
-1.63500
-1.00300
-6.80000E-02
1.03700
2.32500
3.32700
3.26000
2.21500
1.12200
0.333000
-0.153000
-0.457000
-0.341000
7.10000E-02
0.217000
0.163000
1.70000E-02
-0.372000
-0.870000
-1.19200
-1.40400
-1.53200
-1.62900
-1.52600
-1.22200
-0.761000
-0.275000
0.296000
1.01900
1.82700
2.64000
3.11400
3.05300
2.56800
1.68100
0.715000
-8.60000E-02
-0.839000
-1.30700
-1.52600
-1.72600
-1.70800
-1.67800
-1.65300
-1.58600
-1.46500
-1.31900
-0.997000
-0.499000
1.02000E-01
0.655000
1.02500
1.28000
1.37700
1.31600
1.18900
0.976000
0.630000
0.242000
-9.20000E-02
-0.360000
-0.481000
-0.457000
-0.263000
5.00000E-03
0.223000
0.381000
0.333000
0.126000
-0.159000
-0.293000
-0.196000
-1.40000E-02
4.10000E-02
-9.20000E-02
-0.263000
-0.475000
-0.773000
-0.955000
-0.985000
-0.846000
-0.457000
0.181000
1.06700
2.11200
3.16300
3.80600
3.15100
1.70500
0.272000
-0.779000
-1.37400
-1.81100
-1.92700
-1.98700
-2.15700
-2.22400
-2.30900
-2.38200
-2.39400
-2.29700
-1.89000
-0.912000
0.667000
2.82300
4.66300
3.69100
2.14200
0.782000
-0.178000
-0.773000
-1.23400
-1.33700
-1.26500
-1.33100
-1.38000
-1.31900
-1.13700
-0.925000
-0.754000
-0.548000
-0.360000
-0.129000
0.114000
0.503000
0.970000
1.33500
1.50500
1.45000
1.17100
0.600000
-0.105000
-0.578000
-0.852000
-1.14300
-1.34400
-1.31900
-1.29500
-1.12500
-0.846000
-0.384000
0.242000
0.885000
1.38900
1.66900
1.46200
0.904000
0.120000
-0.560000
-0.912000
-1.10100
-1.11300
-1.12500
-0.967000
-0.730000
-0.366000
0.235000
0.843000
1.30400
1.38300
1.11600
0.563000
-0.123000
-0.718000
-1.07600
-1.17400
-0.997000
-0.779000
-0.390000
0.302000
1.03700
1.47400
1.47400
1.23800
0.849000
0.357000
-0.111000
-0.493000
-0.736000
-0.967000
-1.16700
-0.949000
-0.615000
-0.226000
0.114000
0.454000
0.703000
0.703000
0.545000
0.333000
-1.00000E-03
-0.481000
-0.736000
-0.603000
-0.123000
0.509000
1.38300
2.30000
2.66500
2.42800
1.84500
1.09200
0.248000
-0.493000
-1.10100
-1.48900
-1.65300
-1.96900
-2.05400
-1.99900
-1.79300
-1.50100
-1.11300
-0.554000
0.120000
0.782000
1.41400
2.09400
2.89600
3.61200
3.54500
2.50100
1.09200
-0.165000
-0.991000
-1.50100
-1.80500
-1.76900
-2.03600
-2.07800
-2.13300
-2.19400
-2.18800
-2.01200
-1.79900
-1.22800
-0.420000
0.430000
1.33500
2.41000
3.47900
4.18300
3.97700
2.87100
1.49900
0.138000
-0.852000
-1.45900
-1.98100
-2.30900
-2.74000
-2.92300
-2.98900
-2.72200
-2.36400
-2.05400
-1.87800
-1.36800
-6.80000E-02
1.72300
3.65500
4.57800
3.97000
2.64000
1.29200
0.187000
-0.657000
-1.29500
-1.53800
-1.32500
-1.42900
-1.42900
-1.38000
-1.26500
-1.04000
-0.767000
-0.445000
-6.80000E-02
0.339000
0.764000
1.14600
1.46200
1.62000
1.68100
1.57800
1.29200
0.746000
-5.60000E-02
-0.809000
-1.38000
-1.82900
-2.11500
-2.26100
-2.32700
-2.28500
-2.08400
-1.62900
-0.949000
-5.00000E-02
0.910000
1.76600
1.93600
1.45000
0.733000
4.70000E-02
-0.487000
-0.761000
-0.815000
-0.676000
-0.414000
-0.457000
-0.439000
-0.433000
-0.578000
-0.870000
-1.19200
-1.41000
-1.45900
-1.25900
-0.809000
-0.178000
0.503000
1.21900
1.71100
1.72300
1.26800
0.454000
-0.226000
-0.730000
-1.09500
-1.29500
-1.13700
-0.906000
-0.457000
8.40000E-02
0.466000
0.563000
0.387000
0.150000
-3.20000E-02
-0.123000
-1.00000E-03
0.242000
0.545000
0.770000
0.843000
0.782000
0.636000
0.412000
0.144000
-9.20000E-02
-0.275000
-0.408000
-0.451000
-0.463000
-0.433000
-0.348000
-0.396000
-0.396000
-0.269000
0.193000
0.922000
1.70500
2.48300
2.76200
2.33100
1.38300
0.278000
-0.645000
-1.28300
-1.63500
-1.60500
-1.52600
-1.26500
-0.833000
-0.105000
1.11000
2.62200
3.32700
2.56100
1.51100
0.588000
-0.190000
-0.852000
-1.19200
-1.04600
-0.730000
-0.275000
1.02000E-01
0.223000
0.217000
0.345000
0.551000
0.806000
1.00100
1.09800
1.09200
1.11600
1.23100
1.36500
1.47400
1.36500
1.09200
0.655000
0.211000
-0.238000
-0.748000
-1.11300
-1.24000
-1.18600
-1.05800
-0.925000
-0.833000
-0.536000
-0.165000
0.175000
0.527000
0.843000
1.03700
1.14600
1.01900
0.667000
0.181000
-0.202000
-0.323000
-0.372000
-0.414000
-0.548000
-0.584000
-0.542000
-0.323000
7.10000E-02
0.484000
0.843000
1.01900
1.03700
0.952000
0.697000
0.339000
-0.111000
-0.578000
-0.955000
-1.16100
-1.31300
-1.53200
-1.77500
-1.76300
-1.51400
-1.10100
-0.457000
0.430000
1.96600
4.77200
3.62400
2.15500
1.02500
-0.105000
-1.04600
-1.64100
-2.26700
-2.55800
-2.51000
-2.52800
-2.62500
-2.49100
-1.88400
-1.27100
-0.566000
0.120000
0.758000
1.13400
1.26200
1.26800
1.26800
1.31600
1.58400
1.91200
1.68700
1.34100
0.976000
0.582000
-0.111000
-0.839000
-1.25900
-1.62300
-1.99900
-2.20600
-2.27300
-2.22400
-1.87800
-1.14900
-0.220000
0.873000
2.53700
3.97000
4.42600
3.35700
1.82100
0.424000
-0.584000
-1.21000
-1.78100
-2.08400
-2.35200
-2.49700
-2.54000
-2.47300
-2.23000
-2.01200
-1.50800
-0.427000
1.45600
5.64100
5.84700
3.71500
1.86900
0.460000
-0.627000
-1.48900
-2.04800
-2.26100
-2.44900
-2.52800
-2.38200
-2.32700
-2.36400
-2.35200
-1.99300
-1.25200
-0.178000
1.02500
2.22700
3.15100
3.40000
2.97400
2.15500
1.23100
0.187000
-0.742000
-1.19200
-1.42900
-1.55000
-1.80500
-1.80500
-1.81700
-1.92000
-1.84800
-1.53800
-1.25900
-0.827000
-0.123000
0.630000
1.35900
1.81400
1.81400
1.55900
0.995000
0.199000
-0.530000
-0.943000
-1.13700
-1.06400
-0.973000
-0.706000
-0.487000
-0.341000
5.00000E-03
0.314000
0.612000
0.484000
-6.20000E-02
-0.597000
-0.955000
-1.02800
-0.633000
-0.196000
0.175000
0.533000
0.733000
0.624000
0.387000
4.70000E-02
-0.244000
-0.372000
-0.214000
-0.153000
-0.311000
-0.463000
-0.341000
-0.178000
-0.396000
-0.700000
-0.827000
-0.754000
-0.584000
-0.433000
-0.165000
0.296000
0.740000
1.07400
1.22500
0.904000
0.211000
-0.408000
-0.773000
-0.888000
-0.791000
-0.724000
-0.457000
4.10000E-02
0.606000
1.28600
1.91200
2.10600
1.79000
1.08600
0.302000
-0.390000
-0.967000
-1.22200
-1.12500
-1.25200
-1.32500
-1.11900
-0.797000
-0.566000
-0.414000
-0.165000
9.60000E-02
0.387000
0.709000
1.03700
1.45000
1.86900
1.99100
1.79600
1.28000
0.709000
0.223000
-0.117000
-0.439000
-0.779000
-1.15500
-1.27100
-1.10100
-0.943000
-0.779000
-0.554000
-0.323000
-0.117000
-7.00000E-03
0.175000
0.460000
0.527000
0.260000
-2.00000E-02
-0.196000
-0.305000
-0.111000
0.296000
0.746000
1.18300
1.54100
1.72900
1.57800
1.09800
0.442000
-0.372000
-1.05200
-1.45300
-1.67800
-1.61100
-1.69000
-1.75700
-1.58000
-1.16100
-0.657000
-9.90000E-02
0.569000
1.29200
1.97200
2.42800
2.25800
1.71700
1.06100
0.454000
-0.123000
-0.706000
-1.08200
-1.10100
-1.16100
-1.10100
-1.04000
-0.809000
-0.481000
-1.00000E-03
0.454000
0.752000
0.703000
0.339000
-0.141000
-0.481000
-0.518000
-0.348000
7.10000E-02
0.636000
1.31000
1.79600
2.25200
2.58000
2.34300
1.43800
0.223000
-0.852000
-1.51400
-1.85400
-1.96900
-2.40600
-2.57600
-2.36400
-2.07200
-1.68400
-1.22800
-0.505000
0.539000
1.80200
3.14500
3.75800
2.71900
1.38300
0.199000
-0.657000
-1.19800
-1.57400
-1.67200
-1.62900
-1.62300
-1.53800
-1.39800
-1.13700
-0.761000
-0.263000
0.357000
1.23100
1.79000
1.74200
1.15900
0.436000
5.00000E-03
-0.178000
-0.408000
-0.645000
-0.657000
-0.457000
-5.00000E-02
0.132000
0.308000
0.721000
1.09200
1.07400
0.727000
0.150000
-0.384000
-0.821000
-1.14300
-1.27700
-1.41000
-1.30700
-0.985000
-0.578000
-0.147000
0.345000
0.891000
1.31600
1.55900
1.51100
1.21300
0.648000
-7.00000E-03
-0.615000
-1.01600
-1.04000
-1.02200
-0.730000
-0.323000
2.30000E-02
0.235000
0.466000
0.825000
1.03700
0.904000
0.491000
2.90000E-02
-0.414000
-0.864000
-1.16100
-1.24600
-1.27100
-1.08800
-0.773000
-0.341000
0.138000
0.782000
1.62600
2.50100
2.98700
2.76200
1.96000
0.989000
0.144000
-0.536000
-1.11900
-1.50100
-1.79300
-2.10900
-2.16300
-2.16300
-2.33300
-2.36400
-2.18200
-1.77500
-1.18600
-0.281000
0.806000
2.05100
3.10200
3.57000
3.11400
2.08800
0.746000
-0.469000
-1.30700
-1.82300
-1.96300
-2.06600
-2.13300
-1.90200
-1.58000
-1.25200
-0.912000
-0.584000
-0.165000
0.163000
0.345000
0.266000
0.199000
0.229000
0.436000
0.818000
1.53500
2.26400
2.84100
2.78600
2.22700
1.02500
-0.244000
-1.21600
-1.86000
-2.21800
-2.41200
-2.37600
-2.21200
-2.04200
-1.75000
-1.22800
-0.299000
0.867000
2.18500
3.23600
3.25400
2.39800
1.24400
0.217000
-0.512000
-1.03400
-1.40400
-1.44100
-1.58000
-1.55000
-1.13700
-0.311000
0.806000
1.97200
2.77400
2.90800
2.25800
1.01900
-0.135000
-0.967000
-1.34400
-1.48300
-1.39800
-1.11300
-0.615000
-2.00000E-02
0.454000
0.509000
0.369000
0.387000
0.308000
0.333000
0.563000
0.800000
1.10400
1.22500
1.08600
0.794000
0.406000
-0.111000
-0.560000
-0.748000
-0.833000
-0.688000
-0.469000
-0.366000
-0.269000
-8.60000E-02
6.50000E-02
0.175000
1.02000E-01
-2.60000E-02
-0.293000
-0.487000
-0.566000
-0.530000
-0.433000
-0.220000
5.00000E-03
0.223000
0.551000
0.964000
1.23800
1.16500
0.776000
0.150000
-0.493000
-1.02800
-1.41000
-1.56800
-1.50100
-1.44700
-1.40400
-1.24000
-1.01600
-0.730000
-0.499000
-0.445000
-0.414000
-0.287000
-1.00000E-03
0.387000
0.837000
1.31600
1.80200
2.02100
1.79600
1.17100
0.521000
-7.00000E-03
-0.518000
-0.888000
-0.991000
-0.876000
-0.712000
-0.572000
-0.445000
-0.390000
-0.487000
-0.633000
-0.785000
-0.882000
-0.882000
-0.651000
-0.244000
0.399000
1.40200
2.67700
4.00700
4.83900
4.17700
2.25200
0.551000
-0.688000
-1.42900
-1.96900
-2.07800
-2.19400
-2.26700
-1.99900
-1.74400
-1.40400
-0.949000
-0.512000
-0.105000
0.308000
0.703000
1.00700
1.28600
1.54700
1.75400
2.08200
2.65300
3.18700
2.88900
2.00300
1.10400
0.284000
-0.499000
-1.11300
-1.49500
-1.68400
-1.89000
-1.92700
-1.89000
-1.67800
-1.28900
-0.876000
-0.615000
-0.420000
-0.263000
2.30000E-02
0.387000
0.861000
1.57200
2.55500
3.49700
3.89200
3.18100
1.57800
1.10000E-02
-1.13700
-1.92000
-2.60100
-2.81300
-2.94700
-2.86200
-2.68000
-2.53400
-2.33300
-1.72600
-1.02200
-0.323000
0.308000
1.04900
1.79600
2.46400
2.36700
1.73600
0.976000
0.406000
1.70000E-02
-0.384000
-0.779000
-0.949000
-0.979000
-1.04000
-0.979000
-1.04600
-1.16700
-1.33100
-1.41000
-1.38000
-1.25900
-0.900000
-0.481000
1.10000E-02
0.478000
0.891000
1.20700
1.21300
0.970000
0.539000
0.120000
-0.354000
-0.858000
-1.38600
-1.70200
-1.97500
-1.97500
-1.84200
-1.55000
-1.02200
-0.329000
0.418000
1.01900
1.15300
0.879000
0.442000
9.60000E-02
-9.90000E-02
-0.171000
-6.80000E-02
0.235000
0.442000
0.418000
0.175000
-0.196000
-0.615000
-1.00300
-1.44100
-1.62300
-1.62900
-1.55600
-1.43500
-1.17400
-0.791000
-0.153000
0.703000
1.62600
2.55500
3.04100
2.65300
1.59600
0.406000
-0.481000
-1.14300
-1.60500
-1.50100
-1.36800
-1.21000
-1.02200
-0.876000
-0.809000
-0.682000
-0.590000
-0.469000
-0.165000
0.320000
1.06700
1.91200
2.53100
2.57400
2.07000
1.18900
0.387000
-0.178000
-0.712000
-0.906000
-0.688000
-0.293000
0.424000
1.23100
1.88700
2.28800
2.31900
2.03900
1.52300
0.916000
0.284000
-0.250000
-0.748000
-1.09500
-1.40400
-1.58600
-1.72000
-1.86600
-1.77500
-1.45300
-0.645000
0.642000
2.42200
5.45800
6.63000
4.39600
2.44600
0.782000
-0.372000
-1.11300
-1.74400
-1.87200
-1.96300
-1.99900
-2.02400
-2.26700
-2.49700
-2.62500
-2.55800
-2.38800
-2.08400
-1.63500
-0.657000
0.800000
2.63400
4.27400
4.00100
2.60400
0.733000
-0.609000
-1.11300
-1.10100
-1.02800
-0.566000
-0.141000
0.193000
9.60000E-02
-3.20000E-02
-0.323000
-0.621000
-0.991000
-1.26500
-1.33700
-1.12500
-0.639000
-6.80000E-02
0.515000
1.09800
1.71100
1.99700
1.76600
1.11600
0.557000
4.70000E-02
-0.439000
-0.815000
-0.918000
-0.833000
-1.08200
-1.13100
-1.01600
-0.779000
-0.348000
-6.80000E-02
2.90000E-02
5.30000E-02
4.10000E-02
5.30000E-02
0.138000
0.314000
0.636000
0.958000
1.10400
1.03700
0.867000
0.661000
0.223000
-0.402000
-1.13700
-1.68400
-1.81700
-2.01800
-2.06600
-1.83500
-1.48900
-0.955000
-0.341000
0.327000
0.831000
1.17700
1.29200
1.13400
0.703000
0.144000
-0.366000
-0.682000
-0.773000
-0.748000
-0.773000
-0.597000
-0.196000
0.193000
0.418000
0.454000
0.509000
0.624000
0.582000
0.448000
0.333000
0.248000
7.80000E-02
-0.190000
-0.536000
-0.809000
-0.949000
-1.05200
-0.997000
-0.973000
-0.852000
-0.402000
6.50000E-02
0.478000
0.922000
1.33500
1.78400
2.33700
2.64000
2.53100
2.11200
1.43800
0.825000
0.242000
-0.281000
-0.773000
-1.12500
-1.48900
-1.70200
-1.94500
-2.06000
-2.07200
-2.02400
-1.96300
-1.75000
-1.16700
-0.244000
1.05500
2.66500
4.40200
5.55600
4.80900
2.99900
1.31000
5.00000E-03
-0.858000
-1.40400
-1.84200
-2.03600
-2.23600
-2.39400
-2.49100
-2.47300
-2.26700
-2.01200
-1.79300
-1.23400
-0.244000
0.843000
1.83900
2.79800
3.52700
3.85500
3.61800
3.04100
1.88100
0.843000
0.333000
-0.123000
-0.900000
-1.41000
-2.00600
-2.41200
-2.61900
-2.80100
-2.89200
-2.91000
-2.66100
-2.14500
-1.29500
0.199000
2.35500
4.46800
4.40200
2.96800
1.49900
0.248000
-0.590000
-1.04600
-1.28900
-1.15500
-1.01600
-0.663000
-0.372000
-0.171000
-3.80000E-02
-1.00000E-03
-9.20000E-02
-0.275000
-0.348000
-0.220000
4.70000E-02
0.132000
-1.00000E-03
-0.238000
-0.299000
-0.153000
-0.348000
-0.463000
-0.329000
4.10000E-02
0.442000
0.952000
1.33500
1.18900
0.825000
0.515000
5.00000E-03
-0.578000
-1.05200
-1.38600
-1.62300
-1.93300
-2.12100
-2.12700
-1.99900
-1.62300
-0.991000
-0.220000
0.569000
1.29800
1.58400
1.29200
0.782000
0.327000
2.30000E-02
-0.269000
-0.469000
-0.590000
-0.663000
-0.748000
-0.676000
-0.578000
-0.548000
-0.481000
-0.384000
-0.360000
-0.396000
-0.366000
-0.117000
0.223000
0.594000
0.831000
0.855000
0.752000
0.412000
-4.40000E-02
-0.512000
-0.767000
-0.858000
-0.973000
-0.997000
-0.767000
-0.317000
0.144000
0.697000
1.37700
1.81400
1.85100
1.62600
1.25000
0.825000
0.381000
-0.141000
-0.542000
-0.724000
-0.827000
-1.07000
-1.43500
-1.80500
-2.12100
-2.29100
-1.99300
-1.21000
5.00000E-03
3.13800
4.59600
4.14700
2.74400
1.14600
-6.80000E-02
-0.754000
-1.11300
-1.28300
-1.22200
-1.17400
-1.25200
-1.30700
-1.06400
-0.657000
-0.287000
-0.299000
-0.287000
2.90000E-02
7.80000E-02
-3.80000E-02
0.381000
1.18300
2.13000
3.07800
3.69700
3.79400
3.26600
2.38500
1.41400
0.746000
0.175000
-0.390000
-0.730000
-0.852000
-1.24000
-1.57400
-1.98100
-2.29100
-2.16900
-1.96900
-1.69600
-1.28300
-0.682000
0.114000
1.07400
2.27600
3.26000
3.61800
3.21700
2.56800
1.76600
0.964000
0.320000
-0.335000
-0.918000
-1.19200
-1.52600
-1.98700
-2.31500
-2.35800
-2.21200
-1.92000
-1.56800
-1.19800
-0.748000
-0.105000
0.576000
1.08600
1.23800
1.09800
0.764000
0.430000
0.126000
-3.20000E-02
-8.00000E-02
-0.171000
-7.40000E-02
0.193000
0.460000
0.594000
0.551000
0.539000
0.381000
0.120000
-0.123000
-0.536000
-1.04600
-1.45900
-1.62300
-1.69600
-1.72000
-1.45300
-0.973000
-0.439000
2.90000E-02
0.199000
9.60000E-02
-0.220000
-0.481000
-0.603000
-0.603000
-0.499000
-0.226000
0.235000
0.891000
1.54700
2.05700
2.33700
2.16700
1.35900
0.175000
-0.979000
-1.78100
-2.24200
-2.42500
-2.62500
-2.81900
-2.88000
-2.80100
-2.65500
-2.44900
-2.03600
-1.08800
0.199000
1.65700
2.88300
3.29000
2.71300
1.66900
0.557000
-0.214000
-0.779000
-1.26500
-1.55000
-1.73200
-2.04800
-1.99900
-1.67800
-1.39800
-1.18000
-0.827000
-0.433000
-0.117000
9.60000E-02
0.296000
0.509000
0.782000
1.02500
1.32900
1.53500
1.53500
1.35300
0.970000
0.484000
1.70000E-02
-0.335000
-0.530000
-0.748000
-0.967000
-0.961000
-0.821000
-0.700000
-0.651000
-0.615000
-0.384000
1.70000E-02
0.484000
1.09200
1.89300
2.65900
2.95600
2.47000
1.55900
0.721000
0.248000
2.90000E-02
-9.90000E-02
0.199000
0.369000
0.588000
0.752000
0.673000
0.339000
-0.147000
-0.742000
-1.25900
-1.70800
-1.79300
-1.38000
-0.196000
3.43600
4.96000
4.89400
3.93400
2.25200
1.36500
0.150000
-0.803000
-1.52600
-2.13900
-2.40000
-2.52800
-2.46100
-2.65500
-2.86800
-2.74000
-2.40600
-1.82900
-0.518000
1.08600
2.98100
4.17100
4.13400
2.86500
1.77200
0.940000
0.260000
-0.275000
-0.797000
-1.19200
-1.14300
-1.43500
-1.69600
-1.75000
-1.65900
-1.52600
-1.34400
-1.11900
-0.797000
-0.281000
0.406000
1.13400
1.66900
1.81400
1.60800
1.23100
0.831000
0.582000
0.491000
0.588000
0.806000
0.946000
0.879000
0.703000
0.314000
-0.287000
-0.809000
-1.24600
-1.56200
-1.86600
-2.30300
-2.50400
-2.40600
-1.99900
-1.41600
-0.870000
-0.226000
0.563000
1.21300
1.75400
2.02100
1.91200
1.81400
1.74200
1.52900
1.18900
0.655000
2.30000E-02
-0.439000
-0.584000
-0.809000
-1.01600
-1.27100
-1.57400
-1.92000
-2.09100
-2.05400
-2.02400
-2.15100
-2.21800
-2.10900
-1.69000
-1.11900
-0.190000
1.00100
2.59200
4.09800
3.75800
2.50700
1.21900
0.193000
-0.560000
-1.06400
-1.48900
-1.63500
-1.91400
-2.13300
-2.18800
-2.06600
-2.01200
-1.97500
-1.90200
-1.86600
-1.62300
-1.11300
-0.390000
0.509000
1.60800
2.47000
2.81000
2.36100
1.36500
0.290000
-0.439000
-0.846000
-1.07000
-1.01600
-0.736000
-0.724000
-0.609000
-0.487000
-0.439000
-0.420000
-0.445000
-0.420000
-0.287000
-7.40000E-02
9.00000E-02
0.363000
0.630000
0.843000
1.13400
1.35300
1.36500
1.17100
0.861000
0.314000
-0.463000
-1.15500
-1.40400
-1.31900
-0.979000
-0.360000
0.509000
1.52900
2.31900
2.68900
2.58000
2.05700
1.28600
0.387000
-0.366000
-0.973000
-1.36200
-1.59300
-1.79300
-1.86600
-1.63500
-1.16100
-0.341000
0.897000
2.59200
4.89400
5.36100
3.49100
1.87500
0.484000
-0.439000
-1.16700
-1.61100
-1.78700
-1.81700
-1.67200
-1.48300
-1.36200
-1.19800
-1.00300
-0.530000
0.114000
0.758000
1.43200
2.11200
2.67700
2.75000
2.19100
1.28000
0.369000
-0.578000
-1.47700
-1.64700
-1.25900
-1.13100
-0.809000
-0.445000
-3.80000E-02
0.120000
5.90000E-02
-0.117000
-0.341000
-0.615000
-0.797000
-0.839000
-0.754000
-0.609000
-0.269000
0.278000
0.928000
1.37700
1.54700
1.51100
1.14000
0.484000
-9.90000E-02
-0.554000
-1.07600
-1.57400
-1.87800
-1.85400
-1.64700
-1.38600
-1.09500
-0.724000
-0.190000
0.308000
0.661000
0.606000
0.290000
-6.80000E-02
-0.184000
-4.40000E-02
6.50000E-02
6.50000E-02
-7.00000E-03
-0.360000
-0.633000
-0.803000
-0.846000
-0.791000
-0.299000
0.345000
0.855000
1.14000
1.09200
0.740000
0.242000
-0.384000
-0.882000
-1.13700
-1.25900
-1.33700
-1.30100
-1.18000
-0.943000
-0.554000
5.00000E-03
0.618000
1.36500
2.11200
2.42800
2.15500
1.47400
0.648000
-8.00000E-02
-0.827000
-1.48300
-1.89600
-2.07800
-2.04200
-1.92700
-1.44700
-0.925000
-0.317000
0.248000
0.606000
0.746000
0.600000
0.406000
0.308000
0.363000
0.460000
0.825000
1.19500
1.47400
1.48700
1.17700
0.612000
-9.90000E-02
-0.839000
-1.31300
-1.46500
-1.47700
-1.47700
-1.30100
-1.09500
-0.912000
-0.651000
-0.348000
-2.00000E-02
0.272000
0.521000
0.812000
1.24400
1.64400
1.62000
1.17100
0.655000
0.217000
-0.123000
-0.293000
-0.341000
-0.226000
1.70000E-02
0.369000
0.661000
0.837000
0.703000
0.290000
-0.256000
-0.627000
-0.894000
-1.09500
-1.24000
-1.25200
-1.12500
-0.615000
0.235000
1.47400
2.96200
4.06200
3.89200
2.83500
1.55900
0.454000
-0.384000
-0.973000
-1.36200
-1.48900
-1.55600
-1.40400
-1.30700
-1.28900
-1.13700
-0.803000
-0.366000
0.126000
0.697000
1.24400
1.65700
1.68100
1.53500
1.45600
1.39500
1.40200
1.40200
1.30400
1.04300
0.685000
0.193000
-0.463000
-0.931000
-1.42900
-1.86600
-2.14500
-2.30900
-2.33300
-2.21200
-1.94500
-1.30700
-0.433000
0.612000
1.81400
2.48300
2.40400
1.84500
1.11600
0.406000
-9.20000E-02
-0.524000
-0.827000
-1.13100
-1.30100
-1.41000
-1.05800
-0.590000
-0.165000
1.02000E-01
0.193000
0.217000
0.132000
-1.40000E-02
-0.396000
-0.773000
-1.01600
-1.27100
-1.50800
-1.50800
-1.08800
-0.178000
0.989000
2.24000
3.09000
2.96800
1.96600
0.776000
-0.226000
-1.00300
-1.64700
-2.18200
-2.44900
-2.77100
-2.69800
-2.54000
-2.32700
-1.87800
-1.29500
-0.663000
2.30000E-02
0.758000
1.32900
1.62000
1.59600
1.31600
0.964000
0.697000
0.442000
0.193000
-0.147000
-0.341000
-0.445000
-0.578000
-0.663000
-0.609000
-0.463000
-0.293000
-8.60000E-02
-0.129000
-0.469000
-0.846000
-1.09500
-1.11900
-1.08800
-0.773000
-0.226000
0.497000
1.18300
1.98500
2.57400
2.67700
2.33100
1.50500
0.491000
-0.372000
-0.979000
-1.28900
-1.33100
-1.47100
-1.39800
-1.30100
-1.10100
-0.676000
-0.171000
0.284000
0.873000
1.49300
1.96600
1.99700
1.59600
0.946000
0.399000
-0.135000
-0.536000
-0.846000
-1.08800
-1.36800
-1.31900
-1.06400
-0.645000
0.169000
1.45600
4.17700
4.45000
3.27200
1.99700
0.673000
-0.603000
-1.38600
-1.79900
-2.23600
-2.43100
-2.63100
-2.71600
-2.57600
-2.21200
-1.67200
-0.985000
0.503000
2.78600
4.63900
4.01300
2.66500
1.57800
0.825000
0.254000
-0.323000
-1.05800
-1.35600
-1.38000
-1.28300
-1.27700
-1.50100
-1.33100
-0.955000
-0.590000
-0.165000
0.466000
1.28600
2.18500
2.75000
2.81000
2.45800
1.79000
0.964000
4.10000E-02
-0.706000
-1.04000
-0.912000
-0.925000
-1.17400
-1.05200
-0.433000
1.70000E-02
0.266000
0.484000
0.655000
0.782000
0.709000
0.406000
0.138000
-0.123000
-0.402000
-0.512000
-0.487000
-0.469000
-0.196000
0.454000
1.42600
2.42200
3.13200
2.96200
1.96600
0.800000
-0.226000
-0.991000
-1.53800
-1.99300
-2.21200
-2.43100
-2.47300
-2.55800
-2.41200
-2.14500
-1.67200
-0.979000
0.466000
3.16900
6.95800
5.09400
2.70100
1.01300
-0.299000
-1.26500
-1.69600
-2.12700
-2.20000
-2.60700
-2.72800
-2.72200
-2.86800
-3.01400
-2.98300
-2.64300
-2.18800
-1.55000
-0.299000
1.41400
3.35700
4.98500
5.23400
3.75800
1.93600
0.333000
-0.943000
-1.57400
-2.01800
-2.27900
-2.46700
-2.60700
-2.76500
-2.88000
-2.93500
-2.86800
-2.59500
-2.16900
-1.29500
-2.00000E-02
1.18300
2.26400
2.89600
2.88900
2.57400
2.20300
1.38900
0.551000
4.10000E-02
-0.196000
-0.463000
-0.754000
-0.833000
-1.10100
-1.25900
-1.52600
-1.84200
-2.25500
-2.36400
-2.04200
-1.59300
-0.943000
-0.141000
0.612000
1.40200
2.16700
2.62200
2.33100
1.57200
0.758000
0.175000
-8.00000E-02
-0.360000
-0.633000
-0.809000
-1.15500
-1.27700
-1.14900
-1.29500
-1.33700
-1.19200
-1.06400
-0.900000
-0.584000
-0.153000
0.187000
0.357000
0.448000
0.557000
0.825000
1.31000
1.71700
1.91200
1.76600
1.47400
0.995000
0.533000
0.217000
9.60000E-02
5.00000E-03
-5.60000E-02
-0.275000
-0.542000
-0.803000
-0.997000
-1.04000
-1.11900
-1.31300
-1.36200
-1.13700
-0.773000
-0.208000
0.460000
1.21300
2.06300
2.62800
2.64000
2.25200
1.49900
0.800000
0.266000
-9.90000E-02
-0.366000
-0.420000
-0.493000
-0.724000
-0.724000
-0.439000
-7.40000E-02
1.02000E-01
4.70000E-02
-0.184000
-0.348000
-0.481000
-0.554000
-0.390000
-0.123000
6.50000E-02
0.290000
0.576000
0.758000
0.806000
0.879000
1.15900
1.60800
2.06300
2.30000
2.04500
1.28000
0.363000
-0.408000
-1.03400
-1.50100
-1.76900
-1.90800
-1.91400
-1.96900
-2.02400
-2.02400
-1.81700
-1.35000
-0.827000
-0.208000
0.484000
1.37100
2.19100
2.62800
2.62200
2.16100
1.13400
0.150000
-0.663000
-1.17400
-1.38600
-1.36800
-1.42900
-1.39800
-1.29500
-1.17400
-0.882000
-0.433000
7.10000E-02
0.363000
0.448000
0.509000
0.515000
0.406000
0.296000
0.296000
0.363000
0.387000
0.539000
0.709000
0.934000
1.08600
1.03700
0.770000
0.223000
-0.457000
-1.19200
-1.69000
-1.84200
-1.90200
-1.87200
-1.86600
-1.50100
-0.700000
0.327000
1.23100
1.76600
1.82700
1.55900
0.995000
0.254000
-0.317000
-0.821000
-1.16100
-1.24600
-1.07600
-0.730000
-0.171000
0.491000
1.23100
1.86900
2.20300
1.98500
1.26800
0.412000
-0.366000
-1.09500
-1.74400
-2.24200
-2.58200
-2.72800
-2.58200
-2.49700
-2.18800
-1.43500
-3.80000E-02
2.14200
5.10600
4.34100
2.22700
0.557000
-0.536000
-1.13100
-1.71400
-1.96300
-1.92700
-1.72600
-1.41600
-1.16700
-1.01000
-0.815000
-0.578000
-0.396000
-0.226000
2.90000E-02
0.272000
0.557000
0.703000
0.685000
0.588000
0.503000
0.454000
-7.00000E-03
-0.451000
-0.317000
-9.90000E-02
-0.329000
-0.287000
3.50000E-02
0.381000
0.648000
0.752000
0.782000
0.727000
0.679000
0.636000
0.527000
0.302000
-4.40000E-02
-0.433000
-0.773000
-0.894000
-0.663000
-0.165000
0.381000
0.843000
0.952000
0.709000
0.266000
-0.317000
-0.846000
-1.18000
-1.21000
-0.870000
-0.190000
0.703000
2.08800
3.63000
4.20700
3.43000
2.20300
1.00100
-5.00000E-02
-0.779000
-1.50100
-1.86600
-2.18200
-2.49700
-2.66700
-2.63100
-2.63700
-2.64900
-2.36400
-1.61700
-0.499000
0.843000
2.45800
4.12200
4.20700
2.57400
0.861000
-0.329000
-1.05200
-1.41000
-1.55000
-1.55000
-1.47700
-1.33100
-0.852000
-0.408000
-0.141000
6.50000E-02
0.223000
0.278000
0.387000
0.442000
0.393000
0.278000
6.50000E-02
-5.60000E-02
-9.20000E-02
3.50000E-02
0.175000
0.339000
0.746000
0.727000
0.260000
-0.445000
-1.06400
-1.50100
-1.65300
-1.69000
-1.69000
-1.19800
-0.238000
1.09800
2.65300
4.37100
2.87100
1.17100
-0.232000
-1.31300
-2.16900
-2.66700
-2.64900
-2.38200
-1.99300
-1.56800
-0.773000
0.436000
1.81400
2.68900
2.36100
1.40800
0.266000
-0.827000
-1.63500
-2.13900
-2.08400
-1.95100
-1.80500
-1.52600
-0.991000
-0.123000
1.00100
2.39100
3.74600
3.58800
2.36100
0.995000
2.90000E-02
-0.657000
-0.894000
-0.961000
-1.02800
-1.23400
-1.34400
-1.35600
-1.26500
-1.24000
-1.31300
-1.24000
-0.943000
-0.348000
0.442000
1.34100
2.11200
2.44000
2.35500
2.21500
1.94200
1.31600
0.308000
-0.554000
-1.14300
-1.60500
-1.84200
-1.86000
-1.70200
-1.53800
-1.36800
-0.906000
-0.129000
0.709000
1.51700
2.09400
2.28200
2.17900
1.55900
0.551000
-0.360000
-1.06400
-1.55000
-1.48300
-1.52600
-1.53800
-1.30700
-0.870000
-0.263000
0.533000
1.48000
2.25800
2.64000
2.22100
1.23100
0.138000
-0.761000
-1.56200
-1.96900
-1.82300
-1.67200
-1.27100
-0.639000
0.296000
1.35300
1.97200
1.91800
1.33500
0.582000
-1.00000E-03
-0.518000
-0.858000
-0.943000
-0.991000
-0.937000
-0.633000
-0.135000
0.563000
1.63200
2.76800
3.29600
2.88900
1.86900
0.636000
-0.584000
-1.45900
-2.07200
-2.16900
-2.32700
-2.19400
-1.98700
-1.59900
-1.16700
-0.754000
-0.420000
0.114000
0.879000
1.68100
2.31200
2.48300
2.16700
1.63200
1.10400
0.648000
9.00000E-02
-0.396000
-0.639000
-0.700000
-0.967000
-1.04600
-1.16700
-1.31900
-1.39200
-1.41600
-1.38000
-0.979000
-0.414000
0.169000
0.837000
1.55900
2.15500
2.27600
1.99700
1.48700
0.904000
0.314000
-0.141000
-0.481000
-0.767000
-1.10100
-1.38000
-1.38600
-1.21600
-0.973000
-0.754000
-0.536000
-0.335000
-7.00000E-03
0.406000
0.806000
1.15300
1.50500
1.76000
1.71100
1.55900
1.18300
0.588000
-9.90000E-02
-0.724000
-1.14300
-1.38600
-1.58600
-1.81700
-1.86000
-1.62300
-1.10100
-0.372000
0.387000
1.09200
1.62600
1.97200
1.75400
1.18300
0.648000
0.284000
1.02000E-01
5.00000E-03
-0.123000
-0.208000
-0.226000
-8.60000E-02
-0.129000
-0.335000
-0.627000
-0.997000
-1.32500
-1.45300
-1.58600
-1.68400
-1.65300
-1.48900
-0.991000
-0.299000
0.782000
2.18500
3.42400
3.66100
2.78600
1.45000
1.70000E-02
-1.27700
-2.14500
-2.59500
-2.57600
-2.60100
-2.40000
-2.08400
-1.75700
-1.34400
-0.803000
-0.123000
0.630000
1.26200
1.55900
1.41400
1.08600
0.636000
0.248000
-9.20000E-02
-0.524000
-0.809000
-1.00300
-1.02800
-0.846000
-0.433000
1.02000E-01
0.721000
1.07400
1.06700
0.873000
0.576000
0.138000
-0.226000
-0.439000
-0.578000
-0.657000
-0.603000
-0.451000
-0.360000
-0.299000
-0.287000
-0.396000
-0.408000
-0.341000
-0.244000
-0.147000
2.90000E-02
0.260000
0.624000
1.06100
1.43800
1.59600
1.39500
1.01900
0.509000
0.114000
-0.141000
-0.457000
-0.785000
-1.12500
-1.31300
-1.39800
-1.22800
-1.01000
-0.590000
-7.00000E-03
0.600000
1.15900
1.57800
1.72900
1.55300
1.13400
0.624000
0.211000
-6.80000E-02
-0.414000
-0.560000
-0.505000
-0.165000
0.223000
0.539000
0.594000
0.430000
1.02000E-01
-0.335000
-0.706000
-0.900000
-0.827000
-0.560000
-0.129000
0.539000
1.52300
2.48300
2.79800
2.03900
0.642000
-0.584000
-1.36800
-1.79300
-1.99900
-1.99300
-1.84200
-1.45900
-1.02200
-0.512000
-4.40000E-02
0.181000
6.50000E-02
-0.105000
-0.220000
-0.117000
0.272000
0.727000
1.06700
1.23100
1.18300
1.00100
0.721000
0.491000
0.363000
0.296000
0.120000
-6.20000E-02
-0.171000
-0.445000
-0.797000
-1.06400
-1.44100
-1.79900
-2.05400
-2.18800
-2.15700
-1.95700
-1.38000
-0.335000
0.995000
2.44600
3.30200
3.07200
1.99700
0.867000
-1.00000E-03
-0.578000
-1.10100
-1.38600
-1.38600
-1.30700
-0.973000
-0.621000
-0.263000
0.187000
0.636000
0.867000
0.916000
0.873000
0.612000
0.175000
-0.275000
-0.694000
-1.00300
-1.04000
-0.803000
-0.487000
5.30000E-02
0.897000
1.94800
2.66500
3.02300
2.90800
2.33700
1.24400
0.217000
-0.505000
-1.13100
-1.73200
-2.03000
-2.37600
-2.41200
-2.35800
-2.26100
-2.15700
-1.82300
-1.13100
-0.178000
1.07400
2.62800
4.03700
3.97700
2.53100
1.09800
2.30000E-02
-0.761000
-1.27100
-1.82900
-2.02400
-2.21800
-2.49700
-2.61900
-2.50400
-2.30900
-1.89600
-1.12500
-8.00000E-02
1.07400
2.06300
2.30600
1.69900
0.727000
-5.00000E-02
-0.475000
-0.651000
-0.736000
-0.603000
-0.269000
9.60000E-02
0.290000
0.175000
-1.00000E-03
-0.287000
-0.712000
-0.803000
-0.578000
-9.90000E-02
0.412000
0.630000
0.424000
1.02000E-01
-0.147000
-0.360000
-0.408000
-0.341000
-0.348000
-0.220000
4.70000E-02
0.387000
0.843000
1.14600
1.19500
1.06100
0.849000
0.588000
0.393000
0.144000
-2.00000E-02
-0.129000
-0.244000
-0.384000
-0.457000
-0.554000
-0.688000
-0.900000
-0.973000
-0.791000
-0.566000
-0.384000
4.10000E-02
0.782000
1.77800
2.73200
2.76800
1.91200
0.776000
-0.202000
-0.882000
-1.38000
-1.67200
-1.84800
-1.82300
-1.69600
-1.41600
-0.918000
-0.129000
0.758000
1.52900
1.77800
1.52300
1.09200
0.551000
4.70000E-02
-0.566000
-1.06400
-1.36800
-1.43500
-1.31300
-0.876000
-0.360000
0.126000
0.551000
0.940000
1.14600
1.00100
0.679000
0.278000
-0.196000
-0.554000
-0.718000
-0.748000
-0.578000
-0.250000
0.138000
0.563000
1.09200
1.55300
1.72900
1.46800
0.788000
2.90000E-02
-0.688000
-1.28300
-1.59900
-1.67200
-1.55600
-1.18600
-0.560000
0.242000
1.17700
2.05700
2.42200
2.33700
1.92400
1.38300
0.922000
0.618000
0.314000
4.10000E-02
-3.80000E-02
-0.232000
-0.408000
-0.627000
-0.791000
-0.900000
-1.04000
-1.24000
-1.35000
-1.21000
-0.870000
-0.348000
0.430000
1.66900
3.32700
4.80900
4.88800
3.72800
2.28800
0.976000
-3.20000E-02
-0.870000
-1.60500
-1.84200
-2.09100
-2.33300
-2.52200
-2.65500
-2.76500
-2.77700
-2.63100
-2.37600
-1.89000
-1.10700
0.144000
1.79600
3.41800
3.98900
3.51500
2.75000
1.84500
0.837000
0.132000
-0.293000
-0.912000
-1.22800
-1.39800
-1.74400
-1.87800
-1.87200
-1.87200
-1.76300
-1.55000
-1.41000
-1.16100
-0.615000
4.10000E-02
0.733000
1.36500
1.77800
1.68100
1.15300
0.521000
5.90000E-02
-0.250000
-0.493000
-0.761000
-0.852000
-0.979000
-0.943000
-0.676000
-0.305000
9.60000E-02
0.576000
0.989000
1.19500
1.03100
0.721000
0.217000
-0.323000
-0.754000
-1.08800
-1.34400
-1.46500
-1.35600
-1.17400
-0.803000
-0.366000
2.30000E-02
0.302000
0.685000
1.07400
1.40200
1.46200
1.24400
0.782000
0.138000
-0.481000
-0.985000
-1.26500
-1.25900
-0.894000
-0.323000
0.211000
0.709000
1.11600
1.31000
1.17100
0.812000
0.242000
-0.420000
-1.03400
-1.56200
-1.96300
-2.13300
-2.09700
-1.72000
-0.973000
0.217000
1.75400
3.44800
4.00100
3.34500
2.42200
1.38900
0.272000
-0.682000
-1.53200
-2.06600
-2.27300
-2.47900
-2.51600
-2.36400
-2.14500
-1.82900
-1.49500
-0.985000
-0.354000
0.375000
1.03700
1.70500
2.44600
3.26000
3.68500
2.92000
1.34100
-0.123000
-1.14300
-1.69600
-2.15100
-2.26700
-2.46100
-2.42500
-2.29100
-2.09100
-1.77500
-1.41000
-0.827000
-9.20000E-02
0.794000
1.74200
2.59200
2.95600
2.62200
1.94200
1.32300
0.897000
0.582000
0.290000
-4.40000E-02
-0.335000
-0.688000
-0.858000
-0.931000
-1.02200
-1.01600
-0.943000
-0.676000
-0.360000
-2.00000E-02
0.187000
0.296000
0.296000
0.363000
0.582000
1.24400
1.99100
2.66500
2.95600
2.71300
2.27000
1.60200
0.928000
0.266000
-0.323000
-0.882000
-1.23400
-1.63500
-1.96300
-2.10900
-2.03600
-1.96300
-2.01200
-1.88400
-1.45900
-0.833000
-2.60000E-02
0.843000
1.77200
2.59800
3.15700
3.04100
2.21500
1.12800
0.157000
-0.627000
-1.28300
-1.67200
-1.77500
-2.04200
-2.52800
-2.74600
-2.82500
-2.80100
-2.65500
-2.31500
-1.79300
-0.991000
1.10000E-02
1.04300
1.69900
1.86900
1.60200
1.15300
0.770000
0.412000
1.02000E-01
-0.111000
-0.269000
-0.463000
-0.584000
-0.912000
-1.14900
-1.29500
-1.50100
-1.64700
-1.60500
-1.33700
-1.09500
-0.864000
-0.518000
-0.141000
0.138000
0.381000
0.588000
0.825000
1.01900
1.26200
1.45600
1.42600
1.12200
0.606000
0.169000
-0.202000
-0.603000
-0.973000
-1.18600
-1.24000
-1.27100
-1.28300
-1.16100
-0.991000
-0.706000
-0.390000
-5.00000E-02
0.314000
0.740000
1.15900
1.35300
1.18300
0.849000
0.557000
0.314000
0.144000
0.114000
0.199000
0.406000
0.758000
1.15900
1.31000
1.07400
0.491000
-0.141000
-0.718000
-1.10100
-1.33100
-1.41600
-1.25200
-1.02200
-0.900000
-0.560000
-0.184000
0.418000
1.26800
2.09400
2.51900
2.33700
1.80200
1.14000
0.509000
-1.00000E-03
-0.518000
-0.773000
-0.943000
-0.991000
-0.973000
-0.852000
-0.730000
-0.669000
-0.560000
-0.493000
-0.348000
4.70000E-02
0.685000
1.33500
1.86900
2.07600
1.86300
1.28000
0.576000
-0.141000
-0.846000
-1.31300
-1.43500
-1.55600
-1.36200
-0.918000
-0.348000
0.296000
1.01300
1.55900
1.74800
1.55300
1.00700
0.260000
-0.402000
-0.833000
-0.991000
-0.657000
4.70000E-02
1.12200
2.21500
2.86500
2.81700
2.06300
0.989000
7.80000E-02
-0.505000
-0.918000
-1.19200
-1.27700
-1.39200
-1.28300
-1.14900
-0.931000
-0.663000
-0.250000
0.320000
1.21300
2.35500
4.00700
6.05400
4.45000
2.43400
0.733000
-0.402000
-1.13100
-1.86000
-2.27300
-2.66100
-2.80100
-2.83800
-2.89800
-2.95900
-2.87400
-2.57600
-2.18200
-1.37400
-0.208000
1.64400
3.91600
5.64100
4.63900
2.55500
0.904000
-0.171000
-1.04600
-1.80500
-1.99900
-2.20600
-2.42500
-2.57000
-2.60100
-2.56400
-2.59500
-2.47300
-2.18200
-1.72000
-1.11300
-0.317000
0.788000
1.77800
2.17300
1.90000
1.46200
0.879000
-7.40000E-02
-0.900000
-1.28900
-1.47700
-1.50100
-1.44700
-1.07600
-0.603000
-8.60000E-02
0.509000
0.995000
1.12200
0.855000
0.418000
1.70000E-02
-0.335000
-0.651000
-1.04600
-1.33700
-1.52600
-1.44100
-1.27100
-1.16100
-1.08800
-0.906000
-0.633000
-0.238000
0.132000
0.351000
0.484000
0.673000
0.867000
0.946000
0.776000
0.588000
0.448000
0.181000
-0.190000
-0.584000
-0.918000
-1.17400
-1.13700
-0.991000
-0.584000
-0.171000
0.126000
0.272000
0.175000
-0.153000
-0.560000
-0.821000
-0.706000
-0.317000
0.327000
1.32900
2.39800
2.73800
2.24000
1.35300
0.387000
-0.341000
-0.979000
-1.53800
-1.68400
-1.74400
-1.53800
-1.07000
-0.560000
1.02000E-01
0.746000
1.52300
2.30000
2.89600
2.79800
2.40400
1.82100
1.18900
0.636000
0.114000
-0.530000
-0.979000
-1.52600
-1.76900
-1.77500
-1.78700
-1.68400
-1.56200
-1.44100
-1.19200
-0.609000
0.563000
2.34300
4.31100
5.21500
4.58400
2.95600
1.40200
0.217000
-0.584000
-1.21600
-1.43500
-1.44100
-1.32500
-1.22200
-1.28900
-1.55000
-1.89600
-2.01200
-1.92700
-1.78100
-1.34400
-0.335000
1.09200
2.73200
4.27400
4.80900
4.22600
3.19900
1.85100
0.855000
0.363000
5.00000E-03
-0.603000
-0.852000
-1.31300
-1.76900
-1.92700
-1.98700
-2.06000
-2.04200
-1.93900
-1.55600
-1.06400
-0.354000
0.612000
1.81400
2.76200
3.10200
2.88900
2.28800
1.40800
0.484000
-0.287000
-0.882000
-1.24600
-1.27100
-1.52600
-1.72000
-1.73800
-1.55600
-1.10100
-0.518000
1.70000E-02
0.588000
1.14600
1.42600
1.55300
1.43200
1.00700
0.533000
0.163000
-0.263000
-0.773000
-1.18600
-1.42900
-1.62900
-1.67800
-1.81100
-1.98700
-2.02400
-1.87800
-1.60500
-1.08200
-0.141000
1.19500
2.86500
4.57200
3.95200
2.11800
0.381000
-1.04600
-2.04200
-2.69800
-3.11700
-3.19000
-3.31100
-3.48100
-3.61500
-3.56600
-3.40200
-2.98900
-2.46700
-1.68400
-0.372000
1.34100
2.93200
3.49700
2.72500
1.77200
0.746000
-8.00000E-02
-0.712000
-1.46500
-1.65300
-1.38600
-1.38000
-1.43500
-1.18000
-1.11300
-1.27100
-1.25900
-0.997000
-0.797000
-0.536000
5.90000E-02
0.709000
1.35300
1.68100
1.76600
1.63200
1.21300
0.557000
0.126000
2.30000E-02
5.00000E-03
2.90000E-02
6.50000E-02
2.30000E-02
-5.00000E-02
-0.147000
-0.226000
-0.329000
-0.518000
-0.748000
-0.894000
-0.736000
-0.414000
-2.60000E-02
0.509000
0.964000
1.18300
1.30400
1.31600
1.20700
1.01900
0.733000
0.448000
0.223000
0.150000
0.175000
0.199000
0.248000
0.320000
0.339000
0.217000
-4.40000E-02
-0.287000
-0.481000
-0.785000
-1.01600
-0.925000
-0.682000
-0.360000
0.114000
0.648000
1.19500
1.62000
1.74800
1.50500
0.970000
0.412000
0.108000
1.70000E-02
9.00000E-02
0.223000
0.466000
0.679000
0.825000
0.685000
0.375000
-0.105000
-0.603000
-0.894000
-0.991000
-0.797000
-0.390000
5.90000E-02
0.569000
1.01300
1.21900
1.09800
0.727000
0.175000
-0.335000
-0.669000
-0.773000
-0.542000
-5.00000E-02
0.563000
1.18900
1.71100
1.77800
1.37700
0.648000
-0.141000
-0.858000
-1.36800
-1.67800
-1.84200
-1.73200
-1.48900
-1.19200
-0.821000
-0.305000
0.296000
1.01900
1.68700
2.00900
1.83900
1.38900
0.825000
0.217000
-0.366000
-0.876000
-1.24600
-1.31900
-1.26500
-1.02800
-0.894000
-0.852000
-0.949000
-0.876000
-0.572000
-0.129000
0.308000
0.673000
0.806000
0.703000
0.448000
0.175000
4.10000E-02
6.50000E-02
0.138000
0.187000
0.296000
0.606000
1.10400
1.46800
1.55900
1.30400
0.648000
-0.311000
-1.28900
-2.04200
-2.37000
-2.49700
-2.51000
-2.24200
-1.81700
-1.08200
0.248000
1.79600
2.71900
2.37900
1.54100
0.588000
-0.141000
-0.584000
-0.803000
-0.779000
-0.536000
-0.226000
0.144000
0.448000
0.503000
0.345000
0.169000
5.00000E-03
-5.00000E-02
-8.00000E-02
-0.129000
-0.208000
-0.348000
-0.317000
-0.317000
-0.390000
-0.293000
-0.129000
0.150000
0.235000
0.308000
0.290000
0.327000
0.582000
0.818000
0.952000
0.843000
0.588000
0.248000
-0.165000
-0.536000
-0.864000
-1.03400
-1.06400
-0.858000
-0.469000
0.199000
2.96800
4.52300
4.08000
2.19100
1.42600
0.503000
-0.287000
-1.02800
-1.64700
-2.21200
-2.68600
-2.85000
-3.00800
-3.08000
-3.10500
-3.08700
-2.62500
-1.83500
-0.372000
1.69300
4.53500
5.64100
3.86100
2.31900
1.22500
2.90000E-02
-0.761000
-1.18600
-1.52600
-1.53200
-1.59900
-1.58600
-1.50800
-1.60500
-1.58000
-1.34400
-0.821000
-0.433000
-8.60000E-02
0.484000
0.904000
1.04900
1.19500
1.38900
1.52300
1.38300
0.606000
0.163000
0.393000
0.673000
0.539000
0.460000
0.563000
0.776000
0.667000
0.333000
-0.159000
-0.748000
-1.21600
-1.50800
-1.68400
-1.82900
-1.68400
-1.42900
-1.09500
-0.481000
0.460000
1.76000
2.83500
3.10200
2.70100
1.87500
1.01900
0.412000
8.40000E-02
-0.287000
-0.676000
-0.797000
-0.985000
-1.25900
-1.43500
-1.44700
-1.51400
-1.71400
-1.62300
-1.23400
-0.724000
-5.00000E-02
0.806000
1.72900
2.34900
2.56800
2.34900
1.79600
1.18900
0.533000
2.30000E-02
-0.287000
-0.420000
-0.408000
-0.657000
-0.894000
-1.09500
-1.25900
-1.35600
-1.46500
-1.61100
-1.67800
-1.62900
-1.48300
-1.26500
-0.779000
2.90000E-02
1.08600
2.32500
3.18700
3.21100
2.67100
1.72300
0.612000
-0.372000
-1.07600
-1.42900
-1.55000
-1.72600
-1.89600
-1.96300
-1.99900
-1.99900
-1.99900
-2.01200
-1.92700
-1.65300
-1.11900
-0.505000
0.150000
1.32900
2.84100
4.20100
4.39600
3.04700
1.40800
7.80000E-02
-0.821000
-1.46500
-2.01800
-2.13900
-2.38200
-2.65500
-2.81300
-2.86800
-2.74000
-2.46100
-2.12100
-1.50100
-0.560000
0.685000
1.99700
2.82900
2.77400
2.45200
2.20900
2.08800
2.03900
1.90600
1.59600
0.879000
0.223000
-0.384000
-0.973000
-1.55600
-1.78700
-1.78100
-1.84200
-1.98100
-2.12100
-2.03600
-1.69600
-1.19200
-0.560000
0.150000
1.29800
2.73800
3.91000
4.07400
3.29000
2.06300
0.703000
-0.445000
-1.45900
-2.07200
-2.06600
-2.01200
-1.69600
-1.14300
-0.615000
-0.165000
0.235000
0.612000
0.782000
0.752000
0.588000
0.327000
4.70000E-02
-0.105000
-2.00000E-02
0.199000
0.563000
0.946000
1.31000
1.45000
1.19500
0.515000
-0.384000
-1.04000
-1.31900
-1.59300
-1.58000
-1.52600
-1.11300
-0.688000
-0.372000
1.02000E-01
0.655000
0.976000
0.928000
0.685000
0.260000
-6.20000E-02
-0.153000
9.00000E-02
0.576000
0.928000
1.14600
1.10400
0.843000
0.436000
2.90000E-02
-0.469000
-0.943000
-1.22800
-1.50800
-1.52000
-1.40400
-1.33100
-1.30700
-1.01600
-0.384000
0.266000
0.922000
1.65700
2.06300
1.91200
1.37100
0.697000
0.138000
-0.341000
-0.584000
-0.463000
-0.536000
-0.329000
0.114000
0.600000
0.964000
1.09800
0.952000
0.655000
0.254000
-0.281000
-1.01000
-1.57400
-1.99900
-2.18200
-1.92000
-1.33700
-0.560000
0.339000
1.40200
2.41600
3.12600
3.12600
2.60400
1.74800
0.928000
0.242000
-0.165000
-0.384000
-0.384000
-0.414000
-0.803000
-1.04000
-1.25200
-1.59300
-1.78100
-1.81700
-1.80500
-1.72000
-1.50800
-1.02200
-0.341000
0.648000
1.94200
3.43000
4.47500
3.81900
2.21500
0.879000
-5.00000E-02
-0.748000
-1.45900
-1.67200
-1.62300
-1.74400
-1.92000
-1.96900
-2.06000
-2.09100
-1.93300
-1.48900
-0.882000
-0.129000
0.825000
1.97200
2.84100
3.05900
2.47600
1.45600
0.515000
-0.469000
-1.18600
-1.56800
-1.62900
-1.82300
-1.67800
-1.46500
-1.22800
-0.931000
-0.329000
0.442000
1.26200
1.80200
2.10000
2.10600
1.79000
1.21900
0.636000
1.02000E-01
-0.536000
-1.11900
-1.36200
-1.64100
-1.75700
-1.91400
-1.85400
-1.77500
-1.65300
-1.33700
-0.821000
0.114000
1.29200
2.64000
4.86300
3.92800
2.19100
0.715000
-0.615000
-1.50100
-2.07200
-2.36400
-2.52200
-2.55200
-2.34600
-2.05400
-1.44700
-0.293000
0.958000
2.03300
2.26400
1.77800
1.04900
7.10000E-02
-0.791000
-1.19800
-1.31900
-0.931000
-0.858000
-0.748000
-0.463000
-3.20000E-02
0.320000
0.746000
1.18300
1.48700
1.55300
1.18900
0.703000
0.193000
-0.293000
-0.615000
-0.797000
-0.967000
-1.05800
-1.30700
-1.59300
-1.72600
-1.79300
-1.87800
-1.79300
-1.55000
-1.19200
-0.651000
0.157000
1.09200
2.03900
2.67700
2.83500
2.58000
2.01500
1.33500
0.618000
-0.147000
-0.912000
-1.46500
-1.73200
-2.21200
-2.60100
-2.79500
-2.75300
-2.41200
-2.04200
-1.44100
-0.572000
0.758000
2.45200
3.35700
3.01700
2.19100
1.32900
0.557000
-0.147000
-0.797000
-1.19200
-1.26500
-1.43500
-1.50100
-1.41600
-1.35600
-1.10700
-0.785000
-0.463000
9.60000E-02
0.916000
1.62000
2.03300
2.02100
1.53500
1.00100
0.521000
8.40000E-02
-0.287000
-0.621000
-0.858000
-1.08800
-1.09500
-0.852000
-0.657000
-0.560000
-0.341000
1.70000E-02
0.527000
1.18300
1.72300
1.94200
1.72900
1.39500
1.04900
0.588000
0.248000
2.90000E-02
-0.220000
-0.366000
-0.487000
-0.542000
-0.639000
-0.858000
-1.04000
-1.07600
-0.900000
-0.676000
-0.463000
-0.202000
0.114000
0.484000
0.897000
1.34100
1.87500
2.31200
2.30000
1.92400
1.25000
0.503000
-0.220000
-0.918000
-1.42900
-1.78100
-2.07200
-2.16900
-2.07200
-1.95100
-1.74400
-1.26500
-0.475000
0.436000
1.26200
1.81400
2.00900
1.85100
1.38300
0.897000
0.509000
0.108000
-0.323000
-0.627000
-0.688000
-0.773000
-0.827000
-0.694000
-0.560000
-0.499000
-0.384000
-8.00000E-02
0.387000
0.800000
1.04300
0.970000
0.630000
9.00000E-02
-0.469000
-0.991000
-1.43500
-1.70200
-1.64100
-1.27700
-0.676000
7.80000E-02
1.23100
2.55500
3.15700
2.65900
1.71700
0.673000
-0.190000
-0.931000
-1.69600
-2.10900
-2.37000
-2.36400
-2.21800
-1.97500
-1.61100
-1.08800
-0.414000
0.290000
1.00700
1.60200
1.92400
1.74200
1.18300
0.533000
-1.00000E-03
-0.293000
-0.451000
-0.469000
-0.663000
-0.858000
-0.973000
-1.04000
-1.04600
-0.973000
-0.669000
-0.244000
0.296000
0.794000
1.14000
1.28600
1.21300
0.952000
0.551000
0.211000
-4.40000E-02
-0.293000
-0.493000
-0.560000
-0.524000
-0.323000
2.90000E-02
0.381000
0.612000
0.782000
0.897000
0.800000
0.618000
0.424000
0.175000
-0.105000
-0.414000
-0.603000
-0.694000
-0.730000
-0.536000
-0.171000
0.163000
0.551000
0.952000
1.26800
1.40800
1.31000
1.06100
0.685000
0.284000
5.00000E-03
-0.214000
-0.341000
-0.414000
-0.609000
-0.864000
-1.10700
-1.19800
-1.29500
-1.26500
-1.07000
-0.809000
-0.390000
0.114000
0.794000
1.62000
2.24000
2.14200
1.48000
0.509000
-0.481000
-1.18000
-1.69600
-1.85400
-1.79300
-1.44100
-0.918000
-9.90000E-02
1.00700
1.99700
2.19100
1.69300
0.776000
-0.141000
-0.791000
-1.27700
-1.62300
-1.56200
-1.24600
-0.639000
0.126000
0.861000
1.40800
1.56500
1.40200
0.940000
0.430000
4.10000E-02
-0.250000
-0.293000
-2.00000E-02
0.314000
0.982000
1.65100
2.15500
2.27600
1.91800
1.19500
0.363000
-0.287000
-0.748000
-1.14900
-1.36800
-1.58000
-1.84200
-1.93900
-1.92000
-1.58600
-0.906000
6.50000E-02
1.29200
2.94400
4.59600
4.62000
3.38700
2.01500
0.831000
2.90000E-02
-0.518000
-0.943000
-0.925000
-0.925000
-1.04600
-1.25200
-1.61700
-1.99900
-2.36400
-2.54600
-2.59500
-2.35800
-1.82300
-0.815000
1.01900
4.53500
6.74600
4.59600
2.47000
0.758000
-0.439000
-1.21600
-1.82300
-1.99300
-2.29100
-2.51000
-2.64300
-2.74600
-2.79500
-2.79500
-2.61900
-2.36400
-1.97500
-1.35000
-0.202000
1.17700
2.45800
2.88900
2.62200
1.96000
1.08600
-0.165000
-1.05200
-1.52000
-1.62900
-1.38600
-1.05800
-0.615000
-0.323000
-0.299000
-0.190000
-9.90000E-02
-0.171000
-0.263000
-0.244000
-0.311000
-0.615000
-1.01600
-1.28300
-1.28900
-1.08800
-0.754000
-0.481000
-0.427000
-0.323000
-0.153000
7.80000E-02
0.375000
0.563000
0.648000
0.922000
1.10400
0.916000
0.612000
0.223000
-9.20000E-02
-0.269000
-0.469000
-0.876000
-1.41600
-1.89000
-2.10900
-1.82300
-1.28900
-0.925000
-0.366000
0.527000
1.59600
2.42200
2.37900
1.57800
0.509000
-0.244000
-0.730000
-1.30100
-1.69600
-1.67800
-1.32500
-0.949000
-0.269000
0.551000
1.21900
1.65700
1.88700
1.87500
1.57800
1.21300
0.910000
0.478000
4.10000E-02
-0.372000
-0.682000
-0.918000
-0.967000
-0.973000
-1.02200
-0.943000
-0.724000
-0.408000
-2.00000E-02
0.272000
0.746000
1.34700
1.94800
2.43400
2.83500
2.84700
2.37900
1.55300
0.746000
0.187000
-0.275000
-0.736000
-0.973000
-1.24000
-1.33700
-1.47100
-1.51400
-1.57400
-1.61100
-1.67800
-1.62300
-1.14300
-0.256000
0.952000
2.16700
3.33300
3.89200
3.00500
1.45600
-0.226000
-1.40400
-1.87800
-2.02400
-1.80500
-1.67800
-1.36200
-0.852000
1.10000E-02
1.01300
1.66900
1.63200
1.25600
0.636000
-6.80000E-02
-0.554000
-0.846000
-0.833000
-0.590000
-0.360000
-0.196000
-0.147000
-0.244000
-0.202000
2.90000E-02
0.199000
0.557000
1.06700
1.48000
1.77800
1.71700
1.32900
0.661000
1.70000E-02
-0.487000
-0.973000
-1.54400
-1.95100
-1.99900
-1.72000
-1.18600
-0.335000
0.703000
1.83300
2.59200
2.44000
1.40200
0.223000
-0.700000
-1.28900
-1.72600
-1.93900
-1.93900
-1.99900
-1.89000
-1.62300
-0.997000
-5.00000E-02
1.07400
2.02700
2.46400
2.20300
1.66900
0.770000
-0.220000
-0.997000
-1.45900
-1.65300
-1.46500
-1.36800
-1.19200
-0.864000
-0.584000
-0.433000
-0.366000
-0.402000
-0.469000
-0.317000
-0.263000
-0.147000
0.175000
0.539000
0.843000
0.843000
0.576000
0.126000
-0.269000
-0.457000
-0.542000
-0.669000
-0.603000
-9.20000E-02
0.588000
1.51100
2.18500
2.29400
1.63200
0.746000
7.80000E-02
-0.542000
-1.21600
-1.62900
-1.72600
-1.61700
-1.41600
-1.27100
-1.12500
-0.900000
-0.439000
7.10000E-02
0.648000
1.12200
1.59600
2.11800
2.58600
2.84100
2.61000
1.95400
1.09200
0.333000
-0.129000
-0.530000
-0.839000
-1.24000
-1.45900
-1.65300
-1.81700
-1.82900
-1.74400
-1.62300
-1.28300
-0.894000
-0.244000
0.472000
1.46200
2.54300
3.26000
3.27800
2.52500
1.52300
0.606000
2.30000E-02
-0.402000
-0.761000
-0.906000
-1.23400
-1.33100
-1.36200
-1.19200
-0.967000
-0.645000
-0.129000
0.430000
1.01300
1.72300
2.37900
2.67100
2.54900
2.05700
1.30400
0.393000
-0.457000
-1.21600
-1.76300
-2.03000
-2.28500
-2.48500
-2.51000
-2.24200
-1.70200
-0.742000
0.910000
5.81700
5.36700
3.32100
1.49900
-5.60000E-02
-1.17400
-1.89600
-2.40600
-2.52200
-2.53400
-2.46100
-2.24200
-1.93900
-1.50800
-0.967000
-0.390000
0.357000
1.35900
2.19100
2.47000
1.98500
1.09200
0.369000
-0.196000
-0.560000
-1.04000
-1.48900
-1.68400
-1.65900
-1.31900
-1.08800
-0.815000
-0.317000
0.339000
0.837000
0.940000
1.08600
1.17100
1.17100
0.964000
0.588000
0.120000
-0.366000
-0.785000
-1.05200
-1.13700
-1.21600
-1.13100
-0.815000
-0.341000
0.229000
0.758000
1.15900
1.52900
1.79600
2.06300
2.08800
1.86300
1.40200
0.818000
0.132000
-0.584000
-1.30700
-1.89000
-2.37600
-2.78900
-3.09300
-2.98300
-2.60100
-2.15700
-1.43500
-0.171000
1.69900
3.92800
5.41000
4.12800
2.00900
0.381000
-0.803000
-1.62300
-2.18800
-2.39400
-2.47300
-2.24200
-2.18800
-2.01800
-2.01800
-2.08400
-1.84800
-1.37400
-0.736000
4.10000E-02
0.904000
1.68700
2.20900
2.28800
2.07000
1.68100
1.02500
0.138000
-0.493000
-0.754000
-0.876000
-0.973000
-1.08800
-1.13100
-1.29500
-1.31900
-1.30700
-1.21600
-1.13700
-1.13100
-0.754000
6.50000E-02
1.03700
1.97200
2.51900
2.41000
1.88100
1.18900
0.484000
5.90000E-02
-0.178000
-0.323000
-0.165000
-0.317000
-0.512000
-0.584000
-0.530000
-0.560000
-0.627000
-0.590000
-0.433000
-0.390000
-0.165000
0.533000
1.40800
2.33100
3.17500
3.63600
3.36900
2.24000
0.436000
-1.28900
-2.33300
-2.95300
-2.89800
-3.04400
-2.88600
-2.32700
-1.36800
-0.256000
1.18900
2.75600
3.75800
3.36900
2.28800
1.02500
-0.171000
-1.06400
-1.72000
-1.97500
-1.81700
-1.65900
-1.64700
-1.64700
-1.38600
-0.949000
-0.329000
0.327000
0.891000
1.42600
1.97200
2.28800
2.19100
1.69300
0.995000
0.314000
-6.20000E-02
-0.390000
-0.700000
-0.712000
-0.918000
-1.18600
-1.41000
-1.36200
-1.14300
-0.852000
-0.445000
-8.00000E-02
0.138000
0.296000
0.612000
1.04300
1.43200
1.70500
1.69900
1.49300
1.11000
0.576000
0.211000
-7.40000E-02
-0.457000
-0.852000
-1.16100
-1.39800
-1.59900
-1.75700
-1.80500
-1.69600
-1.35000
-0.779000
2.90000E-02
1.06700
1.99700
2.43400
2.10600
1.32900
0.418000
-0.269000
-0.852000
-1.31300
-1.41000
-1.30700
-0.918000
-0.469000
-0.105000
0.199000
0.339000
0.363000
0.290000
0.157000
-0.165000
-0.590000
-0.918000
-1.11300
-1.25200
-1.28900
-0.985000
-0.360000
0.539000
1.58400
2.43400
2.81000
2.33700
1.33500
0.144000
-0.979000
-1.90800
-2.41200
-2.51000
-2.53400
-2.41800
-2.23000
-1.87200
-1.31300
-0.536000
0.254000
0.843000
1.17100
1.32300
1.36500
1.26200
1.01900
0.466000
-3.80000E-02
-0.469000
-0.736000
-0.870000
-0.882000
-0.846000
-0.724000
-0.512000
-0.305000
-0.117000
-2.00000E-02
0.114000
0.418000
0.800000
1.07400
1.23800
1.06700
0.497000
-0.153000
-0.615000
-0.785000
-0.797000
-0.852000
-0.700000
-0.269000
0.320000
1.01900
1.63800
2.00900
2.16700
2.13000
1.84500
1.02500
5.00000E-03
-0.870000
-1.46500
-1.79300
-2.02400
-2.16300
-2.15700
-1.79900
-1.05800
2.90000E-02
1.36500
2.88300
3.87900
3.43000
2.30600
1.19500
0.430000
-3.80000E-02
-0.335000
-0.348000
-5.60000E-02
7.80000E-02
1.02000E-01
4.70000E-02
-9.90000E-02
-0.354000
-0.645000
-0.918000
-1.06400
-1.14900
-0.979000
-0.676000
-0.256000
0.466000
1.38900
2.48300
3.52700
3.64900
3.05900
2.08800
0.970000
7.10000E-02
-0.566000
-1.07600
-1.44100
-1.96900
-2.39400
-2.50400
-2.55200
-2.49700
-2.36400
-1.97500
-1.44100
-0.639000
0.442000
1.63200
2.52500
2.78000
2.51900
1.80200
0.916000
1.70000E-02
-0.761000
-1.21600
-1.45900
-1.47700
-1.60500
-1.48900
-1.29500
-0.943000
-0.439000
0.120000
0.661000
1.07400
1.01300
0.636000
0.235000
-0.153000
-0.554000
-0.925000
-1.10700
-1.14300
-1.06400
-0.615000
-4.40000E-02
0.497000
0.976000
1.35300
1.45600
1.28600
0.873000
0.345000
-0.190000
-0.712000
-1.16700
-1.55000
-1.89600
-2.11500
-2.22400
-2.07200
-1.68400
-1.11900
-0.414000
0.588000
2.06300
3.46000
2.93200
1.37700
5.30000E-02
-0.797000
-1.11900
-1.24000
-0.985000
-0.390000
0.254000
0.843000
1.15900
0.989000
0.484000
-0.141000
-0.682000
-1.01600
-1.12500
-1.10100
-1.12500
-1.01600
-0.852000
-0.560000
-0.123000
0.223000
0.491000
0.624000
0.916000
1.38300
1.68100
1.86900
2.10000
2.00900
1.47400
0.685000
-5.60000E-02
-0.645000
-1.03400
-1.16100
-1.29500
-1.33700
-1.33100
-1.52600
-1.91400
-2.16300
-2.26100
-2.23000
-1.92000
-1.27100
-3.80000E-02
1.69300
3.74600
5.05800
4.44400
3.01100
1.72300
0.630000
-2.60000E-02
-0.542000
-1.29500
-1.72600
-2.10300
-2.27900
-2.37000
-2.40000
-2.42500
-2.30300
-2.12100
-1.80500
-1.24000
-0.317000
0.758000
1.91200
2.78600
3.22300
3.26600
2.88900
2.29400
1.65100
1.26800
0.928000
0.369000
-5.60000E-02
-0.244000
-0.815000
-1.07000
-1.39200
-1.74400
-1.82300
-1.82900
-1.75700
-1.52600
-1.14300
-0.584000
0.163000
1.23100
2.49500
3.69700
3.91600
2.71900
1.51100
0.375000
-0.530000
-1.24600
-1.78100
-1.91400
-2.04800
-2.08400
-1.96900
-1.69000
-1.21600
-0.627000
-9.20000E-02
0.527000
1.37700
2.30000
2.87100
2.47600
1.59600
0.600000
-0.190000
-0.803000
-1.41000
-1.87200
-2.23000
-2.47300
-2.43700
-2.27900
-1.99300
-1.66500
-1.19200
-0.536000
0.314000
1.31600
2.07000
2.30600
2.11800
1.70500
1.06700
0.399000
-0.202000
-0.809000
-1.27100
-1.50100
-1.62900
-1.79900
-1.72600
-1.67800
-1.64700
-1.45300
-1.20400
-0.943000
-0.773000
-0.609000
-0.317000
9.60000E-02
0.509000
1.03700
1.60800
1.98500
1.90000
1.49900
0.746000
2.30000E-02
-0.663000
-1.25200
-1.64700
-1.87800
-2.16300
-2.14500
-2.06600
-1.84200
-1.48900
-0.809000
0.150000
1.14000
1.99100
2.33700
2.14200
1.52300
0.855000
0.442000
0.187000
-0.105000
-0.341000
-0.439000
-0.779000
-0.949000
-1.04000
-1.04000
-1.02800
-1.05200
-0.864000
-0.536000
2.30000E-02
0.825000
1.72900
2.59200
3.17500
3.17500
2.62800
1.60200
0.314000
-0.839000
-1.78100
-2.32700
-2.70400
-2.83100
-2.77700
-2.54600
-2.11500
-1.37400
-0.341000
0.952000
2.04500
2.48300
2.28200
1.77800
1.14000
0.588000
0.157000
-0.244000
-0.639000
-0.785000
-0.894000
-0.754000
-0.256000
0.582000
1.48000
1.99700
1.93600
1.47400
0.782000
0.138000
-0.414000
-1.05800
-1.29500
-1.41600
-1.38000
-1.23400
-0.888000
-0.457000
9.60000E-02
0.679000
1.38300
1.90000
2.05700
1.82700
1.23800
0.679000
0.387000
9.60000E-02
-0.256000
-0.433000
-0.682000
-0.918000
-1.01600
-0.997000
-0.846000
-0.597000
-0.378000
-0.141000
0.126000
0.442000
0.800000
1.09200
1.13400
0.934000
0.497000
-2.00000E-02
-0.469000
-0.761000
-0.852000
-0.821000
-0.530000
-6.80000E-02
0.478000
1.03700
1.52900
1.63200
1.36500
0.758000
0.126000
-0.287000
-0.590000
-0.906000
-1.14900
-1.50100
-1.74400
-1.79300
-1.62300
-1.25200
-0.536000
0.515000
1.58400
2.41000
2.65900
2.20900
1.31000
0.260000
-0.518000
-0.967000
-1.36800
-1.59900
-1.85400
-1.99300
-1.87200
-1.55000
-1.07600
-0.688000
-0.311000
1.02000E-01
0.412000
0.655000
0.849000
1.01300
1.11000
1.02500
0.867000
0.563000
0.193000
-6.20000E-02
-0.244000
-0.250000
-0.323000
-0.469000
-0.566000
-0.609000
-0.584000
-0.584000
-0.597000
-0.548000
-0.493000
-0.372000
-0.178000
2.30000E-02
5.00000E-03
-4.40000E-02
-5.00000E-02
-7.00000E-03
0.114000
0.345000
0.697000
0.946000
1.00100
0.891000
0.600000
0.157000
-0.323000
-0.676000
-0.724000
-0.414000
0.169000
0.976000
1.86300
2.28800
2.04500
1.21900
1.02000E-01
-0.754000
-1.41000
-1.85400
-1.99900
-2.14500
-2.11500
-1.93900
-1.49500
-0.669000
0.193000
0.976000
1.72900
2.43400
3.05900
3.33300
2.91400
2.02100
1.04900
0.187000
-0.651000
-1.33700
-1.54400
-1.65300
-1.90800
-2.09100
-2.37600
-2.58200
-2.58200
-2.47900
-2.37600
-2.04200
-1.20400
0.144000
1.94800
3.84300
3.89200
2.36100
0.916000
-0.147000
-0.797000
-1.10100
-1.12500
-0.724000
-0.372000
-7.40000E-02
0.223000
0.484000
0.563000
0.424000
0.211000
-2.00000E-02
-0.129000
-9.20000E-02
-2.60000E-02
-1.00000E-03
-6.80000E-02
-0.165000
-0.323000
-0.384000
-0.238000
-6.20000E-02
0.339000
1.14600
1.86300
2.54300
3.11400
2.98100
2.28800
1.39500
0.533000
-0.244000
-1.01600
-1.76900
-2.07200
-2.31500
-2.27900
-2.24800
-2.16300
-1.97500
-1.53800
-0.979000
-0.263000
0.752000
1.96000
3.20500
3.91000
3.42400
2.15500
0.733000
-0.372000
-0.943000
-1.47700
-1.57400
-1.58600
-1.65300
-1.49500
-1.45300
-1.24600
-0.894000
-0.493000
-0.190000
7.80000E-02
0.278000
0.472000
0.697000
0.904000
1.06100
1.20700
1.24400
1.11600
0.843000
0.333000
-0.153000
-0.676000
-1.24600
-1.77500
-2.26100
-2.49700
-2.43100
-2.03600
-1.30100
-0.275000
0.916000
2.11200
2.58000
2.10000
1.26200
0.393000
-0.323000
-0.906000
-1.24600
-1.23400
-1.04600
-0.809000
-0.487000
-0.348000
-0.323000
-0.323000
-0.408000
-0.530000
-0.597000
-0.512000
-0.366000
-0.208000
-0.153000
-0.190000
-0.275000
-0.335000
-0.317000
-6.80000E-02
0.320000
0.800000
1.25600
1.37700
1.02500
0.363000
-0.269000
-0.742000
-1.11300
-1.39800
-1.46500
-1.46500
-1.15500
-0.748000
-0.354000
5.30000E-02
0.436000
0.697000
0.879000
0.952000
0.946000
0.825000
0.703000
0.588000
0.478000
0.381000
0.369000
0.412000
0.509000
0.746000
0.995000
0.976000
0.806000
0.491000
9.00000E-02
-0.287000
-0.803000
-1.26500
-1.57400
-1.61700
-1.39200
-0.724000
0.588000
5.44600
5.77400
4.95400
3.05900
1.28600
-0.129000
-1.07000
-1.68400
-2.12100
-2.28500
-2.60100
-2.79500
-3.01400
-3.12300
-3.00800
-2.55800
-2.03600
-1.31300
-0.220000
1.71700
4.37100
5.22800
3.78200
2.26400
1.10400
0.290000
-0.378000
-1.00300
-1.19800
-1.41600
-1.58600
-1.65900
-1.53200
-1.45900
-1.52600
-1.68400
-1.58600
-1.07600
-0.414000
0.169000
0.733000
1.16500
1.24400
1.18300
1.28000
1.76600
1.96600
1.86900
1.50500
0.861000
0.126000
-0.530000
-1.10100
-1.44100
-1.41600
-1.31300
-1.21600
-1.07600
-0.639000
-7.00000E-03
0.557000
0.904000
0.916000
0.727000
0.454000
0.205000
-8.00000E-02
-0.384000
-0.688000
-0.870000
-1.02200
-0.961000
-0.827000
-0.445000
0.187000
0.843000
1.37700
1.90000
2.33100
2.28200
1.85100
1.41400
1.02500
0.563000
-1.40000E-02
-0.676000
-1.21600
-1.67200
-2.21800
-2.66700
-3.09300
-3.42100
-3.40200
-3.15300
-2.86200
-2.24800
-1.10700
1.08600
6.39400
5.73200
3.43600
1.48000
-9.90000E-02
-1.29500
-2.02400
-2.59500
-2.69800
-2.79500
-2.75900
-2.50400
-2.33300
-2.09700
-1.74400
-1.22200
-0.505000
0.339000
1.18900
1.62000
1.53500
1.20700
0.910000
0.831000
0.740000
0.436000
-0.159000
-0.639000
-0.821000
-0.918000
-1.05800
-1.38600
-1.55000
-1.39200
-1.24600
-0.931000
-0.287000
0.381000
0.928000
1.33500
1.60200
1.54700
1.17100
0.563000
5.00000E-03
-0.384000
-0.335000
-0.117000
-2.60000E-02
-6.20000E-02
3.50000E-02
0.187000
0.387000
0.569000
0.612000
0.339000
-6.20000E-02
-0.524000
-1.02800
-1.38000
-1.31900
-0.803000
0.181000
1.31000
2.28200
2.87100
2.70100
1.79000
0.709000
2.30000E-02
-0.433000
-0.815000
-0.773000
-0.767000
-0.651000
-0.590000
-0.220000
0.387000
0.873000
1.11600
1.10400
1.07400
1.14000
0.855000
0.320000
-0.196000
-0.578000
-0.730000
-0.639000
-0.493000
-0.360000
-0.202000
-4.40000E-02
0.163000
0.393000
0.746000
0.989000
1.14600
1.14600
1.02500
0.837000
0.551000
0.211000
-9.20000E-02
-0.178000
-0.263000
-0.609000
-1.11900
-1.43500
-1.41600
-1.18600
-0.955000
-0.748000
-0.560000
-0.232000
0.327000
0.891000
1.30400
1.30400
1.07400
0.837000
0.655000
0.357000
-9.90000E-02
-0.615000
-0.943000
-1.14300
-1.19200
-1.16700
-0.973000
-0.639000
-0.256000
-7.00000E-03
0.223000
0.466000
0.557000
0.460000
0.296000
0.126000
-2.00000E-02
7.80000E-02
0.503000
0.952000
1.28600
1.48000
1.44400
1.31600
1.17100
0.970000
0.557000
0.132000
-0.111000
-0.329000
-0.615000
-0.961000
-1.25900
-1.36200
-1.49500
-1.49500
-1.24600
-1.06400
-0.870000
-0.439000
0.320000
1.71100
3.60600
6.32100
5.41000
2.92000
0.788000
-0.779000
-1.71400
-2.21800
-2.38800
-2.58200
-2.65500
-2.49100
-2.30900
-2.18800
-2.04200
-1.91400
-1.52600
-0.997000
-0.414000
0.296000
0.995000
1.32300
1.35900
1.23100
1.37700
1.89300
1.68700
1.27400
1.35900
1.48700
1.07400
0.393000
-0.317000
-1.07000
-1.89600
-2.58200
-3.09900
-3.37200
-3.39600
-3.03800
-2.61900
-1.96300
-1.19800
-0.105000
0.879000
1.48700
1.57800
1.45600
1.23800
1.11000
0.964000
0.636000
0.363000
-2.00000E-02
-0.317000
-0.560000
-0.918000
-1.10100
-1.25900
-1.41600
-1.38000
-1.07000
-0.530000
4.70000E-02
0.733000
1.29200
1.38900
1.08600
0.515000
-0.147000
-0.785000
-1.28300
-1.50100
-1.44100
-1.16100
-0.706000
0.120000
1.25000
2.24000
2.30000
1.80200
1.14600
0.533000
2.30000E-02
-0.384000
-0.815000
-1.10100
-1.13700
-1.16100
-0.949000
-0.682000
-0.226000
0.248000
0.454000
0.418000
0.175000
-0.269000
-0.657000
-0.961000
-0.967000
-0.639000
-0.129000
0.557000
1.38900
1.99100
2.24000
2.19100
1.82700
1.25600
0.673000
0.242000
-5.00000E-02
-0.420000
-0.712000
-0.833000
-0.979000
-1.13700
-1.36200
-1.75000
-1.86600
-1.58600
-1.18600
-0.700000
1.10000E-02
0.825000
1.65100
2.10000
2.15500
1.92400
1.62600
1.18900
0.436000
-0.129000
-0.420000
-0.384000
-0.202000
4.70000E-02
0.242000
0.132000
-0.129000
-0.348000
-0.457000
-0.676000
-0.870000
-0.852000
-0.754000
-0.712000
-0.578000
-0.433000
-0.190000
0.266000
0.982000
1.76600
2.58600
2.99300
2.84700
2.11200
1.06700
4.70000E-02
-0.663000
-1.11300
-1.45300
-1.81700
-2.07800
-2.26100
-2.33300
-2.19400
-1.82900
-1.28900
-0.597000
0.320000
1.63800
2.91400
3.26000
2.38500
0.897000
-0.317000
-1.02200
-1.39200
-1.53800
-1.36800
-1.10100
-0.439000
0.375000
1.21900
1.89300
2.09400
1.75400
1.14000
0.630000
0.242000
-0.135000
-0.439000
-0.566000
-0.833000
-1.11900
-1.33100
-1.61700
-1.73200
-1.61100
-1.46500
-1.23400
-0.730000
0.144000
1.55300
3.35100
5.49500
3.86100
1.74800
5.30000E-02
-1.08200
-1.70800
-2.26700
-2.32700
-2.64300
-2.81900
-2.81900
-2.80700
-2.70400
-2.68000
-2.47300
-2.01800
-1.38600
-0.512000
0.491000
1.44400
2.19100
2.34900
2.11800
1.82700
1.21300
0.302000
-0.518000
-0.858000
-0.918000
-1.28300
-1.45900
-1.45900
-1.20400
-0.967000
-0.688000
-0.311000
9.60000E-02
0.351000
0.740000
1.01900
1.03700
0.855000
0.679000
0.412000
0.217000
9.60000E-02
-8.00000E-02
-0.129000
-0.299000
-0.542000
-0.609000
-0.311000
0.181000
0.794000
1.41400
1.77200
1.92400
1.85100
1.65100
1.21300
0.715000
0.132000
-0.530000
-0.991000
-1.45900
-1.83500
-1.98700
-1.95700
-1.79900
-1.61100
-1.01600
0.150000
1.48000
2.68900
3.16300
2.55500
1.42600
0.248000
-0.554000
-0.973000
-1.07000
-0.621000
-0.129000
0.393000
0.752000
0.655000
0.248000
-0.269000
-0.736000
-1.00300
-1.07600
-1.18600
-1.26500
-1.05800
-0.463000
0.308000
1.30400
2.06300
2.20900
1.83300
1.05500
0.339000
-0.232000
-0.761000
-1.07600
-1.08800
-1.25900
-1.30700
-1.01600
-0.578000
-0.141000
0.308000
0.855000
1.46200
1.72300
1.55300
1.13400
0.636000
0.211000
-2.00000E-02
-0.317000
-0.779000
-1.24000
-1.58000
-1.69000
-1.48900
-0.858000
0.515000
2.67700
4.81500
4.37100
2.95000
1.51100
0.187000
-0.803000
-1.55000
-2.08400
-2.30300
-2.73400
-2.91000
-2.72800
-2.51000
-2.27900
-1.72000
-0.645000
0.970000
3.24200
5.79200
4.06800
2.05700
0.527000
-0.463000
-1.14300
-1.76900
-1.89000
-1.98700
-1.98700
-1.79300
-1.70200
-1.65300
-1.45900
-1.28300
-0.918000
-0.396000
0.248000
0.958000
1.57800
1.88100
1.79600
1.38900
1.01300
0.916000
0.412000
-0.141000
-0.524000
-0.633000
-0.809000
-1.06400
-1.16100
-1.23400
-1.33700
-1.40400
-1.26500
-0.925000
-0.445000
1.02000E-01
0.588000
0.758000
0.800000
0.782000
0.679000
0.381000
0.114000
-6.80000E-02
-0.220000
-0.244000
-0.226000
-0.178000
-0.135000
-9.20000E-02
-7.00000E-03
-5.60000E-02
-7.40000E-02
-0.171000
-0.360000
-0.639000
-0.809000
-0.894000
-0.997000
-0.991000
-0.676000
-0.190000
0.175000
0.551000
0.952000
1.16500
1.04900
0.703000
0.193000
-0.226000
-0.481000
-0.748000
-0.797000
-0.657000
-0.524000
-0.433000
-0.226000
0.126000
0.418000
0.515000
0.363000
0.193000
1.02000E-01
4.70000E-02
6.50000E-02
5.30000E-02
-0.105000
-0.408000
-0.633000
-0.682000
-0.560000
-0.457000
-0.202000
0.260000
0.976000
1.72900
2.16100
1.99700
1.46200
0.673000
-0.105000
-0.754000
-1.19200
-1.45300
-1.58600
-1.46500
-1.41600
-1.30700
-0.991000
-0.414000
0.351000
1.26800
2.20300
2.92000
3.02900
2.50100
1.43200
0.217000
-0.827000
-1.41600
-1.53800
-1.36800
-1.33100
-0.925000
-0.512000
-0.305000
-0.238000
-0.105000
4.70000E-02
0.120000
0.175000
0.339000
0.697000
1.12200
1.40200
1.57200
1.86900
2.20900
2.13600
1.71700
0.964000
0.157000
-0.560000
-1.21600
-1.62900
-1.92000
-2.28500
-2.48500
-2.44900
-2.18800
-1.60500
-0.718000
0.618000
2.25200
3.84300
4.74200
3.86700
1.96600
0.436000
-0.603000
-1.25900
-1.91400
-2.18200
-2.46700
-2.53400
-2.38200
-2.08400
-1.74400
-1.00300
0.150000
1.31600
2.48300
3.28400
3.13200
2.12400
0.794000
-0.256000
-0.858000
-1.43500
-1.71400
-1.82300
-1.85400
-1.58600
-1.17400
-0.566000
4.70000E-02
0.685000
1.07400
1.19500
0.976000
0.588000
0.138000
-0.202000
-0.536000
-0.809000
-0.754000
-0.639000
-0.518000
-0.263000
-6.80000E-02
-6.80000E-02
-0.135000
-0.244000
-0.439000
-0.663000
-0.906000
-0.925000
-0.846000
-0.657000
-0.499000
-0.518000
-0.445000
-0.335000
-0.190000
-5.00000E-02
4.70000E-02
0.108000
0.114000
9.00000E-02
6.50000E-02
5.30000E-02
-2.00000E-02
-0.141000
-0.329000
-0.657000
-0.943000
-1.17400
-1.48900
-1.67800
-1.67800
-1.56800
-1.22800
-0.730000
-0.153000
0.442000
1.16500
1.60200
1.50500
1.17100
0.776000
0.260000
-0.384000
-0.967000
-1.35000
-1.47700
-1.53200
-1.55600
-1.47100
-1.24600
-0.864000
-0.451000
-2.60000E-02
0.661000
1.57800
2.42800
2.66500
2.08800
1.09800
0.150000
-0.645000
-1.11900
-1.44700
-1.48900
-1.51400
-1.27100
-0.754000
-1.00000E-03
0.806000
1.55900
1.71700
1.24400
0.539000
-1.40000E-02
-0.293000
-0.414000
-0.499000
-0.469000
-0.141000
0.418000
1.05500
1.43200
1.38300
1.00100
0.515000
9.00000E-02
-0.165000
-0.348000
-0.439000
-0.433000
-0.232000
0.114000
0.393000
0.381000
0.272000
0.248000
0.242000
0.339000
0.582000
0.952000
1.26800
1.34100
1.21300
0.946000
0.588000
0.193000
-0.105000
-0.323000
-0.542000
-0.730000
-0.827000
-0.839000
-0.621000
-0.165000
0.430000
1.06700
1.60200
1.89300
1.82100
1.47400
0.831000
0.150000
-0.372000
-0.694000
-0.815000
-0.900000
-0.882000
-0.445000
0.260000
1.06100
1.63200
1.58400
0.922000
0.157000
-0.469000
-0.906000
-1.17400
-1.04600
-0.779000
-0.433000
-7.40000E-02
0.387000
0.867000
1.29200
1.58400
1.74200
1.73600
1.50500
0.989000
0.339000
-0.311000
-0.846000
-1.23400
-1.53200
-1.72600
-1.81700
-1.89600
-1.95100
-1.76900
-1.46500
-1.06400
-0.481000
0.296000
1.29800
2.33700
2.81700
2.50100
1.59000
0.594000
-0.196000
-0.730000
-1.11300
-1.44100
-1.50100
-1.67800
-1.81100
-1.79300
-1.64700
-1.29500
-0.773000
-8.00000E-02
0.576000
1.06700
1.04300
0.630000
6.50000E-02
-0.384000
-0.651000
-0.609000
-0.360000
9.60000E-02
0.509000
0.837000
0.964000
0.855000
0.557000
0.193000
-0.281000
-0.785000
-1.21000
-1.45300
-1.50800
-1.35600
-1.04600
-0.554000
8.40000E-02
0.782000
1.41400
1.68100
1.50500
0.922000
9.60000E-02
-0.657000
-1.16100
-1.39200
-1.33100
-1.11300
-0.809000
-0.439000
-7.00000E-03
0.393000
0.794000
1.04900
1.14600
1.07400
0.958000
0.831000
0.624000
0.345000
4.10000E-02
-0.171000
-0.305000
-0.420000
-0.493000
-0.457000
-0.445000
-0.408000
-0.293000
-0.244000
-0.165000
5.30000E-02
0.260000
0.527000
0.861000
1.33500
1.79600
2.06300
1.76600
1.14000
0.363000
-0.366000
-0.997000
-1.45300
-1.50800
-1.50100
-1.45300
-1.34400
-1.09500
-0.633000
-7.40000E-02
0.636000
1.37700
1.74200
1.50500
0.776000
-5.00000E-02
-0.694000
-0.961000
-1.03400
-0.554000
0.235000
1.31000
2.11800
2.33100
2.05700
1.42000
0.563000
-0.238000
-1.07600
-1.75000
-2.03000
-2.34000
-2.46100
-2.23000
-1.87800
-1.32500
-0.341000
0.655000
1.56500
2.30000
2.51900
2.22700
1.65100
0.897000
0.254000
-0.329000
-0.724000
-0.736000
-0.785000
-0.578000
-0.171000
0.248000
0.648000
0.904000
0.831000
0.588000
0.260000
-5.00000E-02
-0.390000
-0.682000
-0.864000
-1.06400
-1.06400
-0.584000
0.193000
1.40800
2.67700
4.00100
4.60800
3.40600
1.66900
7.80000E-02
-1.04000
-1.75000
-2.38800
-2.61900
-2.85000
-2.95900
-2.94100
-2.66700
-2.13900
-1.36200
-0.165000
1.70500
3.67300
4.49300
4.51700
2.72500
1.09200
-0.196000
-1.14900
-1.93900
-2.35800
-2.57000
-2.88000
-2.81300
-2.61900
-2.46100
-2.13300
-1.70800
-1.19200
-0.487000
0.460000
1.45600
2.12400
2.27600
1.87500
1.45600
0.995000
0.673000
-0.129000
-0.876000
-1.25900
-1.47700
-1.86600
-1.92000
-1.94500
-2.04200
-2.03600
-1.85400
-1.55600
-1.26500
-0.991000
-0.657000
-0.323000
0.260000
0.891000
1.51100
2.11800
2.16700
1.69900
0.843000
1.70000E-02
-0.554000
-0.943000
-1.23400
-1.41000
-1.66500
-1.69600
-1.56200
-1.40400
-1.19200
-1.05800
-0.973000
-0.852000
-0.633000
-0.323000
9.00000E-02
0.630000
1.19500
1.71100
2.11800
2.47600
2.43400
1.94800
1.21300
0.557000
-3.80000E-02
-0.663000
-1.22200
-1.63500
-2.09700
-2.40000
-2.57600
-2.52800
-2.23000
-1.70800
-0.991000
0.181000
1.86900
3.81300
4.53500
3.31500
1.54100
5.30000E-02
-0.931000
-1.41000
-1.72600
-1.52600
-1.19800
-0.773000
-0.202000
0.527000
1.04900
1.18900
0.922000
0.533000
0.175000
-0.141000
-0.445000
-0.657000
-0.718000
-0.493000
1.70000E-02
0.527000
0.879000
1.01300
1.28600
1.67500
2.08200
2.10600
1.90000
1.40200
0.369000
-0.682000
-1.40400
-1.82900
-1.93900
-1.91400
-1.67200
-1.28300
-0.773000
-5.00000E-02
0.746000
1.60800
2.21500
2.06300
1.60800
1.04300
0.588000
0.296000
0.175000
2.90000E-02
7.80000E-02
-1.00000E-03
-2.60000E-02
-0.105000
-0.250000
-0.311000
-0.190000
0.193000
0.582000
0.673000
0.357000
-0.159000
-0.639000
-0.997000
-1.13100
-1.07000
-0.761000
-0.348000
0.199000
0.661000
1.10400
1.35900
1.45600
1.50500
1.58400
1.58400
1.44400
1.18900
0.703000
9.60000E-02
-0.578000
-1.24600
-1.77500
-2.08400
-2.35800
-2.58900
-2.61900
-2.41200
-2.15700
-1.61700
-0.669000
0.448000
1.63200
2.55500
2.59200
1.87500
0.946000
0.229000
-0.196000
-0.584000
-0.639000
-0.433000
-0.323000
-0.554000
-0.779000
-0.949000
-1.13100
-1.23400
-1.23400
-1.19200
-1.13700
-1.02200
-0.985000
-0.821000
-0.542000
-0.220000
0.120000
0.606000
1.13400
1.66300
2.13000
2.41000
2.02100
0.897000
-0.244000
-1.14300
-1.82900
-2.35200
-2.42500
-2.47900
-2.30300
-1.87200
-1.27700
-0.396000
0.818000
2.11200
2.92000
2.54900
1.45000
0.284000
-0.663000
-1.24600
-1.62300
-1.41000
-1.07000
-0.518000
0.199000
1.01300
1.89300
2.57400
2.62200
2.21500
1.37100
0.381000
-0.414000
-1.08800
-1.60500
-1.82300
-1.99900
-1.93900
-1.81700
-1.62300
-1.14300
-0.609000
0.132000
0.904000
1.59600
2.17300
2.62200
2.70100
2.35500
1.47400
0.527000
-0.293000
-0.900000
-1.26500
-1.45900
-1.58600
-1.58000
-1.57400
-1.53200
-1.28900
-0.809000
-0.165000
0.539000
1.24400
1.74800
1.79600
1.40800
0.794000
0.223000
-4.40000E-02
-7.40000E-02
2.90000E-02
0.217000
0.278000
0.211000
5.30000E-02
-0.141000
-0.293000
-0.481000
-0.639000
-0.870000
-1.02800
-0.821000
-0.360000
0.120000
0.606000
0.825000
0.831000
0.721000
0.557000
0.393000
0.120000
-0.147000
-0.184000
4.70000E-02
0.308000
0.636000
0.970000
1.21300
1.37100
1.13400
0.600000
-3.20000E-02
-0.542000
-0.918000
-1.30700
-1.56800
-1.73800
-1.78100
-1.59900
-1.30700
-0.888000
-0.147000
1.15900
2.45800
3.15100
2.94400
2.33700
1.43200
0.436000
-0.420000
-0.979000
-1.29500
-1.16100
-1.08200
-1.04000
-0.937000
-1.01000
-1.05200
-0.906000
-0.651000
-0.335000
5.30000E-02
0.454000
0.746000
0.764000
0.624000
0.466000
0.320000
0.242000
0.248000
0.418000
0.904000
1.41400
1.94800
2.41000
2.50700
2.23400
1.46200
0.527000
-0.366000
-1.14300
-1.69000
-1.92700
-2.20600
-2.38800
-2.69200
-2.88600
-2.98900
-3.04400
-2.89800
-2.49700
-1.55000
0.284000
3.57600
5.29400
3.88500
2.49500
1.19500
5.30000E-02
-0.730000
-1.32500
-1.62300
-1.62300
-1.68400
-1.65900
-1.62300
-1.59900
-1.53200
-1.36200
-1.17400
-1.11300
-0.997000
-0.730000
-0.390000
-2.60000E-02
0.478000
1.15900
1.77200
1.91800
1.50500
0.922000
0.515000
0.163000
-0.202000
-0.311000
-0.147000
-1.00000E-03
0.199000
0.235000
9.00000E-02
-7.40000E-02
-0.244000
-0.214000
-0.226000
-0.275000
-0.311000
-0.414000
-0.560000
-0.621000
-0.590000
-0.548000
-0.627000
-0.499000
-9.90000E-02
0.533000
1.36500
2.39800
3.22300
3.30800
2.67100
1.65700
0.612000
-0.171000
-0.833000
-1.35600
-1.60500
-1.84800
-1.81700
-1.70800
-1.75700
-1.92700
-2.02400
-1.87200
-1.55600
-1.20400
-0.858000
-0.105000
1.03100
2.33700
3.40000
3.75200
2.87100
1.55900
0.296000
-0.603000
-1.10700
-1.57400
-1.68400
-1.74400
-1.73200
-1.62300
-1.53200
-1.33700
-1.14300
-0.882000
-0.457000
-9.90000E-02
0.296000
0.776000
0.995000
0.818000
0.406000
-0.117000
-0.512000
-0.645000
-0.111000
0.843000
2.25200
3.67300
3.21100
1.57800
0.157000
-0.876000
-1.50100
-1.91400
-1.96900
-2.04200
-1.82300
-1.67800
-1.48900
-1.06400
-0.481000
7.10000E-02
0.630000
1.22500
1.55900
1.54700
1.29200
0.867000
0.484000
0.290000
0.254000
0.175000
0.187000
0.454000
0.733000
1.04900
1.12200
0.928000
0.612000
9.00000E-02
-0.457000
-0.773000
-0.839000
-0.736000
-0.420000
0.211000
0.867000
1.72900
2.41000
2.46400
1.81400
0.806000
-0.220000
-0.931000
-1.45900
-1.62900
-1.68400
-1.59900
-1.19200
-0.548000
0.217000
1.25000
2.54900
3.51500
3.75800
3.38100
2.60400
1.52900
0.296000
-0.955000
-2.10900
-2.81900
-3.12900
-3.34800
-3.26900
-3.23800
-3.29900
-3.11700
-2.71600
-1.96900
-1.05800
0.260000
1.97200
3.68500
3.95200
2.59800
1.26200
0.302000
-0.372000
-0.864000
-1.46500
-1.72600
-1.82300
-1.84800
-1.76900
-1.78100
-1.75700
-1.77500
-1.74400
-1.55600
-1.39800
-1.25900
-0.882000
-0.287000
0.399000
1.31000
2.33100
2.88300
2.41000
1.37700
0.491000
-9.20000E-02
-0.536000
-1.11900
-1.40400
-1.48900
-1.69600
-1.62300
-1.43500
-1.10100
-0.700000
-0.226000
0.333000
1.02500
1.60800
1.82100
1.45000
0.721000
-4.40000E-02
-0.584000
-0.852000
-0.779000
-0.499000
-0.238000
0.187000
0.661000
1.20100
1.79600
2.14900
2.15500
1.81400
1.32900
0.818000
0.393000
0.120000
-0.147000
-0.615000
-1.10100
-1.41600
-1.38000
-1.16100
-0.894000
-0.560000
-0.159000
0.418000
1.25600
2.06300
2.48900
2.62800
2.54300
2.09400
1.29200
0.314000
-0.584000
-1.35600
-2.03600
-2.58200
-2.81900
-2.74600
-2.50400
-2.15700
-1.42300
-0.226000
1.64400
3.67300
3.95800
2.87100
1.57800
0.308000
-0.639000
-1.34400
-1.79900
-1.75000
-1.61700
-1.59900
-1.63500
-1.50100
-1.18600
-0.754000
-0.317000
0.163000
0.733000
1.31000
1.70500
2.02100
2.00300
1.72900
1.35300
0.855000
0.363000
-0.305000
-0.912000
-1.27100
-1.65900
-1.82900
-1.73800
-1.65300
-1.70200
-1.65300
-1.53800
-1.13700
-0.487000
0.242000
1.02500
1.71700
2.17900
2.27600
1.91800
1.21300
0.636000
0.393000
0.381000
0.588000
0.721000
0.800000
0.636000
0.333000
-3.80000E-02
-0.590000
-1.14300
-1.58600
-1.90800
-2.18800
-2.44900
-2.63100
-2.49700
-2.18800
-1.45900
-0.208000
2.13000
7.01300
5.65900
3.44800
1.48700
5.00000E-03
-1.05200
-1.74400
-2.25500
-2.47300
-2.64900
-2.71600
-2.66700
-2.57000
-2.43700
-2.24200
-1.82300
-1.16100
-0.129000
1.07400
2.21500
2.77400
2.56100
2.00900
1.38900
0.782000
0.150000
-0.785000
-1.28900
-1.32500
-1.39200
-1.42300
-1.05800
-0.833000
-0.724000
-0.487000
-0.129000
0.381000
1.01900
1.51100
1.51700
1.03700
0.290000
-0.481000
-1.06400
-1.27100
-1.26500
-1.28300
-1.13700
-0.858000
-0.518000
-9.90000E-02
0.460000
1.03700
1.59600
1.92400
1.94800
1.59000
0.916000
0.126000
-0.639000
-1.25900
-1.67800
-1.90800
-2.01800
-1.95700
-1.84200
-1.65900
-1.07600
-0.263000
0.539000
1.22500
1.60200
1.77800
1.69300
1.21300
0.582000
0.108000
-0.153000
-0.469000
-0.700000
-0.700000
-0.773000
-0.943000
-1.16100
-1.11900
-0.827000
-0.360000
0.290000
0.958000
1.37700
1.42600
1.21900
0.897000
0.484000
0.205000
4.10000E-02
-0.190000
-0.348000
-0.481000
-0.603000
-0.597000
-0.505000
-0.469000
-0.603000
-0.754000
-0.457000
0.163000
0.879000
1.51100
1.92400
2.06300
1.79600
1.22500
0.491000
-0.299000
-1.04600
-1.64700
-1.82300
-2.04800
-2.14500
-1.91400
-1.25900
-0.232000
1.05500
2.30000
2.71300
2.16100
1.18900
0.290000
-0.360000
-0.839000
-1.07600
-0.852000
-0.633000
-0.378000
0.126000
0.612000
0.867000
0.952000
0.873000
0.697000
0.320000
-9.20000E-02
-0.378000
-0.481000
-0.505000
-0.439000
-0.159000
0.175000
0.576000
0.879000
0.922000
0.825000
0.648000
0.308000
6.50000E-02
-2.00000E-02
-0.147000
-0.469000
-0.761000
-0.773000
-0.633000
-0.317000
0.272000
1.03700
1.69300
1.93600
1.74200
1.26800
0.685000
1.70000E-02
-0.578000
-0.943000
-1.24000
-1.55600
-1.62300
-1.46500
-1.27700
-0.997000
-0.512000
2.30000E-02
0.478000
0.843000
1.14600
1.26800
1.06700
0.709000
0.345000
0.138000
9.00000E-02
2.90000E-02
-0.196000
-0.603000
-0.906000
-1.12500
-1.16100
-0.991000
-0.748000
-0.627000
-0.475000
-0.153000
0.272000
0.776000
1.04300
0.873000
0.333000
-0.408000
-1.11300
-1.49500
-1.72600
-1.74400
-1.50100
-1.11300
-0.566000
0.150000
1.16500
2.25800
3.00500
2.94400
2.14200
1.09800
4.70000E-02
-0.791000
-1.44100
-1.78100
-1.90200
-2.03600
-1.82300
-1.64100
-1.52000
-1.42900
-1.14900
-0.779000
-0.256000
0.357000
1.13400
1.92400
2.54900
2.67100
2.51300
2.20300
1.87500
1.63200
1.25600
0.703000
4.70000E-02
-0.682000
-1.14900
-1.62300
-1.93900
-2.06600
-1.99300
-2.05400
-2.19400
-2.26700
-1.92000
-1.18000
7.10000E-02
1.74800
3.77000
4.83900
3.73400
2.16100
0.843000
-1.40000E-02
-0.493000
-0.773000
-0.852000
-0.827000
-0.852000
-0.779000
-0.645000
-0.481000
-0.341000
-0.439000
-0.645000
-0.846000
-1.12500
-1.35600
-1.45300
-1.53200
-1.26500
-0.518000
0.624000
2.19100
3.98300
4.80900
2.81700
1.21300
-0.105000
-1.04000
-1.63500
-2.04200
-2.23600
-2.33300
-2.23000
-2.15700
-2.01800
-1.79900
-1.54400
-1.22800
-0.773000
-0.275000
0.272000
0.976000
1.65100
2.04500
1.98500
1.65700
1.14000
0.606000
-7.40000E-02
-0.463000
-0.530000
-0.590000
-0.858000
-1.16100
-1.26500
-1.29500
-1.07600
-0.785000
-0.360000
2.90000E-02
0.272000
0.484000
0.576000
0.503000
0.381000
0.205000
-1.00000E-03
-1.00000E-03
1.02000E-01
0.193000
9.60000E-02
-5.00000E-02
-0.238000
-0.469000
-0.682000
-0.773000
-0.633000
-0.281000
9.00000E-02
0.369000
0.758000
1.14000
1.09800
0.843000
0.393000
2.90000E-02
-0.263000
-0.317000
-0.281000
-0.226000
-0.281000
-0.481000
-0.676000
-0.748000
-0.657000
-0.560000
-0.603000
-0.566000
-0.445000
-0.147000
0.193000
0.484000
0.843000
1.29200
1.48000
1.36500
1.13400
0.697000
7.80000E-02
-0.457000
-0.821000
-0.949000
-0.864000
-0.736000
-0.530000
-0.384000
-0.487000
-0.536000
-0.590000
-0.712000
-0.833000
-0.900000
-0.852000
-0.584000
5.00000E-03
0.563000
1.18900
1.79000
2.11200
1.94800
1.38900
0.539000
-0.323000
-1.11900
-1.72600
-1.96300
-1.91400
-1.85400
-1.57400
-1.04600
-0.256000
0.545000
1.41400
2.20300
2.54900
2.20900
1.61400
1.01900
0.430000
-5.60000E-02
-0.390000
-0.378000
-0.518000
-0.639000
-0.676000
-0.797000
-0.846000
-0.846000
-0.785000
-0.542000
-0.244000
0.169000
0.897000
1.78400
2.62800
3.04100
2.61600
1.65100
0.436000
-0.505000
-1.29500
-1.82900
-1.82900
-1.76900
-1.36200
-0.918000
-0.408000
0.138000
0.606000
1.17100
1.67500
1.89300
1.76600
1.37700
0.964000
0.606000
0.375000
0.199000
0.157000
7.80000E-02
-9.20000E-02
-0.439000
-0.779000
-1.04000
-1.23400
-1.23400
-1.06400
-0.742000
-0.196000
0.539000
1.62000
2.76200
3.61200
3.23000
2.00900
0.600000
-0.651000
-1.57400
-2.23000
-2.55200
-2.72200
-2.85000
-2.75300
-2.68000
-2.66700
-2.25500
-1.53200
-0.451000
0.879000
2.26400
2.94400
2.58600
1.56500
0.430000
-0.299000
-0.785000
-1.11300
-1.36200
-1.25900
-1.07600
-0.748000
-0.129000
0.472000
0.740000
0.582000
0.181000
-0.323000
-0.712000
-0.973000
-0.949000
-0.894000
-0.943000
-0.979000
-0.955000
-0.827000
-0.536000
-8.00000E-02
0.472000
1.08600
1.43800
1.60200
1.51700
1.23100
0.697000
0.150000
-0.348000
-0.876000
-1.21600
-1.39200
-1.34400
-1.14900
-0.967000
-0.779000
-0.499000
-0.202000
-0.105000
-0.196000
-0.390000
-0.487000
-0.384000
-2.00000E-02
0.418000
0.904000
1.55900
2.18500
2.16700
1.40200
0.320000
-0.584000
-1.28900
-1.84200
-1.93900
-1.86600
-1.64700
-1.31300
-0.827000
-0.190000
0.478000
0.976000
1.23800
1.17700
1.00100
0.782000
0.527000
0.272000
2.90000E-02
-0.269000
-0.633000
-1.05200
-1.23400
-1.21600
-1.06400
-0.742000
-0.153000
0.515000
1.28600
1.84500
1.97200
1.66900
0.989000
0.278000
-0.384000
-0.973000
-1.34400
-1.42900
-1.56200
-1.38000
-0.876000
-0.232000
0.539000
1.42600
2.16700
2.37900
1.86900
1.04900
0.211000
-0.433000
-0.846000
-1.14300
-1.27700
-1.40400
-1.19800
-0.943000
-0.603000
-0.117000
0.563000
1.35900
1.99700
2.16700
1.93000
1.57800
1.27400
0.843000
0.320000
-7.40000E-02
-0.341000
-0.481000
-0.676000
-0.809000
-1.05200
-1.36200
-1.65300
-1.69000
-1.53800
-1.13700
-0.603000
4.70000E-02
0.679000
1.32900
1.59600
1.53500
1.33500
1.29800
1.31000
1.23100
0.964000
0.497000
-3.80000E-02
-0.536000
-0.925000
-1.05200
-1.02200
-0.894000
-0.505000
2.30000E-02
0.430000
0.503000
0.175000
-0.341000
-0.809000
-1.02800
-0.955000
-0.530000
0.108000
0.952000
1.87500
2.30000
2.09400
1.39500
0.588000
-3.20000E-02
-0.627000
-1.12500
-1.36800
-1.48300
-1.50800
-1.33700
-1.01600
-0.676000
-0.323000
0.150000
0.831000
1.56500
2.11800
2.21500
1.72300
0.740000
-0.226000
-0.967000
-1.40400
-1.60500
-1.53200
-1.30700
-0.931000
-0.542000
-0.165000
7.80000E-02
2.90000E-02
-0.232000
-0.548000
-0.846000
-0.888000
-0.487000
0.339000
1.58400
2.64000
2.88900
2.24000
1.27400
0.314000
-0.348000
-0.797000
-1.18600
-1.38000
-1.50800
-1.60500
-1.78100
-1.93900
-1.89000
-1.66500
-1.31300
-0.682000
1.02000E-01
0.940000
1.74200
2.37300
2.54900
2.27000
1.70500
0.916000
0.242000
-0.360000
-0.876000
-1.21600
-1.42300
-1.65900
-1.65900
-1.70200
-1.78700
-1.69600
-1.44700
-0.882000
5.30000E-02
1.31000
2.62200
3.30800
2.89600
1.72300
0.442000
-0.530000
-1.11300
-1.48900
-1.36800
-1.19200
-0.997000
-0.742000
-0.584000
-0.536000
-0.554000
-0.639000
-0.694000
-0.451000
8.40000E-02
0.812000
1.57200
2.25800
2.51300
2.22100
1.67500
1.15300
0.831000
0.539000
0.387000
0.260000
0.163000
-2.60000E-02
-0.202000
-0.372000
-0.584000
-0.852000
-1.21600
-1.48900
-1.57400
-1.52600
-1.19200
-0.700000
-1.00000E-03
1.01300
2.38500
3.72100
4.37100
3.88500
2.83500
1.55300
0.114000
-1.08800
-1.96300
-2.40600
-2.52200
-2.66700
-2.53400
-2.29100
-1.84200
-1.21600
-0.366000
0.563000
1.24400
1.58400
1.77200
1.71100
1.29800
0.478000
-0.311000
-0.815000
-0.949000
-0.906000
-0.566000
7.80000E-02
0.976000
2.23400
3.76400
4.46800
3.70900
2.07000
0.533000
-0.463000
-1.04600
-1.42900
-1.57400
-1.80500
-1.99300
-2.23600
-2.47300
-2.75300
-2.93500
-3.05600
-3.00800
-2.71600
-2.08400
-0.651000
4.68100
5.76200
4.42000
2.64700
1.07400
-0.226000
-1.14900
-1.79900
-2.29700
-2.38800
-2.47300
-2.41200
-2.29100
-2.16300
-2.11500
-2.09700
-2.06000
-1.89000
-1.38600
-0.621000
0.260000
1.12200
1.72900
2.07000
2.11200
1.89300
1.36500
0.721000
0.266000
5.00000E-03
-0.220000
-0.323000
-0.396000
-0.918000
-1.45300
-1.82300
-1.92000
-1.79300
-1.58000
-1.27100
-0.803000
-0.269000
0.266000
0.612000
0.904000
0.976000
0.855000
0.715000
0.582000
0.436000
0.333000
0.296000
0.223000
0.150000
0.120000
6.50000E-02
2.90000E-02
-6.80000E-02
-0.214000
-0.244000
-0.372000
-0.615000
-0.748000
-0.560000
-0.311000
-0.317000
-0.396000
-0.360000
-0.153000
0.320000
0.995000
1.59000
1.90000
1.92400
1.64400
1.14600
0.582000
-1.00000E-03
-0.469000
-0.809000
-1.03400
-1.24000
-1.30700
-1.18600
-0.931000
-0.530000
0.169000
1.12200
2.03900
2.64000
2.55500
2.02700
1.21300
0.242000
-0.615000
-1.19800
-1.51400
-1.62900
-2.06000
-2.18800
-1.90800
-1.50800
-1.01600
-0.190000
1.12200
2.78000
4.07400
3.94000
3.11400
1.87500
0.642000
-0.469000
-1.36800
-2.03600
-2.20600
-2.32700
-2.30900
-2.15100
-2.07200
-1.82900
-1.24000
-0.341000
0.825000
2.23400
3.55100
4.08600
3.10800
1.60200
0.235000
-0.408000
-0.627000
-0.779000
-0.754000
-0.560000
-1.00000E-03
0.503000
0.873000
1.07400
1.06700
0.922000
0.843000
0.685000
0.533000
0.339000
7.80000E-02
-0.129000
-0.348000
-0.481000
-0.214000
0.254000
0.746000
1.52300
2.78600
3.92800
3.52700
2.23400
0.940000
-0.287000
-1.25900
-1.81700
-2.04200
-2.26700
-2.26700
-2.10900
-1.90200
-1.55600
-1.23400
-0.487000
0.648000
2.19100
3.94000
5.07600
4.20100
2.30000
0.551000
-0.833000
-1.81700
-2.60100
-2.96500
-3.23800
-3.40800
-3.55400
-3.52400
-3.34800
-3.11100
-2.82500
-2.13300
-1.21600
0.229000
2.23400
4.47500
3.86700
2.13000
0.703000
-0.244000
-0.906000
-1.55000
-1.89000
-1.69600
-1.84200
-1.77500
-1.61700
-1.61700
-1.80500
-1.93900
-1.82300
-1.64100
-1.29500
-0.712000
-4.40000E-02
0.466000
0.733000
0.636000
0.588000
0.806000
0.515000
0.339000
0.685000
1.46200
1.91200
2.00900
1.52900
0.509000
-0.512000
-1.32500
-1.97500
-2.34000
-2.58200
-2.81900
-2.79500
-2.62500
-2.23000
-1.64700
-0.870000
-0.141000
0.557000
1.28600
1.71700
1.59600
1.17100
0.849000
0.825000
0.940000
0.904000
0.515000
0.138000
-0.123000
-0.244000
-0.171000
-6.80000E-02
0.333000
0.752000
0.995000
1.16500
1.18900
0.831000
0.381000
-5.60000E-02
-0.566000
-1.04600
-1.49500
-1.79300
-1.68400
-1.31900
-0.797000
4.70000E-02
1.06700
2.19700
3.24800
4.05500
4.56600
4.20700
3.30800
2.41600
1.35300
0.296000
-0.530000
-1.26500
-1.62300
-2.07200
-2.30300
-2.48500
-2.68000
-2.83800
-2.95300
-2.94700
-2.71600
-2.16300
-1.23400
0.163000
2.24000
5.27600
6.87900
4.53500
2.33100
0.679000
-0.299000
-0.761000
-1.34400
-1.44100
-1.62900
-1.62900
-1.50100
-1.46500
-1.55000
-1.67200
-1.83500
-1.95700
-1.98700
-1.63500
-0.949000
2.30000E-02
1.21300
2.42800
3.85500
5.70100
5.31300
2.65300
0.217000
-1.31300
-2.11500
-2.81300
-2.98900
-2.97100
-2.88000
-2.88000
-2.81900
-2.71600
-2.42500
-1.99900
-1.21600
-1.00000E-03
1.47400
2.96800
3.55100
2.90800
1.77200
0.515000
-0.141000
-0.493000
-1.14300
-1.25900
-0.669000
-0.244000
3.50000E-02
0.333000
0.454000
0.278000
-1.00000E-03
-0.439000
-0.852000
-1.00300
-0.846000
-0.584000
-0.487000
-0.439000
-0.190000
0.138000
0.363000
0.661000
1.09800
1.42600
1.70500
1.75400
1.57200
1.18900
0.460000
-0.287000
-0.858000
-1.34400
-1.65900
-1.89000
-2.04200
-2.16900
-2.27900
-2.20600
-1.79900
-1.26500
-0.706000
0.132000
1.31600
2.56800
3.06600
2.58000
1.62600
0.600000
-0.184000
-0.797000
-1.31300
-1.60500
-1.53200
-1.42900
-1.44100
-1.52600
-1.67800
-1.83500
-1.90800
-1.86000
-1.57400
-0.943000
-4.40000E-02
0.995000
2.04500
3.04100
3.56400
3.20500
2.06300
0.679000
-0.445000
-1.08800
-1.41000
-1.62300
-1.78700
-2.04200
-2.27900
-2.41200
-2.35800
-2.27300
-2.00600
-1.42300
-0.481000
0.964000
2.77400
4.44400
4.46800
2.98100
1.31600
-1.00000E-03
-0.803000
-1.38000
-1.78100
-1.76900
-1.85400
-1.87200
-1.82300
-1.65300
-1.23400
-0.615000
0.199000
1.05500
1.86900
2.50700
2.73800
2.55500
1.97800
1.20700
0.655000
0.357000
1.70000E-02
-0.505000
-0.846000
-1.11900
-1.26500
-1.39200
-1.31900
-1.06400
-0.657000
-0.123000
0.491000
1.26800
1.92400
2.16100
2.00300
1.71700
1.30400
0.843000
0.369000
-1.00000E-03
-0.335000
-0.469000
-0.627000
-0.773000
-0.815000
-0.682000
-0.736000
-0.785000
-0.590000
-6.20000E-02
0.563000
1.16500
1.49300
1.60800
1.23800
0.557000
-1.00000E-03
-0.311000
-0.281000
-0.129000
2.30000E-02
-5.00000E-02
-8.60000E-02
4.10000E-02
1.02000E-01
2.30000E-02
-0.220000
-0.524000
-0.682000
-0.724000
-0.724000
-0.603000
-0.548000
-0.578000
-0.615000
-0.603000
-0.445000
-0.244000
5.90000E-02
0.503000
0.946000
1.18300
1.18900
0.958000
0.582000
0.199000
-0.105000
-0.341000
-0.463000
-0.572000
-0.791000
-1.12500
-1.38600
-1.55600
-1.72000
-1.90200
-1.86600
-1.64700
-1.42900
-1.21000
-0.748000
0.126000
1.32900
2.41000
2.79200
2.59200
2.10600
1.36500
0.576000
-0.105000
-0.627000
-1.02200
-1.23400
-1.52600
-1.57400
-1.59900
-1.55600
-1.61700
-1.57400
-1.45300
-1.42900
-1.24000
-0.949000
-0.524000
1.70000E-02
0.636000
1.40200
2.25800
2.71900
2.67100
2.13000
1.38900
0.582000
-0.196000
-0.876000
-1.42300
-1.70800
-1.99900
-2.13900
-2.18800
-2.05400
-1.84200
-1.46500
-0.949000
-0.287000
0.733000
1.83300
2.59200
2.43400
1.72300
0.800000
9.60000E-02
-0.372000
-0.639000
-0.633000
-0.433000
-7.40000E-02
0.661000
1.28000
1.51100
1.26200
0.782000
0.193000
-0.378000
-0.821000
-1.06400
-1.26500
-1.26500
-1.13100
-0.809000
-0.372000
0.169000
0.727000
1.17100
1.58400
2.00900
2.25800
1.92400
1.21300
0.454000
-0.202000
-0.736000
-1.08800
-1.11900
-1.06400
-0.912000
-0.748000
-0.487000
-0.147000
0.223000
0.551000
0.709000
0.612000
0.472000
0.424000
0.551000
0.733000
0.661000
0.418000
4.70000E-02
-0.287000
-0.427000
-0.493000
-0.487000
-0.390000
-0.147000
0.223000
0.576000
0.806000
0.849000
0.746000
0.685000
0.673000
0.491000
2.90000E-02
-0.621000
-1.19800
-1.53800
-1.73200
-1.77500
-1.65300
-1.37400
-0.955000
-0.414000
0.217000
0.922000
1.51700
1.85100
1.65700
0.995000
0.217000
-0.384000
-0.809000
-0.882000
-0.433000
7.10000E-02
0.357000
0.588000
0.770000
0.758000
0.460000
-6.80000E-02
-0.748000
-1.33100
-1.66500
-1.78700
-1.87800
-1.87800
-1.53800
-0.846000
0.242000
1.74200
3.11400
3.32100
2.16700
0.800000
-0.171000
-0.736000
-1.05200
-1.04000
-0.700000
-0.420000
-8.00000E-02
0.199000
0.266000
0.193000
6.50000E-02
-0.105000
-0.178000
-0.165000
-0.147000
-5.00000E-02
1.70000E-02
-8.00000E-02
-0.269000
-0.384000
-0.232000
4.10000E-02
0.308000
0.509000
0.861000
0.904000
0.691000
0.357000
-2.00000E-02
-0.232000
-0.196000
-5.60000E-02
5.30000E-02
5.30000E-02
4.70000E-02
9.60000E-02
6.50000E-02
-3.20000E-02
-0.214000
-0.414000
-0.615000
-0.882000
-0.997000
-0.900000
-0.827000
-0.761000
-0.736000
-0.706000
-0.682000
-0.584000
-0.354000
-2.00000E-02
0.363000
0.685000
0.885000
0.843000
0.624000
0.333000
5.00000E-03
-0.366000
-0.724000
-1.12500
-1.30700
-1.28900
-1.16700
-0.876000
-0.542000
-0.220000
-1.00000E-03
0.132000
0.242000
0.163000
-7.00000E-03
-9.90000E-02
8.40000E-02
0.454000
0.989000
1.26800
1.21300
0.849000
0.333000
-6.80000E-02
-0.530000
-1.04600
-1.31300
-1.29500
-0.870000
-0.263000
0.369000
0.873000
1.37700
1.81400
1.93000
1.80200
1.60200
1.40200
1.12200
0.594000
-5.00000E-02
-0.487000
-0.590000
-0.445000
-0.190000
-5.00000E-02
0.150000
0.697000
1.31600
1.94800
2.11200
1.74800
0.989000
0.175000
-0.439000
-0.773000
-0.742000
-0.663000
-0.348000
0.491000
1.91800
5.59200
5.28800
4.20100
2.28200
0.679000
-0.536000
-1.48900
-2.20000
-2.52800
-2.57600
-2.94700
-3.20200
-3.27500
-3.13500
-3.06200
-2.81900
-2.47300
-1.84200
-0.554000
1.43200
3.52100
4.99700
4.90000
3.86700
2.52500
1.18300
-5.60000E-02
-1.01600
-1.52600
-1.65300
-1.98100
-2.61900
-2.91600
-3.08000
-3.20200
-3.34800
-3.29900
-2.89800
-2.49700
-1.75000
-0.341000
1.35900
3.07800
3.42400
2.26400
0.885000
-0.129000
-0.821000
-1.38000
-1.65900
-1.59300
-1.42300
-1.01600
-0.536000
1.02000E-01
0.606000
0.612000
0.424000
0.248000
7.10000E-02
-1.00000E-03
-0.141000
-0.457000
-0.803000
-1.09500
-1.11900
-1.01000
-0.858000
-0.603000
-0.293000
-9.90000E-02
-0.129000
-0.153000
-3.20000E-02
-2.00000E-02
-0.135000
-0.250000
-0.190000
0.163000
0.661000
0.922000
0.922000
0.831000
0.721000
0.539000
0.266000
1.10000E-02
-0.141000
-0.250000
-0.317000
-0.463000
-0.584000
-0.676000
-0.785000
-0.852000
-0.943000
-1.01600
-0.870000
-0.542000
-0.147000
0.169000
0.594000
1.18300
1.79000
2.21500
2.33100
2.03900
1.40200
0.733000
0.193000
-0.159000
-0.554000
-1.01000
-1.27100
-1.62300
-1.82300
-1.86600
-1.84200
-1.67200
-1.08800
-0.256000
0.412000
1.07400
1.70500
2.11200
2.16100
1.82700
1.23100
0.491000
-0.117000
-0.609000
-0.918000
-0.761000
-0.518000
-0.366000
-0.390000
-0.329000
-0.129000
0.175000
0.557000
1.19500
1.77200
2.07000
1.96000
1.60200
1.16500
0.837000
0.454000
7.80000E-02
-0.384000
-0.779000
-1.00300
-1.11300
-1.23400
-1.28300
-1.33700
-1.36200
-1.17400
-0.669000
-3.20000E-02
0.588000
1.20700
1.85100
2.59200
3.23600
3.33900
2.90200
2.25200
1.65700
1.21300
0.679000
6.50000E-02
-0.518000
-0.925000
-1.04600
-1.31300
-1.68400
-1.82900
-1.83500
-1.86000
-1.76300
-1.75700
-1.63500
-1.03400
-0.366000
0.320000
1.21900
2.27600
3.03500
3.23600
2.88300
2.15500
1.30400
0.557000
-2.60000E-02
-0.469000
-0.627000
-0.512000
-0.724000
-0.900000
-1.00300
-1.12500
-1.13700
-1.16700
-1.41000
-1.78100
-2.05400
-2.07800
-2.03600
-1.62900
-0.821000
2.32500
4.76600
3.79400
2.62200
1.08600
0.235000
-0.773000
-1.70200
-2.30900
-2.61900
-2.95300
-3.26300
-2.61900
-2.52800
-2.30300
-1.92700
-0.894000
0.685000
2.64700
3.35100
2.24000
1.14600
0.242000
-0.366000
-0.809000
-1.18600
-1.50100
-1.50800
-1.45900
-1.50100
-1.40400
-1.25900
-0.900000
-0.463000
5.00000E-03
0.235000
0.466000
0.904000
1.48000
1.69900
1.54700
1.21300
0.715000
0.290000
-0.129000
-0.372000
-0.651000
-0.839000
-0.949000
-1.07000
-1.14900
-1.13700
-0.997000
-0.791000
-0.639000
-0.566000
-0.335000
0.150000
0.533000
0.533000
0.527000
0.758000
1.14000
1.40800
1.53500
1.46800
1.15900
0.812000
0.557000
0.314000
-7.40000E-02
-0.590000
-0.906000
-0.888000
-0.809000
-0.973000
-1.19800
-1.33100
-1.05800
-0.742000
-0.621000
-0.202000
0.503000
1.31600
2.28200
2.90800
2.78600
1.93600
0.806000
-0.244000
-0.918000
-1.52600
-1.84200
-1.95100
-1.67800
-1.32500
-0.797000
0.235000
1.45600
2.41000
2.64000
2.33700
1.71700
0.946000
0.254000
-0.263000
-0.676000
-1.14900
-1.33700
-1.57400
-1.43500
-1.21000
-0.906000
-0.190000
0.825000
1.88700
2.67700
2.92000
2.56100
1.97200
1.29800
0.746000
0.393000
0.169000
-0.141000
-0.366000
-0.433000
-0.712000
-0.846000
-1.25900
-1.73800
-1.92000
-2.12100
-1.96300
-2.00000E-02
2.98700
2.70100
3.53900
3.10200
1.41400
0.175000
-0.439000
-0.566000
-1.00300
-1.67200
-2.39400
-2.97700
-3.10500
-2.99500
-2.99500
-3.02000
-2.51600
-1.64100
-1.04000
7.80000E-02
1.50500
3.38100
3.50900
2.42200
1.35300
0.248000
-0.366000
-0.554000
-0.712000
-0.894000
-1.16100
-1.35600
-1.48900
-1.06400
-0.694000
-0.366000
-9.90000E-02
-0.250000
-0.530000
-0.627000
-0.420000
7.80000E-02
0.539000
0.636000
0.509000
0.539000
0.454000
0.478000
0.484000
0.302000
0.157000
-4.40000E-02
-0.323000
-0.700000
-0.900000
-0.955000
-0.979000
-0.663000
-0.184000
0.193000
0.351000
0.223000
7.80000E-02
2.90000E-02
4.70000E-02
-6.20000E-02
-0.445000
-0.852000
-1.08800
-1.23400
-1.40400
-1.52600
-1.34400
-1.04000
-0.530000
-4.40000E-02
0.491000
1.01300
1.43200
1.72900
1.58400
1.07400
0.272000
-0.457000
-0.973000
-1.45900
-1.82900
-1.98700
-2.01800
-1.76300
-1.59900
-1.46500
-1.04600
-0.414000
0.387000
1.18300
1.75400
2.08800
2.09400
1.69300
0.928000
5.30000E-02
-0.827000
-1.39200
-1.70800
-1.90200
-2.16300
-2.00600
-1.84800
-1.58600
-1.11300
-6.80000E-02
1.31000
2.72500
3.35700
2.83500
1.65700
0.272000
-0.639000
-1.05200
-1.28900
-1.28900
-1.58000
-1.61100
-1.38000
-0.882000
2.90000E-02
1.15900
2.24000
3.10200
3.10800
2.20900
0.989000
-0.202000
-0.925000
-1.47700
-1.66500
-1.72000
-1.51400
-1.12500
-0.633000
-5.60000E-02
0.503000
1.07400
1.59600
1.79600
1.86300
1.66900
1.38900
0.964000
0.655000
0.515000
0.478000
0.436000
0.314000
-6.20000E-02
-0.487000
-0.821000
-0.846000
-0.554000
-6.20000E-02
0.254000
0.576000
0.976000
1.43200
1.77800
1.76600
1.58400
1.26800
0.946000
0.484000
-2.60000E-02
-0.542000
-0.803000
-0.682000
-0.536000
-0.445000
-0.323000
-0.117000
0.278000
0.648000
0.746000
0.703000
0.727000
0.776000
0.746000
0.527000
0.175000
-0.123000
-0.147000
1.70000E-02
9.00000E-02
9.60000E-02
-1.00000E-03
-0.269000
-0.572000
-0.870000
-0.900000
-0.803000
-0.627000
-0.439000
-0.275000
-0.117000
-4.40000E-02
-0.105000
-0.275000
-0.530000
-0.712000
-0.821000
-0.894000
-0.748000
-0.414000
-3.20000E-02
0.351000
0.551000
0.551000
0.418000
0.223000
-1.00000E-03
-0.250000
-0.469000
-0.791000
-1.14300
-1.45300
-1.64700
-1.75700
-1.79300
-1.94500
-1.94500
-1.62300
-1.05200
-0.263000
0.685000
1.57800
2.30000
2.33700
1.57200
0.254000
-0.888000
-1.66500
-2.02400
-2.20000
-2.23600
-1.87200
-1.43500
-0.882000
-4.40000E-02
0.843000
1.48700
1.54100
1.20700
0.661000
2.90000E-02
-0.657000
-1.11900
-1.16100
-1.11900
-0.700000
-0.317000
-5.00000E-02
0.248000
0.576000
0.922000
1.12800
1.05500
0.867000
0.721000
0.606000
0.557000
0.497000
0.296000
-6.20000E-02
-0.335000
-0.390000
-0.481000
-0.603000
-0.469000
-0.123000
0.144000
0.278000
0.454000
0.563000
0.557000
0.436000
0.314000
0.308000
0.466000
0.667000
0.837000
0.897000
0.843000
0.879000
0.879000
0.758000
0.491000
5.30000E-02
-0.372000
-0.676000
-0.821000
-0.827000
-0.688000
-0.414000
-0.123000
0.163000
0.454000
0.746000
1.04300
1.21300
1.23100
1.09800
0.843000
0.685000
0.606000
0.539000
0.375000
1.02000E-01
-0.165000
-0.512000
-0.906000
-1.14900
-1.17400
-1.06400
-0.894000
-0.742000
-0.402000
0.223000
1.00100
1.74800
1.92400
1.57800
0.843000
0.193000
-0.220000
-0.335000
-0.226000
2.90000E-02
0.175000
0.217000
0.120000
-5.60000E-02
-0.384000
-0.748000
-0.925000
-0.839000
-0.621000
-0.360000
-7.00000E-03
0.375000
0.648000
0.746000
0.831000
0.849000
0.825000
0.636000
0.320000
-7.00000E-03
-0.341000
-0.560000
-0.724000
-0.827000
-0.846000
-0.748000
-0.584000
-0.384000
-9.20000E-02
0.357000
0.952000
1.38300
1.43200
1.08600
0.454000
-0.293000
-0.991000
-1.53200
-1.77500
-1.69600
-1.45300
-0.906000
-5.00000E-02
0.922000
1.57200
1.47400
0.752000
-5.00000E-02
-0.633000
-0.882000
-0.736000
-0.214000
0.217000
0.922000
1.59600
1.83900
1.38900
0.460000
-0.530000
-1.36800
-1.98700
-2.34000
-2.57600
-2.66100
-2.47300
-2.01200
-1.38600
-0.536000
0.588000
1.77800
2.53100
2.55500
2.12400
1.42600
0.733000
0.132000
-0.487000
-0.937000
-1.17400
-1.51400
-1.76900
-1.84800
-1.98700
-2.00600
-1.78100
-1.34400
-0.651000
0.290000
1.41400
2.24000
2.22100
1.51100
0.612000
-8.00000E-02
-0.505000
-0.748000
-0.779000
-0.554000
-0.615000
-0.748000
-0.894000
-0.949000
-0.815000
-0.360000
0.430000
1.66900
2.94400
3.40000
2.71300
1.42600
2.90000E-02
-1.02200
-1.67800
-2.19400
-2.46100
-2.76500
-2.74600
-2.40600
-1.80500
-0.931000
0.369000
1.72900
2.78600
3.02900
2.48300
1.48000
0.460000
-0.244000
-0.627000
-0.797000
-0.590000
-0.603000
-0.487000
-0.129000
0.308000
0.612000
0.582000
0.339000
0.199000
0.163000
0.339000
0.588000
0.727000
0.648000
0.491000
0.150000
-0.311000
-0.730000
-1.14300
-1.42300
-1.44100
-1.14300
-0.354000
1.21300
3.64900
5.28800
4.26800
2.53100
1.02500
-0.178000
-1.06400
-1.84800
-2.30900
-2.59500
-2.53400
-2.26700
-1.86600
-1.41000
-0.979000
-0.554000
-0.263000
-0.117000
-3.20000E-02
6.50000E-02
0.406000
1.01300
1.69300
2.14200
2.25800
1.94800
1.09800
0.333000
-9.90000E-02
-0.621000
-1.12500
-1.38000
-1.56800
-1.55600
-1.33100
-0.821000
-0.129000
0.557000
0.904000
1.21900
1.40200
1.29200
0.910000
0.254000
-0.505000
-1.24600
-1.78100
-2.01800
-2.04200
-1.88400
-1.55000
-1.13700
-0.706000
-0.190000
0.515000
1.28000
1.85100
2.08200
2.02100
1.78400
1.42600
1.06100
0.557000
7.10000E-02
-0.366000
-0.779000
-1.30700
-1.75700
-1.93900
-2.06600
-2.24200
-2.37600
-2.40000
-2.26100
-2.05400
-1.68400
-1.04000
-0.153000
1.11600
2.45200
3.13200
2.98100
2.39800
1.51700
0.800000
0.442000
0.138000
-0.214000
-0.627000
-0.900000
-1.50800
-1.92700
-2.14500
-2.24200
-2.34600
-2.26100
-2.21200
-2.02400
-1.45300
-0.682000
0.314000
1.62000
2.56800
2.83500
2.35500
1.45600
0.497000
-0.323000
-0.918000
-1.37400
-1.33700
-1.26500
-0.955000
-0.457000
0.169000
0.873000
1.32900
1.13400
0.515000
5.00000E-03
-0.390000
-0.712000
-0.688000
-0.433000
2.90000E-02
0.636000
1.21900
1.61400
1.65700
1.43800
1.14000
0.648000
0.144000
-0.250000
-0.469000
-0.657000
-0.827000
-0.791000
-0.761000
-0.487000
2.90000E-02
0.630000
1.12200
1.34100
1.19500
0.758000
0.254000
-0.141000
-0.202000
-8.00000E-02
1.70000E-02
7.10000E-02
0.181000
0.260000
0.260000
0.363000
0.418000
0.442000
0.418000
0.235000
-7.40000E-02
-0.390000
-0.645000
-0.712000
-0.475000
-2.00000E-02
0.460000
1.07400
1.77800
2.03300
1.76600
1.24400
0.606000
5.00000E-03
-0.433000
-0.906000
-1.04600
-1.07000
-0.827000
-0.420000
-9.20000E-02
-2.00000E-02
-0.214000
-0.512000
-0.736000
-0.773000
-0.439000
0.205000
1.00100
1.94200
2.67700
2.59800
2.07000
1.48000
0.818000
0.260000
-4.40000E-02
-0.165000
-0.244000
-0.341000
-0.518000
-0.724000
-1.01600
-1.33700
-1.64100
-1.85400
-1.92000
-1.82300
-1.52000
-1.00300
-0.323000
0.491000
1.16500
1.55300
1.85700
2.26400
2.70100
2.87100
2.24600
1.07400
5.00000E-03
-0.846000
-1.42900
-1.65300
-1.67800
-1.74400
-1.75700
-1.87200
-1.94500
-1.91400
-1.90200
-1.80500
-1.63500
-1.35600
-0.821000
1.70000E-02
1.18300
2.62800
3.95800
3.81900
2.62200
1.25600
1.02000E-01
-0.487000
-0.925000
-1.10100
-0.979000
-0.876000
-0.676000
-0.512000
-0.682000
-1.12500
-1.47700
-1.76900
-2.07200
-2.19400
-1.98100
-1.58000
-0.748000
0.582000
2.28200
4.36500
4.37100
2.47600
0.746000
-0.469000
-1.24600
-1.77500
-1.89600
-1.69600
-1.44700
-1.23400
-0.985000
-0.718000
-0.560000
-0.505000
-0.433000
-0.360000
-0.220000
-7.40000E-02
-5.00000E-02
0.114000
0.503000
0.849000
1.07400
1.09800
0.879000
0.187000
-0.487000
-0.779000
-0.821000
-0.627000
2.90000E-02
0.752000
1.31000
1.50500
1.29200
0.794000
0.320000
-0.171000
-0.791000
-1.24600
-1.57400
-1.92000
-2.09100
-2.04200
-1.72000
-1.24600
-0.481000
0.436000
1.31600
1.91200
2.05700
1.79600
1.50500
1.29800
0.891000
0.235000
-0.414000
-0.949000
-1.31300
-1.61100
-1.64700
-1.64700
-1.52600
-1.39200
-1.17400
-0.797000
-0.329000
3.50000E-02
0.472000
0.982000
1.46200
1.76600
1.86900
1.60200
1.11000
0.466000
-0.196000
-0.803000
-1.33700
-1.60500
-1.63500
-1.47700
-1.30700
-0.864000
-2.00000E-02
1.12200
2.37300
2.79200
2.38500
1.34700
-2.60000E-02
-1.19800
-1.96900
-2.30900
-2.36400
-2.24800
-1.68400
-0.918000
0.320000
1.60800
2.33700
2.30000
1.76600
0.916000
0.217000
-0.244000
-0.518000
-0.505000
-0.293000
-2.00000E-02
0.393000
0.630000
0.478000
0.187000
-0.123000
-0.390000
-0.590000
-0.645000
-0.651000
-0.706000
-0.633000
-0.457000
-0.202000
6.50000E-02
0.387000
0.812000
0.958000
0.891000
0.733000
0.576000
0.363000
6.50000E-02
-0.129000
-0.329000
-0.469000
-0.384000
-0.147000
0.260000
0.624000
0.752000
0.642000
0.491000
0.272000
1.02000E-01
4.10000E-02
-3.20000E-02
-0.171000
-0.378000
-0.566000
-0.785000
-0.955000
-0.925000
-0.657000
-0.335000
-8.00000E-02
0.187000
0.290000
0.320000
0.533000
1.01900
1.47400
1.69300
1.57800
1.31000
0.928000
0.442000
-4.40000E-02
-0.505000
-0.839000
-1.08800
-1.39200
-1.57400
-1.70200
-1.77500
-1.83500
-1.70800
-1.48900
-1.06400
-0.293000
0.557000
1.22500
1.42600
1.32900
1.09800
0.928000
0.733000
0.454000
4.10000E-02
-0.366000
-0.688000
-1.04600
-1.25900
-1.22200
-1.02800
-0.682000
-7.40000E-02
0.667000
1.26800
1.54700
1.38300
0.636000
-0.335000
-1.08800
-1.61100
-1.91400
-1.89600
-1.77500
-1.42900
-0.870000
-0.275000
0.369000
1.07400
1.65100
2.16700
2.29400
1.96000
1.17100
0.290000
-0.427000
-0.943000
-1.27100
-1.33100
-1.33700
-1.16100
-0.682000
0.114000
0.879000
1.34100
1.35900
1.08600
0.661000
0.211000
-0.263000
-0.748000
-0.912000
-0.870000
-0.530000
0.126000
0.831000
1.38300
1.71700
1.65700
1.12200
0.412000
-0.171000
-0.597000
-0.906000
-0.833000
-0.530000
0.217000
1.22500
2.25200
2.88300
2.64700
1.77200
0.582000
-0.451000
-1.18600
-1.76900
-1.96900
-2.13900
-2.17600
-2.10900
-1.86000
-1.38600
-0.748000
4.70000E-02
0.855000
1.66900
2.31200
2.61000
2.50100
1.89300
1.00100
0.163000
-0.445000
-0.925000
-1.16700
-1.06400
-1.05200
-0.779000
-0.603000
-0.427000
-0.269000
-5.60000E-02
0.199000
0.320000
0.150000
-0.196000
-0.669000
-1.00300
-1.11300
-0.973000
-0.487000
0.272000
1.35900
2.45800
3.18100
2.96800
2.14200
0.904000
-0.299000
-1.31300
-2.15700
-2.57000
-2.80100
-2.88600
-2.76500
-2.50400
-1.97500
-1.25200
-0.305000
0.843000
2.16100
2.96200
2.62800
1.60800
0.557000
-0.220000
-0.773000
-1.35000
-1.64700
-1.70800
-1.58000
-1.28300
-1.00300
-0.518000
0.266000
1.16500
1.85700
2.03300
1.57200
0.776000
4.10000E-02
-0.554000
-1.04600
-1.36800
-1.36800
-1.43500
-1.31300
-1.11300
-0.639000
2.90000E-02
0.655000
1.53500
2.28800
2.38500
1.93600
1.21900
0.557000
7.80000E-02
-0.184000
-0.457000
-0.566000
-0.827000
-0.997000
-1.08200
-1.11300
-1.19200
-1.09500
-0.967000
-0.779000
-0.469000
-6.80000E-02
0.266000
0.691000
1.08000
1.37700
1.37700
1.24400
0.928000
0.484000
6.50000E-02
-0.323000
-0.700000
-0.821000
-0.657000
-0.214000
0.333000
0.904000
1.48000
1.77800
1.68100
1.20100
0.381000
-0.481000
-1.24000
-1.79900
-2.15100
-2.36400
-2.43700
-2.38800
-2.08400
-1.62900
-0.676000
0.770000
2.92000
5.08200
4.10400
2.23400
0.697000
-0.396000
-1.16100
-1.79300
-2.04200
-2.24200
-2.27900
-2.15700
-1.98700
-1.70200
-1.37400
-1.06400
-0.785000
-0.481000
-9.90000E-02
0.418000
0.958000
1.34700
1.58400
1.80200
2.01500
2.14900
1.58400
0.472000
-0.323000
-0.882000
-1.48300
-1.84200
-1.95100
-1.68400
-1.24000
-0.584000
0.369000
1.45600
2.27600
2.37300
1.80800
0.873000
5.00000E-03
-0.663000
-1.14900
-1.38600
-1.38600
-1.50100
-1.27100
-0.785000
-0.196000
0.290000
0.661000
0.837000
1.06100
1.49900
1.76000
1.65700
1.17100
0.527000
0.126000
2.90000E-02
9.60000E-02
0.199000
6.50000E-02
-0.153000
-0.323000
-0.481000
-0.615000
-0.676000
-0.809000
-0.918000
-0.779000
-0.481000
-0.129000
0.235000
0.746000
1.48700
2.47600
2.93200
2.78600
2.16700
1.04900
-0.244000
-1.24600
-1.93900
-2.42500
-2.74000
-2.89200
-2.89200
-2.56400
-2.05400
-1.04600
0.557000
2.48900
4.07400
3.70900
2.21500
0.740000
-0.487000
-1.33100
-1.96300
-2.04200
-1.77500
-1.48300
-1.19800
-0.663000
-6.80000E-02
0.290000
0.460000
0.375000
0.211000
6.50000E-02
-8.60000E-02
-0.196000
-0.269000
-0.335000
-0.287000
4.70000E-02
0.606000
1.00100
1.05500
0.891000
0.679000
0.290000
5.00000E-03
-0.226000
-0.518000
-0.846000
-1.06400
-1.28900
-1.48900
-1.44100
-1.28300
-0.997000
-0.439000
0.260000
0.964000
1.45000
1.59600
1.40800
0.873000
0.248000
-0.238000
-0.603000
-1.02200
-1.37400
-1.65300
-1.63500
-1.43500
-0.900000
-0.244000
0.418000
1.08600
1.51100
1.36500
0.922000
0.436000
6.50000E-02
-0.323000
-0.536000
-0.536000
-0.293000
-0.105000
5.00000E-03
-4.40000E-02
-0.147000
-0.317000
-0.463000
-0.615000
-0.785000
-0.821000
-0.481000
0.169000
0.891000
1.92400
2.60400
2.58600
2.03900
1.14600
0.260000
-0.323000
-0.882000
-1.21000
-1.27700
-1.39200
-1.41600
-1.45300
-1.38000
-1.24000
-0.858000
-0.178000
0.782000
1.85100
2.77400
2.94400
2.25200
1.18300
0.217000
-0.317000
-0.730000
-0.931000
-0.821000
-0.748000
-0.463000
-0.220000
1.10000E-02
0.211000
0.163000
-0.117000
-0.463000
-0.657000
-0.518000
-0.153000
0.308000
0.946000
1.67500
2.19100
2.26400
1.91800
1.18900
0.369000
-0.287000
-0.809000
-1.34400
-1.65300
-1.98700
-1.98100
-1.84200
-1.56200
-1.11300
-0.317000
0.679000
1.75400
2.93200
3.45400
3.10800
2.10600
0.964000
5.00000E-03
-0.578000
-0.985000
-1.04000
-0.943000
-0.858000
-0.779000
-0.870000
-0.925000
-0.785000
-0.542000
-0.469000
-0.360000
-9.90000E-02
0.138000
0.503000
1.14600
2.18500
3.52100
4.73000
4.34100
2.67700
1.12200
-0.123000
-1.03400
-1.87800
-2.37600
-2.51000
-2.78900
-3.00200
-3.15300
-3.19000
-3.16500
-3.00800
-2.62500
-1.97500
-0.943000
0.806000
3.32700
5.82900
4.40200
2.52500
1.12200
-2.60000E-02
-0.949000
-1.48300
-1.79300
