# Reference: Mase, H. & Kirby, J.T. (1992). Hybrid frequency-domain KdV equation for random wave transformation. Proc. 23rd Int. Conf. Coastal Engineering (ASCE), 474-487.
# Source repo: https://github.com/fengyanshi/FUNWAVE-TVD  commit b4c322e7582035ee19df8e6409a3dfedaff1cb96, path benchmarks/car_mase_kirby/postprocessing/r2d470.dat
# (r2d470.dat also at benchmarks/car_mase_kirby/fft/r2d470.dat, same values to 4e-9, different formatting; it is the record used to drive the FUNWAVE wavemaker)
# Content: MEASURED surface elevation at the gauge in still-water depth h = 47.0 cm (file name r2dNNN = depth in mm; error_series.m: 'fnam(:,...)='r2d470.dat'' with
#   'h=[47 35 30 25 20 17.5 15 12.5 10 7.5 5 2.5]' in comp_mkskew.m and the plot labels 'h=35.0cm' ... 'h= 2.5cm' in comp_series.m).
# Column: (1) eta [cm], one sample per line, no time column.
#   Time step 0.05 s: error_series.m 'data_time=[0:length(gage_m)-1]*0.05;' and fft4wavemaker.m 'sample_frequency=0.05;' (used as the sampling interval, t=[0:..]*sample_frequency).
#   Units cm: fft4wavemaker.m 'scale_fac=0.01;' converts to m for the wavemaker; error_series.m compares std(data) with 'model(:,k-1)=gage(:,2)*100' (model m -> cm).
#   t = 0 at first sample; 15000 samples = 750 s. Time origin relative to wavemaker start is not documented.
# Geometry (FUNWAVE work/input.txt, model setup): 'DEPTH_FLAT = 0.47', 'SLP = 0.05' (1:20 slope), 'Xslp = 10.0' (slope toe at x = 10 m in the model frame), 'DX = 0.04'.
#   Model gauge positions (work/gauges_004.txt, grid index i, x=(i-1)*DX): 250 313 338 363 388 400 413 425 438 450 463 475 for h = 47 35 30 25 20 17.5 15 12.5 10 7.5 5 2.5 cm.
#   In a lab-independent form: gauge distance shoreward of the slope toe = (47 cm - h)/0.05 (follows from the stated depth and slope; lab x-coordinates are not in the repo).
# Waves: irregular; FUNWAVE uses 'PeakPeriod = 1.0' (spectrum details not stated in repo). Regular sampling -> original instrument record.
-2.59900
-2.57300
-2.24900
-1.40000
-0.524000
0.619000
1.87300
2.76400
2.91600
2.63200
2.30800
2.04000
1.80300
1.48400
0.897000
-0.271000
-1.73900
-2.96300
-3.76200
-3.90400
-3.62000
-2.87700
-1.46000
0.295000
2.19700
4.01800
4.33200
3.36100
1.77200
0.143000
-1.19200
-2.08800
-2.65400
-2.63400
-2.35600
-1.91100
-1.22300
-0.383000
0.457000
1.20600
1.61500
1.87900
2.02000
1.80300
1.29700
0.720000
0.194000
-0.251000
-0.575000
-0.747000
-0.954000
-1.15700
-1.09600
-0.868000
-0.626000
-0.130000
0.447000
0.882000
1.05400
0.993000
0.745000
0.341000
-0.105000
-0.514000
-0.787000
-0.970000
-0.919000
-0.858000
-0.565000
-7.90000E-02
0.442000
1.08900
1.71700
2.22800
2.18200
1.77200
1.14500
0.477000
-4.90000E-02
-0.565000
-0.909000
-1.11600
-1.24800
-1.18700
-1.04000
-0.919000
-0.757000
-0.656000
-0.464000
-0.347000
-0.206000
1.70000E-02
0.295000
0.619000
1.02400
1.36800
1.58000
1.64100
1.61000
1.44900
1.15000
0.826000
0.452000
2.00000E-03
-0.535000
-0.980000
-1.30300
-1.47500
-1.62200
-1.78400
-1.74400
-1.56700
-1.16200
-0.555000
1.03000E-01
0.791000
1.43800
2.02500
2.40500
2.44500
2.22800
1.70100
0.953000
0.174000
-0.595000
-1.26300
-1.70800
-1.99100
-2.12800
-2.00700
-1.58200
-0.934000
-0.130000
0.599000
1.23600
1.47900
1.45400
1.26600
1.01300
0.745000
0.376000
-4.40000E-02
-0.545000
-0.990000
-1.36400
-1.59700
-1.53600
-1.15700
-0.550000
0.164000
0.852000
1.29200
1.42300
1.24600
0.922000
0.599000
0.346000
0.113000
-0.180000
-0.570000
-0.949000
-1.18700
-1.27300
-1.24300
-1.04000
-0.646000
-0.110000
0.422000
0.953000
1.21100
1.06900
0.619000
7.30000E-02
-0.433000
-0.777000
-0.939000
-0.767000
-0.266000
0.487000
1.60000
2.85000
2.36400
0.816000
-0.514000
-1.51600
-2.21400
-2.63900
-2.66900
-2.45200
-1.74400
-0.990000
-0.206000
0.548000
1.25600
1.71200
2.07600
2.29800
2.41000
2.16200
1.51900
0.664000
-0.145000
-0.818000
-1.30300
-1.62700
-1.99100
-2.20400
-2.24400
-2.16300
-1.72300
-1.23800
-0.631000
-2.90000E-02
0.376000
0.740000
1.08400
1.42800
1.62100
1.62100
1.49400
1.33200
1.21100
0.998000
0.518000
-7.90000E-02
-0.717000
-1.34400
-1.72300
-2.04700
-2.24900
-2.33000
-2.16300
-1.49600
-0.798000
-0.251000
9.30000E-02
0.462000
0.806000
1.06900
1.26600
1.41300
1.40300
1.34700
1.23600
1.01300
0.745000
0.422000
0.118000
-0.185000
-0.469000
-0.626000
-0.757000
-0.899000
-1.05100
-1.21200
-1.29300
-1.23300
-0.949000
-0.459000
0.179000
0.862000
1.24600
1.24600
1.18500
1.15500
1.11500
1.02900
0.806000
0.508000
0.356000
0.214000
0.133000
4.20000E-02
-1.90000E-02
-7.90000E-02
-0.211000
-0.428000
-0.752000
-0.944000
-0.803000
-0.433000
2.20000E-02
0.477000
0.831000
1.02900
1.11500
1.24100
1.32200
1.24100
0.943000
0.457000
-8.00000E-03
-0.494000
-0.939000
-1.35400
-1.60200
-1.73900
-1.72800
-1.48600
-0.980000
-0.241000
0.761000
2.01500
3.17900
3.74500
3.70000
2.73800
1.49400
0.255000
-0.838000
-1.74900
-2.28500
-2.36600
-2.43700
-2.32500
-2.16900
-1.66300
-1.11100
-0.464000
0.255000
1.06400
1.77200
2.37900
2.66300
2.36400
1.55500
0.583000
-0.191000
-0.722000
-1.04000
-1.04000
-0.899000
-0.464000
-8.90000E-02
-6.40000E-02
-0.327000
-0.590000
-0.762000
-0.651000
-0.211000
0.629000
1.61000
2.18700
1.63600
0.513000
-0.489000
-1.29300
-1.88000
-2.13300
-2.11300
-1.56700
-0.747000
0.245000
1.16500
1.69600
2.04000
2.06600
1.85300
1.44900
0.963000
0.437000
-0.140000
-0.722000
-1.19200
-1.56100
-1.80900
-2.01700
-2.13300
-2.07200
-1.60700
-1.03000
-0.251000
0.599000
1.59500
2.70800
3.52300
3.52300
2.58200
1.14500
-0.282000
-1.52600
-2.60900
-3.34200
-3.58500
-3.54500
-3.07900
-2.21400
-0.803000
0.533000
1.95400
2.90500
2.94600
2.36900
1.57000
0.877000
0.381000
-2.90000E-02
-0.438000
-0.595000
-0.939000
-1.41500
-1.66800
-1.86000
-1.94600
-1.86500
-1.70300
-1.33900
-0.676000
0.174000
1.22600
2.27800
3.05700
3.39100
3.05200
2.06100
0.847000
-0.327000
-1.33900
-2.17400
-2.66900
-3.02300
-3.05400
-2.77100
-2.15800
-1.07600
-0.135000
0.786000
1.56500
2.23300
2.59700
2.48000
1.93400
1.02900
0.113000
-0.747000
-1.44000
-1.63700
-1.74400
-1.43500
-0.737000
0.214000
1.30700
2.19700
2.34900
1.69100
0.705000
-0.185000
-0.929000
-1.46000
-1.84000
-1.92100
-1.72800
-1.16200
-0.373000
0.477000
1.41800
2.12100
2.33400
2.25300
2.03500
1.75200
1.46900
1.12500
0.568000
-0.185000
-1.01000
-1.82500
-2.37100
-2.59900
-2.67900
-2.45700
-1.75900
-0.818000
1.03000E-01
0.907000
1.61500
2.28300
2.93100
3.29000
3.20900
2.52100
1.43300
0.300000
-0.707000
-1.59700
-2.20900
-2.49200
-2.61900
-2.45700
-2.03200
-1.38400
-0.666000
8.30000E-02
0.887000
1.61500
2.05600
2.00500
1.63100
1.00300
0.325000
-0.322000
-0.828000
-1.05600
-1.05600
-1.03500
-0.712000
-0.342000
1.20000E-02
0.214000
0.366000
0.462000
0.487000
0.422000
0.179000
-0.226000
-0.651000
-0.919000
-0.899000
-0.666000
-0.373000
1.70000E-02
0.437000
0.867000
1.09400
1.06900
0.892000
0.538000
7.30000E-02
-0.535000
-1.13100
-1.51600
-1.71800
-1.71800
-1.43000
-0.879000
-6.90000E-02
0.841000
1.77200
2.57200
2.97100
2.90500
2.41000
1.61500
0.685000
-0.221000
-1.10100
-1.92100
-2.45700
-2.85100
-2.93200
-2.62900
-1.98100
-1.11100
-0.287000
0.487000
1.17500
1.59000
1.81300
1.98500
2.11600
2.28800
2.36900
2.36400
2.12600
1.50900
0.599000
-0.363000
-1.23300
-1.83000
-2.20400
-2.47700
-2.61900
-2.73000
-2.75500
-2.61400
-2.07200
-0.959000
0.245000
1.81300
3.50200
4.53400
4.40800
3.23400
2.01500
0.831000
-0.231000
-1.16200
-1.78900
-1.93100
-2.00200
-1.79900
-1.23800
-0.712000
-0.266000
3.20000E-02
8.80000E-02
5.20000E-02
0.123000
0.285000
0.508000
0.720000
0.745000
0.563000
0.346000
0.214000
0.133000
3.20000E-02
-7.90000E-02
-6.90000E-02
3.20000E-02
0.164000
0.245000
0.386000
0.411000
0.270000
9.30000E-02
-8.00000E-03
-2.90000E-02
3.20000E-02
0.164000
0.300000
0.143000
-0.464000
-1.20700
-1.65800
-1.81900
-1.60700
-0.949000
9.30000E-02
1.53500
3.30000
3.88200
2.25300
0.705000
-0.595000
-1.52600
-2.19400
-2.47700
-2.27500
-1.57700
-0.671000
0.159000
0.745000
0.943000
0.841000
0.619000
0.386000
0.255000
0.194000
0.194000
0.194000
2.20000E-02
-6.40000E-02
-0.105000
-0.160000
-0.231000
-0.322000
-0.393000
-0.494000
-0.671000
-0.671000
-0.469000
-0.170000
0.179000
0.548000
0.781000
0.862000
0.983000
1.00300
0.872000
0.578000
0.113000
-0.550000
-1.27800
-1.90500
-2.24400
-2.31500
-2.13300
-1.48600
-0.707000
0.174000
1.27100
2.18200
2.44500
2.30300
1.94400
1.56000
1.09400
0.497000
-4.90000E-02
-0.666000
-1.26300
-1.95100
-2.40100
-2.73000
-3.10400
-3.14500
-3.04400
-2.43700
-1.06100
0.508000
2.28800
3.66400
4.14500
4.04400
3.47700
2.55100
1.31700
1.20000E-02
-1.38400
-2.60900
-3.30700
-3.67100
-3.82800
-3.68600
-3.38300
-2.55300
-1.14200
0.396000
2.20700
3.57300
3.88700
3.48200
2.53100
1.30200
2.20000E-02
-0.954000
-1.62200
-1.84500
-1.80900
-1.74900
-1.52600
-0.959000
-0.292000
0.406000
1.02900
1.25100
1.15000
1.01900
0.938000
0.902000
0.862000
0.781000
0.518000
0.123000
-0.180000
-0.363000
-0.570000
-0.838000
-0.838000
-0.879000
-0.879000
-0.555000
-0.160000
0.224000
0.811000
1.48900
2.00500
2.12600
1.73700
0.983000
0.194000
-0.413000
-0.696000
-0.747000
-0.565000
-0.266000
-2.90000E-02
0.245000
0.675000
1.10500
1.46900
1.50900
1.10500
0.315000
-0.535000
-1.13100
-1.35400
-1.23800
-0.914000
-0.626000
-0.403000
-0.191000
0.133000
0.538000
0.892000
1.09400
1.13500
1.11500
1.15000
1.31200
1.51400
1.58500
1.53500
1.34700
1.02400
0.325000
-0.636000
-1.55600
-2.18400
-2.51300
-2.57300
-2.47200
-2.12300
-1.43500
-0.676000
0.204000
1.03400
1.63100
2.10600
2.32900
2.16700
1.63600
0.917000
0.401000
0.174000
7.30000E-02
-0.170000
-0.636000
-1.07600
-1.42000
-1.56100
-1.44000
-1.16700
-0.879000
-0.474000
-3.90000E-02
0.325000
0.583000
0.669000
0.583000
0.270000
-8.90000E-02
-0.464000
-0.767000
-0.909000
-0.787000
-0.428000
5.70000E-02
0.462000
0.826000
0.872000
0.609000
0.123000
-0.322000
-0.666000
-0.929000
-1.05100
-1.01500
-0.808000
-0.524000
-0.120000
0.401000
0.917000
1.18500
1.20600
1.08400
0.877000
0.543000
9.80000E-02
-0.524000
-1.24300
-1.91100
-2.38600
-2.56800
-2.52800
-2.10300
-1.19700
-0.221000
0.852000
2.10100
3.24900
4.09900
4.42300
3.44200
1.82300
0.164000
-1.23800
-2.36600
-3.28100
-3.70600
-3.98500
-3.81300
-3.46900
-2.66900
-1.39500
0.164000
1.84300
3.45700
4.49900
4.70100
3.84600
2.18700
0.477000
-0.656000
-1.36400
-1.78900
-1.71800
-1.68300
-1.53600
-1.34400
-1.16200
-1.08100
-0.838000
-0.494000
-0.140000
0.219000
0.604000
0.927000
1.19100
1.26600
1.05900
0.740000
0.417000
0.204000
-5.90000E-02
-0.332000
-0.337000
-9.90000E-02
-3.00000E-03
7.80000E-02
1.03000E-01
6.20000E-02
-2.90000E-02
-0.120000
-7.90000E-02
3.20000E-02
0.143000
0.260000
0.351000
0.503000
0.401000
-0.140000
-0.798000
-1.24300
-1.63700
-1.81900
-1.59700
-0.970000
0.219000
1.95900
3.61900
4.32700
4.05900
2.94600
1.69100
0.386000
-0.777000
-1.84500
-2.69500
-3.09900
-3.34700
-3.21600
-2.70000
-1.70800
-0.504000
0.841000
2.24300
2.93600
2.95100
2.68800
2.19700
1.67100
1.12500
0.457000
-7.90000E-02
-0.342000
-0.484000
-0.666000
-0.671000
-0.712000
-0.793000
-0.909000
-1.04000
-1.16200
-1.26300
-1.27300
-1.18200
-0.909000
-0.428000
0.260000
1.11500
1.97500
2.55100
2.68300
2.34900
1.76200
1.03400
0.179000
-0.691000
-1.46000
-2.16900
-2.59300
-2.88200
-3.02300
-2.74000
-2.16300
-1.11100
-0.180000
0.720000
1.56000
2.26300
2.66800
2.67800
2.31900
1.62100
0.690000
-0.342000
-1.44000
-2.35100
-2.75500
-3.03900
-3.02900
-2.52800
-1.57700
-0.575000
0.356000
1.25600
2.00500
2.36400
2.22200
1.70100
1.03900
0.325000
-0.271000
-0.666000
-0.671000
-0.727000
-0.793000
-0.833000
-0.909000
-0.909000
-0.772000
-0.535000
-0.322000
-0.130000
5.70000E-02
0.194000
0.260000
0.239000
0.194000
0.164000
0.184000
0.295000
0.386000
0.467000
0.664000
0.948000
1.29200
1.56000
1.56000
1.22600
0.659000
3.20000E-02
-0.550000
-1.15700
-1.72300
-2.10800
-2.23400
-2.19400
-1.75900
-1.19200
-0.615000
-2.90000E-02
0.548000
1.21600
1.87900
2.41000
2.85500
3.02700
2.85500
2.26800
1.23600
2.20000E-02
-1.07600
-1.81900
-2.03200
-2.11300
-1.72800
-1.23300
-0.636000
-7.90000E-02
0.265000
0.503000
0.629000
0.685000
0.700000
0.821000
0.963000
1.07400
1.15000
1.21100
1.23100
1.15000
0.887000
0.447000
3.20000E-02
-0.241000
-0.428000
-0.464000
-0.342000
-0.226000
-0.241000
-0.292000
-0.342000
-0.332000
-0.261000
-0.241000
-0.246000
-0.307000
-0.297000
-0.332000
-0.373000
-0.221000
0.219000
0.867000
1.51900
1.82800
1.65600
1.25600
0.771000
0.336000
5.20000E-02
-8.90000E-02
-0.165000
-0.363000
-0.747000
-1.21700
-1.66800
-1.95100
-2.05200
-1.88500
-1.40000
-0.793000
-6.40000E-02
0.831000
1.87900
2.88500
3.55300
3.87700
3.90200
2.87000
1.06900
-1.00500
-2.72500
-3.89400
-4.59200
-4.86500
-4.50100
-3.70100
-2.59300
-1.03500
0.548000
2.15700
3.16800
3.57300
3.61400
3.47200
3.05200
2.06100
0.705000
-0.595000
-1.67800
-2.47700
-2.79100
-3.05400
-2.97300
-2.47200
-1.62200
-0.914000
-0.464000
-0.271000
-0.130000
0.113000
0.639000
1.39300
2.12100
2.42500
2.03500
1.18500
0.194000
-0.707000
-1.43500
-1.88000
-1.95100
-1.84000
-1.35900
-0.787000
-0.231000
0.214000
0.548000
0.589000
0.386000
5.70000E-02
-0.357000
-0.767000
-1.10100
-1.33400
-1.52600
-1.56700
-1.39500
-1.07600
-0.590000
0.179000
1.33700
2.56100
3.31000
3.32000
2.74400
1.72200
0.386000
-0.995000
-2.24900
-3.21100
-3.57000
-3.89400
-3.87300
-3.61000
-2.97800
-1.94600
-0.464000
1.21600
3.26500
4.62500
4.09900
3.22900
2.52600
1.95900
1.42300
0.831000
8.30000E-02
-0.899000
-1.79900
-2.69000
-3.28700
-3.46400
-3.30200
-2.73500
-1.72800
-0.433000
0.953000
2.16200
2.68800
2.69300
2.50600
2.20200
1.90400
1.71200
1.50900
1.02400
0.477000
3.20000E-02
-0.509000
-0.793000
-0.939000
-1.04000
-1.17200
-1.43500
-1.68800
-1.68300
-1.42000
-0.944000
-0.307000
0.270000
0.983000
1.81300
2.68300
3.31000
3.36100
2.93100
1.93900
0.933000
9.30000E-02
-0.514000
-0.909000
-1.14200
-1.40000
-1.35900
-1.17700
-1.05100
-0.787000
-0.555000
-0.271000
-8.00000E-03
7.30000E-02
3.70000E-02
1.03000E-01
0.457000
0.943000
1.44900
2.11600
2.93100
3.51200
3.35100
2.28300
0.766000
-0.813000
-2.20400
-3.25600
-3.79200
-3.96400
-3.66100
-2.69500
-1.16200
0.649000
2.34900
3.22900
3.28000
2.75400
2.00000
1.12000
0.260000
-0.595000
-1.28800
-1.53600
-1.62700
-1.64200
-1.35900
-1.07100
-0.691000
-0.287000
4.20000E-02
0.336000
0.669000
1.03400
1.36800
1.51900
1.49400
1.35700
1.09400
0.589000
-0.130000
-0.959000
-1.69800
-2.24400
-2.52800
-2.48700
-1.91600
-1.04500
-0.170000
0.528000
0.948000
0.948000
0.664000
0.381000
0.199000
0.184000
0.295000
0.508000
0.578000
0.639000
0.745000
0.786000
0.664000
0.381000
-1.90000E-02
-0.545000
-1.02000
-1.38400
-1.61700
-1.75900
-1.71800
-1.46000
-1.00000
-0.514000
-8.00000E-03
0.386000
0.786000
1.06900
1.16500
1.13000
1.03900
0.968000
0.831000
0.538000
0.184000
-0.160000
-0.494000
-0.671000
-0.793000
-0.889000
-0.970000
-1.04000
-1.03000
-0.909000
-0.590000
-0.145000
0.219000
0.401000
0.457000
0.376000
0.275000
0.133000
-1.90000E-02
-0.185000
-0.297000
-0.266000
-0.175000
-0.140000
-0.191000
-0.201000
-0.170000
-3.90000E-02
1.03000E-01
0.260000
0.401000
0.614000
0.902000
1.17500
1.23600
1.03400
0.381000
-0.550000
-1.52100
-2.27000
-2.63400
-2.65900
-2.29500
-1.44500
-0.484000
0.589000
1.65600
2.38400
2.49100
2.22800
1.71200
1.22600
0.821000
0.518000
0.199000
-0.185000
-0.610000
-1.14200
-1.46500
-1.57700
-1.44500
-1.13100
-0.793000
-0.484000
-0.145000
0.179000
0.457000
0.690000
0.841000
1.03400
1.25600
1.47400
1.35700
0.847000
0.164000
-0.352000
-0.656000
-0.747000
-0.484000
8.30000E-02
0.786000
0.887000
0.204000
-0.656000
-1.32400
-1.62700
-1.58700
-1.23800
-0.873000
-0.337000
0.341000
1.15500
1.83300
2.17700
2.10600
1.81300
1.35200
0.750000
9.80000E-02
-0.484000
-0.970000
-1.18200
-1.00000
-0.514000
4.20000E-02
0.427000
0.482000
0.159000
-0.363000
-0.889000
-1.36400
-1.60700
-1.42500
-0.848000
-3.90000E-02
0.801000
1.54000
1.98000
1.91400
1.54500
1.10500
0.791000
0.477000
0.199000
-3.00000E-03
-0.266000
-0.727000
-1.00500
-1.13100
-1.24300
-1.40500
-1.50600
-1.42500
-1.05100
-0.524000
-1.90000E-02
0.401000
0.715000
0.659000
0.305000
-8.00000E-03
-0.251000
-0.261000
-6.40000E-02
0.179000
0.563000
1.03400
1.44300
1.74200
1.95400
1.90400
1.39800
0.305000
-0.752000
-1.64200
-2.37100
-2.83600
-2.97800
-2.67900
-1.93100
-0.970000
-2.90000E-02
0.750000
1.35200
1.67600
1.79800
1.66600
1.46900
1.21600
0.902000
0.624000
0.422000
0.300000
0.260000
0.285000
0.422000
0.553000
0.578000
0.417000
-0.130000
-0.990000
-1.83000
-2.45200
-2.69000
-2.59300
-1.81400
-0.595000
0.922000
2.44000
2.64200
2.04500
1.35700
0.948000
0.811000
0.781000
0.720000
0.659000
0.730000
0.568000
0.164000
-0.302000
-0.793000
-1.15700
-1.38900
-1.54100
-1.60700
-1.56700
-1.36400
-1.02000
-0.550000
-3.00000E-03
0.442000
0.735000
0.943000
1.14000
1.31700
1.48900
1.61000
1.63600
1.55500
1.51400
1.36800
0.902000
0.315000
-0.130000
-0.585000
-1.11600
-1.80400
-2.48700
-3.02300
-3.27600
-3.18500
-2.76000
-1.79900
-0.494000
1.29700
3.61900
5.56100
5.22700
3.69500
2.23800
0.963000
3.20000E-02
-0.727000
-1.23800
-1.25800
-1.37400
-1.58700
-1.85000
-2.02200
-2.03200
-1.79900
-1.58700
-1.19700
-0.529000
0.346000
1.37300
2.52100
3.37100
3.17900
2.01500
0.442000
-0.793000
-1.72300
-2.24400
-2.27500
-1.99100
-0.990000
0.143000
0.963000
1.19100
0.907000
0.482000
6.20000E-02
-0.332000
-0.615000
-0.818000
-0.939000
-1.09100
-1.07100
-0.904000
-0.676000
-0.459000
-0.201000
-4.90000E-02
-0.140000
-0.130000
4.20000E-02
0.224000
0.381000
0.462000
0.503000
0.619000
0.700000
0.619000
0.427000
0.153000
-2.90000E-02
-0.185000
-0.489000
-0.884000
-1.27300
-1.56700
-1.58700
-1.29300
-0.737000
7.30000E-02
0.847000
1.39300
1.26600
0.816000
0.174000
-0.443000
-0.939000
-1.25300
-1.11600
-0.793000
-0.145000
0.599000
1.28700
1.64600
1.55000
1.12500
0.548000
-2.90000E-02
-0.610000
-0.934000
-0.980000
-0.838000
-0.535000
-0.211000
-2.90000E-02
0.108000
0.138000
3.70000E-02
-0.140000
-0.368000
-0.595000
-0.838000
-0.980000
-0.787000
-0.266000
0.503000
1.35200
2.00000
2.23800
2.03500
1.61500
1.18500
0.841000
0.518000
0.153000
-0.185000
-0.489000
-0.727000
-0.868000
-1.08100
-1.32400
-1.49600
-1.53600
-1.45500
-1.18200
-0.712000
-8.40000E-02
0.503000
1.07900
1.63100
2.19700
2.64200
3.17900
3.70000
3.76000
2.52600
0.725000
-0.939000
-2.21400
-3.29700
-3.90400
-4.31800
-4.27800
-3.92400
-3.30200
-2.15800
-0.696000
0.619000
1.82800
2.90500
3.79600
4.62500
4.83300
4.19000
2.73300
0.943000
-0.732000
-1.97100
-2.96300
-3.34700
-3.50400
-3.26100
-2.62900
-1.55600
-0.550000
0.239000
0.983000
1.46900
1.61000
1.40800
1.11500
0.867000
0.644000
0.563000
0.619000
0.922000
1.02400
0.953000
0.710000
0.487000
0.219000
1.70000E-02
-8.40000E-02
-0.297000
-0.575000
-0.838000
-1.01000
-0.914000
-0.590000
-0.246000
7.80000E-02
0.401000
0.690000
0.963000
1.22600
1.25600
0.993000
0.629000
0.381000
0.199000
-5.40000E-02
-0.474000
-0.696000
-0.636000
-0.454000
-0.221000
1.70000E-02
0.179000
0.442000
0.745000
0.968000
1.16000
1.30700
1.22600
0.826000
0.204000
-0.428000
-1.03500
-1.52100
-1.70800
-1.70800
-1.64700
-1.54600
-1.35900
-1.03500
-0.681000
-0.307000
0.133000
0.781000
1.44900
2.03500
2.42500
2.69300
2.52600
1.73700
0.705000
-0.307000
-1.32400
-2.19400
-2.93200
-3.46900
-3.74700
-3.76200
-3.54500
-3.05900
-2.24400
-1.00500
0.255000
1.73200
3.16800
3.82100
3.85600
3.17400
2.02000
0.761000
-0.312000
-1.16200
-1.88000
-2.28500
-2.65400
-2.85700
-2.72000
-2.24900
-1.40500
-0.676000
3.20000E-02
0.659000
1.24600
1.76200
2.12100
2.20200
1.95900
0.963000
-0.332000
-1.32400
-1.96100
-2.28500
-2.37100
-2.14800
-1.21700
-6.40000E-02
1.34700
2.47000
2.50100
1.95400
1.16500
0.406000
-0.165000
-0.519000
-0.691000
-0.651000
-0.636000
-0.575000
-0.423000
-0.347000
-0.226000
-0.105000
-5.90000E-02
1.20000E-02
0.214000
0.457000
0.568000
0.396000
0.179000
-3.00000E-03
-0.175000
-0.231000
-0.211000
-0.180000
-0.185000
-0.226000
-0.251000
-0.125000
0.133000
0.528000
1.01900
1.38800
1.61000
1.60000
1.35200
0.988000
0.614000
0.179000
-0.352000
-1.02000
-1.80900
-2.54800
-2.85100
-2.85700
-2.56800
-1.82500
-0.919000
5.20000E-02
0.953000
1.72200
2.37900
2.91600
3.05200
2.97100
2.65800
2.07600
1.30700
0.224000
-0.949000
-1.98600
-2.63400
-3.01300
-3.05400
-2.78100
-2.38600
-1.56700
-0.696000
0.305000
1.41300
2.20700
2.29800
1.94400
1.44900
0.993000
0.518000
7.30000E-02
-0.261000
-0.196000
-0.221000
-0.160000
3.20000E-02
0.275000
0.568000
0.766000
0.847000
0.806000
0.594000
0.245000
-0.191000
-0.737000
-1.28300
-1.60200
-1.66300
-1.54100
-1.01500
-0.201000
0.781000
1.83300
2.65200
2.97600
2.70300
1.90400
0.912000
9.30000E-02
-0.464000
-0.818000
-0.899000
-1.11600
-1.27800
-1.37900
-1.45500
-1.47500
-1.32400
-1.02000
-0.454000
0.346000
1.39300
2.36400
2.80400
2.44000
1.55000
0.508000
-0.454000
-1.15700
-1.50100
-1.34900
-1.16200
-0.727000
-0.110000
0.568000
1.20600
1.39300
1.04900
0.467000
-0.206000
-0.924000
-1.52600
-1.84000
-1.96600
-1.88500
-1.48100
-0.823000
4.70000E-02
1.10500
2.19700
3.01700
2.94600
1.85800
0.437000
-0.772000
-1.73900
-2.45700
-2.74000
-2.74000
-2.44700
-1.62200
-0.712000
8.80000E-02
0.619000
0.700000
0.538000
0.417000
0.396000
0.422000
0.442000
0.432000
0.346000
0.113000
-0.150000
-0.484000
-0.868000
-1.21200
-1.27800
-1.09600
-0.772000
-0.322000
0.376000
1.31700
1.97500
2.08100
1.63600
0.927000
0.153000
-0.595000
-1.20200
-1.50600
-1.56100
-1.59700
-1.52100
-1.19200
-0.777000
-0.261000
0.346000
1.06900
1.66100
2.18200
2.48600
2.54600
2.40000
2.09600
1.57000
0.750000
-0.266000
-1.29800
-2.00200
-2.55800
-2.91200
-3.01300
-2.81100
-2.29000
-1.23300
5.70000E-02
1.26600
2.18700
2.68300
2.83500
2.81400
2.58200
2.06600
1.49400
0.973000
0.432000
-0.211000
-0.818000
-1.47500
-1.83000
-2.14300
-2.30000
-2.27500
-1.95100
-1.42500
-0.808000
-5.90000E-02
0.690000
1.47400
2.25300
2.77900
2.75400
2.33900
1.61000
0.887000
0.184000
-0.423000
-0.934000
-1.01500
-1.00000
-0.939000
-0.808000
-0.626000
-0.469000
-0.388000
-0.307000
-0.261000
-0.221000
-6.90000E-02
0.194000
0.589000
0.988000
1.29200
1.42300
1.25600
0.740000
-0.140000
-1.06100
-1.57200
-1.67800
-1.44000
-0.990000
-0.226000
0.680000
1.33700
1.47900
1.23100
0.806000
0.361000
-3.00000E-03
-0.484000
-0.959000
-1.16200
-1.32400
-1.34400
-1.07600
-0.712000
-0.418000
-0.322000
-0.433000
-0.514000
-0.535000
-0.307000
3.70000E-02
0.447000
0.978000
1.42800
1.63100
1.60000
1.35700
1.00300
0.705000
0.341000
-0.271000
-1.08100
-1.80900
-2.40600
-2.75000
-2.83600
-2.85100
-2.58800
-1.94100
-1.05100
-9.90000E-02
0.912000
1.97500
2.97600
3.70000
4.32700
3.88700
2.07600
0.245000
-1.31900
-2.24900
-2.77600
-2.75000
-2.55800
-2.09300
-1.06100
-0.120000
0.629000
1.02900
0.968000
0.806000
0.457000
8.30000E-02
-0.292000
-0.646000
-0.818000
-0.808000
-0.550000
-0.226000
0.159000
0.518000
0.730000
1.09400
1.43300
1.59500
1.83800
1.95900
1.69600
1.29700
0.659000
-2.90000E-02
-0.646000
-1.11600
-1.48600
-1.72800
-1.91100
-2.01200
-2.02200
-1.79900
-1.43500
-1.01500
-0.519000
-4.40000E-02
0.396000
0.953000
1.51900
2.32400
3.03200
3.80100
4.36200
3.53300
1.42800
-0.555000
-2.23400
-3.36200
-4.11100
-4.19700
-4.03500
-3.37800
-2.34600
-0.752000
0.907000
2.36400
3.35600
3.39600
2.75400
1.87300
1.10500
0.406000
-0.206000
-0.681000
-0.712000
-0.696000
-0.838000
-0.737000
-0.484000
-3.90000E-02
0.381000
0.745000
0.993000
1.10500
1.07400
0.892000
0.583000
0.245000
3.70000E-02
1.70000E-02
0.128000
0.295000
0.427000
0.422000
0.260000
-5.40000E-02
-0.489000
-0.787000
-0.899000
-0.818000
-0.585000
-0.221000
0.159000
0.675000
1.31700
1.96400
2.37900
2.21700
1.51900
0.634000
-0.125000
-0.879000
-1.40500
-1.47500
-1.53600
-1.48100
-1.17700
-0.691000
-0.231000
0.123000
0.427000
0.831000
1.35200
1.63600
1.55500
1.06400
0.437000
-0.140000
-0.666000
-1.05100
-1.35900
-1.62200
-1.72800
-1.60700
-1.19200
-0.535000
0.234000
1.04900
1.79800
2.22800
2.13600
1.75200
1.11000
0.300000
-0.529000
-1.24800
-1.72800
-1.90000
-1.95100
-1.73900
-1.48100
-1.35900
-1.37900
-1.35900
-1.12100
-0.666000
-0.180000
0.113000
0.305000
0.482000
0.675000
0.912000
1.16500
1.45900
1.83800
2.00000
1.63600
0.629000
-0.646000
-1.91100
-2.91200
-3.57000
-3.80800
-3.74200
-3.33700
-2.62900
-1.42500
2.20000E-02
1.72200
3.41600
4.13500
4.01800
2.76400
1.18500
-0.211000
-1.35400
-2.16900
-2.69500
-2.79600
-2.74000
-2.27500
-1.31900
-0.383000
0.487000
1.21100
1.75200
2.14700
2.10600
1.76200
1.27700
0.791000
0.280000
-0.170000
-0.565000
-0.787000
-0.995000
-1.03000
-0.828000
-0.545000
-0.191000
0.174000
0.518000
0.669000
0.669000
0.604000
0.462000
0.325000
0.133000
5.20000E-02
8.30000E-02
0.275000
0.589000
0.907000
0.988000
0.781000
0.356000
-6.90000E-02
-0.383000
-0.509000
-0.524000
-0.287000
3.20000E-02
0.214000
0.356000
0.487000
0.548000
0.503000
0.341000
1.03000E-01
1.20000E-02
8.30000E-02
0.336000
0.811000
1.19100
1.31200
1.04900
0.528000
-0.110000
-0.868000
-1.58700
-2.15300
-2.46700
-2.38600
-1.82500
-1.05100
-0.130000
1.10500
2.79400
4.23100
5.04000
3.85600
2.03500
0.457000
-0.777000
-1.80400
-2.61400
-2.77600
-2.75000
-2.41100
-1.69800
-0.798000
5.20000E-02
0.811000
1.31700
1.61500
1.83800
1.98000
1.83300
1.32700
0.427000
-0.469000
-1.07100
-1.34900
-1.24800
-0.959000
-0.282000
0.568000
1.51400
2.22200
2.22800
1.82800
1.33700
0.801000
0.164000
-0.474000
-0.939000
-0.954000
-0.934000
-0.737000
-0.666000
-0.585000
-0.717000
-0.954000
-1.11100
-1.16200
-1.10100
-0.818000
-0.292000
0.366000
1.06900
1.59500
2.01500
2.37900
2.37900
2.02500
1.23600
0.224000
-0.787000
-1.64700
-2.22900
-2.49700
-2.67900
-2.67400
-2.42700
-2.02700
-1.52100
-1.00000
-0.352000
0.366000
1.13500
1.68100
2.08600
2.26300
2.36900
2.25800
1.90400
1.38800
0.649000
-0.105000
-0.949000
-1.73900
-2.53800
-3.18500
-3.52900
-3.66100
-3.54500
-3.01800
-2.20400
-0.939000
0.336000
1.82300
3.21400
3.82100
4.02800
3.47200
2.33900
1.14500
0.174000
-0.615000
-1.40000
-2.00700
-2.52800
-2.86200
-2.97300
-2.99300
-2.77600
-2.33000
-1.52100
-0.666000
0.285000
1.28700
2.24800
3.13800
3.70000
3.58300
2.85000
1.87300
0.750000
-0.454000
-1.47500
-2.20900
-2.56800
-2.79600
-2.73000
-2.27500
-1.31400
-0.206000
0.953000
1.95900
2.26300
2.15700
1.92900
1.51900
1.07400
0.604000
2.20000E-02
-0.580000
-0.899000
-1.34400
-1.67800
-1.76900
-1.51600
-1.15700
-0.590000
0.164000
0.963000
1.64100
2.08600
2.02000
1.53500
0.887000
0.346000
-8.00000E-03
-0.231000
-0.170000
-0.105000
-4.40000E-02
3.70000E-02
-3.90000E-02
-0.292000
-0.636000
-0.929000
-1.11100
-1.21700
-1.19200
-1.02500
-0.717000
-0.201000
0.457000
1.19100
1.83800
2.37400
2.57700
2.48000
2.15700
1.57000
0.710000
-0.145000
-1.01500
-1.78400
-2.26500
-2.61900
-2.77100
-2.79100
-2.53300
-1.78400
-0.853000
0.234000
1.40800
2.75400
4.03900
5.10100
5.06000
3.71000
2.23800
0.740000
-0.980000
-2.80100
-4.13100
-4.67800
-4.96100
-4.70300
-3.91400
-2.72000
-0.535000
1.27700
2.65200
3.57800
3.85600
3.84600
3.46200
2.46500
1.19100
0.118000
-0.610000
-1.33900
-1.78900
-2.08300
-2.36600
-2.39100
-2.33000
-2.22900
-1.75900
-1.29300
-0.858000
-0.388000
1.70000E-02
0.447000
1.12500
1.87300
2.48000
2.91600
2.93100
2.34400
1.29700
0.315000
-0.646000
-1.66800
-2.44700
-2.81600
-3.03400
-3.02300
-2.74000
-2.22400
-1.53600
-0.939000
-6.40000E-02
0.857000
1.83300
2.52100
2.74400
2.62200
2.24300
1.51400
0.563000
-0.489000
-1.48600
-2.06200
-2.28500
-2.37100
-2.38600
-2.14300
-1.64700
-1.21200
-0.707000
-8.00000E-03
0.887000
1.69600
2.28300
2.50100
2.52100
2.40500
2.12100
1.63600
0.766000
-0.337000
-1.48600
-2.46700
-3.09900
-3.28100
-3.14000
-2.58800
-1.49600
-0.191000
0.983000
1.92400
2.20200
2.10100
1.87300
1.61000
1.22600
0.740000
0.437000
0.260000
0.305000
0.366000
0.568000
0.781000
0.852000
0.624000
9.80000E-02
-0.550000
-1.17200
-1.61700
-1.93100
-2.03200
-1.94100
-1.63700
-1.13700
-0.246000
1.00300
2.43000
3.54300
3.83600
3.61900
2.70800
1.67100
0.761000
3.20000E-02
-0.636000
-1.35400
-1.88000
-2.36600
-2.61900
-2.75000
-2.70000
-2.28500
-1.50600
-0.833000
-0.261000
0.401000
1.24600
2.27800
3.11800
3.32000
2.95600
2.00000
0.933000
-5.90000E-02
-0.899000
-1.38400
-1.45500
-1.52100
-1.37900
-1.11600
-0.939000
-0.818000
-0.818000
-0.787000
-0.808000
-0.833000
-0.853000
-0.782000
-0.575000
-0.251000
0.164000
0.730000
1.06900
1.43300
1.67600
1.71200
1.83300
1.64100
1.23100
0.755000
0.300000
-8.40000E-02
-0.565000
-0.959000
-1.22300
-1.24300
-1.05600
-0.894000
-0.848000
-0.970000
-1.12100
-1.18200
-1.18200
-1.03000
-0.631000
-6.40000E-02
0.538000
1.18500
1.75200
2.12600
2.22200
2.06100
1.63600
0.963000
0.214000
-0.454000
-0.929000
-1.05100
-0.975000
-0.813000
-0.514000
-0.170000
-5.90000E-02
-0.211000
-0.504000
-0.833000
-1.07600
-1.23800
-1.21200
-1.06100
-0.838000
-0.565000
-0.302000
3.70000E-02
0.346000
0.690000
1.08400
1.50900
1.84300
1.77200
1.24600
0.503000
-8.40000E-02
-0.636000
-1.02000
-1.16200
-1.18200
-1.06100
-0.828000
-0.469000
-2.40000E-02
0.341000
0.518000
0.300000
-0.211000
-0.772000
-1.15200
-1.32400
-1.14200
-0.626000
0.275000
1.42800
2.42000
2.85000
2.17200
1.03400
-6.90000E-02
-1.04000
-1.78900
-2.22400
-2.24900
-1.88000
-1.07600
-1.30000E-02
1.09900
2.03500
2.45000
2.36400
1.87900
1.37300
0.973000
0.548000
0.113000
-0.443000
-0.970000
-1.66300
-2.16900
-2.49200
-2.54800
-2.22400
-1.28300
-0.241000
0.948000
2.17700
2.95100
3.02200
2.55100
1.52900
0.497000
-0.140000
-0.631000
-0.990000
-0.975000
-0.868000
-0.292000
0.336000
0.821000
0.821000
0.341000
-0.357000
-1.05600
-1.59700
-1.85000
-1.75900
-1.31400
-0.712000
0.138000
1.07900
2.03000
2.70300
2.92600
2.70300
2.26300
1.55500
0.624000
-0.322000
-1.22300
-1.89000
-2.35600
-2.60900
-2.69500
-2.67400
-2.32000
-1.71800
-1.06100
-0.191000
0.882000
2.28800
3.60400
4.19000
3.84600
2.88000
1.83300
0.781000
-0.393000
-1.78900
-2.93700
-3.54500
-3.88900
-3.83300
-3.44800
-2.55800
-1.22300
2.20000E-02
1.15000
2.20200
2.97100
3.49700
3.75500
3.41100
2.18700
0.872000
-0.221000
-1.23300
-2.20900
-2.74500
-3.39300
-3.52900
-3.33700
-2.69000
-1.52100
-0.206000
1.01900
2.21700
3.00700
3.33000
3.12800
2.45000
1.47400
0.604000
-6.40000E-02
-0.600000
-0.919000
-1.02000
-1.43500
-1.70800
-1.72300
-1.55600
-1.46000
-1.24300
-0.899000
-0.615000
-0.241000
0.179000
0.766000
1.55500
2.29800
2.80400
2.96600
2.73300
1.92400
0.907000
-0.125000
-1.05600
-1.70800
-2.09300
-2.36600
-2.41100
-2.29000
-2.04700
-1.63200
-1.30900
-0.818000
-0.271000
0.275000
0.847000
1.51400
2.23300
2.82400
3.02700
2.68300
1.76200
0.609000
-0.428000
-1.50100
-2.34600
-2.77100
-3.01300
-2.87700
-2.45200
-1.58200
-0.529000
0.629000
1.60000
2.08600
2.06600
1.61500
0.907000
0.315000
-0.271000
-0.777000
-1.14200
-1.21700
-1.09600
-0.782000
-0.514000
-0.271000
4.20000E-02
0.442000
0.907000
1.23100
1.40300
1.30700
1.02400
0.649000
0.260000
-0.165000
-0.747000
-1.40500
-1.95100
-2.22400
-2.27500
-1.84000
-0.909000
0.199000
1.28700
1.89400
1.92400
1.59500
1.13000
0.745000
0.452000
0.295000
0.255000
0.325000
0.406000
0.386000
2.00000E-03
-0.535000
-1.16200
-1.63700
-1.76900
-1.54600
-1.05600
-0.469000
0.174000
0.841000
1.51900
2.16200
2.40500
2.32400
1.99500
1.52900
0.750000
-0.180000
-1.07100
-1.74400
-2.24900
-2.55800
-2.40600
-1.98100
-1.23300
-0.180000
0.867000
1.71700
2.19700
2.07600
1.75200
1.23600
0.487000
-0.307000
-0.813000
-0.894000
-0.838000
-0.575000
-0.211000
5.70000E-02
0.245000
0.376000
0.406000
0.315000
0.174000
2.20000E-02
-0.105000
-0.266000
-0.403000
-0.474000
-0.514000
-0.524000
-0.454000
-0.307000
-1.90000E-02
0.341000
0.755000
1.08400
1.31700
1.47900
1.63600
1.75700
1.56500
0.933000
-0.130000
-1.38400
-2.37600
-3.00300
-3.34200
-3.38300
-2.97300
-2.01200
-0.423000
1.21600
2.93100
4.23100
4.59000
3.91700
2.64200
0.720000
-0.990000
-2.08300
-2.81100
-2.82100
-2.50700
-2.08300
-1.30300
-0.671000
-0.180000
0.118000
0.320000
0.508000
0.720000
0.973000
1.06400
0.872000
0.664000
0.553000
0.457000
0.518000
0.528000
0.558000
0.472000
0.391000
0.336000
0.123000
-0.110000
-0.342000
-0.590000
-0.813000
-1.00500
-1.16200
-1.20200
-1.21200
-1.09100
-0.818000
-0.469000
-0.206000
-1.90000E-02
7.30000E-02
0.336000
0.771000
1.32700
1.64100
1.52400
1.15500
0.781000
0.528000
0.467000
0.401000
0.310000
5.20000E-02
-0.514000
-1.18200
-1.88000
-2.33000
-2.64900
-2.78600
-2.59300
-2.08300
-0.909000
0.315000
1.43800
2.12100
2.28300
2.23800
2.06600
1.52900
0.973000
0.422000
-0.145000
-0.631000
-0.929000
-1.37400
-1.70800
-2.02200
-2.16900
-1.98100
-1.34400
-0.626000
0.143000
0.624000
0.786000
0.523000
0.209000
0.133000
0.371000
0.639000
0.882000
0.993000
0.948000
0.766000
0.396000
-6.90000E-02
-0.535000
-0.868000
-1.13100
-1.25800
-1.19700
-0.929000
-0.514000
-4.90000E-02
0.300000
0.624000
0.907000
1.05900
0.988000
0.710000
0.376000
0.133000
-3.90000E-02
-0.180000
-0.206000
-0.145000
-2.90000E-02
0.133000
0.356000
0.462000
0.437000
0.341000
0.260000
0.320000
0.538000
0.710000
0.801000
0.720000
0.401000
-6.40000E-02
-0.742000
-1.40500
-1.80900
-1.92100
-1.69800
-1.23800
-0.428000
0.821000
2.21200
3.16800
3.61400
3.36100
2.00500
0.381000
-0.868000
-1.60700
-2.06200
-1.85000
-1.43500
-0.833000
-0.165000
0.442000
0.740000
0.680000
0.568000
0.422000
9.80000E-02
-0.347000
-0.676000
-0.717000
-0.757000
-0.696000
-0.484000
-0.226000
-3.40000E-02
-1.90000E-02
7.80000E-02
0.457000
1.24600
2.09600
3.17900
4.00300
3.27000
1.55000
-0.312000
-1.84000
-2.88200
-3.56500
-3.70600
-3.78200
-3.46900
-2.81100
-1.60200
-0.251000
0.998000
1.94400
2.34400
2.35900
2.28800
2.21700
2.06600
1.89900
1.74700
1.61000
1.27700
0.659000
-0.393000
-1.40000
-2.06700
-2.53300
-2.79100
-2.80100
-2.32500
-1.43500
-0.347000
0.548000
1.25100
1.74700
1.99500
1.92400
1.65100
1.21600
0.675000
0.133000
-0.271000
-0.535000
-0.777000
-0.995000
-1.07600
-0.954000
-0.651000
-0.160000
0.406000
1.21600
1.96400
2.28800
1.87900
0.927000
-0.110000
-1.16200
-2.14300
-2.79100
-2.93200
-2.99300
-2.67400
-2.06700
-0.970000
0.153000
1.28700
2.16700
2.64700
2.44500
1.87300
1.08400
0.325000
-0.307000
-0.747000
-0.914000
-0.929000
-1.19200
-1.22300
-1.05100
-0.767000
-0.504000
-0.206000
2.20000E-02
0.113000
5.20000E-02
-0.170000
-0.504000
-0.712000
-0.712000
-0.580000
-0.352000
-0.110000
-6.90000E-02
-0.105000
-0.145000
-0.185000
-0.201000
1.03000E-01
0.629000
1.30700
1.62100
1.49400
1.13000
0.553000
-6.90000E-02
-0.747000
-1.41500
-1.94100
-2.29000
-2.40600
-2.04700
-1.35400
-0.535000
0.437000
1.43800
2.20700
2.32400
1.75200
0.998000
0.396000
5.20000E-02
-0.130000
-0.428000
-0.686000
-1.00000
-1.00000
-0.757000
-0.413000
7.30000E-02
0.624000
1.04900
1.31700
1.34700
1.15500
1.02400
1.03400
1.17000
1.25100
1.01900
0.255000
-0.777000
-1.87000
-2.62400
-2.95800
-2.95800
-2.58800
-1.95100
-0.737000
0.659000
2.16200
3.37600
4.08900
4.15000
3.35100
2.28800
1.07400
-3.90000E-02
-1.15200
-2.16900
-2.61900
-2.88200
-2.78100
-2.44700
-1.61700
-0.732000
0.239000
1.18000
1.59000
1.55000
1.36800
1.05400
0.543000
-3.40000E-02
-0.469000
-0.524000
-9.90000E-02
0.396000
0.948000
1.47400
1.84800
1.62600
0.852000
9.30000E-02
-0.454000
-0.939000
-1.35900
-1.71800
-2.04200
-2.21400
-2.26500
-2.12300
-1.50600
-0.712000
0.245000
1.22600
2.15700
2.71300
2.83500
2.69300
2.44500
1.95900
1.29200
0.528000
-0.332000
-1.29300
-2.00200
-2.65400
-2.97800
-3.07900
-2.98300
-2.60900
-1.91100
-0.793000
0.401000
1.94900
3.45200
3.97800
3.02700
1.83800
0.705000
-0.185000
-0.787000
-1.16200
-1.04000
-0.858000
-0.550000
-0.185000
0.159000
0.477000
0.761000
0.862000
0.872000
0.725000
0.361000
-0.191000
-0.838000
-1.39500
-1.75900
-1.91100
-1.70800
-1.15200
-0.241000
0.922000
2.35900
3.23900
3.21900
2.86000
2.14700
1.02400
-0.150000
-1.25300
-2.16300
-2.64900
-2.89200
-2.87200
-2.60900
-1.98100
-1.09100
-0.454000
0.153000
0.609000
0.933000
1.28700
1.68100
1.97500
2.02500
1.75700
1.18000
0.427000
-0.271000
-0.798000
-1.13100
-1.33900
-1.35900
-1.29300
-1.12100
-0.949000
-0.666000
-0.550000
-0.499000
-0.307000
-5.40000E-02
0.255000
0.624000
1.11000
1.55500
1.53500
1.13500
0.629000
0.133000
-0.302000
-0.550000
-0.565000
-0.691000
-0.959000
-1.14200
-1.25300
-1.13100
-0.853000
-0.449000
0.194000
1.06400
1.77200
1.98500
1.67600
1.13000
0.497000
-4.90000E-02
-0.535000
-0.787000
-0.793000
-0.873000
-0.929000
-0.980000
-0.990000
-0.939000
-0.813000
-0.681000
-0.489000
-0.160000
0.275000
0.669000
0.867000
0.953000
1.11500
1.33200
1.49900
1.63100
1.77200
1.71700
1.15000
0.148000
-1.02000
-2.03200
-2.78100
-3.33700
-3.53900
-3.45900
-3.00800
-2.30000
-1.02000
0.356000
1.78200
2.97100
3.65900
3.72500
2.91600
1.85800
0.841000
1.20000E-02
-0.545000
-0.995000
-1.09600
-1.33400
-1.42500
-1.30300
-1.06100
-0.615000
-2.90000E-02
0.462000
0.639000
0.497000
0.275000
6.20000E-02
-8.90000E-02
-0.226000
-0.302000
-0.241000
-3.90000E-02
3.20000E-02
-6.90000E-02
-0.185000
-0.105000
-6.40000E-02
-3.90000E-02
3.20000E-02
0.214000
0.386000
0.543000
0.750000
1.11000
1.49400
1.98500
2.27800
2.13600
1.43300
2.00000E-03
-1.60200
-2.89700
-3.68100
-4.17700
-4.33900
-3.95400
-3.32700
-2.04200
1.70000E-02
2.14200
3.67400
3.99800
3.76500
3.21400
2.44500
1.53500
0.745000
9.30000E-02
-0.555000
-0.848000
-1.07600
-1.40000
-1.56700
-1.62200
-1.48600
-1.29300
-1.18200
-0.970000
-0.590000
2.20000E-02
0.644000
1.10500
1.22600
1.15500
1.15500
1.23100
1.16000
1.07400
0.943000
0.821000
0.624000
0.356000
0.118000
-0.206000
-0.600000
-0.909000
-1.08100
-1.08100
-0.889000
-0.545000
-0.105000
0.401000
0.649000
0.649000
0.619000
0.624000
0.548000
0.568000
0.634000
0.457000
6.70000E-02
-0.413000
-0.787000
-0.949000
-0.934000
-0.712000
-0.504000
-0.150000
0.265000
0.781000
1.06400
0.892000
0.503000
9.80000E-02
-0.287000
-0.636000
-0.798000
-0.858000
-0.873000
-0.752000
-0.585000
-0.388000
-5.40000E-02
0.396000
0.801000
0.902000
0.806000
0.604000
0.411000
0.265000
5.20000E-02
-0.332000
-0.787000
-1.15700
-1.27800
-1.10600
-0.808000
-0.474000
8.30000E-02
0.867000
1.55500
1.79800
1.64100
1.06400
0.194000
-0.727000
-1.26300
-1.42000
-1.09100
-0.322000
0.725000
1.86300
2.08600
1.08400
-3.90000E-02
-1.01500
-1.83500
-2.35600
-2.42700
-2.29000
-1.72300
-0.954000
1.70000E-02
0.862000
1.55000
2.09600
2.37900
2.41000
2.38900
2.21200
1.78200
1.10500
0.376000
-0.423000
-1.19200
-2.00700
-2.52300
-2.82100
-3.00300
-3.01300
-2.97300
-2.64900
-1.98600
-0.889000
0.133000
1.18500
2.24300
3.26000
3.91700
4.14500
3.94200
3.28000
2.29800
1.26600
0.138000
-1.19700
-2.40600
-3.16000
-3.80300
-4.05500
-4.09600
-3.80300
-3.03400
-1.50100
0.143000
1.59000
2.78400
3.41100
3.39100
2.79400
1.92400
1.33700
1.04900
1.02400
1.10500
1.00300
0.568000
-0.226000
-1.23800
-1.93600
-2.45700
-2.82100
-2.99300
-2.93700
-2.49200
-1.50100
-0.226000
1.09900
2.31900
3.00700
3.28000
3.05200
2.10100
0.781000
-0.383000
-1.31400
-2.05200
-2.28500
-2.24900
-1.86500
-1.05100
-0.352000
0.153000
0.477000
0.624000
0.589000
0.422000
9.80000E-02
-0.196000
-0.271000
3.20000E-02
0.381000
0.664000
0.841000
0.988000
0.761000
0.325000
6.20000E-02
-0.145000
-0.509000
-0.757000
-0.899000
-1.18200
-1.47500
-1.52100
-1.34400
-0.914000
-0.352000
0.214000
0.882000
1.52900
2.04000
2.24300
2.02500
1.59000
0.801000
-0.180000
-0.959000
-1.40000
-1.62200
-1.72800
-1.57700
-1.08100
-0.535000
-7.40000E-02
6.20000E-02
3.70000E-02
-3.00000E-03
9.30000E-02
0.325000
0.568000
0.786000
0.988000
1.18000
1.26600
1.09400
0.528000
-0.302000
-1.11600
-1.67800
-1.86500
-1.83000
-1.64200
-1.19200
-0.403000
0.442000
1.31200
1.91400
2.07600
1.86300
1.37800
0.629000
-0.206000
-0.899000
-1.28300
-1.31400
-1.14200
-0.833000
-0.388000
9.80000E-02
0.533000
0.953000
1.08400
0.988000
0.669000
0.219000
-0.191000
-0.474000
-0.454000
-0.282000
9.80000E-02
0.624000
1.36800
1.93400
2.01500
1.51900
0.462000
-0.590000
-1.45500
-2.05700
-2.25500
-2.16300
-1.31900
-0.251000
0.948000
2.10100
2.96600
3.12800
2.62200
1.51900
0.351000
-0.550000
-1.38400
-1.98100
-2.17400
-2.38600
-2.29000
-1.80400
-1.09600
-0.211000
0.761000
1.82300
2.80900
3.09800
2.85000
2.07100
1.04400
0.133000
-0.626000
-1.25800
-1.54100
-1.56700
-1.32400
-0.990000
-0.666000
-0.261000
5.70000E-02
0.295000
0.594000
0.801000
0.948000
1.04400
1.00800
0.705000
0.143000
-0.332000
-0.671000
-0.929000
-1.07100
-1.14700
-1.04500
-0.717000
-0.312000
0.143000
0.791000
1.41300
1.59000
1.24600
0.690000
0.123000
-0.246000
-0.327000
-0.201000
0.108000
0.457000
0.831000
1.07400
1.02900
0.573000
-7.90000E-02
-0.858000
-1.66800
-2.33000
-2.69500
-2.80600
-2.67400
-2.09300
-0.990000
0.113000
1.25600
2.38400
3.17400
3.51200
3.41100
2.90500
2.24300
1.57500
0.892000
1.20000E-02
-1.08100
-2.11300
-3.03400
-3.74700
-4.09100
-4.19700
-3.95400
-3.42800
-2.38600
-0.858000
0.867000
2.57700
3.77600
4.51400
4.79200
4.22600
2.76900
1.26600
-0.110000
-1.42500
-2.53300
-3.09400
-3.42800
-3.59000
-3.34700
-2.97300
-2.48700
-1.72300
-0.975000
-0.120000
0.902000
2.11600
3.29500
3.79100
3.43700
2.52600
1.55000
0.214000
-1.22300
-2.61900
-3.49400
-3.80800
-3.95400
-3.71100
-3.00300
-1.70300
-0.206000
1.06400
1.99500
2.42000
2.36400
1.89900
1.26600
0.720000
0.371000
0.194000
1.03000E-01
0.179000
-0.221000
-0.853000
-1.26300
-1.63700
-1.81900
-1.75900
-1.46000
-1.05600
-0.676000
-0.332000
4.20000E-02
0.422000
0.745000
0.943000
0.933000
0.862000
0.821000
0.791000
0.948000
0.927000
0.639000
0.336000
0.214000
0.123000
-2.90000E-02
-0.423000
-0.889000
-1.14200
-1.23300
-1.14700
-0.813000
-0.388000
-0.191000
-2.90000E-02
0.315000
0.791000
1.21100
1.54500
1.66600
1.68100
1.55500
1.16000
0.609000
3.70000E-02
-0.524000
-0.949000
-1.15200
-1.11600
-0.914000
-0.545000
-0.292000
-4.90000E-02
0.315000
0.852000
1.35200
1.59000
1.65100
1.57000
1.15500
0.589000
2.70000E-02
-0.550000
-0.970000
-1.17200
-1.17200
-0.868000
-0.408000
0.138000
0.589000
1.01300
1.30700
1.51900
1.67600
1.61500
1.24600
0.659000
1.20000E-02
-0.585000
-0.995000
-1.31400
-1.43500
-1.26300
-0.909000
-0.388000
0.239000
0.811000
1.24600
1.45900
1.33700
1.02900
0.675000
0.285000
-0.130000
-0.504000
-0.696000
-0.686000
-0.418000
-7.40000E-02
0.194000
0.356000
0.583000
0.831000
0.943000
0.604000
4.20000E-02
-0.605000
-1.15200
-1.48100
-1.65300
-1.65800
-1.51600
-1.27300
-0.737000
-6.40000E-02
0.563000
1.27700
2.03500
2.59200
2.61200
2.16200
1.51400
0.740000
-8.00000E-03
-0.646000
-1.09600
-1.37900
-1.69800
-1.88000
-1.86000
-1.67800
-1.32400
-0.894000
-0.459000
3.20000E-02
0.629000
1.35200
1.83800
1.78200
1.26600
0.558000
-8.00000E-03
-0.575000
-0.914000
-0.873000
-0.676000
-0.373000
2.20000E-02
0.406000
0.806000
1.06900
1.13500
0.862000
0.300000
-0.241000
-0.772000
-1.32400
-1.72800
-1.97100
-2.18400
-2.27500
-1.98600
-1.32400
-0.565000
0.315000
1.36800
2.50100
3.52300
3.74000
3.16800
1.99500
0.548000
-0.793000
-1.98100
-2.89700
-3.36200
-3.73200
-3.61000
-3.18000
-2.53300
-1.29800
-3.40000E-02
0.963000
1.60000
1.89400
1.71700
1.32200
0.862000
0.518000
0.386000
0.341000
0.462000
0.543000
0.619000
0.538000
0.133000
-0.423000
-0.954000
-1.38900
-1.59700
-1.60700
-1.37400
-0.954000
-0.509000
4.70000E-02
0.528000
0.639000
0.336000
-6.40000E-02
-0.266000
-0.191000
9.30000E-02
0.558000
1.14500
1.77700
2.16700
1.89400
1.22600
0.447000
-0.226000
-0.853000
-1.33900
-1.48600
-1.48600
-1.34400
-1.23800
-1.11600
-0.787000
-0.464000
-8.00000E-03
0.558000
1.27700
1.92400
2.27800
2.13600
1.52900
0.730000
-4.40000E-02
-0.787000
-1.33900
-1.52600
-1.65800
-1.53600
-1.07100
-0.464000
0.245000
0.983000
1.75200
2.58200
3.10800
2.74900
1.57500
5.20000E-02
-1.43500
-2.52800
-3.22100
-3.32200
-2.97300
-1.85000
-0.160000
1.49900
2.89000
3.01200
2.43000
1.66100
1.06400
0.548000
6.20000E-02
-0.368000
-0.636000
-0.707000
-0.656000
-0.524000
-0.443000
-0.631000
-0.813000
-0.919000
-0.939000
-0.848000
-0.631000
-0.423000
-0.150000
9.30000E-02
0.265000
0.366000
0.518000
0.826000
1.10500
1.42800
1.67100
1.88400
1.97500
1.81800
1.31200
0.417000
-0.514000
-1.48600
-2.39100
-3.05900
-3.49400
-3.63100
-3.44800
-2.82100
-2.04700
-0.610000
0.826000
2.15700
3.39100
4.18500
4.29200
3.79100
2.49100
1.08400
3.20000E-02
-0.828000
-1.53600
-1.76400
-2.04200
-2.14300
-1.75900
-1.25300
-0.828000
-0.631000
-0.489000
-0.352000
-0.191000
-2.90000E-02
0.275000
0.826000
1.29700
1.63100
1.99500
1.94400
1.47400
0.649000
2.20000E-02
-0.514000
-0.777000
-0.747000
-0.545000
-0.337000
-0.110000
0.153000
0.325000
0.462000
0.563000
0.563000
0.417000
1.03000E-01
-0.347000
-0.833000
-1.10600
-1.32400
-1.13100
-0.696000
-2.90000E-02
0.786000
1.95900
2.94100
2.72300
1.70100
0.346000
-0.793000
-1.54100
-1.89000
-1.58700
-1.18200
-0.226000
0.887000
1.59000
1.54000
1.06400
0.447000
-8.00000E-03
-0.469000
-0.676000
-0.717000
-0.737000
-0.868000
-0.818000
-0.631000
-0.307000
-4.90000E-02
0.153000
0.477000
0.791000
0.907000
0.710000
0.437000
0.255000
0.143000
0.159000
0.280000
0.229000
-4.90000E-02
-0.347000
-0.550000
-0.691000
-0.787000
-0.823000
-0.777000
-0.686000
-0.545000
-0.408000
-0.317000
-2.90000E-02
0.234000
0.406000
0.503000
0.341000
8.30000E-02
-0.110000
-0.221000
-0.347000
-0.347000
-4.40000E-02
0.376000
0.801000
1.02400
1.02900
0.867000
0.513000
3.20000E-02
-0.575000
-1.15700
-1.61700
-1.84000
-1.97100
-2.02200
-1.92100
-1.52100
-1.10100
-0.550000
0.204000
1.18500
2.17700
2.93600
3.33500
2.95100
1.79300
0.336000
-0.798000
-1.52100
-1.90500
-1.69800
-1.35400
-0.808000
-0.282000
0.123000
0.219000
-6.40000E-02
-0.691000
-1.44500
-2.04700
-2.24900
-2.06700
-1.32400
-0.373000
0.680000
1.65100
2.34400
2.55100
2.35900
2.11600
1.88400
1.60000
1.07900
0.508000
-6.90000E-02
-0.595000
-1.09600
-1.40000
-1.70300
-2.06200
-2.42700
-2.63900
-2.63900
-2.40600
-1.90500
-1.24800
-0.514000
0.356000
1.23600
1.83800
2.20200
2.46000
2.82400
2.97600
3.03200
2.93600
2.25800
0.847000
-0.595000
-1.70800
-2.60900
-3.16000
-3.56000
-3.64100
-3.38800
-2.65900
-1.35400
-0.165000
0.619000
1.18500
1.50900
1.62100
1.79800
2.16200
2.45000
2.48000
2.15700
1.61000
1.11500
0.381000
-0.464000
-1.12100
-1.45500
-1.71800
-1.86500
-1.79900
-1.55600
-1.30300
-1.02000
-0.575000
-6.40000E-02
0.422000
1.00300
1.50900
1.78200
1.88400
1.71700
1.29700
0.771000
0.315000
4.20000E-02
-7.90000E-02
-1.90000E-02
0.108000
0.255000
0.356000
0.305000
0.138000
-0.302000
-0.980000
-1.64700
-2.05200
-2.16300
-1.48100
-0.327000
1.37300
3.61400
4.20000
2.91600
1.75700
0.826000
0.133000
-0.373000
-0.959000
-1.17200
-1.40000
-1.45500
-1.45500
-1.25300
-0.929000
-0.504000
-3.00000E-03
0.422000
0.862000
1.20600
1.37800
1.39800
1.47400
1.57500
1.57000
1.50900
1.31700
0.705000
-0.221000
-1.16200
-1.95100
-2.65900
-3.18500
-3.32700
-3.16000
-2.62900
-1.44500
-3.90000E-02
1.59500
4.12500
5.01500
3.80600
2.23800
0.659000
-0.605000
-1.60200
-2.41100
-2.60900
-2.64900
-2.45700
-1.88500
-1.07600
-0.261000
0.482000
1.12500
1.47900
1.44900
1.11000
0.604000
5.70000E-02
-0.474000
-0.899000
-1.07100
-1.27800
-1.52100
-1.70800
-1.70800
-1.52600
-1.17200
-0.666000
-0.105000
0.457000
1.16500
1.79300
2.31900
2.61200
2.52600
2.02000
1.13500
0.133000
-0.833000
-1.71800
-2.39100
-2.75500
-2.94300
-2.97300
-2.84100
-2.39600
-1.47500
-0.631000
0.179000
1.00300
1.68100
2.17700
2.33900
2.28300
2.06600
1.90400
1.63100
1.23600
0.801000
0.361000
-0.105000
-0.615000
-0.838000
-0.949000
-1.06100
-1.15700
-1.34900
-1.54600
-1.54600
-1.35400
-1.07100
-0.707000
-0.261000
0.118000
0.639000
1.28700
1.72200
2.18200
2.44500
2.40000
2.07600
1.61000
1.06400
0.518000
1.70000E-02
-0.550000
-1.00000
-1.39500
-1.79900
-2.07200
-2.14800
-2.00200
-1.48600
-0.838000
-8.90000E-02
0.649000
1.35200
1.71700
1.93400
1.91400
1.67100
1.09400
0.346000
-0.327000
-0.873000
-1.20200
-1.29300
-1.10100
-0.707000
-0.241000
0.199000
0.376000
0.174000
-0.271000
-0.696000
-0.954000
-0.975000
-0.535000
9.30000E-02
0.811000
1.39800
1.79800
1.89900
1.62600
1.08400
0.376000
-0.433000
-1.15700
-1.70800
-2.04200
-2.15300
-1.75900
-1.22300
-0.428000
0.583000
1.56000
2.07600
1.99500
1.52900
0.973000
0.427000
-5.40000E-02
-0.514000
-0.879000
-1.01000
-1.18700
-1.09600
-0.873000
-0.499000
-4.90000E-02
0.366000
0.872000
1.25100
1.31200
1.13000
0.892000
0.629000
0.467000
0.401000
0.341000
0.184000
-0.110000
-0.636000
-1.13700
-1.59700
-1.92600
-2.10300
-2.17400
-1.96100
-1.48100
-0.793000
0.204000
1.38800
2.21700
2.23800
1.70100
1.23100
1.04900
1.20600
1.59000
2.05600
2.28300
2.00500
1.08900
-0.352000
-1.93100
-3.32700
-4.20700
-4.69300
-4.98100
-4.65200
-3.96400
-3.02300
-1.25300
0.705000
2.49600
3.84600
4.65600
4.56500
3.89700
3.23400
2.50600
1.69600
0.801000
-0.211000
-1.45500
-2.63400
-3.62500
-4.27300
-4.31800
-4.08600
-3.56000
-2.60900
-0.980000
0.700000
2.17700
2.69300
2.53100
1.93400
1.23100
0.816000
0.740000
0.761000
0.867000
1.00800
0.983000
0.892000
0.862000
0.761000
0.386000
-0.287000
-0.909000
-1.38400
-1.63700
-1.67800
-1.63700
-1.48100
-1.11600
-0.555000
0.224000
1.15500
1.92400
2.32400
2.07600
1.48900
0.993000
0.543000
0.239000
0.239000
0.508000
0.669000
0.811000
0.801000
0.826000
0.664000
0.457000
0.305000
2.00000E-03
-0.626000
-1.44000
-2.06200
-2.16300
-2.08300
-1.49600
-0.737000
0.260000
1.44900
2.44000
3.12800
3.53800
3.28000
2.36400
1.10500
-0.271000
-1.45500
-2.29000
-2.57300
-2.59300
-2.43200
-1.97100
-1.08100
-0.180000
0.599000
1.25100
1.68100
1.91400
1.75200
1.39800
0.922000
0.427000
-5.40000E-02
-0.595000
-0.879000
-1.14200
-1.35400
-1.35400
-1.05600
-0.737000
-0.201000
0.255000
0.639000
0.791000
0.705000
0.472000
0.275000
0.174000
0.214000
0.275000
0.143000
-0.145000
-0.747000
-1.33900
-1.78900
-2.10300
-2.18400
-2.08300
-1.58200
-1.11100
-0.271000
0.841000
1.76200
1.96400
1.55500
0.988000
0.457000
8.80000E-02
-0.211000
-0.428000
-0.469000
-0.529000
-0.514000
-0.555000
-0.656000
-0.889000
-1.18200
-1.25800
-1.05100
-0.889000
-0.813000
-0.858000
-0.868000
-0.747000
-0.631000
-0.504000
-0.282000
1.03000E-01
0.872000
1.93400
2.91600
3.62900
3.69500
2.26300
0.457000
-1.05100
-2.24400
-3.22100
-3.62500
-3.82300
-3.65100
-3.14500
-2.49700
-1.55600
-0.691000
0.128000
0.943000
1.58000
2.04500
2.41000
2.64700
2.60700
2.38900
2.06100
1.61000
1.04400
0.315000
-0.266000
-0.646000
-0.838000
-1.05100
-1.40500
-1.54600
-1.52100
-1.54100
-1.50100
-1.42500
-1.30300
-1.09100
-0.727000
-0.180000
0.442000
1.29200
2.19700
2.92600
3.23900
3.17400
2.89000
2.44500
1.67100
0.518000
-0.686000
-1.76400
-2.53300
-3.01800
-3.03400
-2.43700
-1.03000
0.386000
1.60000
2.24300
2.08600
1.41300
0.619000
8.30000E-02
-0.130000
-0.261000
-0.145000
-7.90000E-02
-0.110000
3.20000E-02
0.194000
0.376000
0.624000
1.00800
1.31200
1.59000
1.97500
2.05600
1.64100
1.00300
0.386000
-0.307000
-1.01000
-1.34400
-1.30300
-1.13100
-0.914000
-0.631000
-0.251000
1.20000E-02
-4.90000E-02
-0.342000
-0.671000
-1.03000
-1.15700
-0.793000
-0.150000
0.700000
1.88400
3.41100
4.64600
4.39800
3.11300
1.42300
-0.211000
-1.53600
-2.50700
-3.22100
-3.44300
-3.56000
-3.27600
-2.70000
-1.66800
-0.646000
0.275000
1.23100
1.84800
1.83300
1.46900
1.03400
0.528000
1.70000E-02
-0.307000
-0.368000
-0.130000
-0.231000
-0.261000
-0.120000
2.20000E-02
5.70000E-02
2.00000E-03
4.20000E-02
0.164000
0.113000
-0.201000
-0.712000
-1.29800
-1.81400
-2.05200
-2.13300
-2.01200
-1.55600
-0.990000
-0.226000
0.553000
1.54500
2.53100
3.04700
3.07700
2.75400
2.16200
1.26600
3.70000E-02
-1.42500
-2.82100
-3.63100
-4.22700
-4.51100
-4.37400
-3.84300
-2.85100
-1.12100
0.963000
2.98600
4.06900
3.94200
3.17900
2.60700
2.06600
1.30700
0.406000
-0.332000
-0.873000
-1.33900
-2.05200
-2.49700
-2.60900
-2.65900
-2.76000
-2.50700
-1.66300
-0.813000
1.03000E-01
1.14500
2.13600
2.72300
2.68800
2.32400
1.83800
1.42800
1.13000
0.811000
0.457000
0.356000
-7.90000E-02
-0.691000
-1.11100
-1.45000
-1.71800
-1.77900
-1.57700
-1.10100
-0.631000
-0.145000
0.341000
0.781000
1.22600
1.66100
1.93400
1.94400
1.80300
1.63600
1.34200
0.927000
0.528000
0.305000
9.80000E-02
-0.160000
-0.570000
-0.904000
-1.06600
-1.02000
-0.879000
-0.595000
-0.266000
1.03000E-01
0.341000
0.609000
0.887000
1.04400
0.963000
0.690000
0.315000
6.20000E-02
2.20000E-02
0.260000
0.821000
1.60000
2.41000
2.89000
2.68800
1.51400
-0.185000
-1.60700
-2.53800
-3.22600
-3.40800
-3.45900
-3.14000
-2.75000
-2.00200
-0.818000
0.214000
1.16500
1.91900
2.36900
2.48600
2.38900
2.27800
2.17700
1.81300
1.14500
0.427000
-2.90000E-02
-0.403000
-0.939000
-1.38400
-1.60700
-1.93100
-2.19400
-2.37100
-2.46200
-2.36600
-2.05200
-1.68800
-1.38400
-1.05100
-0.575000
1.03000E-01
0.887000
1.69100
2.54100
3.12800
3.34000
3.05700
2.49100
1.62600
0.599000
-0.433000
-1.57700
-2.70000
-3.40800
-4.07100
-4.29300
-4.09100
-3.70100
-2.86200
-1.51600
7.30000E-02
1.80300
3.57800
4.06400
3.31500
2.06100
0.690000
-0.342000
-1.15200
-1.72300
-1.78400
-1.74400
-1.51600
-1.29300
-0.959000
-0.504000
1.03000E-01
0.912000
1.47400
1.53500
1.18500
0.700000
0.315000
-8.00000E-03
-0.337000
-0.793000
-1.23300
-1.68300
-1.98100
-2.09300
-1.66800
-1.04000
-0.449000
0.179000
1.05400
2.05600
2.35900
2.07600
1.44900
0.771000
0.199000
-0.180000
-0.529000
-0.535000
-0.524000
-0.423000
-0.180000
7.30000E-02
5.70000E-02
-0.226000
-0.590000
-0.767000
-0.879000
-0.848000
-0.631000
-0.297000
1.70000E-02
0.341000
0.988000
1.64100
2.19700
2.43000
2.45000
2.20700
1.57500
0.796000
4.20000E-02
-0.767000
-1.49600
-1.92100
-2.19400
-2.26500
-2.18900
-1.73900
-1.05600
-0.170000
0.862000
1.96400
2.71300
2.89000
2.55600
1.89900
1.20600
0.740000
0.265000
-0.266000
-0.631000
-0.833000
-0.924000
-0.787000
-0.535000
-0.221000
6.20000E-02
0.320000
0.589000
0.705000
0.583000
0.401000
0.234000
7.30000E-02
-2.90000E-02
-9.90000E-02
-0.185000
-0.226000
-4.40000E-02
0.265000
0.781000
1.29700
1.57000
1.47900
1.17000
0.806000
0.280000
-0.191000
-0.656000
-0.990000
-1.07100
-0.934000
-0.590000
-0.105000
0.411000
0.675000
0.761000
0.629000
0.341000
-0.125000
-0.671000
-0.975000
-1.08100
-1.06100
-0.676000
2.20000E-02
1.01300
2.00000
2.30300
2.02000
1.42800
0.700000
-5.90000E-02
-0.848000
-1.52100
-2.00700
-2.37100
-2.47200
-2.41600
-2.00200
-1.27300
-0.575000
0.179000
0.887000
1.40800
1.67100
1.82300
1.60000
1.14500
0.548000
-8.40000E-02
-0.671000
-1.03500
-1.25300
-1.46500
-1.58700
-1.43500
-1.07600
-0.686000
-0.266000
1.70000E-02
0.133000
5.20000E-02
-7.90000E-02
-0.241000
-0.464000
-0.712000
-0.863000
-0.838000
-0.555000
2.00000E-03
0.680000
1.27700
1.63600
1.65600
1.39300
0.821000
0.153000
-0.524000
-1.14200
-1.54600
-1.66300
-1.48600
-1.05600
-0.595000
-0.211000
2.20000E-02
2.00000E-03
-0.145000
-0.246000
-0.292000
-0.251000
-0.191000
-0.140000
-5.90000E-02
1.70000E-02
0.108000
0.255000
0.558000
0.973000
1.49900
2.06600
2.32400
2.06100
1.15000
-5.40000E-02
-1.28300
-2.28500
-2.99300
-3.25600
-3.36200
-3.19500
-2.73500
-1.72800
-0.494000
0.669000
1.69100
2.40500
3.01200
3.41600
3.58300
3.37100
2.24300
0.629000
-0.772000
-1.75900
-2.41100
-2.62400
-2.78100
-2.41600
-1.55600
-0.504000
0.563000
1.41800
1.70100
1.47400
0.943000
0.417000
6.20000E-02
-0.140000
-0.180000
0.138000
0.503000
1.18500
1.67100
1.79300
1.46900
1.12500
0.988000
0.831000
0.614000
0.366000
5.20000E-02
-0.413000
-0.899000
-1.31900
-1.50100
-1.40000
-1.15200
-0.798000
-0.393000
0.174000
0.750000
1.26600
1.53500
1.50900
1.38800
1.27700
1.12500
0.973000
0.867000
0.806000
0.644000
0.457000
9.30000E-02
-0.423000
-1.07600
-1.68300
-2.12800
-2.31000
-2.31000
-2.01200
-1.26300
-0.535000
0.138000
0.907000
1.75700
2.52100
2.57200
1.84300
0.948000
0.164000
-0.499000
-1.15700
-1.50100
-1.40500
-0.828000
-8.00000E-03
0.771000
1.45400
2.05000
2.15700
1.46900
0.265000
-1.14200
-2.40600
-3.32200
-3.74700
-3.91400
-3.64100
-2.89200
-1.30300
1.03400
4.07400
5.29800
4.85300
3.65400
2.47000
1.27100
9.80000E-02
-0.990000
-2.27000
-3.01800
-3.46900
-3.64100
-3.38800
-2.81100
-1.84000
-0.570000
0.675000
1.78200
2.35900
2.40000
2.20700
1.83800
1.41300
0.933000
0.376000
-0.170000
-0.899000
-1.60200
-2.16900
-2.35600
-2.14300
-1.32400
-0.332000
0.761000
1.71200
2.36400
2.48600
2.16200
1.59000
0.953000
0.315000
-0.282000
-0.939000
-1.59700
-2.08800
-2.57800
-2.80100
-2.95300
-2.69000
-1.96100
-0.631000
0.725000
2.05600
3.28000
4.01800
4.15000
3.13800
1.61000
2.20000E-02
-1.25300
-2.27500
-2.90200
-3.02300
-3.00300
-2.46700
-1.62200
-0.848000
-0.125000
0.497000
1.02400
1.32700
1.35700
1.27100
1.08900
0.745000
0.265000
-0.191000
-0.373000
-0.464000
-0.454000
-0.469000
-0.206000
0.179000
0.447000
0.720000
0.720000
0.548000
0.270000
-3.00000E-03
-0.221000
-0.443000
-0.560000
-0.585000
-0.615000
-0.752000
-0.793000
-0.914000
-0.777000
-0.555000
-0.251000
0.194000
0.882000
1.87900
2.97100
3.70500
3.67900
2.82400
1.63100
0.427000
-0.666000
-1.76400
-2.55300
-2.91700
-3.10400
-3.10400
-2.78100
-2.08800
-0.995000
-3.90000E-02
1.04900
2.31400
3.45200
4.16000
4.30200
4.03900
3.35100
2.28300
0.953000
-0.393000
-1.72800
-2.69000
-3.09400
-3.46400
-3.54500
-3.46400
-3.03900
-2.42700
-1.36400
-0.322000
0.664000
1.55500
2.32400
2.93100
3.13800
3.14300
2.88500
2.42000
1.68600
0.685000
-0.307000
-1.19700
-2.02200
-2.74000
-3.31700
-3.62000
-3.64100
-3.36200
-2.85700
-2.18900
-1.26300
-0.524000
0.255000
1.05400
1.82300
2.44500
2.99100
3.16800
3.02700
2.44000
1.55000
0.503000
-0.529000
-1.46000
-2.19400
-2.63900
-3.02300
-3.23600
-3.24100
-2.96300
-2.45200
-1.32900
-0.226000
0.538000
1.04400
1.43800
1.73200
1.80300
1.67600
1.53500
1.42800
1.21600
0.852000
0.245000
-0.347000
-0.752000
-0.894000
-0.803000
-0.757000
-0.889000
-1.02000
-0.889000
-0.914000
-1.07600
-1.17200
-1.03500
-0.661000
-0.221000
0.275000
0.872000
1.29700
1.41300
1.23100
0.912000
0.720000
0.841000
1.21600
1.60000
1.95900
1.89900
1.31200
0.214000
-1.03000
-2.13300
-2.87200
-3.13500
-3.12500
-2.73500
-1.76400
-0.489000
0.740000
1.69100
2.17700
2.21700
2.20200
2.04000
1.66100
1.09400
0.513000
8.30000E-02
-0.312000
-0.696000
-1.07600
-1.02500
-0.757000
-0.302000
5.20000E-02
9.30000E-02
-1.90000E-02
-8.00000E-03
6.20000E-02
7.80000E-02
-2.90000E-02
-0.282000
-0.595000
-0.889000
-1.19700
-1.40000
-1.17700
-0.641000
2.20000E-02
0.710000
1.59000
2.43000
2.97100
2.85500
2.22200
1.46400
0.801000
0.133000
-0.545000
-1.18200
-1.48100
-1.88000
-2.15800
-2.37600
-2.31500
-2.02200
-1.50600
-0.707000
0.432000
1.65600
2.68300
2.88500
1.89400
0.548000
-0.428000
-0.853000
-0.752000
3.70000E-02
1.07400
2.11600
2.78400
2.71800
2.16200
1.26600
0.341000
-0.514000
-1.26300
-1.96100
-2.47700
-2.99300
-3.12000
-2.97800
-2.36600
-1.19200
0.133000
1.77200
3.34000
3.78600
3.49700
2.64700
1.90900
1.26600
0.700000
4.20000E-02
-0.727000
-1.41500
-2.00700
-2.57300
-2.78100
-2.63900
-2.19400
-1.17200
-8.00000E-03
1.26100
2.22800
2.37400
2.06600
1.42800
0.720000
1.03000E-01
-0.388000
-0.934000
-1.29800
-1.62200
-1.59700
-1.62700
-1.49600
-0.939000
-0.145000
0.786000
1.68100
2.37400
2.35900
1.65100
0.589000
-0.494000
-1.35400
-1.92600
-2.19900
-2.53800
-2.65900
-2.36600
-1.55600
-0.787000
-3.00000E-03
0.745000
1.45400
1.99500
2.24800
2.01500
1.41800
0.786000
0.224000
-0.266000
-0.793000
-1.01000
-1.08100
-0.949000
-0.848000
-0.747000
-0.752000
-0.863000
-0.838000
-0.646000
-0.393000
-0.211000
-0.282000
-0.383000
-0.287000
-0.196000
-0.206000
-0.287000
-0.211000
9.30000E-02
0.447000
0.841000
1.39800
2.12100
2.79400
3.10800
2.64200
0.417000
-1.48100
-2.83100
-3.76700
-4.21200
-3.96400
-3.36700
-2.53800
-0.879000
1.05400
3.05200
4.10400
4.01300
2.88500
1.59000
0.336000
-0.717000
-1.55600
-2.11300
-2.16900
-2.00700
-1.44000
-0.808000
-1.90000E-02
0.872000
1.71700
2.16200
2.28800
1.87900
1.16500
0.417000
-0.282000
-0.939000
-1.09100
-0.954000
-0.489000
0.331000
1.10500
1.33700
1.09400
0.503000
-0.185000
-0.894000
-1.57700
-2.10300
-2.33500
-2.32500
-2.06200
-1.19700
-6.40000E-02
1.54000
3.79600
7.04900
5.27300
3.11800
1.16500
-0.590000
-1.98600
-2.97800
-3.40800
-3.55000
-3.31700
-2.75000
-1.88000
-0.752000
0.159000
0.988000
1.64600
2.09600
2.16700
1.86300
1.32700
0.664000
0.128000
-0.130000
-7.90000E-02
-9.90000E-02
-0.413000
-0.413000
-0.206000
3.70000E-02
0.128000
0.245000
0.457000
0.659000
0.690000
0.624000
0.401000
0.239000
8.30000E-02
-4.40000E-02
-0.271000
-0.342000
-0.373000
-0.373000
-0.469000
-0.499000
-0.322000
-3.90000E-02
0.133000
0.224000
0.184000
0.462000
0.953000
1.31200
1.41800
1.24600
0.852000
0.366000
-0.251000
-0.813000
-1.11600
-1.47500
-1.64700
-1.48600
-1.20200
-0.575000
0.219000
0.988000
1.89900
2.74400
3.23900
3.29000
2.66300
1.28700
-0.302000
-1.71800
-2.79600
-3.59000
-4.04500
-4.17700
-3.89400
-3.05900
-1.52100
0.462000
2.56600
4.45300
5.10100
3.88700
2.35900
0.993000
-5.90000E-02
-0.894000
-1.43500
-1.43500
-1.44500
-1.42500
-1.15200
-0.787000
-0.469000
-0.297000
-0.191000
-0.110000
-2.90000E-02
2.20000E-02
-7.90000E-02
-0.266000
-0.403000
-0.388000
-0.266000
-1.90000E-02
0.214000
0.518000
0.811000
0.791000
0.543000
0.260000
6.70000E-02
4.20000E-02
-8.00000E-03
-0.231000
-0.454000
-0.671000
-0.828000
-0.732000
-0.540000
-0.535000
-0.595000
-0.671000
-0.868000
-0.707000
-0.327000
0.179000
0.766000
1.12500
1.18500
1.11500
0.852000
0.305000
-0.428000
-1.08600
-1.40500
-1.56700
-1.58700
-1.41500
-1.07100
-0.423000
0.467000
1.33200
1.79300
1.79300
1.40800
0.841000
0.315000
-0.160000
-0.524000
-0.686000
-0.818000
-0.777000
-0.666000
-0.666000
-0.524000
-0.347000
-0.165000
-0.180000
-0.373000
-0.605000
-0.671000
-0.565000
-0.221000
0.265000
0.892000
1.42800
1.86300
2.15700
2.13600
1.78200
1.17500
0.467000
-0.266000
-1.09600
-1.85500
-2.46700
-2.83100
-3.04400
-2.93200
-2.42700
-1.37900
-0.246000
0.862000
1.99500
3.02700
3.51200
3.26000
2.55600
1.57000
0.594000
-0.130000
-0.595000
-0.686000
-0.565000
-0.605000
-0.504000
-0.524000
-0.545000
-0.585000
-0.757000
-0.787000
-0.717000
-0.727000
-0.651000
-0.307000
0.133000
0.619000
1.10500
1.46900
1.46900
1.28700
1.11000
0.953000
0.831000
0.781000
0.831000
0.801000
0.275000
-0.605000
-1.67800
-2.49200
-2.91700
-3.07900
-2.79600
-2.02200
-0.646000
1.18500
3.83600
4.16500
2.99100
1.87900
0.922000
0.234000
-0.433000
-1.08100
-1.13100
-1.07100
-0.975000
-0.873000
-0.980000
-1.14200
-1.28300
-1.31400
-1.09100
-0.494000
0.239000
0.938000
1.42800
1.78700
1.91400
1.87300
1.80300
1.56000
1.19100
0.442000
-0.418000
-1.37900
-2.07200
-2.49700
-2.63900
-2.51800
-2.04200
-1.23300
-0.423000
0.497000
1.29700
1.75200
1.96400
1.84300
1.56500
1.08900
0.563000
0.118000
-0.231000
-0.474000
-0.717000
-0.777000
-0.626000
-0.226000
0.159000
0.452000
0.427000
0.194000
3.20000E-02
-0.120000
-0.302000
-0.509000
-0.570000
-0.499000
-0.393000
-0.251000
-0.130000
0.164000
0.467000
0.649000
0.604000
0.482000
0.351000
5.20000E-02
-0.332000
-0.504000
-0.443000
-0.226000
-0.140000
0.138000
0.720000
1.23600
1.46900
1.36800
0.912000
0.219000
-0.469000
-1.03000
-1.49600
-1.73900
-1.80900
-1.73900
-1.49600
-0.970000
-0.449000
-3.90000E-02
0.341000
0.781000
1.30700
1.64100
1.68100
1.55500
1.28200
0.887000
0.315000
-0.292000
-0.767000
-1.10100
-1.29300
-1.31400
-1.15200
-0.954000
-0.727000
-0.363000
9.30000E-02
0.487000
0.750000
0.791000
0.629000
0.320000
-6.40000E-02
-0.545000
-0.970000
-1.18200
-1.07100
-0.585000
0.346000
1.67600
3.53800
2.72300
1.09400
-0.231000
-1.18200
-1.75900
-2.12800
-2.04700
-1.52100
-0.904000
-0.388000
9.30000E-02
0.427000
0.624000
0.685000
0.826000
1.03400
1.29200
1.61500
1.75200
1.60000
1.34700
0.892000
0.300000
-0.423000
-1.29800
-2.04700
-2.59900
-2.90200
-2.94300
-2.48700
-1.54600
-0.484000
0.563000
1.63600
2.74900
3.28000
3.18900
2.54100
1.72200
0.948000
0.184000
-0.610000
-1.29800
-1.68300
-2.06200
-2.25500
-2.24400
-1.73900
-0.949000
-3.00000E-03
1.00800
1.89900
2.25800
1.98500
1.30700
0.467000
-0.454000
-1.27800
-1.86500
-2.10800
-2.26500
-2.13300
-1.25300
-0.241000
0.841000
2.00000
2.93100
3.19900
2.79900
1.95400
0.963000
6.20000E-02
-0.626000
-1.21700
-1.49600
-1.80900
-2.13300
-2.27500
-2.36600
-2.39600
-2.16300
-1.51600
-0.873000
-0.165000
0.518000
1.26600
2.07600
2.62200
2.66300
2.24800
1.73700
1.31700
0.933000
0.310000
-0.403000
-0.970000
-1.42500
-1.64200
-1.87000
-2.12300
-2.27000
-2.20900
-1.94600
-1.36400
-0.575000
0.396000
1.48900
2.69300
3.37600
2.93600
1.85800
0.599000
-0.332000
-1.06100
-1.55600
-1.66800
-1.64200
-1.21700
-0.550000
0.133000
0.841000
1.46900
2.01500
2.24800
1.72200
0.589000
-0.524000
-1.33400
-1.80900
-1.97100
-2.06200
-1.72300
-0.939000
0.310000
1.37300
2.28800
2.70300
2.42000
1.87300
1.23600
0.639000
8.30000E-02
-0.489000
-1.02500
-1.44000
-1.74900
-1.74900
-1.46500
-0.848000
-3.90000E-02
0.583000
0.806000
0.583000
0.245000
2.20000E-02
-0.130000
-8.00000E-03
0.386000
0.953000
1.25100
1.26600
1.01300
0.563000
7.30000E-02
-0.261000
-0.484000
-0.535000
-0.428000
-0.337000
-0.327000
-0.408000
-0.524000
-0.666000
-0.696000
-0.545000
-0.140000
0.462000
0.968000
1.08900
0.943000
0.781000
0.487000
0.234000
1.03000E-01
1.03000E-01
5.70000E-02
-1.90000E-02
5.20000E-02
0.214000
0.396000
0.508000
0.467000
0.366000
0.118000
-0.368000
-0.843000
-1.04500
-0.980000
-0.727000
-0.312000
0.194000
0.705000
1.02900
1.09400
1.06900
1.07400
1.08400
0.862000
0.315000
-0.221000
-0.712000
-1.05600
-1.32400
-1.42500
-1.44500
-1.31400
-0.990000
-0.454000
0.184000
0.867000
1.39300
1.66100
1.72200
1.59000
1.27700
0.852000
0.406000
-9.90000E-02
-0.742000
-1.32400
-1.78400
-2.09300
-2.26500
-2.29500
-2.12800
-1.55600
-0.914000
-0.125000
0.619000
1.26600
1.67100
2.07600
2.36900
2.64700
2.50100
1.81800
0.811000
-0.191000
-1.00000
-1.65800
-2.11300
-2.42700
-2.49200
-2.37100
-2.04700
-1.55100
-1.13100
-0.696000
-0.271000
9.30000E-02
0.396000
0.680000
0.988000
1.61500
2.85000
5.53100
5.17200
3.18900
1.27100
-0.464000
-1.92100
-3.38300
-4.35400
-4.37400
-4.27300
-3.77200
-3.06400
-1.79900
-0.550000
0.300000
1.29200
2.14700
2.67800
2.77400
2.55100
1.87300
1.01300
0.305000
-5.90000E-02
-0.363000
-0.545000
-0.373000
-0.332000
-8.00000E-03
9.30000E-02
7.30000E-02
0.153000
0.300000
0.280000
0.123000
-0.352000
-0.889000
-1.43500
-1.88000
-2.08800
-1.70300
-1.19700
-0.519000
5.20000E-02
0.589000
1.06400
1.36800
1.50900
1.43800
1.25100
0.927000
0.528000
0.174000
-0.160000
-0.514000
-0.848000
-1.07600
-1.11100
-1.11600
-1.19200
-1.00500
-0.595000
-0.170000
0.214000
0.771000
1.31700
1.67600
1.56000
1.03900
0.325000
-0.302000
-0.879000
-1.36400
-1.68800
-2.06200
-2.08800
-1.50100
-0.793000
-3.00000E-03
0.781000
1.61000
2.32900
2.68300
2.64700
2.24300
1.63600
0.826000
-4.40000E-02
-0.742000
-1.26800
-1.69800
-2.07200
-2.20400
-2.32500
-2.45200
-2.29000
-1.55600
-0.767000
9.30000E-02
1.05400
1.99500
2.80400
3.27000
3.17400
2.65200
1.81800
0.943000
0.265000
-0.322000
-0.959000
-1.37400
-1.85000
-2.00200
-1.98600
-1.64200
-1.29800
-0.894000
-0.474000
-8.00000E-03
0.325000
0.720000
1.09400
1.25100
1.19100
0.993000
0.841000
0.821000
0.953000
1.08400
1.06400
0.852000
0.583000
0.179000
-0.352000
-0.929000
-1.43500
-1.73900
-1.76900
-1.59700
-1.37400
-1.13100
-0.853000
-0.570000
-0.271000
7.30000E-02
0.417000
0.781000
1.15000
1.52900
1.85800
2.08600
2.14200
1.94400
1.57000
0.983000
0.113000
-0.919000
-1.83000
-2.43200
-2.81600
-3.03900
-3.08400
-2.86200
-2.29500
-1.50600
-0.646000
0.411000
1.69100
3.01200
3.88700
4.01800
3.35600
2.21700
1.04400
0.113000
-0.494000
-0.949000
-0.954000
-1.02500
-0.985000
-0.767000
-0.565000
-0.524000
-0.656000
-0.879000
-1.07600
-1.15700
-1.15200
-1.00500
-0.545000
0.255000
1.32700
2.59200
3.56300
3.74500
2.85500
1.64100
0.745000
-3.00000E-03
-0.550000
-0.798000
-0.656000
-0.595000
-0.595000
-0.747000
-0.995000
-1.25800
-1.46000
-1.48600
-1.36400
-1.08100
-0.555000
0.174000
0.841000
1.39800
1.89900
2.26300
2.36400
2.23800
1.68100
0.963000
0.234000
-0.474000
-1.18200
-1.61700
-1.96600
-2.12800
-2.00200
-1.49100
-0.954000
-0.312000
0.234000
0.548000
0.558000
0.406000
0.138000
-0.206000
-0.438000
-0.484000
-0.595000
-0.605000
-0.363000
1.20000E-02
0.346000
0.745000
1.06900
1.23100
1.13000
0.852000
0.457000
7.30000E-02
-0.403000
-0.954000
-1.49600
-1.92600
-2.20900
-2.31000
-2.30500
-2.19400
-1.70800
-1.02000
-0.160000
0.841000
1.79800
2.28300
2.44500
2.32900
1.90400
1.26600
0.528000
-0.110000
-0.636000
-0.995000
-1.32400
-1.75900
-2.06200
-2.26500
-2.27500
-2.02200
-1.33400
-0.373000
0.953000
2.36400
2.68800
1.93900
0.847000
-0.110000
-0.656000
-0.980000
-1.11600
-0.995000
-0.752000
-0.226000
0.442000
1.07400
1.40800
1.28700
0.902000
0.437000
7.30000E-02
-0.125000
-0.226000
-0.357000
-0.514000
-0.605000
-0.615000
-0.626000
-0.575000
-0.555000
-0.529000
-0.428000
-0.201000
0.189000
0.755000
1.42800
2.14700
2.57200
2.60700
2.16700
1.25600
3.70000E-02
-1.21200
-2.18400
-2.96300
-3.31700
-3.44800
-3.30700
-2.77100
-1.76400
-0.246000
1.34700
2.59700
3.16800
3.29000
3.02700
2.71300
2.48600
2.24300
2.18200
1.33200
-0.373000
-2.13300
-3.34700
-4.14600
-4.59200
-4.58200
-4.06600
-3.37800
-2.14300
-0.271000
1.77200
3.81600
5.29300
5.58700
4.99500
3.75000
2.31400
0.730000
-0.403000
-1.19200
-1.92600
-2.16900
-2.32500
-2.31000
-1.98600
-1.41500
-1.00000
-0.555000
3.20000E-02
0.578000
1.02900
1.51900
1.83800
1.90900
1.84300
1.58000
1.42800
1.10500
0.690000
0.386000
0.219000
-6.40000E-02
-0.191000
-0.251000
-0.312000
-0.464000
-0.595000
-0.777000
-0.793000
-0.747000
-0.732000
-0.565000
-0.352000
5.20000E-02
0.295000
0.396000
0.482000
0.442000
0.462000
0.472000
0.356000
0.255000
0.164000
6.20000E-02
-0.211000
-0.428000
-0.428000
-0.287000
-0.160000
-4.90000E-02
0.113000
0.386000
0.589000
0.669000
0.523000
0.194000
-0.206000
-0.676000
-1.14200
-1.45500
-1.54600
-1.56100
-1.59700
-1.58200
-1.27800
-0.757000
-0.297000
5.20000E-02
0.497000
0.993000
1.45900
2.04500
2.50600
2.44500
1.82800
0.811000
-0.150000
-1.02000
-1.73900
-2.29000
-2.60900
-2.75500
-2.62900
-2.29500
-1.60700
-0.889000
-0.191000
0.568000
1.31700
1.73700
1.93900
1.82800
1.61500
1.25600
0.821000
0.396000
9.30000E-02
-0.261000
-0.509000
-0.873000
-1.17700
-1.38400
-1.40500
-1.48600
-1.51600
-1.25300
-0.858000
-0.383000
0.179000
0.806000
1.41800
1.97500
2.32900
2.49100
2.60700
2.36900
1.73700
0.730000
-0.332000
-1.45500
-2.37600
-2.87200
-3.36700
-3.52900
-3.27100
-2.69500
-1.62700
-0.393000
0.821000
1.89400
2.72300
3.01200
2.90000
2.55600
2.17200
1.79300
1.42800
1.13500
0.872000
0.523000
7.80000E-02
-0.540000
-1.38400
-2.10800
-2.72000
-3.20600
-3.44800
-3.38300
-3.05400
-2.30500
-0.944000
0.336000
1.73200
2.89500
3.52300
3.57800
3.30000
2.72800
2.04500
1.33200
0.659000
1.20000E-02
-0.727000
-1.48100
-2.16300
-2.85700
-3.22100
-3.45900
-3.35700
-2.80100
-1.83000
-0.565000
0.806000
2.48600
3.92200
4.25100
3.37100
2.05600
0.771000
-0.302000
-1.09100
-1.84000
-2.04200
-2.05200
-1.64700
-1.36400
-0.909000
-0.464000
0.138000
0.796000
1.45400
2.02500
2.38900
2.48000
2.44000
2.07600
1.39800
0.750000
7.80000E-02
-0.631000
-1.36400
-2.17400
-2.64900
-2.83100
-2.88200
-2.49200
-1.66300
-0.686000
0.341000
1.30700
2.17700
2.61200
2.51100
2.16200
1.65600
1.09400
0.599000
0.153000
-7.90000E-02
-2.90000E-02
-0.221000
-0.428000
-0.712000
-1.30300
-1.91100
-2.45700
-2.80100
-2.87200
-2.49200
-1.70300
-0.944000
-0.155000
0.821000
1.71200
2.24800
2.28300
1.80300
1.13000
0.583000
0.133000
-0.221000
-0.433000
-0.433000
-0.555000
-0.484000
-0.449000
-0.550000
-0.838000
-1.20200
-1.50600
-1.57700
-1.31400
-0.949000
-0.671000
-0.327000
0.174000
0.376000
0.336000
0.386000
0.462000
0.462000
0.346000
0.295000
0.351000
0.376000
0.366000
0.417000
0.508000
0.568000
0.366000
-0.145000
-0.767000
-1.26300
-1.78900
-2.10300
-2.18900
-2.16900
-1.53600
-0.661000
0.467000
1.71200
2.86500
3.39100
3.10800
2.12600
0.988000
-3.40000E-02
-0.894000
-1.48600
-1.58700
-1.52600
-1.16200
-0.590000
-2.90000E-02
0.624000
1.29200
1.79800
1.98000
1.55000
0.619000
-0.363000
-1.14200
-1.64200
-1.76400
-1.55600
-0.914000
4.20000E-02
1.06400
1.80300
1.89400
1.56000
1.23600
1.00800
0.988000
0.973000
0.821000
0.568000
0.143000
-0.322000
-0.509000
-0.550000
-0.529000
-0.595000
-0.605000
-0.555000
-0.454000
-0.241000
3.20000E-02
0.320000
0.563000
0.654000
0.690000
0.619000
0.477000
0.356000
0.422000
0.604000
0.771000
0.781000
0.659000
0.477000
0.255000
6.20000E-02
-5.90000E-02
-0.226000
-0.524000
-0.737000
-0.757000
-0.656000
-0.514000
-0.322000
-0.266000
-0.125000
9.80000E-02
0.295000
0.457000
0.720000
0.933000
1.15000
1.25600
1.21100
1.00800
0.781000
0.518000
0.295000
0.113000
-8.90000E-02
-0.327000
-0.646000
-1.00000
-1.31400
-1.56700
-1.70800
-1.72300
-1.53600
-0.949000
-8.40000E-02
1.00800
2.49100
5.41500
4.09900
2.13600
0.406000
-0.954000
-2.00700
-2.61900
-2.71000
-2.45700
-1.69800
-0.919000
-9.90000E-02
0.725000
1.43300
1.82300
1.83300
1.47900
0.862000
0.143000
-0.509000
-1.31900
-2.14300
-2.78100
-3.02300
-2.72000
-2.39600
-1.57700
-0.388000
0.988000
2.55600
3.76500
4.14000
3.48700
2.05600
0.325000
-1.23300
-2.48200
-3.31700
-3.67600
-3.88300
-3.90400
-3.44800
-2.72000
-1.79900
-0.691000
0.664000
2.13100
3.00700
3.31000
3.05700
2.30800
1.19600
8.30000E-02
-0.823000
-1.75900
-2.43200
-2.87200
-3.11500
-3.03400
-2.69000
-2.14300
-1.23300
-0.251000
0.882000
1.85300
2.48000
2.78400
2.59200
1.95900
1.17000
0.447000
-0.332000
-1.02000
-1.21200
-1.40000
-1.27800
-0.975000
-0.570000
-0.302000
-0.342000
-0.666000
-0.970000
-1.03500
-1.15700
-1.13100
-0.848000
-0.352000
0.275000
0.953000
1.55500
2.04000
2.41000
2.47000
2.13600
1.42800
0.750000
0.265000
3.70000E-02
-0.185000
-0.469000
-0.646000
-0.757000
-0.818000
-0.808000
-0.727000
-0.833000
-1.01500
-1.06100
-1.04000
-0.868000
-0.484000
8.30000E-02
0.882000
1.95900
2.74900
3.13800
3.04700
2.57200
1.92400
1.19100
0.442000
-3.90000E-02
-0.428000
-0.595000
-0.879000
-1.14200
-1.44500
-1.51600
-1.35400
-1.07600
-0.732000
-0.160000
0.437000
0.882000
1.21600
1.57000
1.83800
1.95900
1.86300
1.61500
1.34700
1.03400
0.669000
0.300000
0.138000
9.80000E-02
5.70000E-02
1.20000E-02
-0.221000
-0.666000
-1.07100
-1.38400
-1.64200
-1.90500
-2.02700
-1.68800
-1.17200
-0.484000
0.447000
1.83800
3.47700
4.59000
4.64100
3.55300
2.03500
0.356000
-1.06100
-2.20900
-3.12000
-3.47900
-3.51900
-3.10400
-2.37600
-1.38400
-0.535000
0.224000
0.710000
0.892000
0.882000
0.750000
0.629000
0.730000
0.988000
1.39800
2.00000
2.46500
2.45000
1.94400
1.16500
0.315000
-0.590000
-1.44000
-2.18400
-2.66900
-3.03900
-3.22600
-3.28700
-2.99300
-2.27000
-1.13700
-0.135000
0.882000
1.89400
2.65200
2.94600
2.85500
2.50600
2.04000
1.42800
0.821000
0.234000
-0.140000
-0.408000
-0.833000
-1.27800
-1.65800
-2.14300
-2.58800
-2.93700
-3.12000
-3.15500
-2.83600
-2.35600
-1.42500
-0.393000
0.948000
2.55100
4.04400
4.69100
3.55300
2.09600
0.831000
-9.90000E-02
-0.914000
-1.59200
-1.88000
-1.97100
-1.98100
-1.89000
-1.61700
-1.42500
-1.11600
-0.782000
-0.575000
-0.454000
-0.514000
-0.529000
-0.570000
-0.504000
-0.408000
-4.40000E-02
0.477000
1.17500
1.64100
1.79800
2.00000
1.83800
1.59000
1.00300
9.30000E-02
-0.909000
-1.68300
-2.12800
-2.18400
-1.61700
-1.20200
-0.879000
-0.727000
-0.651000
-0.545000
-0.368000
5.70000E-02
0.619000
1.16500
1.73200
2.12600
2.04000
1.51400
0.796000
0.153000
-0.231000
-0.626000
-0.858000
-1.02000
-0.934000
-0.590000
-9.90000E-02
0.204000
0.255000
0.245000
0.184000
2.20000E-02
-0.226000
-0.327000
-0.236000
8.80000E-02
0.680000
1.27100
1.51900
1.35200
0.847000
0.245000
-0.130000
-0.352000
-0.464000
-0.403000
-0.246000
-3.00000E-03
0.164000
0.295000
0.194000
-5.90000E-02
-0.282000
-0.342000
-0.180000
0.179000
0.690000
1.00300
0.761000
2.00000E-03
-0.777000
-1.23800
-1.19700
-0.808000
-0.201000
0.781000
2.18700
3.75500
3.79600
2.08100
0.442000
-0.762000
-1.46500
-1.97100
-2.16300
-2.16300
-2.16900
-2.12300
-1.74400
-1.33400
-0.919000
-0.555000
-0.292000
0.123000
0.629000
1.25100
1.83800
2.21200
2.29300
2.31900
2.29800
2.17700
1.76200
1.15000
0.391000
-0.408000
-1.30300
-2.14300
-2.81100
-3.40300
-3.86800
-4.13100
-3.99000
-3.47900
-2.31500
-0.585000
1.11000
3.05700
5.19700
6.29500
5.21200
3.42100
1.49900
-0.261000
-1.61700
-2.49200
-2.93700
-2.87700
-2.78100
-2.49700
-2.02200
-1.03000
-0.170000
0.543000
1.15000
1.74700
2.14700
1.99500
1.55000
0.948000
0.265000
-0.342000
-0.691000
-0.929000
-1.13700
-1.16200
-0.995000
-0.696000
-0.342000
-6.40000E-02
0.219000
0.619000
0.943000
1.18500
1.40800
1.47900
1.59500
1.51900
1.03900
0.361000
-0.221000
-0.646000
-0.899000
-1.17200
-1.38400
-1.44000
-1.56100
-1.37900
-0.919000
-0.231000
0.518000
1.00300
1.31700
1.44900
1.47400
1.51400
1.31700
0.781000
0.133000
-0.332000
-0.787000
-1.11600
-1.13100
-0.873000
-0.423000
7.80000E-02
0.457000
0.629000
0.680000
0.786000
0.907000
0.948000
0.836000
0.619000
0.275000
-4.90000E-02
-0.332000
-0.696000
-1.18200
-1.52100
-1.70300
-1.70300
-1.51600
-1.27300
-0.858000
-0.251000
0.467000
1.25600
2.18200
2.91600
3.43700
3.47200
2.64200
1.22600
-0.266000
-1.56100
-2.56800
-3.23600
-3.45900
-3.50900
-3.32700
-2.81100
-2.04200
-0.990000
-0.145000
0.497000
0.943000
1.26600
1.56000
1.78200
1.92400
1.76200
1.43800
1.10500
0.659000
0.113000
-0.545000
-1.05100
-1.35400
-1.71800
-1.88500
-1.90500
-1.69800
-1.48600
-0.980000
-0.383000
0.219000
0.867000
1.43300
1.63600
1.53500
1.08400
0.538000
7.30000E-02
-0.251000
-0.464000
-0.474000
-0.342000
-0.145000
3.70000E-02
0.133000
5.20000E-02
-0.185000
-0.464000
-0.651000
-0.793000
-0.722000
-0.489000
-0.120000
0.214000
0.659000
1.05400
1.29700
1.45400
1.58000
1.59000
1.37800
0.761000
-6.90000E-02
-0.995000
-1.80400
-2.48200
-2.79100
-2.81100
-2.47700
-1.79900
-0.696000
0.583000
2.12100
3.21400
3.63900
3.52800
2.77400
1.52900
0.376000
-0.565000
-1.46000
-2.04700
-2.30500
-2.55800
-2.47700
-2.17400
-1.56700
-1.03000
-0.388000
0.179000
0.619000
1.14500
1.73200
2.17700
2.32900
2.17700
1.71700
0.938000
5.20000E-02
-0.757000
-1.44500
-1.68800
-1.69800
-1.43500
-0.954000
-0.170000
0.700000
1.40800
1.71200
1.59500
1.01300
0.143000
-0.676000
-1.35900
-1.81900
-1.93100
-1.96100
-1.51600
-0.782000
0.229000
1.45400
2.36400
2.53100
2.12600
1.40800
0.761000
0.224000
3.70000E-02
-3.00000E-03
0.184000
0.295000
0.184000
-0.221000
-0.752000
-1.19700
-1.52100
-1.63700
-1.53600
-1.27300
-0.737000
-3.90000E-02
0.558000
1.03900
1.45400
1.88900
2.20700
2.25300
2.07600
1.66100
1.03400
0.219000
-0.610000
-1.40500
-1.97100
-2.28500
-2.19400
-1.49600
-0.590000
0.341000
1.35200
2.17700
2.46000
2.29800
1.62100
0.624000
-0.408000
-1.37900
-2.02700
-2.14300
-2.14300
-1.54600
-0.575000
0.629000
1.95900
2.96100
2.74900
1.71200
0.518000
-0.373000
-0.995000
-1.49600
-1.55600
-1.43500
-1.19700
-0.767000
-0.373000
-4.90000E-02
0.123000
0.148000
0.199000
0.260000
0.320000
0.270000
0.174000
0.174000
0.138000
5.70000E-02
-0.105000
-0.363000
-0.524000
-0.535000
-0.514000
-0.474000
-0.524000
-0.747000
-0.975000
-1.08100
-0.959000
-0.777000
-0.484000
-6.40000E-02
0.401000
0.826000
1.03900
1.02400
0.816000
0.518000
0.305000
0.300000
0.462000
0.553000
0.447000
0.123000
-0.282000
-0.671000
-0.995000
-1.14200
-1.07600
-0.848000
-0.540000
-0.292000
-8.00000E-03
0.194000
0.406000
0.604000
0.771000
0.907000
1.05400
1.07400
0.852000
0.518000
0.265000
0.179000
0.143000
0.113000
-4.90000E-02
-0.342000
-0.550000
-0.605000
-0.509000
-0.342000
-0.120000
5.20000E-02
0.234000
0.467000
0.907000
1.41300
1.79800
1.99500
1.78200
1.06400
7.30000E-02
-0.980000
-1.92600
-2.57300
-2.87700
-2.95300
-2.60900
-1.75900
-0.585000
0.786000
2.28800
3.76000
4.91900
4.80800
3.46200
1.92400
0.422000
-0.712000
-1.49100
-2.18900
-2.55300
-2.86200
-3.08400
-3.13500
-3.05400
-2.64400
-2.13800
-1.37400
-0.626000
0.295000
1.39800
2.69300
3.90200
4.93400
5.10100
3.81600
1.91400
-5.90000E-02
-1.64200
-2.58800
-3.20100
-3.29200
-3.31700
-3.10400
-2.82100
-2.36600
-1.50600
-0.777000
-0.165000
0.366000
0.862000
1.46900
2.16700
2.84500
3.21400
3.06700
2.10100
0.548000
-1.00000
-2.09300
-2.66900
-2.73000
-2.45200
-1.44000
-0.347000
0.664000
1.37800
1.38800
0.882000
0.245000
-0.292000
-0.787000
-1.11600
-1.25300
-1.40500
-1.28300
-0.909000
-0.261000
0.609000
1.39800
1.77700
1.86800
1.71200
1.47900
1.17500
0.811000
0.310000
-0.105000
-0.489000
-0.879000
-1.10100
-1.16200
-1.07100
-0.995000
-0.975000
-0.833000
-0.621000
-0.514000
-0.474000
-0.292000
3.20000E-02
0.422000
0.801000
1.15000
1.51900
1.79300
1.81300
1.51900
1.12500
0.664000
5.70000E-02
-0.696000
-1.08100
-1.21200
-1.38400
-1.54600
-1.59700
-1.33900
-0.873000
-0.388000
2.20000E-02
0.417000
0.872000
1.27700
1.54500
1.49400
1.23100
0.766000
0.164000
-0.352000
-0.727000
-0.949000
-1.19700
-1.40000
-1.51600
-1.68300
-1.62700
-1.28300
-0.717000
3.20000E-02
1.11500
2.44500
3.72000
5.89000
3.84600
1.48900
-0.535000
-2.14300
-3.12500
-3.66100
-3.66100
-3.42300
-2.81100
-1.64700
-0.514000
0.467000
1.25600
1.77700
2.00000
1.88900
1.67100
1.30700
0.882000
0.548000
0.300000
6.70000E-02
-2.90000E-02
-0.216000
-0.287000
-0.312000
-6.90000E-02
9.80000E-02
0.179000
0.265000
0.320000
0.179000
-0.165000
-0.615000
-0.798000
-0.959000
-1.07600
-1.03500
-0.828000
-0.621000
-0.368000
-3.90000E-02
0.376000
0.983000
1.66100
2.28300
2.42500
2.18700
1.83300
1.32700
0.715000
3.20000E-02
-0.646000
-1.23800
-1.66300
-1.79900
-1.71800
-1.44500
-1.04000
-0.474000
0.234000
1.02900
1.65600
1.94400
1.96400
1.71200
1.16500
0.457000
-0.140000
-0.550000
-0.793000
-1.06600
-1.05100
-0.879000
-0.565000
-0.241000
9.80000E-02
0.346000
0.401000
0.391000
0.417000
0.538000
0.720000
0.841000
0.786000
0.467000
7.80000E-02
-0.332000
-0.595000
-0.656000
-0.777000
-0.939000
-0.909000
-0.752000
-0.626000
-0.514000
-0.352000
-0.241000
-9.90000E-02
0.194000
0.725000
1.25100
1.65600
1.85800
1.71200
1.18500
0.406000
-0.464000
-1.23800
-1.80900
-2.07200
-2.16300
-1.72800
-1.06100
-7.90000E-02
0.948000
1.81800
2.35900
2.27800
1.58000
0.487000
-0.529000
-1.37900
-2.02700
-2.31000
-2.41600
-2.11300
-1.43500
-0.666000
0.341000
1.49400
2.34400
2.30800
1.50900
0.396000
-0.494000
-0.995000
-1.11600
-0.701000
-6.90000E-02
0.578000
1.30700
1.63600
1.51900
1.06900
0.381000
-0.297000
-0.980000
-1.66800
-2.23400
-2.69500
-2.97800
-3.11500
-2.94300
-2.29500
-1.24300
-0.160000
1.13500
2.74900
4.09400
5.28300
5.47500
4.09900
1.55000
-0.858000
-2.61400
-3.85800
-4.75400
-4.92600
-4.58200
-3.90900
-3.05900
-1.56100
-9.90000E-02
1.07400
2.11600
2.88500
3.06700
2.89000
2.32400
1.45400
0.619000
-2.90000E-02
-0.676000
-1.16200
-1.39500
-1.46500
-1.23300
-0.828000
-0.449000
-2.90000E-02
0.346000
0.609000
0.826000
0.993000
1.13000
1.18500
1.20600
1.18500
1.04400
0.639000
0.118000
-0.428000
-0.944000
-1.43500
-1.81900
-1.96600
-2.01700
-1.56100
-1.05600
-0.428000
0.437000
1.50900
2.62200
3.55300
3.70000
3.25400
2.12100
0.725000
-0.626000
-1.78900
-2.55800
-2.81100
-3.05400
-2.89700
-2.15800
-0.838000
0.376000
1.42800
2.16700
2.40500
2.24800
1.87900
1.37800
0.831000
0.295000
-0.140000
-0.464000
-0.747000
-0.954000
-1.08600
-1.20200
-1.16200
-1.05100
-0.747000
-0.221000
0.300000
0.826000
1.44900
2.07600
2.60200
2.80400
2.57700
2.08600
1.31200
0.219000
-0.959000
-2.05200
-2.82100
-3.31700
-3.48900
-3.15500
-2.42700
-0.975000
0.700000
2.50100
3.62400
3.75500
3.33500
2.66800
1.80300
0.821000
1.20000E-02
-0.767000
-1.40000
-1.71800
-1.95600
-1.94100
-1.57700
-1.16200
-0.666000
-0.266000
2.20000E-02
4.20000E-02
-7.90000E-02
-0.221000
-0.231000
-4.90000E-02
0.275000
0.710000
1.19100
1.71700
2.02000
1.87900
1.50900
0.801000
2.20000E-02
-0.646000
-1.21200
-1.64200
-1.92100
-2.16900
-2.35600
-2.55800
-2.63900
-2.36600
-1.64200
-0.772000
7.80000E-02
1.02400
2.15700
3.12800
3.52300
3.30000
2.50600
1.39300
2.20000E-02
-1.35400
-2.47700
-3.19500
-3.46900
-3.70100
-3.58500
-3.13500
-2.49200
-1.37900
-0.231000
1.17500
2.58200
3.34000
3.13800
2.36400
1.31700
0.255000
-0.514000
-1.08100
-1.42500
-1.46500
-1.40000
-1.07600
-0.676000
-0.352000
-2.90000E-02
0.133000
7.30000E-02
-0.175000
-0.509000
-0.752000
-0.772000
-0.474000
0.113000
0.852000
1.69100
2.20700
2.08100
1.51400
0.872000
0.224000
-0.514000
-1.27300
-1.75900
-2.19400
-2.33000
-2.20900
-1.62200
-0.838000
1.20000E-02
0.963000
2.02500
2.99600
3.70000
3.35100
2.07600
0.685000
-0.403000
-1.20200
-1.84000
-2.12800
-2.44700
-2.41100
-1.89500
-0.777000
0.184000
0.902000
1.38800
1.56000
1.49400
1.26600
1.02400
0.862000
0.841000
0.811000
0.750000
0.563000
0.543000
0.432000
0.260000
5.20000E-02
-0.251000
-0.636000
-1.01000
-1.27800
-1.33400
-1.11600
-0.641000
-8.90000E-02
0.396000
0.781000
0.933000
0.801000
0.609000
0.341000
0.260000
0.437000
0.659000
0.821000
0.781000
0.639000
0.543000
0.462000
0.224000
-7.90000E-02
-0.352000
-0.545000
-0.833000
-1.33400
-1.80400
-2.23900
-2.40600
-2.11300
-1.22300
-0.180000
1.03400
2.44500
3.41600
3.57800
3.15800
2.02500
0.589000
-0.686000
-1.64200
-2.31500
-2.52800
-2.63400
-2.57300
-2.18400
-1.40500
-0.565000
0.234000
1.06900
1.68100
2.00000
2.06600
2.01500
1.83300
1.35700
0.568000
-0.302000
-1.07100
-1.54100
-1.77400
-1.62700
-1.20200
-0.535000
0.245000
1.12000
1.68100
1.51400
0.745000
-8.40000E-02
-0.737000
-1.06100
-1.22300
-1.10100
-0.585000
0.260000
0.907000
0.973000
0.528000
0.133000
-0.130000
-0.403000
-0.509000
-0.489000
-0.418000
-0.130000
0.234000
0.548000
0.629000
0.487000
0.366000
0.148000
-0.180000
-0.514000
-0.686000
-0.858000
-1.04000
-1.07100
-0.929000
-0.691000
-0.570000
-0.499000
-0.413000
-0.312000
-0.191000
-8.90000E-02
0.143000
0.487000
0.831000
1.19100
1.45900
1.52900
1.42800
1.18500
0.811000
0.422000
-3.90000E-02
-0.631000
-1.19200
-1.62700
-2.17400
-2.76000
-3.11500
-3.18000
-2.77600
-2.02700
-0.307000
3.35600
5.94600
5.86500
4.54400
2.92600
1.30700
-0.125000
-1.25800
-2.19900
-2.56300
-2.78100
-2.78100
-2.49700
-1.66800
-0.767000
8.30000E-02
0.750000
1.06900
1.18000
1.19600
1.34700
1.38800
1.27700
1.11000
1.08900
0.847000
0.563000
0.477000
0.442000
0.427000
0.366000
0.300000
0.194000
-8.00000E-03
-0.206000
-0.413000
-0.641000
-0.868000
-1.06100
-1.15200
-1.09100
-0.808000
-0.378000
1.70000E-02
0.563000
1.14500
1.59000
1.55000
1.39800
1.11000
0.826000
0.563000
0.391000
0.194000
6.70000E-02
-7.90000E-02
-0.231000
-0.251000
-0.383000
-0.509000
-0.782000
-0.985000
-1.13100
-1.28300
-1.14200
-0.626000
0.194000
1.11500
1.87900
2.14200
1.79800
1.08400
0.406000
-3.90000E-02
-0.332000
-0.545000
-0.550000
-0.631000
-0.838000
-1.00000
-0.959000
-0.737000
-0.535000
-0.185000
0.219000
0.604000
0.750000
0.573000
0.396000
7.30000E-02
-0.302000
-0.707000
-1.15700
-1.50100
-1.58200
-1.13700
-0.352000
0.336000
0.922000
1.35700
1.61500
1.71700
1.60500
1.23100
0.649000
-3.00000E-03
-0.656000
-1.15200
-1.53600
-1.86500
-2.10800
-2.26500
-2.14300
-1.58700
-1.06100
-0.636000
-0.307000
2.20000E-02
0.503000
1.00800
1.51900
2.03000
2.34900
2.42000
2.29800
2.08100
1.51400
0.847000
0.123000
-0.464000
-0.939000
-1.40500
-1.81900
-2.04700
-2.22900
-2.29500
-2.33500
-2.31500
-2.13300
-1.47500
-0.848000
-0.185000
0.548000
1.25100
1.96400
2.67300
3.19900
3.54300
3.55300
3.46200
3.09300
2.08100
1.70000E-02
-1.92100
-3.31700
-4.46000
-4.99600
-5.01700
-4.43000
-3.70600
-2.99300
-1.61700
-0.110000
1.28700
2.51100
3.40600
3.63900
3.46200
2.87000
2.18700
1.42800
0.801000
0.143000
-0.347000
-0.848000
-1.21700
-1.75400
-2.05700
-2.13300
-1.59700
-1.30300
-1.14200
-0.868000
-0.428000
0.295000
1.06400
1.67100
1.92400
2.10600
2.02500
1.79800
1.31200
0.644000
-0.231000
-0.990000
-1.50600
-1.80400
-1.78900
-1.66300
-1.33900
-0.696000
0.174000
1.10500
1.89400
2.32900
2.20200
1.63600
1.02900
0.594000
0.295000
0.164000
-8.00000E-03
-0.266000
-0.590000
-0.610000
-0.545000
-0.433000
-0.277000
-0.292000
-0.535000
-0.646000
-0.707000
-0.894000
-1.00500
-0.787000
-0.565000
-8.90000E-02
0.599000
1.55000
2.62700
3.53800
3.74000
2.92600
1.51900
1.20000E-02
-1.21200
-2.16900
-2.97800
-3.29700
-3.62500
-3.45300
-3.04400
-2.41600
-1.48600
-0.550000
0.563000
1.79800
3.01200
3.83600
3.98800
3.17900
1.81300
0.346000
-0.747000
-1.56100
-2.20900
-2.43700
-2.45700
-2.15300
-1.46500
-0.949000
-0.342000
5.70000E-02
0.239000
0.437000
0.659000
1.00300
1.45900
1.81300
1.73200
1.06900
0.189000
-0.514000
-1.11100
-1.68800
-1.99100
-1.91100
-1.40000
-0.782000
1.20000E-02
0.761000
1.18500
1.18500
0.902000
0.442000
-2.40000E-02
-0.352000
-0.550000
-0.737000
-0.737000
-0.671000
-0.560000
-0.266000
0.320000
0.978000
1.49900
1.60500
1.25600
0.761000
0.153000
-0.469000
-0.970000
-1.33400
-1.60700
-1.66800
-1.55600
-1.39500
-1.07600
-0.712000
-0.266000
0.179000
0.695000
1.30700
1.88400
2.18700
2.16200
1.81800
1.32700
0.669000
-0.120000
-1.02000
-1.78900
-2.24900
-2.45200
-2.44200
-2.01200
-1.12100
-0.191000
0.811000
1.78200
2.32400
2.02000
1.09400
7.30000E-02
-0.737000
-1.39500
-1.70800
-1.35900
-1.09600
-0.494000
0.285000
1.08400
1.60000
1.60000
1.20600
0.750000
0.300000
-3.40000E-02
-0.241000
-0.241000
-0.180000
2.20000E-02
0.194000
0.143000
-0.246000
-0.691000
-0.970000
-1.13100
-1.12100
-0.858000
-0.221000
0.563000
1.25100
1.55500
1.59000
1.48900
1.26600
1.00300
0.852000
0.649000
0.401000
0.159000
-3.90000E-02
-0.150000
-4.90000E-02
-5.90000E-02
-0.231000
-0.388000
-0.590000
-0.631000
-0.626000
-0.575000
-0.403000
-0.120000
0.199000
0.609000
0.988000
1.35200
1.67100
1.88400
1.75200
1.36800
0.867000
0.260000
-0.327000
-0.813000
-1.17200
-1.40500
-1.48600
-1.39500
-1.21200
-0.995000
-0.691000
-0.165000
0.492000
1.20600
1.75200
2.11600
2.24300
1.91900
1.06900
0.118000
-0.631000
-1.28800
-1.80900
-1.99100
-2.10300
-1.81900
-1.14700
-0.221000
0.781000
1.46900
1.47900
1.16500
0.725000
0.260000
-0.140000
-0.438000
-0.595000
-0.474000
-0.454000
-0.555000
-0.828000
-1.07600
-1.48100
-1.60200
-1.52100
-1.20200
-0.535000
0.194000
0.948000
1.75700
2.57200
3.17400
3.22900
2.51100
1.05400
-0.595000
-2.06200
-3.14000
-3.82800
-3.92900
-3.88900
-3.39800
-2.63900
-1.50600
-0.545000
0.381000
1.35200
2.24800
2.82400
2.96600
2.70300
1.92400
0.852000
-0.105000
-0.732000
-1.02000
-0.808000
-0.727000
-0.393000
1.03000E-01
0.148000
-5.90000E-02
-0.408000
-0.732000
-0.919000
-0.959000
-0.666000
-0.266000
1.70000E-02
0.260000
0.447000
0.568000
0.325000
-0.170000
-0.474000
-0.636000
-0.550000
-6.40000E-02
0.361000
0.715000
1.02400
1.49900
2.06600
2.26800
2.04000
1.48400
0.907000
0.341000
-0.150000
-0.737000
-1.37400
-1.96600
-2.40600
-2.59300
-2.67900
-2.53800
-2.25500
-1.49600
-0.666000
0.305000
1.47900
2.68800
3.56300
3.93700
3.88700
3.27000
2.16700
0.872000
-0.347000
-1.58200
-2.47200
-2.79100
-3.02300
-2.84100
-2.38600
-1.33900
-0.423000
0.422000
1.17000
1.42800
1.30700
1.16500
1.03400
0.826000
0.543000
0.320000
0.341000
0.629000
0.761000
0.841000
0.998000
0.948000
0.634000
0.133000
-0.363000
-0.798000
-1.10100
-1.23800
-1.17700
-0.975000
-0.712000
-0.514000
-0.110000
0.457000
1.16500
1.85300
2.38400
2.54600
2.07600
1.03900
-0.191000
-1.20200
-1.94100
-2.35600
-2.49200
-2.08300
-1.17200
-0.231000
0.629000
1.12500
1.11500
0.968000
0.933000
1.14000
1.50900
1.90400
1.65100
0.629000
-0.656000
-1.84000
-2.63400
-2.92200
-2.84100
-2.30500
-0.949000
0.664000
2.32400
2.93100
2.50600
1.59000
0.518000
-0.413000
-1.15200
-1.80400
-2.24900
-2.43200
-2.46700
-2.01200
-1.05100
-6.90000E-02
0.801000
1.72200
2.45000
2.86000
2.71300
2.15700
1.32700
0.305000
-0.671000
-1.59700
-2.33000
-2.65400
-2.94300
-2.95300
-2.63900
-2.25500
-1.53600
-0.828000
-7.90000E-02
0.583000
1.26600
2.07600
2.92600
3.42100
3.28000
2.38900
1.31200
0.265000
-0.707000
-1.52600
-2.23400
-2.78100
-3.12500
-3.25600
-3.16000
-2.65400
-1.72800
-0.615000
0.406000
1.32700
2.12100
2.69300
2.93100
2.80900
2.35900
1.57000
0.862000
0.457000
0.143000
-0.206000
-0.469000
-0.853000
-1.17200
-1.32400
-1.54600
-1.77900
-1.94600
-1.94100
-1.75400
-1.41500
-0.924000
-0.332000
0.336000
1.37800
2.85500
4.69100
6.65400
4.14000
1.88400
3.20000E-02
-1.38400
-2.42700
-3.14000
-3.30200
-3.30200
-2.85100
-2.27000
-1.30300
-0.433000
0.406000
1.06900
1.54000
1.79800
1.86800
1.91400
1.59000
0.922000
0.265000
-0.221000
-0.504000
-0.651000
-0.838000
-0.838000
-1.04000
-1.16200
-0.747000
-8.90000E-02
0.831000
1.79800
2.54100
2.86500
2.66300
2.08600
1.07400
2.20000E-02
-0.995000
-2.00700
-2.82600
-3.29700
-3.75200
-3.58000
-2.97800
-2.00700
-0.469000
1.06900
2.51100
3.61400
3.91700
3.86700
3.40100
2.36400
1.17000
0.169000
-0.717000
-1.40500
-1.78900
-2.04200
-2.12800
-1.92600
-1.71800
-1.61700
-1.40500
-1.12100
-1.03000
-0.793000
-0.469000
1.70000E-02
0.583000
1.23600
1.81300
2.15700
2.15700
1.83800
1.16000
0.503000
-2.90000E-02
-0.418000
-0.615000
-0.575000
-0.798000
-0.995000
-1.15200
-1.19700
-1.11600
-1.13700
-1.12100
-0.899000
-0.707000
-0.454000
9.80000E-02
0.745000
1.29200
1.58000
1.65100
1.48900
1.11500
0.649000
1.03000E-01
-0.408000
-0.772000
-1.09100
-1.42500
-1.53600
-1.59700
-1.46000
-1.03500
-0.428000
0.295000
0.963000
1.32700
1.42800
1.17500
0.750000
0.386000
0.260000
0.133000
-6.90000E-02
-0.332000
-0.696000
-0.949000
-1.07600
-1.01500
-0.727000
-0.413000
-4.90000E-02
0.245000
0.497000
0.543000
0.381000
0.138000
-4.40000E-02
-0.140000
-0.120000
-0.120000
-0.221000
-0.226000
-3.40000E-02
0.260000
0.386000
0.295000
1.20000E-02
-0.322000
-0.529000
-0.368000
-2.90000E-02
0.331000
0.801000
1.33700
1.98500
2.29800
1.80800
0.548000
-0.793000
-1.89000
-2.63900
-3.04400
-3.15500
-2.73500
-1.52100
0.118000
1.91400
3.48200
3.76500
2.84500
1.69100
0.629000
-0.105000
-0.681000
-1.08100
-1.09100
-1.03000
-0.671000
-0.180000
0.341000
0.715000
0.862000
0.862000
0.761000
0.508000
0.356000
0.320000
0.260000
3.20000E-02
-0.352000
-0.656000
-0.858000
-0.909000
-0.873000
-0.732000
-0.337000
0.164000
0.740000
1.20600
1.59500
2.06600
2.40500
2.26300
1.37300
0.214000
-0.767000
-1.54600
-2.16900
-2.45200
-2.49200
-2.50200
-2.13300
-1.18200
-0.322000
0.543000
1.43300
2.01000
2.11100
1.81300
1.27700
0.690000
0.341000
0.381000
0.548000
0.826000
0.700000
0.396000
1.20000E-02
-0.656000
-1.11600
-1.31900
-1.44000
-1.47000
-1.45500
-1.52600
-1.64700
-1.77900
-1.63700
-0.995000
-0.145000
0.609000
1.38800
2.24800
3.16800
3.75500
3.75500
2.99100
1.95900
0.745000
-0.403000
-1.58700
-2.59900
-3.14000
-3.70100
-3.76200
-3.64600
-3.11500
-2.38600
-1.28300
-0.261000
0.690000
1.57500
2.12100
2.15700
1.93400
1.67100
1.44900
1.23100
0.892000
0.543000
0.341000
0.118000
-0.191000
-0.504000
-0.798000
-1.14200
-1.35900
-1.35900
-1.25300
-1.11100
-0.919000
-0.727000
-0.590000
-0.489000
-0.408000
-0.307000
-0.110000
5.20000E-02
0.133000
0.224000
0.341000
0.745000
1.23100
1.67100
1.93400
1.60000
0.826000
-0.105000
-1.11600
-1.97100
-2.41600
-2.45700
-2.05200
-1.18200
-9.90000E-02
1.11000
2.04500
2.24800
1.65100
0.578000
-0.484000
-1.27800
-1.74400
-1.88500
-1.76400
-1.41500
-0.919000
-0.261000
0.406000
0.993000
1.47400
1.90900
2.04500
1.98500
1.69100
1.12500
0.386000
-0.287000
-0.752000
-1.00000
-1.16200
-1.26300
-1.29300
-1.07100
-0.550000
-2.40000E-02
0.270000
0.315000
0.315000
0.179000
5.70000E-02
9.80000E-02
0.295000
0.447000
0.639000
0.841000
0.963000
0.892000
0.786000
0.735000
0.847000
1.03400
1.27700
1.44900
1.48900
1.35200
0.887000
0.164000
-0.636000
-1.34400
-1.87000
-2.32500
-2.57300
-2.64900
-2.53800
-1.91100
-0.757000
0.366000
1.65100
2.97600
3.78100
3.79100
3.06700
2.25800
1.49900
0.690000
-0.180000
-1.01500
-1.68300
-2.13300
-2.55800
-2.63900
-2.46700
-2.08800
-1.45000
-0.727000
5.20000E-02
0.740000
1.36800
1.91900
2.37400
2.91600
3.02700
1.98500
0.234000
-1.36400
-2.37100
-2.85100
-2.89700
-2.45700
-1.30300
0.214000
1.68100
2.66800
2.64700
1.89900
0.922000
0.133000
-0.474000
-0.899000
-1.11100
-1.03500
-0.954000
-0.737000
-0.615000
-0.545000
-0.524000
-0.383000
-7.90000E-02
0.143000
0.361000
0.538000
0.761000
1.00300
1.19100
1.43300
1.79800
1.98500
1.93400
1.69100
1.14500
0.138000
-1.07100
-2.10300
-2.86700
-3.38800
-3.68100
-3.68100
-3.14000
-2.33000
-1.07600
0.320000
1.83300
3.11800
3.87700
3.90700
3.30000
2.34400
1.41800
0.639000
-0.110000
-0.919000
-1.66800
-2.24900
-2.71000
-2.70500
-2.55800
-2.21400
-1.50600
-0.985000
-0.489000
-8.40000E-02
0.164000
0.346000
0.508000
0.649000
0.841000
0.791000
0.583000
0.457000
0.427000
0.204000
-8.90000E-02
-0.140000
-4.40000E-02
-2.90000E-02
-3.40000E-02
-6.90000E-02
-0.221000
-0.388000
-0.550000
-0.732000
-0.787000
-0.696000
-0.575000
-0.373000
7.80000E-02
0.553000
0.745000
0.568000
0.295000
-4.90000E-02
-0.671000
-1.44000
-1.97600
-2.10300
-1.58700
-0.959000
-0.140000
0.669000
1.39300
1.86300
2.10600
2.15700
2.19700
2.29300
2.22200
1.68100
2.00000E-03
-1.53600
-2.78100
-3.58000
-3.99000
-3.94900
-3.62000
-2.70000
-1.20200
0.599000
2.56600
3.94200
4.27100
3.76000
2.27800
0.983000
-5.90000E-02
-0.975000
-1.68300
-1.80900
-1.71800
-1.57700
-1.20200
-0.646000
1.03000E-01
0.867000
1.47400
1.65100
1.65100
1.68100
1.45400
1.04900
0.381000
-0.236000
-0.777000
-1.10100
-1.42500
-1.60200
-1.65800
-1.38400
-1.02000
-0.524000
0.194000
1.11500
2.08100
2.65800
2.86500
2.62200
2.01500
1.04400
7.30000E-02
-0.853000
-1.55600
-1.95100
-2.27500
-2.49700
-2.42700
-2.00200
-1.27800
-0.524000
0.164000
0.882000
1.60000
2.12600
2.52600
2.66800
2.46000
1.89400
1.08400
0.239000
-0.565000
-1.25800
-1.71300
-2.10300
-2.31500
-2.26500
-1.88500
-1.27800
-0.671000
-8.00000E-03
0.578000
1.08400
1.27700
1.31700
1.35700
1.35200
1.13500
0.801000
0.477000
0.204000
-3.90000E-02
-0.105000
-3.90000E-02
3.70000E-02
1.20000E-02
1.20000E-02
2.00000E-03
-3.90000E-02
-0.105000
-0.388000
-0.631000
-0.919000
-1.08100
-0.990000
-0.747000
-0.266000
0.391000
1.23600
1.95400
2.41000
2.45000
2.18700
1.64100
0.867000
8.30000E-02
-0.656000
-1.37400
-1.95100
-2.30500
-2.27000
-1.83500
-1.16200
-0.302000
0.609000
1.43800
1.97500
2.04000
1.63600
1.04400
0.437000
-0.160000
-0.712000
-0.980000
-0.954000
-1.05100
-0.959000
-0.676000
-0.292000
0.143000
0.503000
0.705000
0.781000
0.730000
0.518000
7.30000E-02
-0.474000
-0.833000
-1.03500
-1.23300
-1.37900
-1.28300
-1.06100
-0.787000
-0.469000
-9.90000E-02
0.280000
0.619000
0.821000
0.922000
0.953000
0.730000
0.265000
-0.246000
-0.752000
-1.08100
-1.24300
-1.16200
-0.808000
-0.347000
0.224000
0.750000
0.857000
0.619000
0.255000
-0.140000
-0.590000
-1.05100
-1.52100
-1.72300
-1.56700
-1.04000
-0.211000
1.02900
2.38900
3.25400
3.09300
2.36900
1.33700
0.315000
-0.433000
-1.03000
-1.68300
-2.14300
-2.69500
-3.04400
-3.14500
-3.00300
-2.37600
-1.19700
0.229000
2.02000
3.80100
5.03000
4.74700
3.43200
1.87900
0.341000
-0.985000
-2.00700
-2.70000
-2.90200
-3.10400
-3.04400
-2.57300
-1.84500
-1.01000
-0.271000
0.376000
0.892000
1.30700
1.60000
1.89900
2.16200
2.23300
1.91400
1.29700
0.467000
-0.342000
-1.07100
-1.58200
-1.77400
-1.75900
-1.59700
-1.28300
-0.793000
-0.165000
0.401000
0.907000
1.38800
1.60000
1.45900
0.922000
0.239000
-0.266000
-0.646000
-0.899000
-0.818000
-0.443000
8.30000E-02
0.583000
1.17500
1.60500
1.55000
0.993000
0.133000
-0.777000
-1.42000
-1.72300
-1.53600
-1.12100
-0.413000
0.346000
0.953000
1.26600
1.31200
1.17000
0.943000
0.700000
0.609000
0.528000
0.325000
2.20000E-02
-0.489000
-1.00000
-1.36400
-1.39500
-1.25300
-0.949000
-0.368000
0.280000
0.852000
1.20600
1.55000
1.86300
2.00500
1.92400
1.44300
0.503000
-0.393000
-1.15200
-1.79900
-2.15800
-2.28500
-2.14800
-1.50600
-0.853000
-4.90000E-02
0.963000
1.84300
2.24300
2.06600
1.70100
1.28700
0.882000
0.437000
-2.90000E-02
-0.550000
-0.868000
-1.07600
-0.949000
-0.717000
-0.342000
0.113000
0.432000
0.482000
0.341000
0.133000
-2.90000E-02
-0.231000
-0.383000
-0.464000
-0.408000
-0.246000
-4.90000E-02
0.194000
0.639000
1.15000
1.43300
1.23100
0.583000
-0.150000
-0.798000
-1.26300
-1.52100
-1.52100
-1.44000
-1.19700
-0.959000
-0.595000
-0.120000
0.260000
0.543000
0.634000
0.599000
0.558000
0.508000
0.371000
0.199000
7.80000E-02
3.70000E-02
-4.90000E-02
-0.292000
-0.524000
-0.833000
-1.15700
-1.21700
-1.09600
-0.848000
-0.514000
-9.90000E-02
0.315000
0.841000
1.25100
1.47900
1.41800
1.08400
0.578000
-1.90000E-02
-0.671000
-1.19200
-1.44000
-1.43500
-1.08100
-0.514000
9.30000E-02
0.761000
1.45900
1.85800
1.72200
1.26600
0.639000
-2.90000E-02
-0.707000
-1.31900
-1.52100
-1.59700
-1.34400
-0.777000
-2.90000E-02
0.685000
1.39300
1.85800
2.20700
2.12600
1.67100
0.963000
5.70000E-02
-0.939000
-1.70300
-2.10300
-2.26500
-2.13300
-1.42500
-0.646000
0.184000
1.06900
1.74700
1.94900
1.62100
1.13500
0.710000
0.315000
5.70000E-02
-0.105000
-3.00000E-03
2.00000E-03
5.20000E-02
4.20000E-02
-0.105000
-0.428000
-0.787000
-1.01500
-1.16200
-1.22300
-1.13100
-0.868000
-0.464000
2.70000E-02
0.619000
1.26600
1.87300
2.31900
2.36900
2.10100
1.39300
0.503000
-0.307000
-0.959000
-1.36400
-1.46500
-1.38400
-1.15700
-0.782000
-0.363000
1.20000E-02
0.245000
0.376000
0.275000
2.20000E-02
-0.287000
-0.433000
-0.150000
0.457000
1.16500
1.59500
1.69100
1.64100
1.55500
1.38800
1.00300
0.417000
-0.241000
-0.995000
-1.60200
-2.00200
-2.29500
-2.41600
-2.41600
-2.01200
-1.05100
-6.40000E-02
0.907000
1.96400
2.64200
2.58200
1.85300
0.841000
-0.145000
-1.03500
-1.73900
-2.09300
-2.13300
-1.75900
-1.15700
-0.504000
0.138000
0.685000
1.26600
1.82300
1.97500
1.55000
0.826000
1.70000E-02
-0.712000
-1.40500
-1.85000
-2.00200
-2.04700
-1.75900
-1.19200
-0.428000
0.346000
1.06400
1.57000
1.63600
1.31700
0.771000
3.70000E-02
-0.707000
-1.20200
-1.48600
-1.45500
-1.07600
-0.469000
0.189000
0.811000
1.22600
1.37800
1.25600
0.948000
0.422000
-0.256000
-1.00000
-1.68800
-2.17400
-2.54800
-2.56800
-2.12300
-1.23800
-0.378000
0.589000
1.50900
2.18700
2.44000
2.44500
2.22200
1.56500
0.619000
-0.352000
-1.31400
-2.00200
-2.28500
-2.45200
-2.33000
-1.62200
-0.646000
0.477000
1.59500
2.29800
2.28800
1.53500
0.589000
-1.90000E-02
-0.494000
-0.737000
-0.707000
-0.509000
-0.226000
8.30000E-02
0.275000
0.396000
0.497000
0.771000
1.35700
2.18200
2.95600
3.08800
2.25800
0.528000
-1.13100
-2.33000
-3.20100
-3.44300
-3.29700
-2.73000
-1.77900
-0.615000
0.669000
1.87900
2.64700
2.99600
3.08800
2.94600
2.58200
2.24300
1.76200
1.03400
0.250000
-0.514000
-1.20200
-1.78900
-2.16300
-2.27000
-2.22400
-2.09300
-1.83000
-1.42500
-0.848000
-4.90000E-02
0.786000
1.66100
2.40000
2.90500
3.35100
3.51200
3.11800
1.93900
0.422000
-0.934000
-2.11300
-3.00300
-3.34700
-3.43800
-2.99800
-2.06700
-0.646000
0.518000
1.46900
2.01500
2.05600
1.87900
1.60500
1.45400
1.34700
0.943000
0.427000
-0.185000
-0.752000
-1.11600
-1.25300
-1.18200
-0.980000
-0.671000
-0.469000
-0.287000
1.70000E-02
0.295000
0.437000
0.305000
-7.90000E-02
-0.524000
-0.873000
-1.04500
-0.858000
-0.271000
0.710000
1.94400
3.29500
3.74500
2.63700
1.09900
-0.352000
-1.57700
-2.56800
-3.42300
-3.70600
-3.75200
-3.46900
-2.89200
-2.02200
-0.929000
-5.90000E-02
0.867000
1.75200
2.46000
2.96600
2.97600
2.72800
1.96400
0.847000
-0.241000
-1.13700
-1.93100
-2.32500
-2.58800
-2.41100
-2.12800
-1.67800
-1.25300
-0.798000
-0.443000
-0.251000
-0.105000
-1.90000E-02
-3.90000E-02
-1.90000E-02
0.194000
0.599000
0.973000
1.13500
1.02900
0.766000
0.538000
0.599000
0.629000
0.589000
0.487000
0.260000
-8.40000E-02
-0.585000
-1.13100
-1.59700
-1.79900
-1.96600
-1.88500
-1.46000
-1.05100
-0.686000
-0.292000
0.265000
1.05400
2.04000
2.81900
2.88500
2.23800
1.32700
0.548000
-2.90000E-02
-0.545000
-1.02500
-1.27800
-1.68800
-1.80900
-1.80900
-1.55600
-1.06100
-0.287000
0.563000
1.47400
1.99500
2.00500
1.52900
0.786000
-4.40000E-02
-0.742000
-1.19700
-1.28300
-1.13100
-0.767000
-6.40000E-02
0.872000
1.85800
2.64200
2.77900
1.97500
0.690000
-0.464000
-1.40000
-2.14300
-2.40600
-2.30500
-1.83000
-1.22300
-0.484000
0.275000
1.04900
1.70100
1.92400
1.73200
1.47900
1.17500
0.806000
0.432000
0.133000
5.20000E-02
-3.90000E-02
-2.90000E-02
2.00000E-03
-4.40000E-02
-0.145000
-0.196000
-0.110000
-1.90000E-02
-9.90000E-02
-0.347000
-0.585000
-0.732000
-0.727000
-0.676000
-0.514000
-0.211000
0.245000
0.826000
1.21100
1.62100
2.19200
2.64200
2.89500
2.85500
2.40500
1.34200
2.20000E-02
-1.35400
-2.54800
-3.34200
-3.70600
-3.72700
-3.43800
-2.81600
-1.72800
-0.292000
1.33700
2.85000
3.55800
3.42100
2.95600
2.27800
1.43800
0.518000
-0.266000
-0.934000
-1.01500
-1.08100
-1.09100
-0.939000
-0.828000
-0.610000
-0.383000
-7.90000E-02
0.245000
0.396000
0.366000
0.260000
0.159000
1.70000E-02
-6.40000E-02
-0.130000
-0.140000
-0.201000
-0.266000
-0.347000
-0.226000
2.20000E-02
0.250000
0.457000
0.589000
0.462000
0.381000
0.361000
0.376000
0.356000
0.174000
-8.90000E-02
-0.484000
-0.914000
-1.32400
-1.75900
-2.17400
-2.28500
-2.15300
-1.59700
-1.15200
-0.787000
-0.302000
0.325000
1.40800
2.50100
3.11300
3.09300
2.34400
1.22600
-0.130000
-1.38400
-2.20900
-2.69000
-2.81600
-2.87200
-2.45700
-1.36400
-0.110000
0.806000
1.15000
0.902000
0.366000
-0.160000
-0.504000
-0.469000
5.70000E-02
0.867000
1.53500
1.82300
1.68100
1.06400
0.179000
-0.489000
-0.889000
-1.14200
-1.04000
-0.838000
-0.469000
-3.40000E-02
0.361000
0.599000
0.791000
0.902000
0.811000
0.401000
-8.00000E-03
-0.443000
-0.894000
-1.18200
-1.31400
-1.21200
-0.873000
-0.302000
0.406000
1.46900
2.86500
4.08900
3.74000
1.83800
7.80000E-02
-1.44500
-2.51800
-3.16500
-3.19500
-3.13500
-2.59300
-1.56100
-0.433000
0.518000
1.33700
2.04000
2.42500
2.53600
2.36400
1.91400
1.26600
0.406000
-0.449000
-1.11600
-1.43500
-1.56700
-1.48600
-1.34400
-0.899000
-0.302000
0.391000
0.852000
0.993000
0.821000
0.366000
-3.90000E-02
-0.388000
-0.651000
-0.737000
-0.676000
-0.332000
9.30000E-02
0.396000
0.583000
0.553000
0.401000
0.295000
0.386000
0.685000
1.11000
1.45400
1.65600
1.62600
1.20600
0.406000
-0.428000
-1.19700
-2.00700
-2.56800
-2.99300
-3.08400
-2.84100
-2.18900
-0.975000
1.03000E-01
1.14500
2.06600
2.76900
3.09800
3.17400
2.97100
2.56600
1.93400
1.04400
6.20000E-02
-0.752000
-1.41500
-1.75900
-1.96100
-2.07200
-2.08300
-1.71800
-1.44000
-1.25800
-0.980000
-0.595000
-0.271000
2.20000E-02
0.462000
1.06900
1.65100
2.29800
2.74400
2.85000
2.52600
1.79800
0.730000
-0.352000
-1.35400
-2.11300
-2.41100
-2.53300
-2.27500
-1.46500
-0.575000
0.447000
1.51400
2.30300
2.20200
1.10500
-0.140000
-1.26300
-2.08300
-2.57300
-2.61900
-2.45700
-1.56700
-0.464000
0.786000
1.89900
2.66800
3.02700
2.92600
2.31900
1.44900
0.609000
-0.261000
-1.07600
-1.67800
-2.07200
-2.50700
-2.57300
-2.47200
-2.18900
-1.60200
-1.06100
-0.464000
1.20000E-02
0.305000
0.482000
0.675000
0.927000
1.14500
1.42800
1.71200
1.83800
1.75700
1.51400
1.06900
0.619000
0.174000
-0.413000
-0.873000
-1.23800
-1.61700
-2.00200
-2.21400
-2.28500
-2.22400
-1.74900
-1.27800
-0.529000
0.336000
1.28700
2.13600
2.50100
2.45500
2.00000
1.31200
0.811000
0.437000
0.184000
-6.40000E-02
-0.145000
-0.105000
-6.90000E-02
7.30000E-02
0.417000
0.639000
0.422000
-6.40000E-02
-0.626000
-1.05100
-1.35400
-1.51600
-1.64200
-1.68300
-1.59700
-1.40500
-0.939000
-0.191000
0.786000
1.95900
3.15300
4.05400
4.19500
3.74500
2.52100
0.867000
-0.894000
-2.23900
-3.19000
-3.44800
-3.61000
-3.35700
-2.64900
-1.50100
-0.206000
0.963000
1.75200
2.13600
2.10100
1.80300
1.54500
1.22600
0.680000
4.20000E-02
-0.347000
-0.428000
-0.610000
-0.646000
-0.595000
-0.545000
-0.403000
-0.509000
-0.585000
-0.469000
-0.241000
0.153000
0.882000
1.61000
2.16200
2.23300
1.84300
1.12500
0.285000
-0.545000
-1.35900
-2.03700
-2.45700
-2.72000
-2.72000
-2.37600
-1.56100
-0.752000
-4.40000E-02
0.406000
0.831000
1.41800
2.08100
2.56100
2.74400
2.48000
1.95400
1.30700
0.669000
1.70000E-02
-0.691000
-1.28300
-1.76900
-2.17400
-2.44700
-2.52800
-2.53300
-2.53800
-2.45700
-1.96100
-1.07100
-2.90000E-02
1.18000
2.69800
4.05900
4.89900
4.76700
3.07200
1.26600
-0.271000
-1.54600
-2.53800
-3.13500
-3.33700
-3.33700
-2.83600
-1.98600
-0.615000
0.599000
1.43300
1.83800
1.75700
1.28700
0.781000
0.336000
-8.00000E-03
-0.388000
-0.631000
-0.868000
-0.919000
-0.737000
-0.469000
-0.170000
0.381000
0.847000
1.26100
1.52900
1.39800
0.948000
0.341000
-8.90000E-02
-0.271000
-0.302000
-0.433000
-0.712000
-1.07100
-1.49600
-1.80900
-1.89000
-1.84000
-1.71300
-1.27800
-0.631000
0.209000
1.20600
2.22800
3.13800
3.76500
3.80100
2.78400
1.40800
-6.90000E-02
-1.33400
-2.46700
-3.05900
-3.30200
-3.27100
-2.84100
-2.06200
-0.889000
0.229000
1.35200
2.36400
2.98600
3.09800
2.66300
1.75700
0.766000
-0.261000
-1.10100
-1.56700
-1.52600
-1.54600
-1.31400
-0.671000
5.20000E-02
0.619000
0.943000
1.01300
0.877000
0.568000
0.229000
-7.40000E-02
-0.352000
-0.393000
-0.241000
-4.40000E-02
0.138000
0.325000
0.457000
0.528000
0.417000
0.260000
0.118000
-3.00000E-03
-0.115000
-0.231000
-0.393000
-0.504000
-0.626000
-0.823000
-1.00000
-1.08100
-0.995000
-0.747000
-0.105000
0.786000
1.80300
2.59200
3.00700
2.93600
2.12600
0.993000
-3.00000E-03
-0.793000
-1.50600
-1.95100
-2.29000
-2.69000
-2.85100
-2.87700
-2.67900
-2.25500
-1.35400
-0.494000
0.341000
1.39300
2.51600
3.56300
4.26100
4.52400
4.77200
3.72000
1.72200
-0.337000
-2.07200
-3.23600
-3.97500
-4.17200
-4.23800
-3.89900
-3.36700
-2.35600
-0.868000
0.583000
1.83800
2.62200
2.93100
2.77400
2.36900
1.83800
1.26600
0.781000
0.295000
5.20000E-02
-0.140000
-0.261000
-0.428000
-0.408000
-0.514000
-0.676000
-0.757000
-0.787000
-0.793000
-0.651000
-0.307000
8.30000E-02
0.417000
0.568000
0.629000
0.467000
0.128000
-0.201000
-0.535000
-0.767000
-0.868000
-0.752000
-0.550000
-0.226000
0.133000
0.427000
0.624000
0.993000
1.45400
1.73700
1.75200
1.38800
0.639000
-0.266000
-1.27800
-2.24900
-2.90200
-3.21600
-3.28700
-2.97800
-2.18400
-0.949000
0.325000
1.79300
3.24900
3.60400
2.94600
1.65600
0.437000
-0.565000
-1.41500
-1.86000
-1.92600
-1.86500
-1.50100
-1.05100
-0.555000
-0.140000
0.113000
0.341000
0.341000
0.280000
0.305000
0.325000
0.300000
0.265000
0.189000
0.133000
5.20000E-02
-2.90000E-02
-0.221000
-0.347000
-0.357000
-0.241000
3.20000E-02
0.224000
0.381000
0.381000
0.224000
9.80000E-02
5.20000E-02
3.20000E-02
0.118000
0.401000
0.619000
0.609000
0.457000
0.255000
2.20000E-02
-0.185000
-0.226000
-0.191000
-0.191000
-0.170000
-6.90000E-02
3.70000E-02
0.143000
0.184000
0.133000
0.123000
0.113000
0.153000
0.229000
0.508000
0.993000
1.41800
1.44900
1.23600
0.750000
1.03000E-01
-0.545000
-1.14200
-1.48100
-1.60200
-1.55600
-1.32400
-0.929000
-0.474000
-8.00000E-03
0.396000
0.907000
1.38300
1.73200
1.83300
1.55000
0.953000
0.260000
-0.378000
-0.975000
-1.51600
-1.84000
-2.00700
-1.96100
-1.42000
-0.823000
1.20000E-02
0.993000
1.82300
2.34400
2.39400
1.90400
0.963000
-2.90000E-02
-0.949000
-1.65800
-2.06200
-2.05200
-2.13300
-1.87000
-1.23800
-0.327000
0.791000
1.90400
2.46000
2.36900
1.68100
0.583000
-0.489000
-1.10100
-1.24300
-0.747000
-0.185000
0.320000
0.836000
1.14500
0.953000
0.558000
0.159000
-0.185000
-0.580000
-0.929000
-1.12100
-1.02000
-0.631000
-5.90000E-02
0.573000
1.20600
1.54500
1.46900
1.15000
0.664000
0.260000
-0.110000
-0.433000
-0.626000
-0.787000
-0.833000
-0.732000
-0.449000
-1.90000E-02
0.508000
1.24100
1.91900
2.27300
2.19700
1.83300
1.22600
0.341000
-0.610000
-1.41500
-2.01200
-2.40600
-2.52800
-2.41100
-1.80400
-0.949000
-1.90000E-02
0.862000
1.49900
1.81300
1.89900
1.83800
1.67100
1.32700
0.902000
0.543000
0.260000
2.70000E-02
-0.312000
-0.656000
-0.995000
-1.22300
-1.40000
-1.65800
-1.81900
-1.86000
-1.84000
-1.75900
-1.50100
-1.09100
-0.636000
-0.110000
0.508000
1.19100
1.63600
1.99500
2.13600
2.02500
1.59500
1.04900
0.589000
0.214000
-7.90000E-02
-0.413000
-0.747000
-1.15200
-1.72800
-2.35600
-2.80100
-3.04400
-3.09900
-2.95800
-2.48700
-1.58700
-0.535000
0.705000
2.08600
3.41600
4.05400
4.01800
3.06700
1.79800
0.664000
-0.145000
-0.787000
-1.24300
-1.26300
-1.35400
-1.21700
-1.09100
-1.12100
-1.28300
-1.44000
-1.48100
-1.47500
-1.21700
-0.676000
5.20000E-02
1.02900
2.20200
3.27500
3.83600
3.87700
2.98600
1.68100
0.563000
-0.388000
-1.20200
-1.68800
-1.79900
-1.69800
-1.33900
-0.934000
-0.555000
-0.221000
4.20000E-02
0.143000
0.250000
0.356000
0.356000
0.406000
0.639000
0.847000
0.806000
0.761000
0.862000
0.983000
0.831000
0.462000
2.00000E-03
-0.393000
-0.737000
-0.899000
-0.833000
-0.732000
-0.529000
-0.302000
-0.120000
0.113000
0.341000
0.341000
1.03000E-01
-0.231000
-0.383000
-0.292000
-8.90000E-02
9.80000E-02
0.260000
0.331000
0.336000
0.386000
0.325000
3.70000E-02
-0.342000
-0.605000
-0.757000
-0.757000
-0.666000
-0.469000
-0.110000
0.214000
0.477000
0.720000
0.831000
1.04900
1.37300
1.59000
1.49900
1.02900
0.159000
-0.853000
-1.88000
-2.61400
-2.95300
-3.07400
-2.75500
-2.00700
-0.646000
0.963000
2.43000
2.89500
2.60700
1.98000
1.26100
0.761000
0.487000
0.305000
7.80000E-02
-6.40000E-02
-0.408000
-0.727000
-0.808000
-0.929000
-1.07600
-1.21700
-1.23300
-1.14200
-0.980000
-0.656000
-7.90000E-02
0.669000
1.46400
2.01500
2.01500
1.45900
0.745000
0.219000
-5.90000E-02
-0.191000
-0.110000
-4.90000E-02
-0.261000
-0.631000
-1.10100
-1.58700
-1.93100
-1.94100
-1.63200
-1.03000
-2.40000E-02
1.26600
2.46000
3.17900
3.25400
2.77900
1.84300
0.619000
-0.565000
-1.67800
-2.64900
-3.05900
-3.49900
-3.57000
-3.18500
-2.52800
-1.17200
0.589000
2.95100
4.06900
3.21900
2.35900
1.67600
0.948000
0.199000
-0.443000
-0.990000
-1.26300
-1.71800
-1.92600
-1.92600
-1.58700
-1.29300
-0.868000
-0.327000
0.341000
1.21100
1.85300
2.14700
1.97000
1.33200
0.589000
-2.90000E-02
-0.514000
-0.727000
-0.631000
-0.504000
-0.302000
-0.312000
-0.504000
-0.626000
-0.732000
-0.833000
-0.868000
-0.737000
-0.484000
0.143000
0.907000
1.48900
1.67100
1.52900
1.11000
0.629000
0.310000
0.123000
-1.90000E-02
-0.170000
-0.373000
-0.570000
-0.691000
-0.767000
-0.798000
-0.828000
-0.777000
-0.489000
6.70000E-02
0.826000
1.48900
1.59500
0.912000
7.80000E-02
-0.469000
-0.767000
-1.08100
-1.07100
-0.828000
-0.226000
0.604000
1.65100
2.62200
2.89500
2.46500
1.59000
0.700000
-6.90000E-02
-0.879000
-1.55600
-1.97600
-2.41100
-2.58800
-2.63900
-2.48700
-1.78400
-0.914000
9.80000E-02
1.29700
2.52100
3.15800
2.90000
1.99000
1.12500
0.457000
-8.00000E-03
-0.484000
-0.772000
-1.03000
-1.31400
-1.24300
-1.03000
-0.787000
-0.570000
-0.403000
-0.246000
-6.90000E-02
2.20000E-02
0.143000
0.290000
0.487000
0.680000
0.740000
0.624000
0.361000
-2.90000E-02
-0.443000
-0.757000
-0.949000
-0.975000
-0.712000
-0.226000
0.396000
1.13500
1.62100
1.67600
1.42300
0.988000
0.295000
-0.484000
-1.21200
-1.68300
-1.84500
-1.89000
-1.70800
-1.44500
-0.970000
-0.287000
0.442000
1.41300
2.50100
2.94600
2.27800
0.968000
-0.287000
-1.20200
-1.72800
-1.80900
-1.42500
-0.747000
-0.206000
0.164000
0.437000
0.417000
0.214000
-5.90000E-02
-0.261000
-0.241000
-4.90000E-02
0.245000
0.508000
0.563000
0.406000
0.275000
0.164000
1.03000E-01
1.03000E-01
0.219000
9.80000E-02
-0.322000
-0.636000
-0.686000
-0.610000
-0.408000
-0.307000
-0.282000
-0.130000
2.20000E-02
0.245000
0.583000
0.907000
1.08900
1.22600
1.32700
1.27100
1.11500
0.968000
0.882000
0.781000
0.487000
2.20000E-02
-0.631000
-1.23800
-1.60700
-1.83000
-1.74900
-1.40000
-0.813000
-0.251000
0.184000
0.624000
1.04400
1.48400
1.81800
1.80800
1.42800
0.963000
0.705000
0.583000
0.604000
0.776000
0.841000
0.497000
-0.125000
-0.747000
-1.14700
-1.36400
-1.40500
-1.38400
-1.33400
-1.07600
-0.524000
3.20000E-02
0.346000
0.639000
0.948000
1.20100
1.26600
1.24600
1.20600
1.15000
1.00800
0.614000
9.30000E-02
-0.373000
-0.737000
-0.995000
-1.27800
-1.60700
-1.86000
-1.77900
-1.43500
-0.777000
9.80000E-02
1.01900
1.71200
2.25800
2.46000
2.36400
1.69100
0.619000
-0.363000
-1.10100
-1.59700
-1.66300
-1.61700
-1.37400
-1.18200
-1.18200
-1.40000
-1.64700
-1.76900
-1.49600
-0.752000
0.300000
1.88400
5.06000
4.90900
3.40100
1.35200
-0.266000
-1.34400
-1.99100
-2.69000
-2.66900
-2.57300
-2.24900
-1.32400
-0.555000
-2.90000E-02
0.224000
0.219000
9.80000E-02
1.20000E-02
-2.90000E-02
0.194000
0.381000
0.442000
0.285000
0.153000
0.184000
0.325000
0.543000
0.771000
0.922000
0.801000
0.366000
-0.140000
-0.651000
-1.05100
-1.34400
-1.49600
-1.49600
-1.32400
-1.06600
-0.767000
-0.342000
0.194000
0.690000
1.09900
1.41300
1.63100
1.79300
1.89400
1.85800
1.65600
1.34700
0.680000
-0.342000
-1.64200
-2.79100
-3.56000
-3.93400
-3.88300
-3.39800
-2.49200
-1.00000
0.963000
3.02700
4.34700
4.91400
4.95400
4.66600
2.80400
0.396000
-1.51600
-2.89700
-3.62000
-3.83300
-3.90400
-3.47900
-2.53300
-1.07600
0.133000
1.05400
1.65100
1.82300
1.71700
1.57500
1.26600
0.700000
0.153000
-0.302000
-0.469000
-0.600000
-0.737000
-0.767000
-0.605000
-0.165000
0.366000
1.10500
2.03500
2.61200
2.66800
2.10100
1.21600
0.325000
-0.433000
-1.07600
-1.52100
-1.80900
-1.99100
-2.01200
-1.71800
-1.48100
-1.07600
-0.676000
-0.292000
0.255000
1.00300
1.90400
2.91000
3.61400
3.80600
3.75500
3.15800
2.16200
1.04900
-3.40000E-02
-1.09100
-1.92600
-2.24900
-2.75500
-3.02900
-3.14500
-3.10400
-2.76000
-2.12800
-1.15700
-0.282000
0.720000
1.93400
2.93600
3.42100
3.49700
3.28000
2.57700
1.62100
0.705000
-7.90000E-02
-0.686000
-1.16200
-1.32900
-1.54600
-1.57700
-1.52100
-1.25800
-0.858000
-0.454000
-0.130000
2.00000E-03
9.80000E-02
0.290000
0.376000
0.315000
0.123000
-0.145000
-0.185000
-5.90000E-02
0.239000
0.700000
1.12500
1.39800
1.47400
1.26100
0.902000
0.508000
9.30000E-02
-0.403000
-0.873000
-1.41500
-1.99100
-2.39600
-2.52800
-2.57300
-2.44200
-2.00700
-1.34900
-0.514000
0.791000
2.28300
3.29500
3.76500
3.92700
3.66400
2.08600
0.118000
-1.67800
-2.89200
-3.92400
-4.22700
-4.20700
-3.58500
-2.63400
-1.19700
0.214000
1.52900
2.34900
2.73300
2.44500
1.98500
1.50900
0.983000
0.300000
-0.423000
-0.990000
-1.33900
-1.83000
-2.25500
-2.49200
-2.29000
-1.52100
-0.727000
0.275000
1.47900
2.85000
3.76000
3.63900
1.91400
3.20000E-02
-1.30300
-2.04200
-2.39100
-2.26500
-1.85000
-1.39500
-0.828000
-0.226000
0.320000
0.700000
0.902000
0.841000
0.761000
0.482000
0.179000
5.20000E-02
0.204000
0.234000
0.143000
3.70000E-02
-0.125000
-0.292000
-0.231000
0.113000
0.508000
0.907000
1.08900
1.27700
1.31700
1.15000
0.745000
0.153000
-0.514000
-1.28300
-1.99100
-2.52800
-2.79600
-2.70000
-2.15300
-1.02000
0.184000
1.60000
2.95100
3.76500
4.09900
3.99800
3.13300
1.95900
0.654000
-0.651000
-1.99100
-3.12500
-3.68600
-4.25300
-4.15700
-3.83300
-3.06400
-1.61700
0.108000
1.79800
3.29000
3.95800
4.17000
3.98300
2.97100
1.50900
0.133000
-0.757000
-1.55600
-1.98100
-2.16900
-2.24400
-1.99100
-1.62700
-1.24300
-0.651000
6.20000E-02
0.619000
0.821000
0.948000
0.968000
0.968000
0.958000
1.02400
1.29700
1.50900
1.59500
1.43300
0.963000
0.437000
-2.90000E-02
-0.671000
-1.11600
-1.44000
-1.72800
-1.91100
-1.92100
-1.64200
-1.14200
-0.560000
-2.90000E-02
0.427000
0.852000
1.23600
1.58000
1.75200
1.79300
1.78200
1.59500
1.31200
0.988000
0.614000
0.194000
-0.292000
-0.727000
-1.15700
-1.60200
-2.05200
-2.41600
-2.63900
-2.69000
-2.41100
-1.64700
-0.858000
-2.90000E-02
1.01300
2.21700
3.31500
3.96300
4.03900
2.89500
1.35700
-0.145000
-1.32900
-2.14300
-2.49700
-2.54800
-2.53300
-2.10800
-1.17700
-0.231000
0.761000
1.63600
1.96400
1.60500
0.902000
5.20000E-02
-0.777000
-1.34900
-1.71300
-1.64700
-1.44500
-0.899000
-0.185000
0.381000
0.776000
1.08900
1.08400
0.933000
0.922000
0.988000
0.943000
0.862000
0.943000
1.07400
1.05400
0.745000
0.189000
-0.403000
-0.879000
-1.26300
-1.56100
-1.74400
-1.86000
-2.01200
-2.16300
-2.18900
-2.07200
-1.50100
-0.929000
-0.211000
0.730000
1.74200
2.91000
3.84100
4.70600
5.35400
4.83300
3.05200
1.08900
-0.798000
-2.45700
-3.88300
-4.59200
-5.04200
-5.04700
-4.76400
-4.31800
-3.70600
-2.65400
-1.03500
0.538000
2.02500
3.34000
4.59000
5.56600
5.01500
3.14800
1.48900
0.164000
-0.590000
-1.23800
-1.47500
-1.49600
-1.63700
-1.66800
-1.43000
-1.21700
-1.09100
-0.959000
-0.737000
-0.509000
-0.327000
-2.90000E-02
0.285000
0.781000
1.25600
1.51900
1.59500
1.64100
1.48400
1.34700
1.35700
1.22600
0.907000
0.523000
2.00000E-03
-0.636000
-1.09100
-1.43500
-1.60200
-1.64700
-1.42500
-0.980000
-0.509000
7.80000E-02
0.634000
1.17500
1.38800
1.30700
1.22600
1.15000
1.09900
1.10500
0.983000
0.922000
0.948000
0.766000
0.386000
-0.110000
-0.585000
-0.959000
-1.23800
-1.44000
-1.58200
-1.53600
-1.31400
-1.07600
-0.863000
-0.590000
-0.307000
7.80000E-02
0.690000
1.42800
2.33900
3.01200
3.29500
2.88500
2.07600
0.953000
-0.292000
-1.45500
-2.37100
-2.89700
-3.26600
-3.50900
-3.46400
-3.22100
-2.89700
-2.26500
-0.980000
0.214000
1.44900
2.44500
2.99100
3.12800
3.12800
2.77400
1.94400
0.993000
1.70000E-02
-1.08100
-2.07700
-2.98300
-3.58500
-3.86300
-3.82800
-3.56000
-3.02300
-2.17400
-0.949000
0.138000
1.15000
2.12600
2.82400
3.13800
3.10800
2.49100
1.51400
0.396000
-0.666000
-1.63700
-2.33000
-2.61900
-2.80600
-2.78100
-2.41600
-1.66800
-0.899000
-4.40000E-02
0.644000
1.13500
1.27700
1.19100
1.05400
0.927000
0.887000
0.841000
0.700000
0.401000
-3.90000E-02
-0.529000
-1.04000
-1.40500
-1.46500
-1.47500
-1.27800
-0.914000
-0.449000
0.234000
0.902000
1.31700
1.47400
1.45400
1.34700
1.08400
0.649000
0.224000
-0.105000
-0.499000
-0.818000
-0.959000
-0.899000
-0.737000
-0.307000
0.260000
0.796000
1.06400
1.04400
0.852000
0.563000
0.224000
-0.145000
-0.449000
-0.403000
-0.130000
0.224000
0.644000
0.943000
1.08900
1.11500
1.00300
0.786000
0.482000
0.239000
3.20000E-02
-0.241000
-0.469000
-0.631000
-0.752000
-0.762000
-0.565000
-0.231000
6.20000E-02
0.381000
0.685000
0.761000
0.801000
0.852000
0.791000
0.583000
0.219000
-8.00000E-03
-0.120000
-3.90000E-02
0.153000
0.462000
0.852000
1.06400
0.963000
0.624000
0.179000
-0.373000
-1.00000
-1.52600
-1.74900
-1.68300
-1.40000
-1.01500
-0.575000
9.30000E-02
1.01300
2.01500
2.89500
3.48700
3.55300
3.14800
2.32900
1.08900
-0.287000
-1.53600
-2.50700
-3.01300
-3.34200
-3.16000
-2.58300
-1.64700
-0.656000
0.300000
1.08400
1.55500
1.66600
1.59000
1.51900
1.60000
1.79800
1.85800
1.74200
1.56000
1.30700
0.750000
-0.246000
-1.08600
-1.64700
-2.08300
-2.31500
-2.33000
-2.02700
-1.42000
-0.798000
-0.120000
0.467000
0.953000
1.24100
1.31700
1.16500
0.791000
0.199000
-0.388000
-0.889000
-1.10100
-0.919000
-0.449000
0.224000
1.20100
2.26300
2.63200
1.55000
-0.105000
-1.60200
-2.63900
-3.30700
-3.50900
-3.44800
-3.01800
-2.27000
-1.10100
-0.150000
0.568000
1.15500
1.71700
2.03000
1.83300
1.26600
0.558000
6.20000E-02
-0.312000
-0.798000
-1.22300
-1.62700
-1.80400
-1.81400
-1.56700
-1.00000
-0.545000
-0.373000
-0.287000
-0.226000
-0.393000
-0.615000
-0.767000
-0.772000
-0.570000
-0.140000
0.356000
0.852000
1.11500
1.13000
0.852000
0.437000
9.30000E-02
-0.226000
-0.464000
-0.610000
-0.661000
-0.696000
-0.671000
-0.489000
-0.206000
0.153000
0.659000
1.02400
1.03400
0.705000
0.189000
-0.191000
-0.433000
-0.408000
-0.170000
-3.00000E-03
8.30000E-02
5.20000E-02
-1.90000E-02
6.70000E-02
0.401000
0.811000
1.18500
1.42800
1.35700
1.02900
0.634000
0.376000
0.356000
0.497000
0.750000
0.867000
0.705000
0.245000
-0.292000
-0.646000
-0.777000
-0.752000
-0.529000
-0.191000
5.20000E-02
8.30000E-02
0.179000
0.462000
0.887000
1.24600
1.47900
1.51400
1.45900
1.35700
1.26600
1.08400
0.720000
0.219000
-0.307000
-0.803000
-1.07100
-1.20200
-1.13100
-0.873000
-0.631000
-0.413000
-0.191000
2.20000E-02
0.219000
0.285000
0.219000
0.113000
3.20000E-02
0.123000
0.280000
0.341000
0.280000
0.255000
0.275000
0.260000
0.138000
6.20000E-02
5.20000E-02
3.20000E-02
-3.90000E-02
-0.221000
-0.403000
-0.646000
-0.959000
-1.14200
-1.07100
-0.732000
-0.388000
-0.231000
-0.120000
2.00000E-03
1.03000E-01
0.341000
0.533000
0.528000
0.305000
-9.90000E-02
-0.550000
-0.838000
-0.929000
-0.879000
-0.707000
-0.347000
0.159000
0.902000
1.98000
3.40100
4.22100
2.06100
0.189000
-1.48600
-2.72000
-3.51900
-3.78200
-3.66600
-3.03400
-1.81900
-0.312000
1.28700
2.54600
3.11300
3.20900
2.92600
2.45000
1.65100
0.462000
-0.681000
-1.51600
-1.81900
-1.79900
-1.61700
-1.21700
-0.605000
0.174000
0.821000
0.988000
0.897000
0.841000
0.801000
0.720000
0.644000
0.503000
0.123000
-0.423000
-0.858000
-0.995000
-0.954000
-0.772000
-0.474000
-0.170000
1.03000E-01
0.386000
0.700000
0.781000
0.730000
0.543000
0.422000
0.396000
0.376000
0.305000
0.300000
0.341000
0.204000
-0.150000
-0.747000
-1.43500
-1.98100
-2.36600
-2.47700
-2.19400
-1.21200
6.70000E-02
1.93400
4.70600
7.19500
4.91900
2.60700
0.422000
-1.50600
-3.01300
-4.18200
-4.59700
-4.72300
-4.24800
-3.65100
-2.64900
-1.27800
0.113000
1.48900
2.76400
3.71000
4.12500
4.10400
3.69500
2.89500
1.74200
0.664000
-0.388000
-1.41500
-2.17400
-2.77100
-3.34200
-3.45900
-3.29700
-2.61400
-1.51600
-0.509000
0.260000
0.973000
1.57000
2.00000
2.24300
2.23800
1.95400
1.56000
1.19100
0.867000
0.457000
0.113000
-0.160000
-0.413000
-0.449000
-0.489000
-0.757000
-0.909000
-0.894000
-0.651000
-0.433000
-0.413000
-0.575000
-0.772000
-0.793000
-0.615000
-0.170000
0.386000
0.847000
1.00800
0.943000
0.922000
0.948000
0.948000
0.735000
0.285000
-0.201000
-0.605000
-0.707000
-0.696000
-0.757000
-0.707000
-0.524000
-0.266000
-0.125000
1.20000E-02
1.20000E-02
5.70000E-02
7.80000E-02
0.128000
0.250000
0.325000
0.224000
-3.00000E-03
-0.352000
-0.626000
-0.777000
-0.959000
-1.14200
-1.23800
-1.19200
-0.990000
-0.615000
6.20000E-02
0.857000
1.71200
2.31900
2.58200
2.42500
1.77700
0.821000
-0.120000
-1.03000
-1.68300
-1.96100
-2.14300
-2.26500
-2.22900
-1.88500
-1.48600
-1.05100
-0.474000
9.80000E-02
0.503000
0.831000
1.01300
1.20600
1.40800
1.52400
1.55500
1.38800
0.973000
0.467000
5.70000E-02
-0.140000
-0.231000
-0.170000
-0.201000
-0.337000
-0.605000
-0.980000
-1.31900
-1.58200
-1.62200
-1.33900
-0.838000
-0.332000
0.477000
1.61500
2.94600
3.59300
3.02700
1.77200
0.422000
-0.732000
-1.65800
-2.48700
-2.77600
-2.85700
-2.46700
-1.32400
-0.130000
0.948000
2.02000
2.95600
3.50200
3.30000
2.20700
0.948000
-0.140000
-1.02000
-1.70800
-1.80400
-1.58200
-1.17700
-0.798000
-0.221000
0.396000
0.887000
0.988000
0.781000
0.396000
-0.180000
-0.772000
-1.11100
-1.20200
-1.03000
-0.509000
0.179000
0.968000
1.87300
2.61200
2.94600
2.87000
2.52600
2.20700
1.73200
1.05400
0.219000
-0.712000
-1.77900
-2.87200
-3.66100
-3.98500
-3.99000
-3.77700
-3.10400
-1.96100
-0.570000
0.563000
1.47400
2.38900
3.44200
4.39300
4.87300
4.13000
2.88500
1.59500
0.422000
-0.610000
-1.58200
-2.21400
-2.60900
-3.01300
-3.09900
-3.14000
-2.95300
-2.41600
-1.45500
-0.529000
0.366000
1.28700
2.09600
2.61200
2.60700
2.10100
1.16500
0.255000
-0.550000
-1.27800
-1.67800
-1.54600
-0.828000
1.03000E-01
0.988000
1.54000
1.52900
0.963000
0.305000
-0.266000
-0.787000
-1.20200
-1.47500
-1.50600
-1.23800
-0.762000
0.133000
1.18500
1.97500
2.24300
1.93900
1.28700
0.477000
-0.307000
-1.17700
-1.88500
-2.33500
-2.72000
-2.75000
-2.44700
-1.49600
-0.352000
0.781000
1.65100
2.16200
2.34400
2.21700
1.85300
1.39800
0.907000
0.320000
-0.271000
-0.959000
-1.50600
-2.02200
-2.16300
-1.91100
-1.53600
-1.27800
-1.07600
-0.717000
-0.271000
-4.40000E-02
7.30000E-02
0.260000
0.573000
0.902000
1.21600
1.44300
1.57500
1.59000
1.43800
0.993000
0.381000
-0.226000
-0.919000
-1.54600
-2.00200
-2.33000
-2.55300
-2.56800
-2.09300
-1.43500
-0.631000
0.391000
1.65100
2.92600
3.64400
3.72000
3.00700
1.55000
-0.261000
-1.96600
-3.14000
-3.91400
-4.05500
-4.06600
-3.53900
-2.52800
-0.737000
1.28700
3.26000
4.71100
5.11600
4.38300
2.74400
0.973000
-0.671000
-2.08800
-3.10400
-3.46900
-3.68100
-3.66100
-3.16000
-2.45700
-1.36400
-0.443000
0.381000
1.21100
1.87300
2.31900
2.65200
2.81400
2.70800
2.26300
1.50900
0.993000
0.406000
-0.570000
-1.57700
-2.25500
-2.51800
-2.57300
-2.47200
-2.07200
-1.34400
-0.605000
0.184000
0.927000
1.50400
1.97500
2.33900
2.46500
2.36400
1.96400
1.38800
0.922000
0.482000
0.159000
-0.282000
-0.787000
-1.27300
-1.50600
-1.56100
-1.37400
-1.03000
-0.585000
-0.125000
0.422000
1.02400
1.50900
1.86300
2.06600
2.23300
2.35900
2.13600
1.54000
0.649000
-0.388000
-1.29800
-1.91100
-2.12300
-2.12800
-2.02700
-1.47000
-0.565000
0.761000
2.13600
2.93100
3.12800
2.64200
1.20600
-0.302000
-1.37400
-2.16300
-2.66400
-2.73000
-2.52800
-1.63700
-0.752000
0.169000
1.08400
1.77200
2.21700
2.36900
2.31900
1.98500
1.27100
0.346000
-0.509000
-1.27800
-1.93100
-2.48700
-2.95300
-3.09900
-2.90200
-2.35600
-1.26300
-4.40000E-02
1.23100
2.07600
2.32900
2.15700
1.64100
1.00800
0.346000
-0.150000
-0.433000
-0.585000
-0.712000
-1.02500
-1.16200
-1.28300
-1.26300
-1.01500
-0.691000
-0.484000
3.20000E-02
0.796000
1.51400
1.64100
1.24600
0.578000
-7.90000E-02
-0.747000
-1.23800
-1.52600
-1.58700
-1.37400
-1.01500
-0.600000
-2.90000E-02
0.457000
0.761000
0.953000
1.07400
0.988000
0.639000
0.143000
-0.373000
-0.732000
-0.879000
-0.858000
-0.858000
-0.707000
-0.368000
-0.110000
-0.150000
-0.363000
-0.550000
-0.747000
-0.752000
-0.418000
0.133000
0.690000
1.23100
1.59500
1.75200
1.67100
1.27100
0.558000
-0.226000
-1.01000
-1.54600
-1.91100
-2.11300
-2.10800
-1.59700
-0.879000
-6.90000E-02
0.710000
1.36300
1.57000
1.46900
1.38800
1.35200
1.26600
0.862000
0.214000
-0.454000
-1.00500
-1.23800
-1.34400
-1.27300
-0.934000
-0.408000
0.194000
0.811000
1.40800
1.93900
1.93900
1.18500
0.113000
-0.828000
-1.56100
-1.96100
-1.72800
-1.29300
-0.524000
0.381000
1.23600
1.68100
1.80300
1.59500
1.11000
0.649000
0.214000
-0.150000
-0.428000
-0.550000
-0.722000
-0.879000
-0.919000
-0.793000
-0.590000
-0.261000
0.133000
0.624000
1.19600
1.79800
2.21700
2.19700
1.72200
0.847000
-4.40000E-02
-0.757000
-1.16200
-1.15700
-1.05600
-0.767000
-0.433000
-0.150000
-1.90000E-02
5.70000E-02
0.214000
0.406000
0.624000
0.852000
1.08900
1.21100
1.14500
0.963000
0.710000
0.457000
0.275000
3.20000E-02
-0.170000
-0.266000
-0.261000
-0.191000
-0.140000
-0.105000
-6.40000E-02
-4.40000E-02
-6.90000E-02
-0.130000
-0.226000
-0.282000
-0.312000
-0.251000
-8.90000E-02
9.80000E-02
0.133000
0.194000
0.214000
0.219000
0.224000
0.376000
0.578000
0.639000
0.508000
1.03000E-01
-0.595000
-1.25300
-1.66800
-1.78400
-1.54100
-0.838000
0.234000
1.89400
2.41000
1.19100
-0.115000
-1.23300
-1.94100
-2.37100
-2.50700
-2.26500
-1.51600
-0.545000
0.462000
1.26600
1.67100
1.54000
1.02900
0.361000
-0.160000
-0.514000
-0.777000
-0.752000
-0.767000
-0.676000
-0.514000
-0.251000
1.70000E-02
0.133000
0.174000
6.20000E-02
-0.388000
-0.954000
-1.41500
-1.64700
-1.58700
-1.19700
-0.464000
0.503000
1.55000
2.27800
2.32900
1.79800
1.08400
0.457000
-1.90000E-02
-0.454000
-0.894000
-1.20200
-1.56700
-1.55600
-1.33400
-1.02500
-0.676000
-0.342000
0.174000
0.629000
1.07900
1.42800
1.42800
1.06900
0.583000
0.179000
-0.110000
-0.211000
-2.90000E-02
0.239000
0.563000
0.776000
0.680000
0.437000
0.138000
-0.241000
-0.686000
-1.06100
-1.21200
-1.06600
-0.691000
-6.90000E-02
0.791000
1.79800
2.34400
2.30800
1.87300
1.31700
0.791000
0.179000
-0.413000
-0.858000
-1.02000
-0.995000
-0.712000
-0.246000
0.194000
0.543000
0.745000
0.725000
0.599000
0.376000
0.214000
6.20000E-02
-2.90000E-02
4.70000E-02
0.366000
0.801000
1.21600
1.45400
1.36300
0.841000
1.70000E-02
-0.793000
-1.52100
-2.04200
-2.23400
-2.12300
-1.27300
-0.185000
1.22600
2.81400
3.78100
3.70000
2.40500
0.933000
-0.271000
-1.21200
-1.90000
-2.33000
-2.43700
-2.45700
-2.15300
-1.54600
-1.07600
-0.651000
-5.90000E-02
0.690000
1.60000
2.34900
2.87000
2.84500
2.15700
1.15000
0.219000
-0.388000
-0.798000
-1.13100
-1.31400
-1.72300
-2.08300
-2.55800
-2.81100
-2.81600
-2.37100
-1.27800
0.234000
2.53100
5.03500
3.92200
2.03000
0.376000
-0.858000
-1.70300
-2.33000
-2.51800
-2.45700
-2.14300
-1.39500
-0.489000
0.275000
0.801000
1.15000
1.31200
1.17000
0.872000
0.437000
-1.90000E-02
-0.423000
-0.772000
-1.07100
-1.38400
-1.51600
-1.56100
-1.53600
-1.26300
-0.990000
-0.666000
-0.206000
0.341000
1.00300
1.87300
2.35900
2.10100
1.35200
0.538000
-0.191000
-0.737000
-1.11600
-1.49600
-1.75400
-1.68800
-1.43500
-0.954000
-0.352000
0.174000
0.639000
1.00300
1.11500
1.11000
0.983000
0.629000
0.199000
-0.226000
-0.701000
-1.04500
-1.14200
-1.02000
-0.691000
-0.206000
0.174000
0.396000
0.518000
0.503000
0.594000
0.811000
1.20600
1.60000
1.83800
2.04500
1.96400
1.30700
0.143000
-1.15200
-2.29500
-3.02300
-3.37800
-3.30700
-2.87700
-2.04700
-0.545000
0.629000
1.54000
2.13600
2.48600
2.76900
3.00700
3.13800
2.61200
1.47400
0.224000
-0.686000
-1.29300
-1.62700
-1.76400
-1.48600
-1.05100
-0.585000
-0.221000
5.70000E-02
0.164000
9.30000E-02
2.00000E-03
-9.90000E-02
-0.165000
-0.110000
8.30000E-02
0.386000
0.872000
1.56500
2.12100
2.19700
1.72200
0.841000
1.70000E-02
-0.550000
-0.990000
-1.19200
-1.25300
-1.00500
-0.615000
-3.90000E-02
0.700000
1.69100
2.68800
2.88500
2.25800
1.28700
0.234000
-0.651000
-1.40500
-2.13300
-2.51800
-2.64400
-2.43200
-1.72800
-0.959000
-0.251000
0.381000
0.872000
1.29700
1.71200
2.02500
2.22200
2.30300
2.21200
1.92400
1.47400
0.948000
0.260000
-0.565000
-1.38400
-2.08300
-2.48700
-2.57300
-2.46700
-2.23400
-1.70300
-1.23800
-0.843000
-0.535000
-0.231000
8.30000E-02
0.462000
0.973000
1.57000
2.05600
2.35900
2.45000
2.18200
1.42800
0.437000
-0.504000
-1.27800
-1.82500
-2.03200
-2.03200
-1.64200
-1.19700
-0.873000
-0.757000
-0.757000
-0.727000
-0.712000
-0.626000
-0.479000
-0.352000
-0.241000
-8.00000E-03
0.305000
0.776000
1.16500
1.47900
1.41800
1.02900
0.411000
-0.251000
-0.767000
-1.05100
-1.09600
-1.08600
-0.808000
-0.443000
-0.105000
5.70000E-02
0.133000
9.30000E-02
-0.211000
-0.626000
-0.853000
-0.939000
-0.782000
-0.413000
0.143000
0.766000
1.44300
2.01500
1.89400
1.12500
0.179000
-0.580000
-1.22300
-1.68800
-1.69800
-1.46000
-1.00500
-0.332000
0.417000
0.892000
1.06900
1.03400
0.801000
0.528000
0.255000
-3.00000E-03
-0.206000
-0.332000
-0.231000
1.03000E-01
0.472000
0.761000
0.852000
0.700000
0.346000
-0.105000
-0.651000
-0.970000
-0.919000
-0.626000
-0.266000
4.20000E-02
0.174000
0.336000
0.508000
0.705000
0.998000
1.28700
1.34700
1.22600
0.968000
0.644000
0.331000
-8.00000E-03
-0.423000
-0.727000
-0.873000
-0.919000
-1.00000
-1.08100
-1.07100
-0.929000
-0.696000
-0.514000
-0.180000
0.153000
0.604000
1.10500
1.65100
2.13600
2.36900
2.30300
1.87900
1.18500
0.396000
-0.211000
-0.631000
-0.873000
-1.04000
-1.24300
-1.36400
-1.44000
-1.56100
-1.62200
-1.60700
-1.49600
-1.15700
-0.631000
-4.40000E-02
0.396000
0.750000
1.06900
1.51400
2.10600
2.67300
3.00700
3.14800
3.09300
2.11600
0.609000
-0.949000
-2.31500
-3.24100
-3.82300
-4.19700
-4.08600
-3.74700
-2.93700
-1.69800
-0.433000
0.720000
1.78200
2.50600
3.01200
3.14800
2.91600
1.97500
0.786000
-3.90000E-02
-0.413000
-0.393000
3.20000E-02
0.265000
0.331000
4.20000E-02
-0.666000
-1.50600
-2.16300
-2.62400
-2.78100
-2.65900
-2.16900
-1.21200
-0.307000
0.685000
1.92400
3.42100
3.58300
2.87500
1.58500
0.194000
-1.06100
-1.96100
-2.41100
-2.29500
-1.99100
-1.06100
0.113000
1.54000
2.85000
2.91000
1.90400
0.599000
-0.408000
-1.11600
-1.65800
-1.97100
-2.15300
-2.27000
-2.20900
-1.75900
-1.10100
-0.423000
0.427000
1.35200
1.99000
2.54100
2.75400
2.42000
1.77700
1.03400
0.214000
-0.555000
-1.19200
-1.52100
-1.81400
-1.86000
-1.91100
-1.68300
-1.37400
-1.05600
-0.701000
-0.251000
0.245000
0.766000
1.23100
1.59000
1.74200
1.48900
1.06900
0.624000
0.325000
0.113000
-6.90000E-02
-0.105000
-0.261000
-0.433000
-0.555000
-0.585000
-0.509000
-0.388000
-0.221000
1.20000E-02
0.275000
0.437000
0.422000
0.285000
0.204000
0.123000
2.20000E-02
-6.40000E-02
-8.40000E-02
-0.191000
-0.302000
-0.211000
-1.90000E-02
0.245000
0.609000
0.983000
0.963000
0.669000
0.361000
9.30000E-02
-0.110000
-0.180000
-8.40000E-02
-3.90000E-02
-2.90000E-02
-0.110000
-0.292000
-0.469000
-0.621000
-0.636000
-0.545000
-0.347000
-6.40000E-02
0.179000
0.336000
0.528000
0.624000
0.604000
0.543000
0.528000
0.477000
0.386000
0.467000
0.644000
0.700000
0.538000
0.143000
-0.226000
-0.489000
-0.595000
-0.717000
-0.777000
-0.707000
-0.550000
-0.464000
-0.373000
-0.251000
1.70000E-02
0.422000
1.14000
1.95400
2.71300
3.09300
1.39300
-0.332000
-1.83000
-2.84100
-3.27600
-3.25100
-2.66400
-1.40500
0.336000
2.44500
3.76000
3.80600
2.90500
1.77200
0.589000
-0.449000
-1.32400
-1.91100
-2.18400
-2.34600
-2.32500
-1.92100
-1.24300
-0.787000
-0.170000
0.422000
0.826000
0.963000
0.862000
0.730000
0.583000
0.583000
0.568000
0.538000
0.508000
0.401000
0.366000
0.255000
0.214000
0.153000
-6.40000E-02
-0.352000
-0.565000
-0.757000
-0.858000
-0.954000
-1.05100
-1.11100
-0.879000
-0.565000
-0.165000
0.184000
0.649000
1.06400
1.28700
1.25100
0.943000
0.437000
-0.221000
-0.707000
-0.990000
-1.05600
-0.798000
-0.251000
0.406000
1.19600
1.95900
2.36900
2.24800
1.51900
0.518000
-0.428000
-1.35400
-2.19400
-2.65900
-2.99300
-2.95300
-2.49200
-1.50600
-0.565000
0.427000
1.47900
2.36400
2.88000
2.82400
2.29800
1.39300
0.300000
-0.676000
-1.45500
-2.05200
-2.14300
-1.84000
-1.23800
-0.524000
0.214000
0.953000
1.31200
1.29200
1.05400
0.720000
0.325000
-2.90000E-02
-0.388000
-0.868000
-1.33400
-1.72800
-1.80400
-1.52100
-1.03500
-0.170000
0.750000
1.63100
2.05000
1.87900
1.18500
0.275000
-0.636000
-1.35400
-1.66300
-1.46500
-1.18200
-0.565000
0.381000
1.42300
2.26300
2.52100
2.28800
1.71700
1.03400
0.280000
-0.494000
-1.22300
-1.64200
-2.04700
-2.34100
-2.40600
-2.41600
-2.13300
-1.35900
-0.504000
0.594000
1.71200
2.65200
3.32500
3.37600
2.78900
1.78200
0.852000
8.30000E-02
-0.621000
-1.01500
-1.16200
-1.54600
-1.64200
-1.50600
-1.32900
-1.05600
-0.787000
-0.504000
-0.307000
-5.90000E-02
0.204000
0.513000
0.882000
1.39800
1.92400
2.37400
2.57700
2.10600
0.862000
-0.454000
-1.54100
-2.35100
-2.73000
-2.70000
-2.18400
-0.858000
0.786000
2.65800
3.79600
3.50200
2.12100
0.664000
-0.519000
-1.38900
-1.98100
-2.18400
-2.16900
-2.02700
-1.38900
-0.484000
0.437000
1.19600
1.95900
2.44500
2.46000
1.99500
1.40800
0.755000
0.123000
-0.383000
-0.939000
-1.31900
-1.55600
-1.68300
-1.58200
-1.30300
-0.808000
-0.266000
1.03000E-01
0.437000
0.836000
1.06400
1.17500
1.20100
1.11000
1.00300
0.740000
0.275000
-0.261000
-0.787000
-1.10600
-1.22300
-1.20200
-0.939000
-0.469000
2.20000E-02
0.503000
0.882000
0.993000
1.03400
0.988000
0.806000
0.508000
8.30000E-02
-0.575000
-1.27800
-1.88500
-2.27500
-2.45700
-2.34600
-2.00200
-1.30900
-0.226000
1.10500
2.56600
3.74500
4.61000
4.25600
2.51600
0.437000
-1.26300
-2.44700
-3.32200
-3.50900
-3.46900
-3.08400
-2.23400
-1.03000
-0.287000
0.179000
0.376000
0.356000
0.265000
0.260000
0.366000
0.609000
0.862000
1.08400
1.29200
1.53500
1.47900
1.21600
0.892000
0.639000
0.123000
-0.610000
-1.22300
-1.69800
-2.04700
-2.18900
-2.24900
-2.26500
-2.01200
-1.37400
-0.631000
0.331000
1.46900
2.69300
3.62400
3.53800
2.32400
0.761000
-0.615000
-1.67800
-2.51300
-2.69500
-2.69000
-2.33500
-1.25300
-4.40000E-02
1.23100
2.37900
2.96600
2.81400
2.24800
1.47400
0.659000
-0.231000
-1.07600
-1.68300
-1.94100
-2.15300
-2.06200
-1.59700
-1.15700
-0.631000
2.00000E-03
0.437000
0.948000
1.27700
1.37300
1.26600
1.00300
0.649000
0.477000
0.462000
0.639000
0.781000
0.872000
0.882000
0.381000
-0.337000
-1.12100
-1.81900
-2.20400
-2.28500
-2.04700
-1.37400
-0.696000
0.113000
0.988000
1.63600
1.85800
1.75200
1.62100
1.39300
0.938000
0.391000
-0.160000
-0.636000
-0.909000
-1.01500
-1.03000
-0.929000
-0.717000
-0.428000
-0.211000
-0.135000
-3.90000E-02
9.30000E-02
0.214000
0.265000
0.361000
0.563000
0.680000
0.680000
0.680000
0.710000
0.826000
0.907000
0.841000
0.558000
-8.00000E-03
-0.707000
-1.27300
-1.77400
-2.15300
-2.12300
-1.63700
-0.793000
0.214000
1.34700
2.36900
2.89000
2.72800
2.07600
1.18000
0.194000
-0.615000
-1.35900
-1.74400
-1.69300
-1.59700
-1.30300
-0.787000
-0.226000
0.204000
0.659000
1.10500
1.47900
1.47400
1.04900
0.406000
-0.110000
-0.474000
-0.671000
-0.459000
-6.40000E-02
0.204000
0.255000
9.30000E-02
-6.40000E-02
-0.226000
-0.352000
-0.433000
-0.535000
-0.550000
-0.489000
-0.216000
0.133000
0.457000
0.821000
1.25100
1.61500
1.58000
1.22600
0.801000
0.234000
-0.342000
-0.949000
-1.48600
-1.91100
-2.22900
-2.44700
-2.37100
-1.72800
-0.858000
0.143000
1.27700
2.28300
2.72300
2.66300
2.20700
1.39800
0.609000
-5.90000E-02
-0.686000
-1.18200
-1.31400
-1.51600
-1.44000
-1.38400
-1.18200
-0.747000
-0.246000
0.148000
0.376000
0.437000
0.477000
0.462000
0.290000
7.00000E-03
-0.201000
-0.130000
0.224000
0.867000
1.75200
2.40000
2.34900
1.37800
5.70000E-02
-1.10600
-1.93100
-2.43700
-2.58800
-2.62900
-2.27500
-1.34400
-0.373000
0.548000
1.43800
2.18200
2.55100
2.52100
2.24300
1.71700
1.13000
0.599000
0.113000
-0.373000
-0.712000
-1.22800
-1.59700
-1.92100
-2.17400
-2.06700
-1.56100
-1.17700
-0.696000
-3.90000E-02
0.761000
1.65600
2.45000
3.00700
3.29000
3.21400
2.70800
1.90400
0.801000
-0.332000
-1.46500
-2.33000
-2.75500
-3.12500
-3.36700
-3.41800
-3.15500
-2.65400
-1.85000
-0.767000
0.518000
2.12100
3.61900
4.53400
4.61500
3.97800
2.81400
1.51400
0.285000
-0.742000
-1.70800
-2.24400
-2.49200
-2.67400
-2.71000
-2.58800
-2.27500
-1.67800
-1.33400
-0.975000
-0.535000
-0.110000
0.346000
1.02900
1.77700
2.46000
3.06700
3.30000
2.93100
2.12600
1.01900
4.20000E-02
-0.919000
-1.73900
-2.20900
-2.61900
-2.86200
-2.88200
-2.64900
-2.20900
-1.40000
-0.747000
-2.90000E-02
0.538000
1.24600
1.89900
2.42500
2.76400
2.30800
1.16500
5.70000E-02
-0.712000
-1.04000
-1.08100
-0.717000
-0.408000
-0.302000
-0.383000
-0.555000
-0.656000
-0.777000
-0.707000
-0.408000
-8.40000E-02
0.123000
0.305000
0.396000
0.422000
0.442000
0.437000
0.548000
0.705000
0.801000
0.831000
0.700000
0.376000
-0.120000
-0.666000
-1.11600
-1.37400
-1.38400
-1.13100
-0.671000
-3.00000E-03
0.766000
1.34700
1.60000
1.45900
1.04900
0.619000
0.133000
-0.433000
-0.995000
-1.47500
-1.88000
-2.05200
-1.81900
-1.28300
-0.504000
0.341000
1.10500
1.81300
2.33900
2.68800
2.97100
2.95600
2.42000
1.57000
0.381000
-1.09600
-2.61900
-3.75200
-4.42000
-4.73300
-4.49600
-3.80300
-2.65900
-0.707000
1.40800
3.15300
4.06900
4.32200
4.13000
3.53800
2.68800
1.73200
0.821000
-8.00000E-03
-0.949000
-1.76400
-2.38600
-3.04400
-3.42800
-3.49900
-3.33700
-2.91700
-2.22400
-0.939000
0.194000
1.57000
2.98100
4.15000
4.96900
4.88800
3.05700
1.11500
-0.423000
