# Reference: Mase, H. & Kirby, J.T. (1992). Hybrid frequency-domain KdV equation for random wave transformation. Proc. 23rd Int. Conf. Coastal Engineering (ASCE), 474-487.
# Source repo: https://github.com/fengyanshi/FUNWAVE-TVD  commit b4c322e7582035ee19df8e6409a3dfedaff1cb96, path benchmarks/car_mase_kirby/postprocessing/r2d075.dat
# (r2d470.dat also at benchmarks/car_mase_kirby/fft/r2d470.dat, same values to 4e-9, different formatting; it is the record used to drive the FUNWAVE wavemaker)
# Content: MEASURED surface elevation at the gauge in still-water depth h = 7.5 cm (file name r2dNNN = depth in mm; error_series.m: 'fnam(:,...)='r2d075.dat'' with
#   'h=[47 35 30 25 20 17.5 15 12.5 10 7.5 5 2.5]' in comp_mkskew.m and the plot labels 'h=35.0cm' ... 'h= 2.5cm' in comp_series.m).
# Column: (1) eta [cm], one sample per line, no time column.
#   Time step 0.05 s: error_series.m 'data_time=[0:length(gage_m)-1]*0.05;' and fft4wavemaker.m 'sample_frequency=0.05;' (used as the sampling interval, t=[0:..]*sample_frequency).
#   Units cm: fft4wavemaker.m 'scale_fac=0.01;' converts to m for the wavemaker; error_series.m compares std(data) with 'model(:,k-1)=gage(:,2)*100' (model m -> cm).
#   t = 0 at first sample; 15000 samples = 750 s. Time origin relative to wavemaker start is not documented.
# Geometry (FUNWAVE work/input.txt, model setup): 'DEPTH_FLAT = 0.47', 'SLP = 0.05' (1:20 slope), 'Xslp = 10.0' (slope toe at x = 10 m in the model frame), 'DX = 0.04'.
#   Model gauge positions (work/gauges_004.txt, grid index i, x=(i-1)*DX): 250 313 338 363 388 400 413 425 438 450 463 475 for h = 47 35 30 25 20 17.5 15 12.5 10 7.5 5 2.5 cm.
#   In a lab-independent form: gauge distance shoreward of the slope toe = (47 cm - h)/0.05 (follows from the stated depth and slope; lab x-coordinates are not in the repo).
# Waves: irregular; FUNWAVE uses 'PeakPeriod = 1.0' (spectrum details not stated in repo). Regular sampling -> original instrument record.
0.482000
0.368000
0.121000
-0.150000
-0.306000
-0.294000
-0.222000
-0.421000
-0.710000
-0.625000
1.30000E-02
0.861000
1.84300
2.19800
1.95700
1.16200
0.410000
-2.30000E-02
-0.228000
-0.270000
-0.324000
-0.354000
-0.270000
-0.174000
-4.10000E-02
-0.174000
-0.300000
-0.445000
-0.457000
-0.360000
-0.228000
9.70000E-02
0.560000
0.898000
1.03000
0.982000
0.747000
0.416000
7.30000E-02
-0.348000
-0.589000
-0.649000
-0.613000
-0.475000
-0.126000
0.536000
1.80600
2.86000
2.62500
1.63800
0.699000
-6.60000E-02
-0.427000
-0.619000
-0.896000
-1.18500
-1.38400
-1.37200
-1.43200
-1.58800
-1.76900
-1.72100
-1.28700
1.69800
1.96900
2.02900
1.27700
0.861000
0.506000
8.50000E-02
-0.367000
-0.734000
-1.01100
-1.21500
-1.36600
-1.42600
-1.56400
-1.61200
-1.82900
-1.81700
-1.66100
-1.52800
-1.36600
-1.31800
-0.830000
0.332000
1.92700
3.29300
2.96200
2.05300
1.16800
0.392000
-7.80000E-02
-0.318000
-0.583000
-0.764000
-1.02300
-1.27500
-1.49200
-1.46200
-1.40800
-1.29300
-1.22100
-1.00500
-0.457000
1.05400
4.23800
3.45000
2.26400
1.10200
0.302000
-0.198000
-0.559000
-0.716000
-0.824000
-0.986000
-1.04700
-1.21500
-1.31200
-1.39000
-1.41400
-1.30500
-1.20900
-1.10700
-0.698000
0.458000
3.44400
4.05200
2.93200
1.77000
0.681000
-1.70000E-02
-0.607000
-0.914000
-0.950000
-0.818000
-0.673000
-0.752000
-0.980000
-1.34200
-1.66700
-1.69100
-1.58200
-1.42000
-1.56400
-1.70900
-1.67300
-1.54000
-1.05300
0.464000
4.49700
3.65400
2.32400
1.19200
0.338000
-0.216000
-0.505000
-0.698000
-0.818000
-0.902000
-0.968000
-0.999000
-1.02900
-1.10100
-1.22700
-1.35400
-1.44400
-1.42000
-1.25700
-0.920000
-0.379000
0.585000
1.87300
2.54700
2.06500
1.10200
0.181000
-0.385000
-0.625000
-0.710000
-0.860000
-0.854000
-0.643000
-0.186000
0.554000
1.07200
1.20400
1.00600
0.759000
0.591000
0.615000
0.753000
0.831000
0.910000
1.03600
1.08400
0.976000
0.771000
0.350000
-6.60000E-02
-0.282000
-0.342000
-0.445000
-0.643000
-0.601000
-0.673000
-0.890000
-0.999000
-0.854000
-0.451000
0.609000
2.63100
2.55900
2.04100
1.18000
0.380000
-0.168000
-0.415000
-0.661000
-0.974000
-0.902000
-0.932000
-1.19700
-1.42600
-1.48600
-1.57600
-1.38400
-1.30500
-1.17300
-0.728000
0.326000
2.92000
2.27600
1.30700
0.308000
-0.493000
-0.962000
-1.02900
-0.932000
-0.511000
0.536000
2.17400
4.08200
3.39500
2.18600
1.19800
0.410000
1.90000E-02
-0.162000
-0.330000
-0.571000
-0.800000
-0.968000
-1.08900
-1.27500
-1.51000
-1.57600
-1.60000
-1.67300
-6.60000E-02
1.03600
2.11300
1.31300
1.56600
0.904000
0.368000
-2.30000E-02
-0.499000
-0.788000
-1.06500
-1.25700
-1.69700
-1.70900
-1.51600
-1.66100
-1.65500
-1.73900
-1.65500
-1.34200
-0.932000
-0.162000
0.765000
1.25300
1.01200
0.506000
0.181000
7.90000E-02
0.199000
0.392000
0.440000
0.554000
0.392000
2.50000E-02
-0.312000
-0.541000
-0.812000
-1.10100
-1.23900
-1.05300
-0.938000
-0.740000
-0.288000
0.326000
0.843000
1.10800
0.982000
0.621000
0.320000
-7.80000E-02
-0.318000
-0.475000
-0.457000
-0.457000
-0.577000
-0.625000
-0.583000
-0.469000
-0.174000
-1.02000E-01
7.00000E-03
0.296000
0.819000
1.31300
1.61400
1.43300
1.03000
0.585000
0.199000
-6.60000E-02
-0.415000
-0.601000
-0.872000
-1.09500
-1.09500
-1.28700
-1.35400
-1.09500
-0.547000
0.320000
2.18000
4.05200
2.64900
1.37300
0.404000
-0.258000
-0.655000
-0.812000
-0.884000
-1.02900
-1.18500
-1.23900
-1.32400
-1.34800
-1.16700
-0.920000
-0.740000
-0.354000
0.452000
1.61400
2.73300
3.13700
2.64900
1.87300
1.07800
0.560000
0.127000
-0.162000
-0.451000
-0.463000
-0.433000
-0.373000
-0.336000
-0.469000
-0.625000
-0.788000
-0.896000
-0.920000
-0.854000
-0.812000
-0.944000
-0.698000
0.434000
2.86600
4.29800
2.96800
1.56000
0.566000
0.115000
-0.258000
-0.535000
-0.746000
-0.986000
-1.30500
-1.51600
-1.69700
-1.82300
-1.91900
-2.06400
-2.23200
-2.33500
-2.28700
-2.11800
-1.86500
-1.21500
0.253000
2.49900
2.51100
1.50500
0.488000
-0.276000
-0.637000
-0.649000
-0.481000
-0.264000
-0.192000
-0.114000
3.10000E-02
0.175000
0.344000
0.308000
0.121000
-0.132000
-0.336000
-0.469000
-0.529000
-0.457000
-0.385000
-0.222000
7.00000E-03
0.458000
0.964000
1.39700
1.27700
0.843000
0.302000
-9.00000E-02
-0.367000
-0.541000
-0.667000
-0.836000
-1.00500
-1.14900
-1.16100
-1.01100
-0.698000
-0.108000
0.783000
1.87300
2.36600
2.01700
1.13200
0.320000
-8.40000E-02
-0.204000
-0.246000
-0.252000
-0.210000
-6.00000E-02
-6.60000E-02
-2.30000E-02
0.115000
0.139000
-7.20000E-02
-0.385000
-0.601000
-0.884000
-0.836000
-0.619000
-0.198000
0.259000
1.21100
2.74500
3.87700
2.54100
1.20400
0.229000
-0.282000
-0.589000
-0.920000
-1.11300
-1.27500
-1.27500
-1.22700
-1.23900
-1.19100
-1.31800
-1.34200
-1.24500
-0.986000
-0.625000
3.70000E-02
1.00000
1.93300
2.27000
2.29400
1.71600
1.06600
0.512000
-9.00000E-02
-0.511000
-0.926000
-1.17900
-1.26300
-1.31200
-1.34200
-1.29300
-1.18500
-0.866000
-0.198000
0.771000
1.84300
1.90900
1.27700
0.476000
-0.234000
-0.619000
-0.800000
-0.878000
-0.950000
-0.926000
-0.824000
-0.631000
-0.445000
-0.108000
0.488000
1.25900
1.77600
1.82400
1.36700
0.500000
-0.192000
-0.631000
-1.05300
-1.41400
-1.59400
-1.66700
-1.72700
-1.78100
-1.69100
-1.31200
-0.457000
1.54200
3.29300
1.81800
0.524000
-0.258000
-0.547000
-0.680000
-0.770000
-0.854000
-0.950000
-1.05900
-1.11300
-1.14900
-1.01700
-0.595000
0.512000
2.86600
3.67800
2.03500
0.976000
0.229000
-0.228000
-0.511000
-0.716000
-0.860000
-1.02900
-1.14900
-1.23300
-1.23900
-1.26300
-1.32400
-1.21500
-0.619000
2.44400
3.73300
2.92000
1.80000
0.867000
0.145000
-0.306000
-0.547000
-0.920000
-1.07700
-1.26900
-1.48600
-1.52200
-1.44400
-1.49200
-1.63700
-1.84100
-1.94400
-1.87700
-1.67300
0.175000
2.95600
2.43200
1.56000
0.825000
0.302000
0.109000
-0.433000
-0.950000
-1.21500
-1.35400
-1.39600
-1.31800
-1.34800
-1.22700
-1.10700
-1.15500
-1.00500
-0.589000
-0.234000
1.30000E-02
0.344000
0.747000
0.982000
1.03600
0.976000
0.753000
0.615000
0.572000
0.609000
0.717000
0.867000
0.970000
0.940000
0.747000
0.591000
0.428000
0.229000
-5.40000E-02
-0.354000
-0.643000
-0.848000
-0.932000
-0.842000
-0.601000
-0.397000
3.70000E-02
0.916000
2.24600
3.55800
3.35300
2.32400
1.35500
0.747000
0.404000
0.133000
-7.20000E-02
-0.168000
-0.403000
-0.704000
-0.920000
-1.11900
-1.34800
-1.34200
-1.17900
-1.03500
0.530000
1.75800
2.15600
2.13700
1.43300
0.747000
0.344000
-4.10000E-02
-0.144000
-0.433000
-0.914000
-1.42000
-1.50400
-1.52800
-1.31800
-1.43200
-1.66700
-1.35400
-0.800000
0.386000
3.34700
2.97400
1.80000
0.777000
0.181000
-2.30000E-02
-2.90000E-02
-0.222000
-0.619000
-0.938000
-0.999000
-0.980000
-1.03500
-1.16700
-1.22100
-1.08900
-0.764000
-0.367000
-0.252000
-7.20000E-02
0.446000
1.34900
2.18600
2.55300
2.36600
1.65000
0.777000
0.175000
-0.162000
-0.427000
-0.565000
-0.698000
-0.854000
-0.920000
-0.776000
-0.643000
-0.595000
-0.541000
-0.619000
-0.896000
-0.962000
-0.752000
-0.156000
1.40900
4.78000
4.41300
2.70900
1.36100
0.548000
3.10000E-02
-0.354000
-0.625000
-0.848000
-1.08300
-1.27500
-1.44400
-1.58200
-1.67900
-1.75100
-1.82300
-1.93800
-2.07600
-2.23800
-2.11800
-0.216000
1.48100
2.24600
2.05300
1.37900
0.416000
-0.156000
-0.487000
-0.625000
-1.05900
-1.08900
-1.02900
-1.17300
-1.49800
-1.71500
-1.63100
-1.27500
-1.04700
-1.04100
-0.866000
8.50000E-02
1.30100
1.88500
1.82400
1.28300
0.657000
0.272000
-5.40000E-02
-9.00000E-02
-2.30000E-02
-7.20000E-02
-0.168000
-0.108000
4.90000E-02
-6.00000E-02
-5.40000E-02
-0.114000
-0.210000
-0.258000
-0.186000
-0.264000
-0.180000
2.50000E-02
-3.50000E-02
8.50000E-02
0.392000
0.723000
0.669000
0.259000
-0.114000
-0.439000
-0.764000
-0.794000
-0.758000
-0.698000
-0.415000
9.10000E-02
0.795000
1.49900
1.71600
1.24700
0.585000
-5.00000E-03
-0.342000
-0.710000
-1.05900
-1.14300
-1.28700
-1.28700
-1.31800
-1.26900
-1.04100
-0.589000
9.10000E-02
0.928000
1.90300
2.02300
1.28300
0.488000
-1.70000E-02
-0.306000
-0.517000
-0.655000
-0.806000
-0.902000
-0.746000
-0.270000
0.476000
1.59600
2.58300
2.37800
1.40300
0.506000
-0.252000
-0.740000
-0.980000
-1.17300
-1.11900
-0.752000
-0.397000
-1.70000E-02
0.723000
1.96900
3.21500
3.63000
2.98600
1.98100
0.970000
0.296000
-1.02000E-01
-0.312000
-0.373000
-0.457000
-0.589000
-0.878000
-1.11900
-1.22100
-1.11300
-0.968000
-0.974000
-0.968000
-0.553000
1.73400
3.72000
2.97400
1.71600
0.946000
0.115000
-0.475000
-0.680000
-0.944000
-1.15500
-1.45600
-1.49200
-1.50400
-1.65500
-1.65500
-1.60600
-1.48600
-1.08300
-0.288000
0.928000
2.55300
3.10700
2.14900
1.26500
0.585000
-5.40000E-02
-0.583000
-0.794000
-0.962000
-1.11300
-1.27500
-1.43200
-1.62500
-1.70300
-1.66700
-1.05300
0.572000
1.90300
1.93900
1.92100
0.891000
0.187000
-5.00000E-03
-0.300000
-0.595000
-0.884000
-1.30500
-1.43200
-1.28100
-1.46800
-1.81700
-1.68500
-1.63100
-1.65500
-1.85900
-1.86500
-1.67900
-1.23300
-0.812000
-0.186000
1.32500
2.99800
2.33000
1.33100
0.398000
-0.198000
-0.379000
-0.487000
-0.794000
-1.09500
-0.914000
-0.722000
-0.493000
0.290000
1.00600
1.74000
1.95700
1.27700
0.554000
2.50000E-02
-0.433000
-0.902000
-1.07700
-1.29900
-1.43800
-1.36600
-1.31200
-1.16100
-0.896000
-0.324000
0.940000
4.10600
3.11900
1.90900
1.04200
0.392000
-0.174000
-0.511000
-0.776000
-0.932000
-0.938000
-0.962000
-1.03500
-1.13100
-1.11900
-1.07700
-1.08900
-1.05300
-0.968000
-0.812000
-0.336000
0.494000
1.75200
2.39600
2.27600
1.80000
1.23500
0.663000
0.284000
7.30000E-02
-0.324000
-0.505000
-0.553000
-0.571000
-0.710000
-0.884000
-0.860000
-0.836000
-0.631000
-0.288000
0.308000
1.30100
2.14300
1.86700
1.09000
0.368000
-9.00000E-02
-0.348000
-0.728000
-0.932000
-0.986000
-1.03500
-1.04700
-0.878000
-0.686000
-0.210000
0.560000
1.25900
1.60800
1.58400
1.17400
0.627000
0.193000
1.00000E-03
-4.70000E-02
-0.252000
-0.559000
-0.764000
-0.854000
-0.812000
-0.752000
-0.830000
-0.890000
-0.806000
-0.523000
-0.114000
0.536000
0.964000
1.42100
1.92700
2.05900
1.84300
1.13800
0.386000
-0.138000
-0.571000
-0.950000
-1.24500
-1.44400
-1.54000
-1.52800
-1.18500
-1.00500
-0.932000
-0.649000
-0.246000
0.265000
1.06000
2.26400
4.26200
4.23200
2.19800
0.560000
-0.258000
-0.613000
-0.764000
-0.914000
-0.999000
-1.11300
-1.30500
-1.51000
-1.67900
-1.81700
-1.81100
-1.82900
-1.90100
-1.98600
-0.728000
1.04800
2.59500
2.00500
1.62000
1.01200
0.585000
-0.132000
-0.806000
-1.31800
-1.36600
-1.40200
-1.51000
-1.48600
-1.42000
-1.21500
-0.649000
0.506000
2.20400
2.49300
1.59600
0.585000
-4.70000E-02
-0.559000
-0.926000
-1.10700
-1.19100
-1.21500
-1.10100
-0.944000
-0.559000
0.855000
4.70800
3.49200
2.02300
0.621000
-0.300000
-0.704000
-0.884000
-0.860000
-0.794000
-0.818000
-1.03500
-1.23900
-1.41400
-1.47400
-1.39000
-1.31800
-1.16100
-0.999000
-0.565000
0.603000
2.69700
4.77400
3.30500
1.66800
0.506000
-0.240000
-0.680000
-0.842000
-0.872000
-0.854000
-0.836000
-0.908000
-1.05300
-1.23300
-1.28700
-1.26300
-1.19700
-1.19100
-1.12500
-0.932000
-0.391000
0.681000
2.17400
3.86500
3.13100
1.95100
0.669000
-0.210000
-0.619000
-0.770000
-0.878000
-1.01100
-1.16700
-1.30500
-1.39600
-1.39000
-1.24500
-1.08900
-0.962000
-0.391000
0.735000
3.90100
3.13700
1.90900
0.831000
0.127000
-0.282000
-0.511000
-0.680000
-0.818000
-0.854000
-0.776000
-0.619000
-0.451000
-0.270000
-0.144000
-5.40000E-02
0.157000
0.506000
1.04800
1.76400
2.55900
3.35300
3.54000
2.72100
1.57800
0.723000
0.211000
-0.192000
-0.661000
-0.980000
-1.14300
-1.31200
-1.40200
-1.44400
-1.52800
-1.67300
-1.95600
-2.17200
-2.17200
-2.10000
-1.82300
0.440000
2.19200
1.86700
2.01100
1.25900
0.512000
-0.258000
-0.896000
-1.12500
-1.04100
-1.01100
-1.12500
-0.980000
-0.836000
-0.571000
3.10000E-02
0.416000
0.723000
0.771000
0.374000
-0.180000
-0.716000
-0.908000
-0.776000
-0.607000
-0.252000
0.434000
1.92700
2.99800
2.77500
1.94500
1.16200
0.362000
-0.156000
-0.373000
-0.433000
-0.517000
-0.692000
-0.884000
-1.02900
-1.18500
-1.27500
-1.42000
-1.49200
-1.34200
-1.04100
-0.499000
0.705000
3.77500
3.19700
1.78200
0.651000
-5.40000E-02
-0.469000
-0.692000
-0.956000
-1.18500
-1.20900
-1.14300
-1.03500
-0.938000
-0.932000
-0.980000
-1.06500
-1.00500
-0.794000
-0.415000
0.133000
0.326000
0.603000
0.849000
0.657000
0.464000
0.320000
-0.180000
-0.409000
-0.216000
0.121000
0.374000
0.771000
0.994000
0.849000
0.458000
-8.40000E-02
-0.637000
-1.03500
-1.27500
-1.31800
-1.22100
-1.20900
-1.17900
-1.13100
-0.950000
-0.469000
0.476000
1.81800
2.72700
2.98000
2.45600
1.46900
0.572000
-0.108000
-0.529000
-0.836000
-1.02900
-1.08900
-1.17900
-1.34800
-1.46800
-1.49200
-1.47400
-1.54600
-1.34200
1.51700
2.41400
3.04000
2.49900
1.77000
1.08400
0.554000
-9.00000E-02
-0.547000
-0.619000
-0.932000
-1.03500
-1.32400
-1.47400
-1.57600
-1.61800
-1.58800
-1.59400
-1.41400
0.759000
2.03500
2.15600
2.25200
1.33100
0.946000
0.729000
0.259000
-7.80000E-02
-0.559000
-0.704000
-0.866000
-1.04700
-1.29900
-1.58200
-1.84700
-1.85300
-1.59400
-1.45600
-1.34800
-0.397000
1.24100
3.05800
2.12500
0.994000
0.211000
-7.20000E-02
-0.120000
7.30000E-02
0.482000
0.988000
1.48700
2.06500
2.19800
1.86700
1.01800
0.217000
-0.192000
-0.288000
-0.421000
-0.716000
-0.980000
-1.10100
-1.09500
-0.824000
-0.168000
4.39500
5.57400
4.38900
2.31800
0.934000
0.151000
-0.264000
-0.379000
-0.385000
-0.433000
-0.625000
-0.974000
-1.34200
-1.55200
-1.54600
-1.47400
-1.46800
-1.55200
-1.63100
-1.63700
1.03000E-01
0.801000
1.64400
1.90300
1.71000
1.03600
0.500000
0.109000
-1.70000E-02
-0.246000
-0.330000
-0.680000
-0.956000
-1.06500
-1.07100
-1.07100
-1.20300
-1.46200
-1.73900
-1.69100
-1.64300
-1.73300
-1.81700
-1.75700
-1.58800
-0.240000
1.81800
2.16200
1.57800
1.11400
0.633000
0.314000
1.00000E-03
-0.210000
-5.40000E-02
0.127000
0.163000
1.90000E-02
-8.40000E-02
2.50000E-02
-0.138000
-0.493000
-0.860000
-1.08900
-1.05300
-1.05300
-1.06500
-1.10700
-0.950000
-0.746000
-0.270000
0.867000
2.08300
2.34200
1.87300
1.01800
0.169000
-0.373000
-0.595000
-0.661000
-0.806000
-1.07700
-0.908000
-0.806000
-0.993000
-0.854000
-0.318000
0.199000
0.753000
1.33100
1.71600
1.60800
1.22900
0.771000
0.458000
0.145000
-0.144000
-0.619000
-0.836000
-0.704000
-0.794000
-0.866000
-0.902000
-0.890000
-0.890000
-0.379000
1.04200
3.28100
4.12400
2.78800
1.22900
0.386000
9.70000E-02
-0.246000
-0.475000
-0.655000
-0.788000
-0.956000
-1.05300
-1.11900
-1.33000
-1.37800
-1.29900
-1.32400
-1.38400
-1.23300
-0.878000
-0.234000
2.63100
3.66600
2.79400
1.72800
0.759000
-6.00000E-02
-0.866000
-1.13700
-1.31200
-1.50400
-1.66700
-1.80500
-1.87100
-1.88300
-1.68500
-1.44400
-0.974000
-0.469000
-1.70000E-02
0.368000
0.512000
0.440000
0.157000
-0.144000
-0.312000
-0.439000
-0.397000
-0.348000
-0.114000
0.392000
1.09600
1.66200
1.37300
0.627000
-0.180000
-0.716000
-1.19100
-1.46200
-1.56400
-1.65500
-1.87100
-1.90100
-1.55800
-0.589000
1.30100
2.53500
1.55400
0.380000
-0.451000
-0.848000
-1.08300
-0.962000
-0.661000
-0.216000
0.332000
1.09000
1.69200
1.57200
1.06000
0.578000
0.169000
-0.138000
-0.403000
-0.595000
-0.667000
-0.716000
-0.601000
-0.421000
-0.264000
-0.294000
-0.481000
-0.571000
-0.264000
0.386000
1.03000
1.62000
2.19200
2.35400
2.05900
1.53000
0.946000
0.572000
0.452000
0.223000
-0.222000
-0.631000
-0.926000
-1.15500
-1.33600
-1.43200
-1.55800
-1.60000
-1.57000
-1.48600
-1.27500
-0.529000
0.952000
3.75700
3.16100
1.83600
0.765000
0.223000
4.30000E-02
-7.80000E-02
-0.174000
-0.312000
-0.511000
-0.595000
-0.493000
-0.451000
-0.535000
-0.770000
-1.02300
-1.18500
-1.27500
-1.28700
-1.16100
-0.812000
-0.258000
0.458000
1.18600
1.73400
1.77600
1.54200
1.13800
0.735000
0.422000
0.139000
-0.150000
-0.379000
-0.318000
0.121000
0.651000
0.982000
0.861000
0.356000
-0.391000
-0.920000
-1.14900
-1.24500
-1.28100
-1.28100
-1.47400
-1.53400
-1.36600
-0.956000
0.115000
2.03500
3.49200
2.86600
1.59000
0.627000
8.50000E-02
-0.391000
-0.595000
-0.686000
-0.752000
-0.583000
-0.493000
-0.541000
-0.571000
-0.595000
-0.607000
-0.722000
-0.806000
-0.710000
-0.649000
-0.577000
-0.427000
-0.162000
0.151000
0.536000
1.01800
1.49900
1.83000
1.89100
1.66200
1.16200
0.705000
0.368000
0.163000
-5.00000E-03
-0.258000
-0.481000
-0.710000
-0.962000
-1.21500
-1.39000
-1.39000
-1.26900
-1.11300
-1.00500
-0.830000
-0.312000
0.729000
1.90900
2.64300
2.75700
2.39000
1.82400
1.22300
0.795000
0.566000
0.326000
8.50000E-02
-0.270000
-0.637000
-0.860000
-0.956000
-0.956000
-0.986000
-1.20300
-1.37200
-1.48000
-1.43800
-1.33600
-1.04100
-0.306000
1.18600
3.17300
3.29900
2.19200
1.14400
0.302000
-0.132000
-0.493000
-0.704000
-0.920000
-1.10100
-1.20300
-1.27500
-1.42000
-1.55800
-1.72100
-1.67300
-1.59400
-1.45000
-1.11300
-0.535000
0.163000
0.843000
1.14400
1.27700
1.81200
3.56400
2.94400
1.43900
0.344000
-0.318000
-0.806000
-1.04700
-1.32400
-1.42000
-1.49200
-1.72100
-1.84700
-1.95000
-2.04600
-2.08200
-1.99800
-1.91300
-1.86500
-1.69100
-1.07700
0.452000
3.99100
3.29300
2.07100
0.988000
0.205000
-0.174000
-0.330000
-0.469000
-0.547000
-0.643000
-0.776000
-0.962000
-1.13100
-1.33600
-1.46200
-1.54000
-1.56400
-1.53400
-1.47400
-1.31800
-0.938000
-0.222000
0.928000
2.06500
2.33000
1.89100
1.09000
0.320000
-0.216000
-0.487000
-0.686000
-0.902000
-1.11300
-1.24500
-1.31200
-1.27500
-0.986000
-0.276000
2.49900
3.10700
2.04100
0.795000
-0.234000
-0.872000
-1.11900
-1.20900
-1.33600
-1.42000
-1.51600
-1.40800
-1.46200
-1.39000
-1.12500
-0.439000
0.994000
2.95000
3.25100
2.04100
0.885000
0.223000
-3.50000E-02
-0.204000
-0.342000
-0.312000
-0.288000
-0.373000
-0.541000
-0.613000
-0.680000
-0.848000
-0.920000
-0.698000
-0.204000
0.422000
1.00000
1.54200
1.59600
1.15600
0.422000
-0.198000
-0.607000
-0.523000
-1.70000E-02
0.675000
1.58400
2.28200
2.20400
1.46300
0.813000
0.422000
0.145000
-4.10000E-02
-0.204000
-0.288000
-0.228000
-0.234000
-0.511000
-0.800000
-0.932000
-0.986000
-0.818000
-0.312000
0.554000
1.62600
2.33600
2.69100
2.70300
2.66700
2.41400
1.74600
0.964000
0.386000
-0.108000
-0.559000
-0.980000
-1.25700
-1.40200
-1.32400
-1.33600
-1.42000
-1.46800
-1.40200
-1.01700
-0.270000
1.06600
2.75100
4.02100
4.10600
3.37700
2.34200
1.09600
0.356000
-1.02000E-01
-0.475000
-0.722000
-0.890000
-1.01100
-1.26900
-1.49800
-1.58200
-1.58200
-1.68500
-1.86500
-1.96200
-1.98000
-1.86500
-1.62500
-1.00500
2.17400
4.09400
3.23900
1.91500
0.891000
0.181000
-0.324000
-0.559000
-0.692000
-0.878000
-1.02900
-1.22700
-1.34800
-1.48000
-1.70900
-1.94400
-2.04000
-2.06400
-2.10000
-2.17200
-2.28700
-2.38300
-2.35900
-1.62500
0.609000
0.572000
1.02400
0.603000
-9.60000E-02
-0.403000
-0.589000
-0.752000
-1.07700
-1.29300
-1.63700
-1.82300
-1.49800
-1.11900
-1.02300
-0.884000
-0.282000
0.729000
1.71000
2.03500
1.78200
1.27700
0.506000
-0.108000
-0.403000
-0.740000
-0.956000
-1.10700
-1.20300
-1.20300
-1.02300
-0.595000
0.115000
1.51100
4.29800
3.19700
1.75200
0.819000
0.121000
-0.306000
-0.631000
-0.836000
-0.878000
-0.812000
-0.710000
-0.661000
-0.577000
-0.348000
1.30000E-02
1.03000E-01
0.440000
0.807000
0.976000
0.843000
0.735000
0.819000
1.47500
3.85900
4.34000
3.12500
1.90300
0.837000
-6.00000E-02
-0.529000
-0.607000
-0.595000
-0.836000
-0.938000
-0.704000
-0.752000
-0.830000
-0.926000
-0.999000
-1.06500
-0.944000
-0.800000
-0.625000
1.25300
2.83000
2.34200
1.71600
1.42700
0.958000
0.332000
-0.168000
-0.661000
-1.03500
-1.26900
-1.46200
-1.54600
-1.57000
-1.66100
-1.90100
-1.78100
-1.32400
-0.788000
0.536000
2.92000
2.82400
1.55400
0.458000
-0.276000
-0.734000
-1.14900
-1.41400
-1.43800
-1.40200
-1.40200
-1.52800
-1.50400
-1.38400
-1.20300
-1.05300
-0.716000
0.428000
2.37200
3.28700
2.21600
0.813000
-0.156000
-0.788000
-1.07700
-1.22100
-1.34200
-1.44400
-1.63700
-1.81700
-1.82300
-1.84100
-1.91300
-1.98000
-1.95000
-1.68500
-1.07100
0.121000
1.86700
2.00500
1.21100
0.356000
-7.80000E-02
-0.312000
-0.168000
0.566000
1.57200
2.28200
2.37200
1.93900
1.10200
0.506000
0.253000
0.175000
6.70000E-02
-0.186000
-0.451000
-0.704000
-0.866000
-1.02300
-1.17300
-1.29300
-1.30500
-1.22100
-1.04100
0.783000
4.62300
3.40700
2.72700
1.89100
1.11400
0.338000
-0.192000
-0.463000
-0.649000
-0.752000
-0.896000
-1.07700
-1.24500
-1.29300
-1.41400
-1.37200
-1.13100
-1.28100
-1.26300
-1.05300
-0.740000
0.139000
2.15600
3.60000
2.83600
1.65000
0.663000
6.10000E-02
-0.234000
-0.607000
-0.794000
-0.914000
-0.974000
-0.962000
-0.848000
-0.836000
-1.04100
-1.02900
-0.956000
-0.776000
-0.565000
-0.511000
-0.391000
-6.60000E-02
0.223000
0.392000
0.338000
0.193000
0.145000
0.253000
0.368000
0.235000
7.00000E-03
-0.132000
-0.216000
-0.132000
-8.40000E-02
-0.108000
3.10000E-02
0.175000
0.259000
0.296000
0.163000
-0.126000
-0.433000
-0.788000
-1.04100
-1.16100
-1.13700
-0.770000
-0.312000
0.428000
1.89100
3.42000
2.89600
1.51100
0.296000
-0.348000
-0.637000
-1.03500
-1.39000
-1.48000
-1.46200
-1.48600
-1.51000
-1.46800
-1.45600
-1.27500
-1.16700
-0.776000
0.115000
1.46900
2.49300
2.40800
1.58400
0.458000
-0.306000
-0.643000
-0.643000
-0.625000
-0.463000
-0.415000
-0.360000
-6.00000E-02
0.374000
0.585000
0.494000
0.464000
0.416000
0.500000
0.446000
0.151000
-0.210000
-0.354000
-0.415000
-0.565000
-0.794000
-0.722000
-0.168000
0.699000
1.79400
2.53500
2.05300
1.07800
0.169000
-0.481000
-0.884000
-1.10700
-1.24500
-1.24500
-1.11900
-0.932000
-0.391000
0.193000
0.879000
1.31300
1.13800
0.585000
0.187000
8.50000E-02
6.10000E-02
8.50000E-02
0.356000
0.928000
1.86100
2.77500
3.12500
2.34800
1.25300
0.386000
-0.198000
-0.595000
-0.830000
-1.04100
-1.27500
-1.51600
-1.68500
-1.72700
-1.69700
-1.64300
-1.52200
-1.11900
1.36100
2.28800
2.18000
1.72200
0.705000
0.416000
0.223000
-7.20000E-02
-0.577000
-0.962000
-1.01100
-1.07700
-1.26900
-1.53400
-1.71500
-1.63700
-1.81700
-2.07000
-2.05800
-2.11200
-1.75700
-1.31800
-0.601000
1.83000
3.14300
2.03500
1.10200
0.681000
0.464000
0.296000
4.90000E-02
-0.216000
-0.403000
-0.728000
-0.944000
-1.07700
-1.19100
-1.25100
-1.32400
-1.39600
-1.41400
-1.16100
-0.764000
-0.150000
0.910000
2.09500
1.84300
0.687000
-0.294000
-0.836000
-1.06500
-1.08900
-1.13700
-1.02900
-0.788000
-0.451000
0.163000
1.19800
2.04100
1.89100
0.946000
0.175000
3.10000E-02
0.187000
7.30000E-02
-6.00000E-02
-0.126000
-4.70000E-02
6.10000E-02
-0.198000
-0.595000
-0.794000
-0.722000
-0.806000
-1.09500
-1.16100
-0.836000
-1.02000E-01
1.37900
4.10600
4.17800
2.92600
1.65000
0.687000
0.235000
3.10000E-02
-0.228000
-0.511000
-0.722000
-0.836000
-0.884000
-1.00500
-1.17900
-1.34200
-1.42000
-1.46800
-1.52200
-1.52200
-1.42600
-1.06500
-0.439000
0.891000
3.34700
4.23800
3.38900
2.14900
1.03000
0.247000
-0.270000
-0.673000
-0.902000
-0.974000
-0.993000
-1.00500
-1.01700
-0.950000
-0.890000
-0.740000
-0.427000
-1.10000E-02
0.356000
0.597000
0.675000
0.591000
0.560000
0.627000
0.994000
1.25900
1.43900
1.49300
1.28900
0.867000
0.597000
0.777000
1.12600
1.25300
1.19200
0.976000
0.404000
-0.198000
-0.535000
-0.752000
-0.956000
-1.17900
-1.36000
-1.49200
-1.62500
-1.59400
-1.33600
-0.842000
6.10000E-02
1.90300
4.32200
3.46200
2.11300
0.910000
-5.40000E-02
-0.704000
-1.07100
-1.26300
-1.36000
-1.36600
-1.45000
-1.64300
-1.81700
-1.93800
-2.01000
-2.08800
-2.17800
-2.14800
-1.85900
-1.03500
2.16800
2.43200
1.45700
0.536000
-0.210000
-0.752000
-1.27500
-1.66100
-1.68500
-1.69700
-1.64300
-1.55200
-1.51000
-1.56400
-1.20900
-0.794000
-0.144000
0.639000
1.53600
2.00500
1.87300
1.63800
1.12600
0.651000
0.338000
-1.70000E-02
-0.330000
-0.595000
-0.770000
-1.04100
-1.21500
-1.27500
-1.34800
-1.36000
-1.37800
-1.51000
-1.51000
-1.25100
-0.625000
0.229000
1.74600
2.90200
2.39000
1.22900
0.265000
-0.294000
-0.577000
-0.764000
-1.02900
-1.22100
-1.16100
-0.878000
-0.469000
1.00000E-03
0.867000
2.11300
2.75100
2.25800
1.00000
1.00000E-03
-0.565000
-1.03500
-1.41400
-1.65500
-1.83500
-1.85900
-1.64300
-1.42600
-0.842000
0.615000
4.00300
3.36500
1.99900
0.940000
0.181000
-0.180000
-0.210000
7.00000E-03
0.272000
0.554000
0.765000
0.687000
0.241000
-0.270000
-0.589000
-0.776000
-0.890000
-0.758000
-0.421000
9.70000E-02
0.946000
2.20400
3.67800
3.66600
2.23400
0.952000
0.133000
-0.294000
-0.571000
-0.776000
-1.02900
-1.32400
-1.58800
-1.73300
-1.74500
-1.74500
-1.64300
-1.19100
-0.156000
2.51100
4.08200
2.61300
1.13800
0.163000
-0.421000
-0.722000
-0.854000
-0.938000
-1.04700
-1.14900
-1.22100
-1.26900
-1.28100
-1.32400
-1.35400
-1.31200
-1.22100
-1.11300
-0.884000
-0.433000
0.302000
1.30100
2.02300
1.87300
1.23500
0.344000
-0.312000
-0.673000
-0.854000
-0.974000
-1.02300
-1.01700
-1.01700
-0.956000
-0.848000
-0.746000
-0.336000
0.278000
1.14400
2.17400
2.73900
2.34800
1.16200
0.145000
-0.445000
-0.836000
-1.10100
-1.30500
-1.39600
-1.54000
-1.60000
-1.69100
-1.60600
-1.14900
-1.70000E-02
2.86600
4.28600
2.61300
1.24100
0.109000
-0.589000
-0.950000
-1.08900
-1.13100
-1.15500
-1.21500
-1.22100
-1.24500
-1.19700
-1.10700
-0.950000
-0.710000
-0.330000
0.127000
0.566000
0.783000
0.651000
0.410000
0.169000
1.30000E-02
9.10000E-02
0.356000
1.01800
2.05900
2.94400
2.96200
1.81800
0.609000
-0.138000
-0.559000
-0.836000
-1.14300
-1.37200
-1.39000
-1.30500
-1.29300
-1.34200
-1.37800
-1.46800
-1.15500
-0.902000
-0.427000
0.657000
2.02900
2.39000
1.83000
0.904000
0.259000
-7.20000E-02
1.90000E-02
5.50000E-02
0.199000
0.530000
0.819000
0.916000
1.11400
1.21100
1.19800
1.18600
1.13200
0.976000
0.627000
1.03000E-01
-0.234000
-0.523000
-0.944000
-1.13100
-1.21500
-1.31200
-0.980000
0.789000
2.00500
2.89600
2.42000
1.54200
0.783000
0.380000
3.70000E-02
-0.373000
-0.728000
-1.15500
-1.34800
-1.48000
-1.60600
-1.82300
-2.02200
-2.02800
-2.08200
-2.01600
-0.336000
1.42700
1.62000
1.79400
1.34900
0.651000
6.10000E-02
3.10000E-02
-0.174000
-0.499000
-0.764000
-0.986000
-1.09500
-1.26900
-1.33600
-1.28100
-1.11900
-1.17900
-1.46800
-1.15500
-0.625000
-0.162000
0.837000
3.80500
3.54000
2.81800
1.83000
0.825000
0.320000
0.139000
-5.00000E-03
-0.246000
-0.625000
-0.950000
-1.12500
-1.23300
-1.34200
-1.39600
-1.37200
-1.58800
-1.82300
-1.96200
-1.73900
-1.13700
2.24000
2.73300
2.43800
1.37900
0.681000
0.127000
-0.487000
-0.698000
-0.661000
-0.962000
-1.13700
-1.26900
-1.37200
-1.42000
-1.34200
-0.854000
0.386000
2.58300
4.40100
2.90800
1.44500
0.398000
6.10000E-02
-0.252000
-0.433000
-0.517000
-0.583000
-0.619000
-0.698000
-0.902000
-1.07700
-1.16700
-0.956000
-0.330000
0.747000
2.27600
4.22600
3.99700
2.13100
0.873000
3.10000E-02
-0.547000
-0.914000
-1.10700
-1.17300
-1.17300
-1.17300
-1.24500
-1.39000
-1.61200
-1.70900
-1.64300
-1.51000
-1.14300
-0.138000
1.71600
4.11800
3.20300
2.02300
1.02400
0.416000
9.10000E-02
-0.246000
-0.367000
-0.312000
-0.373000
-0.463000
-0.571000
-0.667000
-0.812000
-0.986000
-1.15500
-1.23900
-0.980000
-0.385000
1.33100
3.77500
3.56400
2.07100
1.19200
0.434000
-0.162000
-0.475000
-0.559000
-0.619000
-0.770000
-0.722000
-0.734000
-0.710000
-0.728000
-0.878000
-0.956000
-0.842000
-0.505000
0.735000
2.34200
2.63100
2.28800
1.70400
1.34900
0.687000
0.163000
5.50000E-02
-9.00000E-02
-0.246000
-0.559000
-0.962000
-1.11300
-1.11300
-1.22700
-1.39000
-1.64300
-1.70300
-1.52800
-0.673000
1.36100
1.54200
1.07200
0.753000
0.609000
0.591000
0.422000
-7.20000E-02
-0.457000
-0.565000
-0.643000
-0.872000
-1.22100
-1.56400
-1.60000
-1.49200
-1.46800
-1.31800
-0.872000
0.825000
3.60600
3.24500
2.24000
1.28900
0.440000
-9.00000E-02
-0.342000
-0.523000
-0.571000
-0.613000
-0.541000
-0.403000
-0.403000
-0.511000
-0.499000
-0.427000
-0.336000
-4.70000E-02
0.687000
2.16800
3.78700
4.58100
3.78700
2.27000
1.18000
0.482000
8.50000E-02
-0.138000
-0.342000
-0.547000
-0.698000
-0.698000
-0.637000
-0.673000
-0.848000
-1.07700
-1.29300
-1.34200
-1.23300
-0.854000
2.37800
2.66100
1.83600
1.74000
1.35500
0.747000
0.332000
0.121000
-0.481000
-1.01100
-0.920000
-0.836000
-0.908000
-1.08300
-1.34800
-1.55800
-1.72100
-1.76900
-1.89500
-1.96200
-1.60000
-0.962000
0.699000
4.02700
3.83500
2.65500
1.58400
1.01800
0.603000
0.410000
0.229000
0.121000
-0.192000
-0.589000
-0.812000
-0.794000
-0.734000
-0.776000
-1.08300
-1.36000
-1.55800
-1.64300
-1.60000
-1.56400
-1.48000
-1.34800
-0.926000
0.284000
4.40100
4.14800
2.42600
1.22300
0.181000
-0.312000
-0.499000
-0.686000
-0.788000
-0.944000
-1.05300
-1.14300
-1.22700
-1.29900
-1.51600
-1.69700
-1.79900
-1.81700
-1.85300
-1.95000
-2.05800
-2.11800
-2.10600
-1.87700
-1.31200
-0.306000
1.89700
2.91400
1.85500
0.621000
-0.234000
-0.445000
-0.114000
0.464000
1.22900
1.98100
1.83000
1.08400
0.302000
-0.132000
-0.571000
-0.776000
-0.854000
-0.890000
-0.968000
-1.14300
-1.36600
-1.61800
-1.70300
-1.61800
-1.40800
-1.08300
-0.385000
1.49300
4.19600
2.75100
1.31900
0.356000
-0.216000
-0.601000
-0.842000
-0.896000
-0.770000
-0.475000
-0.186000
0.151000
0.410000
0.458000
0.482000
0.380000
0.205000
3.10000E-02
-0.198000
-0.505000
-0.782000
-0.728000
-0.379000
7.90000E-02
0.488000
0.982000
1.25300
1.11400
0.675000
0.368000
0.187000
0.199000
0.247000
0.332000
0.518000
0.591000
0.512000
0.332000
0.151000
3.10000E-02
-1.02000E-01
-0.174000
-0.168000
-9.60000E-02
3.10000E-02
0.272000
0.657000
0.873000
0.759000
0.524000
0.374000
0.199000
-0.150000
-0.451000
-0.631000
-0.734000
-0.746000
-0.776000
-0.667000
-0.210000
0.428000
1.16800
1.86700
1.86700
1.31300
0.572000
0.163000
9.10000E-02
0.145000
0.157000
6.10000E-02
-0.204000
-0.475000
-0.547000
-0.589000
-0.661000
-0.806000
-0.884000
-1.00500
-1.18500
-1.17900
-0.890000
-0.360000
0.560000
2.10100
3.61800
2.51100
0.970000
6.10000E-02
-0.469000
-0.818000
-1.12500
-1.34200
-1.34200
-1.39600
-1.51600
-1.50400
-1.46200
-1.51000
-1.49800
-1.43800
-1.14300
-0.276000
1.06000
2.58300
3.08800
2.46200
1.40300
0.554000
0.157000
-7.20000E-02
-0.258000
-0.583000
-0.884000
-1.13100
-1.28700
-1.38400
-1.53400
-1.66700
-1.65500
-1.48600
-1.04700
2.50000E-02
2.24000
3.67200
2.13700
0.747000
-7.80000E-02
-0.481000
-0.673000
-0.722000
-0.734000
-0.571000
-0.427000
-0.330000
-0.216000
-9.60000E-02
1.30000E-02
0.223000
0.639000
1.23500
2.01700
3.29300
2.80600
1.66200
0.753000
0.127000
-0.162000
-0.348000
-0.517000
-0.710000
-0.902000
-0.974000
-1.10100
-1.22100
-1.39000
-1.51600
-1.28700
1.80600
2.17400
2.63100
1.98100
1.91500
1.05400
0.554000
-3.50000E-02
-0.114000
-0.210000
-0.330000
-0.842000
-1.07100
-1.08300
-1.07100
-1.23300
-1.70300
-1.79900
-1.72700
-1.78100
-1.34800
0.867000
1.72800
2.59500
2.84800
2.06500
1.27700
0.916000
0.314000
-0.330000
-0.619000
-0.728000
-0.680000
-0.511000
-0.722000
-1.02300
-1.31800
-1.46200
-1.53400
-1.58200
-1.51600
-1.44400
-1.58200
-1.59400
-1.19700
0.512000
3.16700
2.64300
1.53000
0.849000
0.175000
-0.499000
-0.860000
-1.02300
-0.914000
-0.601000
-0.421000
-0.180000
0.211000
0.314000
0.121000
-0.222000
-0.517000
-0.619000
-0.547000
-0.210000
3.10000E-02
0.326000
0.639000
1.05400
1.40300
1.28300
0.783000
0.169000
-0.336000
-0.649000
-0.896000
-1.01700
-0.999000
-0.794000
-0.529000
-0.132000
0.566000
1.42700
1.98100
1.74600
1.01800
0.350000
7.30000E-02
0.193000
1.30000E-02
-0.246000
-0.367000
-0.457000
-0.553000
-0.577000
-0.451000
3.10000E-02
0.747000
1.75200
2.59500
3.01000
2.68500
1.68600
0.609000
-4.10000E-02
-0.439000
-0.583000
-0.974000
-1.29300
-1.38400
-1.26900
-1.33000
-1.24500
-0.974000
-0.433000
0.627000
2.19800
3.97900
3.38900
1.90300
0.572000
-0.360000
-0.926000
-1.17300
-1.17300
-1.19700
-1.31800
-1.19700
-0.993000
-1.05900
-1.23900
-1.33600
-1.10100
-0.607000
0.187000
1.32500
2.35400
2.60100
1.79400
0.717000
-0.138000
-0.667000
-0.974000
-1.13100
-1.20300
-1.25700
-1.43200
-1.56400
-1.53400
-1.37200
-0.993000
-0.661000
-0.240000
0.272000
0.609000
0.777000
0.663000
0.554000
0.578000
0.603000
0.705000
0.633000
0.554000
0.241000
-0.216000
-0.577000
-0.812000
-0.932000
-0.993000
-1.08900
-1.15500
-1.15500
-1.03500
-1.04700
-1.05300
-0.800000
-0.108000
0.747000
1.60800
1.87900
1.67400
1.36100
1.25900
1.49900
1.63800
1.42100
0.891000
0.368000
4.30000E-02
-0.138000
-0.415000
-0.776000
-1.10700
-1.39600
-1.53400
-1.55800
-1.65500
-1.75700
-1.73900
-1.69700
-1.27500
1.54800
2.67900
2.82400
2.38400
1.40900
0.578000
-0.336000
-0.559000
-0.667000
-0.824000
-1.13700
-1.29900
-1.52200
-1.64300
-1.71500
-1.88300
-1.83500
-1.76900
-1.43800
-0.728000
0.428000
2.36000
2.12500
1.23500
0.380000
-0.120000
-0.336000
-0.354000
7.00000E-03
0.946000
2.53500
3.42600
2.28800
1.07200
0.338000
-4.10000E-02
-0.354000
-0.535000
-0.481000
-0.547000
-0.758000
-0.938000
-1.04100
-1.34200
-1.36600
-1.10100
-0.360000
1.14400
3.36500
4.26800
2.54700
1.36700
0.446000
-1.02000E-01
-0.589000
-0.956000
-1.23300
-1.30500
-1.39000
-1.61800
-1.75700
-1.87700
-1.88900
-1.88900
-1.79900
-1.71500
-1.34800
-0.415000
1.21700
2.42000
1.71600
0.849000
0.272000
3.70000E-02
-9.60000E-02
1.00000E-03
0.163000
0.320000
0.428000
0.223000
-9.00000E-02
-0.336000
-0.511000
-0.722000
-1.07100
-1.33000
-1.41400
-1.42000
-1.28700
-0.962000
-0.686000
-0.354000
0.211000
0.970000
1.51700
1.32500
0.795000
8.50000E-02
-0.475000
-0.728000
-0.884000
-0.571000
0.169000
1.08400
2.07100
2.29400
1.59600
0.693000
3.10000E-02
-0.288000
-0.553000
-0.818000
-0.968000
-1.01700
-1.07700
-1.18500
-1.20300
-1.02300
-0.752000
-0.541000
-0.367000
-5.00000E-03
0.747000
1.74600
2.37800
2.39600
2.03500
1.33100
0.609000
0.157000
-0.120000
-0.300000
-0.433000
-0.469000
-0.571000
-0.667000
-0.746000
-0.770000
-0.782000
-0.884000
-0.993000
-1.07700
-1.16100
-1.11900
-0.782000
-0.120000
0.657000
1.74000
2.86000
2.80000
1.95100
1.06000
0.482000
0.235000
7.90000E-02
-0.162000
-0.348000
-0.415000
-0.529000
-0.589000
-0.643000
-0.728000
-0.740000
-0.758000
-0.698000
-0.637000
-0.565000
-0.577000
-0.571000
-0.595000
-0.445000
0.139000
1.54200
4.70800
4.02700
1.90900
0.657000
-0.216000
-0.643000
-0.902000
-1.08300
-1.28700
-1.45000
-1.56400
-1.67900
-1.84100
-1.99800
-2.10600
-2.16600
-2.20800
-2.20800
-2.01600
-1.32400
0.819000
2.87800
1.77600
0.591000
-0.427000
-1.06500
-1.46800
-1.58800
-1.62500
-1.63100
-1.46200
-1.13700
-0.469000
1.01800
3.76300
2.38400
0.615000
-0.354000
-0.956000
-1.33600
-1.48000
-1.54000
-1.60000
-1.70300
-1.75100
-1.73900
-1.70900
-1.61200
-1.46200
-1.19100
-0.680000
0.621000
2.28800
2.60700
1.83000
0.976000
0.452000
0.332000
0.296000
6.10000E-02
-0.276000
-0.445000
-0.565000
-0.595000
-0.704000
-0.764000
-0.764000
-0.806000
-0.962000
-0.836000
-0.511000
-4.10000E-02
0.410000
1.03600
1.59000
1.57800
1.13800
0.548000
-3.50000E-02
-0.481000
-0.722000
-0.842000
-0.788000
-0.475000
0.247000
1.36700
2.43200
2.73300
1.81800
0.705000
-5.00000E-03
-0.367000
-0.583000
-0.746000
-0.577000
-0.324000
-0.138000
-0.126000
-0.312000
-0.481000
-0.577000
-0.643000
-0.595000
-0.126000
0.958000
2.36000
2.80600
1.62000
0.464000
-0.258000
-0.583000
-0.824000
-0.848000
-0.457000
0.392000
1.62000
3.19700
3.62400
1.95100
0.603000
-0.246000
-0.740000
-1.02900
-1.19700
-1.29900
-1.32400
-1.26900
-1.24500
-1.00500
-0.409000
1.00000
3.37100
4.57500
3.88900
2.55900
1.49900
0.693000
6.10000E-02
-0.391000
-0.692000
-0.860000
-1.13700
-1.45000
-1.61800
-1.69700
-1.78700
-1.82900
-1.89500
-1.99200
-2.01000
-1.78100
-1.11900
0.410000
4.31600
3.23300
2.01100
0.898000
9.70000E-02
-0.433000
-0.770000
-0.980000
-1.07700
-1.16700
-1.23300
-1.39600
-1.56400
-1.74500
-1.89500
-2.00400
-2.02800
-2.00400
-1.91300
-1.75700
-1.52200
-0.999000
3.10000E-02
1.28300
1.46300
1.09000
0.747000
0.482000
0.542000
0.735000
1.01800
1.19200
1.03600
0.603000
2.50000E-02
-0.421000
-0.734000
-1.02900
-1.22100
-1.31800
-1.34800
-1.38400
-1.38400
-1.36600
-1.31800
-1.19700
-0.547000
1.05400
4.27400
3.76900
2.30600
1.02400
0.199000
-0.258000
-0.601000
-0.890000
-1.04700
-1.02900
-1.07700
-1.22100
-1.42600
-1.60600
-1.72700
-1.78100
-1.80500
-1.70300
-1.34200
-0.463000
2.53500
3.01000
2.10100
0.898000
-4.10000E-02
-0.716000
-1.07700
-1.09500
-0.806000
-0.240000
0.428000
1.48700
2.39000
2.11300
1.16800
0.362000
-0.264000
-0.788000
-1.01700
-1.17300
-1.29900
-1.20300
-0.944000
-0.469000
0.229000
1.72800
3.54600
3.76300
2.76900
1.51700
0.578000
9.70000E-02
-0.186000
-0.300000
-0.324000
-0.354000
-0.433000
-0.433000
-0.565000
-0.758000
-0.999000
-1.07700
-0.740000
-6.60000E-02
1.21100
4.11800
3.50400
1.95700
0.621000
-0.234000
-0.794000
-1.11300
-1.32400
-1.39600
-1.42600
-1.48600
-1.58200
-1.58200
-1.49800
-0.956000
0.940000
3.83500
3.22100
1.92100
0.741000
-0.234000
-0.800000
-1.13100
-1.12500
-1.22100
-1.36600
-1.60600
-1.78700
-1.85300
-1.64900
-1.77500
-1.82300
-1.66700
-1.47400
-1.42000
-1.05900
-0.336000
0.518000
1.19800
1.69200
2.07700
2.48100
2.54700
1.71600
0.657000
-4.10000E-02
-0.475000
-0.860000
-1.11300
-1.34800
-1.54000
-1.62500
-1.48000
-1.53400
-1.72700
-1.90100
-1.83500
-1.87100
-1.74500
-1.60600
-1.58200
-1.29300
-0.463000
1.60800
3.31100
2.55900
1.34300
0.380000
-0.216000
-0.680000
-0.878000
-0.884000
-0.631000
-0.403000
-0.234000
-5.40000E-02
0.121000
3.70000E-02
-2.30000E-02
-1.10000E-02
0.175000
0.440000
0.434000
0.290000
0.145000
1.30000E-02
-4.70000E-02
-4.10000E-02
1.30000E-02
0.326000
0.747000
1.15600
1.81800
2.56500
2.96800
2.89600
2.28800
1.46900
0.789000
0.338000
9.70000E-02
-0.114000
-0.367000
-0.547000
-0.698000
-0.806000
-0.962000
-1.04700
-1.07700
-1.19700
-1.37800
-1.48600
-1.38400
0.603000
2.68500
2.20400
2.00500
1.99900
1.34900
0.548000
-2.30000E-02
-0.373000
-0.788000
-1.07700
-1.30500
-1.52200
-1.66100
-1.67300
-1.65500
-1.67300
-1.84700
-1.93100
-1.78700
-1.34800
-0.950000
1.30000E-02
2.07700
2.99200
2.04100
1.09600
0.241000
-0.156000
-0.240000
-0.114000
-0.138000
-0.330000
-0.607000
-0.770000
-0.758000
-0.728000
-0.692000
-0.836000
-1.05300
-1.03500
-0.746000
-0.108000
0.669000
1.23500
1.37900
1.06000
0.482000
-7.20000E-02
-0.397000
-0.692000
-0.932000
-1.12500
-1.32400
-1.54000
-1.60000
-1.51000
-1.21500
-0.595000
0.115000
0.771000
1.08400
0.849000
0.392000
-9.00000E-02
-0.415000
-0.698000
-1.03500
-1.05900
-0.776000
-0.367000
0.272000
1.01800
1.56000
1.42100
0.819000
7.90000E-02
-0.348000
-0.535000
-0.794000
-1.01100
-1.13100
-1.24500
-1.35400
-1.26900
-0.764000
4.90000E-02
0.904000
1.68000
1.76400
1.40300
1.01800
0.861000
0.807000
0.946000
1.28900
1.81800
2.14900
2.08900
1.51700
0.723000
0.157000
-0.210000
-0.475000
-0.601000
-0.890000
-1.08300
-0.962000
-1.02900
-1.00500
-0.980000
-0.571000
0.783000
4.51500
4.31600
2.96800
1.77600
0.813000
0.169000
-0.168000
-0.439000
-0.565000
-0.637000
-0.643000
-0.764000
-0.896000
-1.13700
-1.39600
-1.62500
-1.73900
-1.67900
-1.56400
-1.46800
-0.589000
1.86100
1.96900
2.69100
2.28800
1.42100
0.807000
0.145000
-0.186000
-0.595000
-0.920000
-1.03500
-0.993000
-1.02300
-1.09500
-1.28100
-1.57000
-1.88900
-1.81700
-1.81700
-1.96200
-1.98000
-0.276000
1.74000
1.74600
1.68600
1.21100
0.627000
-6.60000E-02
-0.210000
-0.481000
-0.698000
-0.866000
-1.14900
-1.36000
-1.72700
-1.87700
-2.07000
-2.10600
-2.05200
-2.11200
-1.99200
-1.70300
-1.08300
0.699000
2.98600
2.13700
1.06600
0.284000
-4.70000E-02
-0.192000
-0.228000
-0.318000
-0.445000
-0.571000
-0.800000
-0.842000
-0.710000
-0.836000
-1.10100
-1.24500
-1.28100
-1.17900
-0.950000
-0.469000
0.536000
2.31800
3.73900
2.27000
0.928000
0.145000
-0.324000
-0.667000
-0.896000
-1.04700
-1.22700
-1.20300
-1.17300
-0.980000
-0.836000
-0.601000
-0.240000
6.70000E-02
0.621000
1.09000
1.31300
1.26500
1.15600
1.13200
1.19200
1.33100
1.62000
1.61400
1.40300
1.02400
0.416000
-0.180000
-0.493000
-0.505000
-0.373000
-0.300000
-0.421000
-0.493000
-0.174000
0.506000
1.40300
2.21600
2.37800
2.05300
1.13800
0.410000
6.10000E-02
-0.132000
-0.192000
-0.258000
-0.132000
0.181000
0.410000
0.615000
0.717000
0.560000
0.272000
0.151000
7.30000E-02
2.50000E-02
9.70000E-02
0.187000
0.765000
1.61400
2.18600
2.04700
1.44500
0.657000
5.50000E-02
-0.354000
-0.698000
-0.914000
-0.999000
-0.932000
-0.896000
-0.842000
-0.637000
-0.348000
0.181000
0.747000
1.35500
1.83600
1.87300
1.44500
0.506000
-0.354000
-0.908000
-1.28700
-1.61800
-1.83500
-1.91300
-1.84700
-1.67900
-1.51000
-0.956000
0.542000
3.27500
2.27000
0.922000
-0.132000
-0.722000
-0.938000
-0.926000
-0.878000
-0.692000
-0.415000
-0.252000
-0.276000
-0.421000
-0.559000
-0.680000
-0.896000
-1.02300
-0.986000
-1.04700
-1.21500
-1.26900
-1.00500
-0.367000
0.603000
1.56600
2.08300
1.48700
0.560000
-0.156000
-0.583000
-0.830000
-0.854000
-0.806000
-0.776000
-0.601000
-0.409000
-2.30000E-02
0.518000
1.10200
1.41500
1.29500
0.795000
0.326000
-6.00000E-02
-0.294000
-0.379000
-0.415000
-0.445000
-0.589000
-0.716000
-0.631000
-0.198000
0.482000
1.55400
3.64800
4.81600
2.78800
1.17400
0.187000
-0.421000
-0.782000
-0.920000
-0.872000
-0.956000
-1.25100
-1.42000
-1.48000
-1.54600
-1.63100
-1.81100
-1.95000
-1.96200
-1.76900
-1.23300
1.92100
2.16800
2.66700
1.97500
1.24700
0.512000
-4.10000E-02
-0.312000
-0.505000
-0.541000
-0.571000
-0.487000
-0.330000
-0.360000
-0.348000
-0.336000
-0.330000
-0.282000
-0.198000
-8.40000E-02
1.03600
3.45600
3.13700
2.55900
2.02300
1.26500
0.675000
0.199000
-0.258000
-0.559000
-0.776000
-1.08300
-1.21500
-1.28700
-1.51000
-1.53400
-1.46800
-1.03500
1.72200
2.36600
2.19800
1.92100
1.15000
0.795000
0.241000
-1.02000E-01
-0.180000
-0.162000
-0.409000
-0.734000
-1.19100
-1.52800
-1.67900
-1.48600
-1.45000
-1.80500
-2.09400
-2.07000
-0.619000
0.777000
0.536000
0.789000
0.603000
0.560000
0.302000
7.00000E-03
-0.216000
-0.409000
-0.613000
-0.902000
-1.16100
-1.47400
-1.69700
-1.81700
-1.70900
-1.70300
-1.72100
-1.73900
-1.78700
-1.86500
-1.63700
-1.00500
0.320000
3.07600
3.07600
1.71000
0.687000
-2.30000E-02
-0.427000
-0.511000
-0.613000
-0.800000
-0.920000
-0.920000
-0.980000
-0.956000
-0.842000
-0.758000
-0.589000
-0.306000
-1.70000E-02
0.621000
1.13200
1.05400
0.904000
0.657000
0.500000
0.440000
0.133000
-0.216000
-0.379000
-0.156000
0.296000
0.837000
1.28900
1.33100
1.09600
0.783000
0.199000
-0.415000
-0.704000
-0.517000
-0.433000
-0.324000
1.90000E-02
0.296000
0.392000
0.735000
1.22300
1.33100
1.17400
0.765000
0.386000
0.518000
0.621000
0.681000
0.597000
0.542000
0.500000
0.542000
0.753000
0.910000
0.922000
1.00000
1.20400
1.57800
1.81800
1.60200
0.952000
0.151000
-0.421000
-0.625000
-0.830000
-0.956000
-1.11900
-1.43800
-1.57000
-1.55200
-1.53400
-1.28100
-0.631000
0.524000
2.36000
2.98000
2.13700
1.13800
0.223000
-0.379000
-0.625000
-0.716000
-0.637000
-0.511000
-0.673000
-0.926000
-1.04700
-1.13100
-1.11300
-1.10100
-1.25700
-1.49200
-1.54000
-1.45600
-1.40800
-1.26900
-0.896000
-0.367000
0.253000
0.699000
0.729000
0.536000
0.296000
-9.00000E-02
-0.457000
-0.505000
-0.294000
-6.60000E-02
-3.50000E-02
-1.70000E-02
-0.144000
-0.373000
-0.535000
-0.716000
-0.932000
-1.22100
-1.44400
-1.58800
-1.65500
-1.60600
-1.30500
-0.511000
1.37300
3.71400
2.30000
0.861000
-6.60000E-02
-0.710000
-1.09500
-1.29900
-1.35400
-1.31800
-1.33000
-1.37200
-1.42000
-1.48000
-1.49200
-1.31800
-0.974000
-0.535000
0.169000
0.958000
1.59600
1.84900
1.43900
0.928000
0.699000
0.783000
1.05400
1.47500
1.75200
1.64400
1.19200
0.639000
0.139000
-0.252000
-0.565000
-0.782000
-0.872000
-0.926000
-0.980000
-1.07700
-1.25700
-1.31200
-1.02300
1.33100
4.43700
4.10000
2.67300
1.38500
0.482000
-0.114000
-0.511000
-0.770000
-0.962000
-1.13100
-1.20300
-1.17300
-1.13700
-1.21500
-1.44400
-1.64300
-1.55200
-1.17300
-0.571000
0.458000
2.10700
3.03400
2.59500
1.48100
0.488000
-0.246000
-0.601000
-0.637000
-0.625000
-0.631000
-0.728000
-0.625000
-0.300000
0.199000
0.518000
0.669000
0.687000
0.615000
0.494000
0.314000
7.00000E-03
-0.258000
-0.451000
-0.625000
-0.806000
-0.974000
-0.956000
-0.848000
-0.601000
0.109000
1.19200
2.17400
2.20400
1.39100
0.428000
-0.276000
-0.613000
-0.710000
-0.848000
-0.908000
-0.950000
-0.962000
-0.890000
-0.920000
-0.896000
-0.601000
-0.120000
0.566000
1.15000
1.19800
0.789000
0.193000
-0.192000
-0.403000
-0.523000
-0.451000
-0.162000
0.458000
1.42100
2.48700
3.05200
3.01600
2.31200
1.21700
0.241000
-0.306000
-0.565000
-0.692000
-0.812000
-0.938000
-0.986000
-1.04700
-1.14300
-1.20900
-1.23900
-1.34800
-1.33600
-1.23300
-0.613000
2.25800
3.80500
3.49200
2.36600
1.28300
0.585000
-5.00000E-03
-0.481000
-0.746000
-0.908000
-0.932000
-0.993000
-1.25100
-1.58200
-1.62500
-1.45000
-1.43800
-1.64300
-1.80500
-1.66100
-1.20900
-0.637000
0.416000
3.26300
3.85900
2.62500
1.41500
0.476000
-2.90000E-02
-0.186000
-6.00000E-02
0.145000
0.302000
0.380000
0.296000
9.10000E-02
-0.228000
-0.613000
-0.962000
-1.12500
-1.24500
-1.35400
-1.49200
-1.54000
-1.14900
2.21000
2.31800
1.75800
1.18000
0.530000
-0.210000
-0.812000
-1.12500
-1.34200
-1.54000
-1.76900
-1.83500
-1.84700
-1.63100
-1.20900
-0.806000
0.241000
2.31800
2.44400
1.06600
3.70000E-02
-0.481000
-0.649000
-0.824000
-1.02900
-1.28100
-1.51600
-1.55800
-1.39600
-1.16700
-0.956000
-0.391000
0.699000
2.09500
2.57100
1.53000
0.512000
-0.174000
-0.541000
-0.686000
-0.728000
-0.884000
-0.800000
-0.505000
-0.288000
-7.20000E-02
9.10000E-02
7.90000E-02
7.00000E-03
-0.150000
-0.288000
-0.385000
-0.354000
-0.354000
-9.00000E-02
0.398000
0.789000
1.04800
1.21700
1.16200
0.819000
0.428000
0.193000
0.199000
0.392000
0.861000
1.25900
1.25300
0.891000
0.272000
-0.354000
-0.752000
-0.999000
-1.10700
-1.26300
-1.38400
-1.43800
-1.41400
-1.23300
-1.02300
-0.746000
0.151000
1.81200
2.60700
2.43200
1.78200
0.988000
0.332000
3.10000E-02
-7.80000E-02
-3.50000E-02
-7.20000E-02
-0.180000
-0.288000
-0.451000
-0.643000
-0.770000
-0.890000
-1.00500
-1.08900
-1.02300
-0.824000
-0.457000
0.229000
1.56000
3.37700
3.78700
2.82400
2.06500
1.52300
0.994000
0.609000
0.332000
0.151000
4.30000E-02
-0.192000
-0.589000
-0.908000
-1.10100
-1.28100
-1.52200
-1.73300
-1.85900
-2.01600
-2.17800
-2.16000
-1.84100
1.36100
2.31200
2.75700
2.14900
1.35500
0.615000
0.121000
-0.132000
-0.162000
-0.150000
-5.40000E-02
3.70000E-02
2.50000E-02
-6.00000E-02
-0.282000
-0.571000
-0.884000
-1.18500
-1.39600
-1.46800
-1.50400
-1.54000
-1.70300
-1.62500
-0.890000
2.99800
4.50300
3.13100
1.69800
0.771000
0.265000
0.109000
-4.70000E-02
-0.144000
-0.198000
-0.258000
-0.336000
-0.487000
-0.686000
-0.938000
-1.20900
-1.43800
-1.64900
-1.76300
-1.78100
-1.74500
-1.65500
-0.788000
1.04200
1.28900
1.54200
1.15000
0.633000
7.90000E-02
-0.282000
-0.427000
-0.698000
-0.974000
-1.10100
-1.07700
-1.29300
-1.54600
-1.28100
-1.16100
-1.05900
-1.04700
-1.06500
-0.812000
-0.354000
3.70000E-02
-3.50000E-02
0.217000
0.801000
1.49900
2.01100
1.77000
1.10800
0.657000
0.223000
-2.90000E-02
-0.252000
-0.553000
-0.818000
-0.607000
-0.547000
-0.800000
-1.00500
-1.06500
-0.914000
-0.583000
-0.391000
0.139000
1.15000
2.26400
2.89600
2.11900
1.02400
0.259000
-1.70000E-02
-0.216000
-0.535000
-0.770000
-0.854000
-0.680000
-0.511000
-0.571000
-0.487000
-0.204000
0.265000
0.609000
0.705000
0.843000
1.06600
1.40900
1.96300
2.54700
2.94400
2.36600
1.24100
0.434000
-0.228000
-0.667000
-1.06500
-1.19100
-1.25100
-1.43200
-1.64300
-1.77500
-1.72700
-1.46800
-1.49800
-1.28700
-0.926000
-0.186000
1.60800
3.22700
2.51100
1.30700
0.398000
-1.70000E-02
-0.306000
-0.451000
-0.565000
-0.625000
-0.469000
-4.10000E-02
0.350000
0.639000
0.885000
1.06000
1.04800
0.994000
0.946000
0.819000
0.554000
9.10000E-02
-0.499000
-0.944000
-1.24500
-1.29300
-1.11300
1.30100
2.22200
2.27000
2.31800
1.93900
1.10800
0.404000
-0.126000
-0.427000
-0.619000
-0.842000
-1.08300
-1.12500
-1.33600
-1.52200
-1.76300
-1.87100
-1.95000
-2.04600
-2.13600
-2.24400
-2.41300
-2.37100
-2.23800
0.169000
1.44500
1.35500
0.627000
0.633000
4.90000E-02
-0.421000
-0.758000
-0.643000
-0.908000
-1.37800
-1.73300
-1.67300
-1.40800
-1.51000
-1.75100
-1.81700
-1.71500
-1.54000
-0.884000
0.199000
1.31900
1.73400
1.33700
0.711000
0.464000
0.639000
1.24700
1.92100
1.98700
1.35500
0.518000
-0.114000
-0.505000
-0.698000
-0.722000
-0.830000
-1.02900
-1.25700
-1.22700
-0.986000
-0.499000
0.199000
1.19200
2.19800
2.40800
1.98700
1.27700
0.741000
0.693000
0.873000
0.741000
0.524000
0.332000
0.368000
0.585000
0.512000
0.259000
-0.156000
-0.541000
-0.752000
-0.836000
-0.836000
-0.794000
-0.673000
-0.397000
-0.174000
0.464000
1.60800
2.52900
2.46900
1.75800
0.885000
0.296000
7.00000E-03
-0.367000
-0.601000
-0.565000
-0.595000
-0.740000
-0.836000
-0.643000
-0.126000
0.458000
1.30100
1.81200
1.71600
1.15000
0.440000
-9.60000E-02
-0.601000
-0.758000
-0.746000
-0.686000
-0.800000
-0.782000
-0.487000
-2.30000E-02
0.591000
1.40300
2.10100
2.51100
2.69100
2.37200
1.90900
1.45700
0.970000
0.458000
1.00000E-03
-0.367000
-0.601000
-0.613000
-0.595000
-0.547000
-0.692000
-0.908000
-1.13100
-1.27500
-1.29300
-1.17300
1.40300
1.35500
2.67300
3.10700
3.02200
2.39600
1.42700
0.500000
-0.174000
-0.505000
-0.770000
-0.914000
-1.02900
-1.01700
-1.07700
-1.21500
-1.45000
-1.84100
-2.15400
-2.13600
-1.86500
-1.63100
-0.391000
3.70800
3.75700
2.33000
2.34200
1.70400
0.747000
-5.00000E-03
-0.312000
-0.481000
-0.740000
-0.980000
-0.968000
-1.13700
-1.19100
-1.36000
-1.23900
-1.47400
-1.46200
-1.47400
-1.54600
-1.54000
-1.26900
0.916000
1.54800
1.90300
1.54200
1.20400
0.603000
0.368000
-1.02000E-01
-0.487000
-0.776000
-0.938000
-0.986000
-1.14300
-1.26300
-1.39000
-1.56400
-1.60000
-1.46800
-1.17300
-0.902000
-0.692000
-1.02000E-01
1.13200
1.54800
1.18000
0.458000
-0.300000
-0.692000
-0.728000
-0.258000
0.265000
0.867000
1.11400
1.09600
0.922000
0.861000
0.729000
0.566000
0.338000
0.241000
2.50000E-02
-0.174000
-0.427000
-0.457000
-0.559000
-0.806000
-1.03500
-1.07700
-1.08900
-0.908000
-0.505000
-0.264000
0.193000
1.04800
2.53500
2.75100
1.78800
0.837000
0.235000
-0.324000
-0.698000
-1.00500
-1.14900
-1.10100
-1.06500
-0.902000
-0.770000
-0.637000
-0.421000
-0.186000
0.247000
0.717000
1.10800
1.30100
1.12000
0.807000
0.440000
0.151000
-1.02000E-01
-0.174000
7.30000E-02
0.398000
0.494000
0.380000
0.199000
9.70000E-02
0.151000
0.326000
0.675000
1.24100
1.81200
2.05300
1.67400
0.940000
0.482000
-2.30000E-02
-0.595000
-0.926000
-1.00500
-1.01700
-1.04100
-1.17900
-1.05900
-0.752000
4.30000E-02
2.24600
2.37800
2.05300
1.33700
0.578000
-0.210000
-0.740000
-0.848000
-0.920000
-1.11900
-1.40200
-1.45000
-1.45000
-1.60000
-1.75100
-1.96800
-2.01600
-1.78100
-1.61200
-1.14900
6.70000E-02
3.76900
3.52200
2.14300
1.01200
0.783000
0.693000
0.657000
0.615000
0.404000
0.163000
-0.120000
-0.433000
-0.758000
-1.11300
-1.31800
-1.46200
-1.58200
-1.63100
-1.63700
-1.62500
-1.70300
-1.66700
-1.29300
1.54800
3.81100
3.32900
2.24000
1.15600
0.410000
-2.90000E-02
-0.475000
-0.860000
-0.896000
-0.968000
-0.962000
-1.04700
-1.15500
-1.36000
-1.46200
-1.46800
-1.42000
-1.34800
-1.37200
-1.46200
-1.57600
-1.53400
-1.42600
-1.01700
-6.00000E-02
1.49900
3.35900
2.48700
1.10800
5.50000E-02
-0.487000
-0.752000
-0.698000
-0.481000
-0.318000
-0.156000
0.127000
0.681000
1.17400
1.37900
1.15600
0.735000
0.205000
-0.360000
-0.800000
-0.920000
-0.776000
-0.842000
-0.993000
-1.13700
-1.03500
-0.878000
-0.716000
-0.463000
-0.216000
0.338000
1.06000
1.78200
2.17400
2.10100
1.62000
1.09000
0.891000
0.940000
1.18000
1.38500
1.42700
1.16200
0.705000
0.314000
-2.30000E-02
-0.391000
-0.625000
-0.884000
-1.02900
-1.20900
-1.42000
-1.49800
-1.57000
-1.55200
1.30000E-02
2.03500
2.35400
1.81200
1.81800
1.24700
0.699000
0.217000
-0.132000
-0.162000
-0.282000
-1.07100
-1.39000
-1.34800
-1.22700
-1.46200
-1.71500
-1.99200
-1.90700
-1.68500
-1.69100
-1.76900
-0.764000
1.19200
3.36500
2.58900
1.75200
0.982000
0.494000
0.121000
-0.246000
-0.403000
-0.415000
-0.354000
-0.264000
-0.535000
-0.589000
-0.397000
-0.252000
-0.282000
-0.342000
-0.318000
-6.00000E-02
0.506000
1.56600
2.74500
3.10100
2.33000
1.32500
0.488000
1.00000E-03
-0.312000
-0.469000
-0.589000
-0.475000
-0.330000
-0.270000
-0.373000
-0.379000
-0.348000
-0.379000
-0.186000
0.223000
1.17400
2.42600
3.36500
3.08200
2.05900
1.13800
0.657000
0.320000
-1.70000E-02
-0.348000
-0.601000
-0.818000
-0.896000
-0.908000
-1.14900
-1.48600
-1.64300
-1.57600
-1.31200
-1.20900
-1.14300
0.512000
1.93300
2.04100
1.72800
1.42100
0.747000
0.253000
-5.40000E-02
-0.162000
-0.270000
-0.667000
-0.872000
-0.986000
-1.20300
-1.17300
-1.36000
-1.75100
-1.82300
-1.67900
-1.53400
-1.55200
-1.46800
-1.10700
-0.180000
2.17400
3.14900
2.70900
1.68600
0.904000
0.284000
-4.70000E-02
-0.186000
-0.294000
-0.246000
-9.00000E-02
-6.00000E-02
-9.60000E-02
-7.20000E-02
-0.144000
-0.198000
-0.210000
-0.391000
-0.613000
-0.842000
-1.03500
-1.13100
-1.13100
-1.24500
-1.14900
-0.541000
1.63200
3.92500
3.21500
2.10100
0.861000
0.133000
-0.156000
-0.258000
-0.427000
-0.698000
-0.830000
-0.878000
-0.710000
-0.493000
-0.397000
-0.481000
-0.673000
-0.770000
-0.830000
-0.932000
-0.974000
-1.16100
-1.42600
-1.39000
-1.08900
-0.264000
3.10700
4.41300
3.45600
2.24600
1.15000
0.386000
-8.40000E-02
-0.342000
-0.511000
-0.661000
-0.860000
-1.10100
-1.29300
-1.36000
-1.29900
-1.27500
-1.35400
-1.50400
-1.72700
-1.85900
-1.98600
-1.80500
-1.61200
-1.29900
-0.156000
4.17200
3.66600
2.44400
1.31900
0.458000
-8.40000E-02
-0.445000
-0.595000
-0.884000
-1.00500
-1.20300
-1.42000
-1.49200
-1.30500
-1.04700
-0.860000
-0.710000
-0.535000
-0.204000
0.747000
1.39100
1.48100
1.17400
0.705000
0.464000
0.416000
0.344000
0.217000
0.175000
0.181000
0.127000
-5.40000E-02
-0.318000
-0.379000
-7.80000E-02
0.163000
0.199000
0.398000
0.970000
1.74000
1.89700
1.46900
0.831000
0.290000
-0.126000
-0.535000
-0.884000
-1.07700
-1.02900
-0.950000
-0.649000
2.51100
3.72000
2.63100
1.86100
1.13200
0.597000
1.30000E-02
-0.517000
-0.655000
-0.932000
-1.06500
-1.30500
-1.57600
-1.51600
-1.66700
-1.84700
-1.84700
-1.70300
-1.61800
-1.11900
0.783000
3.25100
3.49800
2.68500
1.31900
0.488000
-1.10000E-02
-0.252000
-0.469000
-0.704000
-0.788000
-0.854000
-0.860000
-1.01700
-1.17900
-1.23300
-1.27500
-1.39600
-1.25100
-0.980000
-0.571000
-0.114000
0.362000
0.783000
0.952000
0.777000
0.488000
0.296000
0.368000
0.597000
0.723000
0.807000
0.928000
0.771000
0.446000
0.127000
-0.246000
-0.463000
-0.782000
-1.01100
-1.17300
-1.22100
-1.45600
-1.64300
-1.69100
-1.75700
-1.55200
-1.32400
-0.686000
0.428000
1.71600
1.68000
0.976000
0.169000
-0.505000
-0.962000
-1.20300
-1.26900
-1.11300
-1.01700
-0.818000
-0.481000
7.90000E-02
0.645000
0.831000
0.609000
0.109000
-0.276000
-0.457000
-0.469000
-0.541000
-0.613000
-0.583000
-0.625000
-0.505000
-0.276000
2.50000E-02
0.566000
1.47500
2.42600
2.89000
2.08900
0.759000
-0.150000
-0.637000
-0.896000
-1.00500
-1.19700
-1.35400
-1.39600
-1.33600
-1.17300
-1.26900
-1.29300
-1.12500
-0.722000
-0.144000
0.813000
2.43200
3.21500
2.84800
1.89700
0.717000
-7.20000E-02
-0.541000
-0.764000
-0.704000
-0.469000
-0.114000
0.259000
0.711000
0.795000
0.416000
-0.204000
-0.680000
-0.986000
-1.12500
-1.23900
-1.20300
-0.950000
-0.234000
0.994000
2.82400
2.84800
1.78200
0.699000
-0.138000
-0.619000
-0.728000
-0.716000
-0.680000
-0.637000
-0.625000
-0.481000
-0.258000
-0.114000
-0.120000
-0.234000
-0.342000
-0.397000
-0.336000
-0.252000
-0.114000
7.90000E-02
0.308000
0.530000
0.855000
1.69800
2.60700
2.78800
2.15600
1.09000
0.121000
-0.360000
-0.686000
-1.02300
-1.23300
-1.36600
-1.49800
-1.65500
-1.76300
-1.85300
-1.98600
-2.08800
-2.02800
-1.72700
-1.22700
7.00000E-03
4.02100
3.11900
1.56000
0.398000
-0.162000
-0.427000
-0.535000
-0.571000
-0.469000
-0.385000
-0.312000
-0.294000
-0.354000
-0.511000
-0.770000
-1.03500
-1.22700
-1.29900
-1.28100
-1.26300
-1.16100
-0.860000
-0.174000
1.14400
4.04600
3.57000
1.79400
0.494000
-0.258000
-0.680000
-0.938000
-1.08300
-1.09500
-1.12500
-1.16100
-1.16100
-1.16100
-1.13100
-1.01700
-0.788000
-0.421000
3.10000E-02
0.542000
0.934000
0.940000
0.747000
0.494000
0.241000
0.133000
0.296000
0.711000
1.49900
2.19200
2.56500
2.51700
1.87300
1.09000
0.380000
-0.126000
-0.601000
-0.950000
-1.07100
-1.14300
-1.09500
-1.25700
-1.53400
-1.79300
-1.85300
-1.85300
-1.79300
-1.66100
-1.14900
1.63800
2.40200
2.01700
1.28900
0.891000
0.338000
3.10000E-02
-0.788000
-1.04700
-1.14900
-1.17900
-0.938000
-0.842000
-0.734000
-0.589000
-0.523000
-0.451000
-0.427000
-0.336000
-6.00000E-02
0.133000
-1.70000E-02
-1.02000E-01
4.30000E-02
0.633000
1.46300
2.26400
2.54100
2.44400
1.90900
0.994000
0.488000
0.284000
0.139000
-0.150000
-0.481000
-0.631000
-0.776000
-0.920000
-1.07700
-1.04100
-1.03500
-1.08300
-0.878000
-0.132000
1.19800
3.07000
3.08800
1.88500
0.603000
-0.336000
-0.734000
-0.722000
-0.667000
-0.613000
-0.625000
-0.391000
1.30000E-02
0.867000
2.26400
3.58200
3.30500
1.98100
0.747000
-3.50000E-02
-0.529000
-0.938000
-1.20900
-1.23300
-1.17300
-1.26900
-1.43200
-1.61200
-1.61800
-0.625000
1.10800
2.37800
1.26500
1.06600
1.22900
1.13200
0.554000
-7.20000E-02
-0.625000
-0.932000
-0.980000
-1.00500
-1.14900
-1.29900
-1.57000
-1.86500
-1.78700
-1.46200
-1.28100
-0.980000
-0.126000
2.49900
3.31700
2.30000
1.39100
0.585000
-1.70000E-02
-0.282000
-0.204000
-0.156000
-0.348000
-0.637000
-1.07100
-1.29900
-1.19700
-1.06500
-1.09500
-1.03500
-0.938000
-0.667000
-0.162000
0.615000
1.31900
1.52300
1.18000
0.735000
0.434000
0.223000
0.253000
0.488000
0.994000
1.68000
2.32400
2.59500
2.14300
0.952000
0.211000
-0.162000
-0.469000
-0.722000
-0.872000
-1.08300
-1.14300
-0.950000
-0.523000
1.19800
3.12500
3.15500
2.67300
2.19800
1.90900
1.45100
0.645000
-5.40000E-02
-0.282000
-0.120000
-1.70000E-02
-0.451000
-0.788000
-0.896000
-1.01100
-1.10700
-1.43200
-1.60600
-1.54600
-1.52800
-0.270000
2.17400
2.45000
2.70300
2.19200
1.93900
0.946000
0.440000
0.259000
0.524000
0.278000
-0.264000
-0.698000
-0.926000
-0.980000
-0.950000
-1.05300
-1.33600
-1.58800
-1.57000
-1.70900
-1.96800
-1.69100
-1.41400
2.34200
2.21000
2.02300
1.41500
1.13800
0.904000
0.934000
0.717000
4.30000E-02
-0.673000
-0.902000
-0.890000
-0.806000
-0.926000
-1.19700
-1.31800
-1.60600
-1.56400
-1.40200
-1.22700
-1.17300
-1.21500
-1.02300
-0.619000
0.163000
1.16800
2.42000
3.31100
2.70300
1.86700
1.12600
0.476000
-0.120000
-0.601000
-0.999000
-1.29900
-1.49200
-1.38400
-1.25700
-1.41400
-1.66100
-1.76900
-1.79300
-1.61800
-1.49800
-1.39600
-0.830000
6.70000E-02
1.28900
2.02300
2.04700
1.91500
1.80000
1.56000
1.09600
0.627000
0.302000
0.163000
0.121000
-1.10000E-02
-0.294000
-0.433000
-0.475000
-0.547000
-0.553000
-0.360000
-0.324000
-0.469000
-0.704000
-0.788000
-0.824000
-0.667000
-0.270000
0.548000
2.03500
3.76300
4.10000
2.80000
1.49900
0.669000
0.115000
-0.168000
-0.240000
-0.264000
-0.330000
-0.415000
-0.547000
-0.698000
-0.872000
-0.986000
-1.03500
-1.08300
-1.07700
-0.980000
-0.692000
-0.324000
0.241000
0.699000
1.16800
1.45700
1.25900
0.741000
0.585000
0.891000
1.33700
1.63800
1.52300
1.12000
0.633000
0.187000
-0.120000
-0.294000
-0.433000
-0.673000
-0.974000
-1.22100
-1.31800
-1.37800
-1.46800
-1.52200
-1.60000
-1.55200
-1.52200
-1.58200
-1.56400
-1.17900
-6.00000E-02
2.66100
3.48000
1.83000
0.308000
-0.655000
-0.956000
-1.13100
-1.29900
-1.51600
-1.70300
-1.81100
-1.82300
-1.77500
-1.82300
-1.89500
-1.95000
-1.82900
-1.54000
-1.17300
-0.469000
0.825000
1.97500
1.88500
1.34900
0.482000
-0.192000
-0.475000
-0.619000
-0.704000
-0.601000
-0.342000
-5.00000E-03
0.229000
0.247000
0.127000
-0.210000
-0.547000
-0.890000
-1.15500
-1.27500
-1.09500
-0.848000
-0.595000
-0.330000
0.609000
2.20400
2.57700
1.91500
0.928000
-1.10000E-02
-0.788000
-1.29300
-1.37200
-1.10700
-0.661000
-0.132000
0.542000
1.56000
2.52300
2.53500
1.47500
0.265000
-0.433000
-0.686000
-0.884000
-1.11300
-1.14300
-1.04100
-0.914000
-0.661000
-4.70000E-02
2.24000
3.05200
2.65500
1.93300
1.12600
0.446000
4.90000E-02
1.90000E-02
-0.210000
-0.493000
-0.734000
-0.830000
-0.860000
-1.17900
-1.45000
-1.66100
-1.75100
-1.72100
-1.89500
-1.79900
-1.51600
-1.05900
-0.433000
2.44400
2.37200
1.50500
0.681000
6.70000E-02
-0.409000
-0.667000
-0.613000
-0.367000
9.10000E-02
0.476000
0.717000
0.609000
0.452000
0.434000
0.476000
0.639000
0.807000
0.789000
0.524000
0.296000
0.205000
1.30000E-02
-0.276000
-0.505000
-0.607000
-0.559000
-0.499000
-0.607000
-0.698000
-0.433000
0.169000
0.585000
0.735000
0.958000
1.13800
1.21100
1.54800
1.89100
2.26400
2.30000
2.04100
1.54800
1.09000
0.398000
-0.216000
-0.553000
-0.746000
-1.00500
-1.24500
-1.47400
-1.67900
-1.79900
-1.88300
-2.05800
-2.16600
-2.15400
-0.559000
0.994000
1.66800
1.90300
1.22900
0.711000
6.10000E-02
-0.463000
-0.342000
-0.475000
-0.860000
-1.20300
-1.55200
-1.78100
-1.75100
-1.75100
-1.67300
-1.75100
-1.59400
-1.38400
-0.866000
0.133000
2.96800
2.85400
1.87300
0.711000
-0.114000
-0.571000
-0.722000
-0.505000
-0.246000
-0.132000
-6.60000E-02
7.90000E-02
0.344000
0.645000
0.813000
0.362000
2.50000E-02
7.30000E-02
0.404000
0.922000
1.74000
2.34200
2.37800
2.07100
1.27100
0.482000
-4.10000E-02
-0.427000
-0.667000
-0.908000
-1.18500
-1.39600
-1.54000
-1.50400
-1.39000
-1.14900
0.645000
1.81200
1.96300
1.56600
0.819000
0.145000
-0.385000
-0.758000
-1.12500
-1.14300
-1.21500
-1.15500
-0.649000
2.07100
2.42600
2.27000
1.48100
0.657000
-0.132000
-0.583000
-0.842000
-0.986000
-1.16700
-1.40800
-1.53400
-1.85900
-1.77500
-1.54600
-1.62500
-1.95000
-1.94400
-1.55200
-0.884000
0.898000
4.14800
3.17300
2.01700
1.00600
0.350000
7.00000E-03
-1.02000E-01
-0.252000
-0.559000
-0.776000
-0.746000
-0.637000
-0.637000
-0.758000
-0.932000
-1.24500
-1.52200
-1.39000
-0.776000
0.566000
3.66000
3.52800
1.90900
0.464000
-0.451000
-0.860000
-0.914000
-0.950000
-1.10700
-1.14300
-1.19700
-1.06500
-0.824000
-0.601000
-0.264000
0.645000
2.18000
3.25700
2.12500
0.922000
-7.80000E-02
-0.800000
-1.27500
-1.37200
-1.28700
-1.33600
-1.38400
-1.25700
-1.02300
-0.884000
-0.511000
0.440000
2.13100
3.42000
2.27600
0.717000
-0.511000
-1.11300
-1.20900
-0.986000
-0.445000
0.410000
1.43300
2.58300
3.11300
2.47500
1.34300
0.308000
-0.330000
-0.577000
-0.770000
-1.13700
-1.48000
-1.58200
-1.57000
-1.51000
-1.49800
-1.59400
-1.64300
-1.21500
2.39000
2.58900
2.70300
2.02900
0.970000
0.241000
-0.132000
-0.300000
-0.535000
-0.788000
-1.05300
-1.02900
-1.13100
-1.29300
-1.08300
-0.926000
-1.07100
-1.19100
-1.10100
-0.740000
-0.204000
0.536000
1.66200
2.60700
2.92000
2.55300
1.54800
0.585000
7.30000E-02
-9.00000E-02
-0.288000
-0.421000
-0.589000
-0.686000
-0.872000
-1.02900
-1.13700
-1.35400
-1.55800
-1.42000
-1.01100
-0.397000
0.542000
1.66800
2.37800
2.24600
1.75800
1.10800
0.470000
8.50000E-02
-7.80000E-02
-4.10000E-02
-0.204000
-0.631000
-0.728000
-0.655000
-0.818000
-1.13100
-1.34200
-1.22100
-0.968000
-0.704000
-0.409000
4.90000E-02
0.843000
1.96300
2.52900
2.07100
1.13800
0.380000
-0.246000
-0.673000
-0.902000
-1.01100
-1.05900
-1.22100
-1.19700
-1.20900
-1.14900
-0.986000
-0.926000
-0.938000
-0.794000
-0.421000
7.00000E-03
0.416000
0.777000
1.31900
2.07700
2.64900
2.81800
2.38400
1.42700
0.536000
-9.00000E-02
-0.505000
-0.734000
-0.950000
-1.14300
-1.46800
-1.70300
-1.75100
-1.82300
-1.93100
-1.99200
-2.04600
-1.96200
-1.68500
-0.427000
1.91500
2.53500
2.23400
1.22900
0.404000
-0.228000
-0.866000
-1.18500
-1.33600
-1.48600
-1.46200
-1.33600
-0.770000
-0.312000
0.278000
0.928000
1.09600
0.898000
0.536000
0.181000
-0.138000
-0.704000
-1.21500
-1.43200
-1.33000
-1.05300
-0.920000
-0.848000
-0.667000
-0.312000
0.187000
0.572000
0.916000
1.15600
1.18600
0.922000
0.633000
0.488000
0.410000
0.332000
0.193000
5.50000E-02
-0.114000
-0.373000
-0.595000
-0.782000
-0.848000
-0.800000
-0.794000
-0.902000
-0.980000
-0.680000
-0.306000
0.247000
1.34900
2.11900
2.01100
1.22900
0.530000
0.181000
-0.138000
-0.655000
-1.00500
-1.11900
-1.13100
-1.08300
-0.974000
-0.830000
-0.354000
1.03000E-01
0.585000
0.958000
0.952000
0.813000
0.687000
0.639000
0.560000
0.597000
0.873000
1.12000
1.16200
0.867000
0.398000
3.70000E-02
-0.264000
-0.541000
-0.710000
-0.932000
-1.20900
-1.35400
-1.48600
-1.52800
-1.64300
-1.74500
-1.38400
-0.517000
1.11400
3.53400
2.27600
0.988000
6.10000E-02
-0.445000
-0.764000
-0.764000
-0.415000
1.90000E-02
0.344000
0.428000
0.265000
2.50000E-02
-0.336000
-0.770000
-1.13700
-1.33600
-1.45600
-1.62500
-1.75700
-1.72100
-1.40800
-0.680000
0.566000
2.46200
3.13700
2.28800
1.34300
0.530000
-3.50000E-02
-0.379000
-0.523000
-0.800000
-1.19700
-1.53400
-1.72100
-1.76900
-1.85300
-1.90100
-1.81100
-1.55200
-0.788000
0.717000
2.33000
1.99300
0.940000
2.50000E-02
-0.481000
-0.595000
-0.294000
0.344000
1.36700
2.51100
3.05800
2.69700
1.80600
1.02400
0.332000
-6.60000E-02
-0.234000
-0.391000
-0.601000
-0.890000
-1.11300
-1.25100
-1.33600
-1.36000
-1.40200
-1.45000
-1.29900
-0.746000
2.45600
3.32300
3.23300
2.40200
1.23500
0.524000
5.50000E-02
-0.409000
-0.872000
-1.11300
-0.974000
-0.938000
-1.11900
-1.41400
-1.69100
-1.82900
-1.66100
-1.73300
-1.76900
-1.76900
-1.65500
-1.16700
-1.70000E-02
3.43800
2.75100
1.84300
0.964000
9.70000E-02
-0.589000
-1.11300
-1.36000
-1.31800
-1.19700
-1.21500
-1.18500
-1.04700
-0.818000
-0.385000
0.175000
0.657000
0.934000
0.795000
0.428000
6.10000E-02
-0.324000
-0.565000
-0.613000
-0.469000
-6.60000E-02
0.332000
0.885000
1.20400
1.02400
0.711000
0.566000
0.542000
0.500000
0.440000
0.440000
0.524000
0.585000
0.422000
7.30000E-02
-0.324000
-0.680000
-0.884000
-0.848000
-0.968000
-1.01700
-0.698000
-0.336000
0.121000
0.801000
1.57200
2.02900
2.01700
1.72800
1.34300
0.976000
0.639000
0.308000
-6.60000E-02
-0.300000
-0.391000
-0.535000
-0.812000
-0.800000
-1.01100
-1.36000
-1.28700
-1.03500
-0.661000
-0.222000
0.645000
2.14300
2.64300
1.96900
1.06000
0.175000
-0.403000
-0.926000
-1.26900
-1.57000
-1.64900
-1.42000
-1.08300
-0.577000
0.133000
1.26500
2.25200
2.11300
1.57200
0.801000
4.30000E-02
-0.324000
-0.481000
-0.529000
-0.421000
-0.391000
-0.162000
0.500000
1.18600
1.40900
1.10800
0.633000
0.398000
0.145000
-0.192000
-0.445000
-0.740000
-0.956000
-0.956000
-0.583000
0.229000
1.75800
3.09400
2.90200
1.74600
0.657000
-0.150000
-0.667000
-1.05300
-1.25700
-1.30500
-1.31800
-1.39600
-1.46200
-1.43800
-1.36600
-1.38400
-1.27500
-0.601000
1.12000
3.60000
3.91300
3.05800
2.34200
1.75200
1.06600
0.524000
5.50000E-02
-0.415000
-0.800000
-1.07700
-1.24500
-1.36600
-1.49800
-1.57000
-1.64300
-1.72700
-1.86500
-1.94400
-2.06400
-2.13600
-1.87100
0.879000
1.69200
1.83600
1.24700
1.09600
0.398000
-2.30000E-02
-0.210000
-0.475000
-0.908000
-1.26900
-1.45000
-1.35400
-1.40800
-1.54000
-1.63700
-1.75100
-1.76900
-1.79900
-1.64300
-1.52200
-1.28700
-1.15500
-0.794000
0.133000
1.50500
2.97400
2.84800
1.93300
0.849000
0.157000
-0.252000
-0.439000
-0.589000
-0.722000
-0.806000
-0.806000
-0.836000
-0.800000
-0.397000
0.253000
1.08400
1.24100
1.15600
0.994000
0.705000
0.494000
0.127000
-0.126000
-0.318000
-0.523000
-0.655000
-0.818000
-0.938000
-0.908000
-0.758000
-0.354000
0.464000
1.88500
2.94400
2.80000
1.48700
0.476000
-0.132000
-0.385000
-0.409000
-0.421000
-0.487000
-0.559000
-0.547000
-0.354000
-9.00000E-02
0.290000
0.603000
0.964000
1.33700
1.45100
1.26500
0.910000
0.392000
-2.30000E-02
-0.138000
-6.00000E-02
3.10000E-02
0.278000
0.861000
2.13100
5.00300
4.43700
2.66100
1.28300
0.398000
-0.132000
-0.493000
-0.619000
-0.619000
-0.728000
-1.05300
-1.37200
-1.51600
-1.63700
-1.84100
-1.85300
-1.75100
-1.72700
-1.41400
1.51700
2.31800
3.13100
2.37200
1.42100
0.639000
-0.132000
-0.547000
-0.812000
-0.993000
-1.19700
-1.44400
-1.61200
-1.67300
-1.85300
-2.04000
-1.87100
-1.84700
-2.00400
-1.57600
0.627000
1.84900
2.34800
1.90900
0.946000
0.368000
5.50000E-02
-0.354000
-0.655000
-0.932000
-1.10700
-1.17900
-1.28700
-1.55800
-1.75100
-1.75100
-1.46200
-1.17900
-0.999000
-0.962000
-1.03500
-0.974000
-0.427000
0.272000
1.37900
2.40200
2.86000
2.25800
1.49300
0.910000
0.386000
-1.70000E-02
-0.180000
-0.306000
-0.475000
-0.415000
-0.409000
-0.655000
-0.800000
-0.890000
-0.842000
-1.11900
-1.41400
-1.43800
-1.41400
-1.47400
-1.08300
3.07000
2.93800
3.38300
2.83000
1.67400
0.548000
-9.00000E-02
-0.427000
-0.619000
-0.686000
-0.770000
-0.860000
-1.13700
-1.26300
-1.34200
-1.41400
-1.46800
-1.47400
-1.49200
-1.64300
-1.78100
-1.65500
-1.43800
-0.968000
1.03000E-01
3.23300
3.19100
2.07100
1.37300
0.759000
-0.138000
-0.800000
-1.02900
-1.04700
-1.17900
-1.22700
-1.19100
-1.13700
-1.14900
-1.17300
-1.18500
-0.692000
-0.409000
-0.415000
-0.216000
9.70000E-02
0.229000
0.518000
1.12000
1.86100
2.40200
2.57100
1.87300
0.928000
0.193000
-0.204000
-0.451000
-0.692000
-0.824000
-0.812000
-0.649000
-0.541000
-0.577000
-0.577000
-0.649000
-0.788000
-1.00500
-1.02900
-1.05300
-0.890000
-0.625000
0.169000
1.37900
2.22800
2.02900
1.29500
0.705000
0.265000
-2.90000E-02
-0.391000
-0.553000
-0.445000
-0.397000
-0.294000
-0.162000
-2.90000E-02
7.30000E-02
0.157000
1.90000E-02
-0.174000
-0.348000
-0.523000
-0.698000
-0.746000
-0.746000
-0.806000
-0.565000
0.145000
1.27100
2.56500
3.19700
2.48100
1.18000
0.163000
-0.505000
-0.872000
-1.04700
-1.02900
-1.07700
-1.19700
-1.33000
-1.34200
-1.29900
-1.23900
-1.02300
-0.673000
-0.138000
0.879000
2.18600
2.55900
2.08900
1.32500
0.639000
6.10000E-02
-0.288000
-0.427000
-0.487000
-0.523000
-0.631000
-0.698000
-0.800000
-0.842000
-0.758000
-0.517000
-0.114000
0.645000
1.70400
2.28800
2.09500
1.26500
0.422000
-0.108000
-0.228000
-1.02000E-01
0.127000
0.566000
1.37900
2.16800
2.26400
1.61400
0.825000
0.127000
-0.427000
-0.776000
-1.00500
-1.09500
-1.08300
-0.902000
-0.360000
1.54800
5.29100
4.64700
2.88400
1.46300
0.771000
0.422000
0.229000
6.70000E-02
-9.00000E-02
-0.330000
-0.553000
-0.776000
-1.01700
-1.19100
-1.28100
-1.36600
-1.43800
-1.52200
-1.52800
-0.120000
0.904000
2.46900
2.45600
2.21600
1.47500
1.22300
0.488000
-0.234000
-0.397000
-0.252000
-0.403000
-0.559000
-1.00500
-1.31200
-1.47400
-1.67300
-1.80500
-1.66100
-1.60600
-1.96800
-2.35300
-2.40100
-2.19600
-2.13000
-1.99800
-1.32400
1.37300
2.11900
1.35500
0.837000
0.199000
-1.10000E-02
-0.427000
-0.577000
-0.746000
-1.25100
-1.22100
-1.22100
-1.12500
-1.04100
-0.830000
-0.517000
3.70000E-02
1.12000
2.06500
2.11300
1.36100
0.633000
-2.30000E-02
-0.517000
-0.848000
-0.974000
-1.02300
-1.07700
-1.28100
-1.53400
-1.27500
-0.848000
1.30000E-02
1.06000
2.10100
2.51700
2.08900
1.35500
0.699000
0.265000
-0.144000
-0.403000
-0.421000
-0.379000
-0.499000
-0.571000
-0.421000
-7.80000E-02
-9.60000E-02
-0.252000
-0.589000
-0.764000
-0.655000
-0.258000
0.404000
0.988000
1.48100
1.78200
1.76400
1.58400
1.37900
1.18000
0.988000
0.771000
0.591000
0.344000
0.247000
0.284000
0.163000
-0.150000
-0.336000
-0.312000
-3.50000E-02
0.464000
1.72800
3.73900
3.47400
2.76900
1.85500
0.711000
3.70000E-02
-0.529000
-0.722000
-0.704000
-0.800000
-1.13700
-1.32400
-1.20300
-1.39600
-1.48000
-1.14900
-0.704000
-4.10000E-02
3.21500
4.04600
3.86500
2.57700
1.48100
0.609000
-6.00000E-02
-0.487000
-0.848000
-1.18500
-1.37200
-1.42000
-1.52800
-1.70300
-1.84700
-1.89500
-2.00400
-2.15400
-2.26300
-2.21400
-1.97400
-1.25100
2.89600
4.07600
3.11300
1.51700
0.512000
-8.40000E-02
-0.535000
-0.746000
-0.926000
-1.12500
-1.29300
-1.41400
-1.39600
-1.60000
-1.78100
-2.02200
-2.16000
-2.25700
-2.28100
-2.27500
-2.17200
-1.95600
-1.66100
-0.986000
1.00000
3.91900
2.84800
1.33100
0.199000
-0.439000
-0.890000
-1.19100
-1.42600
-1.49200
-1.46200
-1.48600
-1.47400
-1.44400
-1.39000
-1.27500
-1.21500
-1.09500
-0.734000
0.320000
2.12500
2.95600
2.13700
1.02400
9.10000E-02
-0.403000
-0.692000
-0.980000
-1.14900
-1.22700
-1.22700
-1.21500
-1.11900
-0.896000
-0.589000
7.00000E-03
1.18600
3.37100
5.18900
4.29800
2.43800
1.06000
0.320000
-6.60000E-02
-0.294000
-0.511000
-0.661000
-0.890000
-0.993000
-1.07700
-1.14900
-1.22100
-1.22100
-1.21500
-1.42600
-1.62500
-1.65500
-0.511000
1.45100
1.29500
1.35500
1.19800
0.891000
0.675000
0.524000
0.434000
0.133000
-0.535000
-0.836000
-0.950000
-1.20900
-1.07100
-1.01100
-1.19100
-1.39000
-1.39000
-1.28700
-1.16100
-1.20900
-0.493000
0.705000
3.22100
2.92000
2.49900
1.80600
1.18000
0.663000
0.302000
0.121000
0.374000
0.392000
5.50000E-02
-0.234000
-0.373000
-0.373000
-0.451000
-0.535000
-0.565000
-0.535000
-0.511000
-0.348000
-4.70000E-02
7.30000E-02
0.193000
0.464000
0.831000
1.04200
1.28300
1.15600
0.916000
0.795000
0.777000
0.597000
0.344000
-2.90000E-02
-0.463000
-0.710000
-0.800000
-0.926000
-0.950000
-0.944000
-0.944000
-1.00500
-0.956000
-0.698000
-0.367000
-0.168000
-0.132000
-0.186000
-0.234000
-7.80000E-02
6.70000E-02
0.229000
0.554000
0.922000
1.26500
1.30700
0.765000
0.199000
-0.138000
-0.385000
-0.788000
-0.993000
-0.980000
-0.968000
-0.932000
-0.770000
-0.541000
-0.360000
-2.30000E-02
0.278000
0.392000
0.296000
0.211000
-3.50000E-02
-7.20000E-02
-1.10000E-02
7.30000E-02
0.338000
0.801000
1.16200
1.28300
0.873000
0.350000
-5.40000E-02
-0.300000
-0.306000
3.10000E-02
0.332000
0.470000
0.711000
0.783000
0.542000
0.163000
-0.276000
-0.511000
-0.794000
-1.11300
-1.20300
-0.854000
-0.276000
0.530000
2.58300
3.16100
1.81200
0.603000
-0.300000
-0.782000
-1.08300
-1.25700
-1.34200
-1.37800
-1.42600
-1.49200
-1.50400
-1.54600
-1.52200
-1.43200
-1.19700
-0.812000
-0.216000
0.530000
1.14400
1.29500
1.06600
0.693000
0.440000
0.247000
0.127000
7.00000E-03
-7.20000E-02
-2.30000E-02
0.109000
0.296000
0.380000
0.199000
-1.70000E-02
-7.80000E-02
-0.156000
-0.421000
-0.836000
-1.12500
-1.20900
-1.13700
-1.05300
-1.02300
-0.902000
-0.469000
0.217000
1.48700
3.49800
2.40200
0.970000
-4.70000E-02
-0.649000
-1.03500
-1.26900
-1.49800
-1.54600
-1.42600
-1.23300
-1.19100
-0.938000
-0.288000
0.946000
1.79400
1.54800
0.747000
-0.216000
-0.866000
-1.31200
-1.16700
-1.00500
-0.619000
0.223000
1.06000
1.56000
1.54200
1.05400
0.488000
0.151000
0.187000
0.241000
0.308000
0.386000
0.386000
0.380000
0.633000
1.24700
2.07700
2.62500
3.11300
3.13700
2.25800
1.01800
0.320000
7.00000E-03
-0.397000
-0.722000
-0.956000
-1.16100
-1.24500
-1.26900
-1.36000
-1.43200
-1.48000
-1.48000
-1.20900
0.849000
2.13700
2.44400
1.99900
1.33700
0.645000
0.464000
0.332000
0.139000
-0.318000
-0.577000
-0.565000
-0.637000
-0.914000
-1.28700
-1.48600
-1.39600
-1.23900
-1.24500
-1.66100
-1.91900
-1.53400
-1.10100
-0.643000
0.458000
3.17900
2.80600
1.86700
0.946000
0.416000
0.272000
0.229000
0.169000
0.181000
0.253000
0.253000
7.90000E-02
-6.60000E-02
1.90000E-02
0.157000
0.229000
0.145000
-0.144000
-0.451000
-0.511000
-0.559000
-0.631000
-0.631000
-0.324000
0.199000
1.04200
2.75100
4.13600
2.80000
1.68000
0.639000
-0.174000
-0.595000
-0.667000
-0.794000
-0.956000
-0.872000
-0.944000
-1.13100
-1.23900
-1.33600
-1.26900
-1.29900
-1.39000
-1.34800
-0.986000
-0.336000
0.861000
2.86000
3.70200
2.90200
1.80600
0.940000
0.428000
3.10000E-02
-0.258000
-0.487000
-0.499000
-0.523000
-0.583000
-0.848000
-1.16700
-1.39000
-1.51000
-1.43800
-1.30500
-1.20300
-1.10700
-1.07100
-0.944000
-0.451000
0.747000
2.42600
4.02100
3.52800
2.35400
1.31300
0.681000
0.272000
4.30000E-02
-9.00000E-02
-0.391000
-0.673000
-0.902000
-1.06500
-1.21500
-1.36600
-1.56400
-1.69100
-1.85300
-1.99800
-1.96800
-1.60000
-0.788000
2.77500
4.29200
3.72700
2.81200
1.37300
0.494000
-0.252000
-0.686000
-0.968000
-1.16100
-1.28700
-1.29300
-1.36000
-1.43200
-1.60600
-1.77500
-1.96200
-2.10600
-2.29900
-2.27500
0.241000
1.63800
2.19800
1.76400
1.49900
1.24700
0.861000
0.723000
0.308000
-0.306000
-0.824000
-1.23300
-1.33000
-1.27500
-0.926000
-0.818000
-1.12500
-1.22100
-1.12500
-0.716000
-0.908000
-0.914000
-1.14300
-0.902000
0.578000
3.37100
3.47400
2.83600
1.72800
0.958000
0.362000
-0.120000
-0.360000
-0.499000
-0.716000
-1.02900
-1.21500
-1.17900
-1.32400
-1.50400
-1.55800
-1.54000
-1.41400
-1.37800
-1.09500
-0.794000
0.362000
2.45600
3.35900
2.13700
0.946000
3.10000E-02
-0.330000
-0.270000
-2.30000E-02
0.350000
0.777000
1.08400
1.09600
0.861000
0.536000
0.211000
-0.198000
-0.613000
-0.890000
-1.02300
-1.15500
-1.14900
-0.908000
-0.505000
0.121000
1.16800
2.04100
2.05900
1.54800
0.777000
0.127000
-0.276000
-0.583000
-0.553000
-0.433000
-0.433000
-0.348000
-2.30000E-02
0.398000
0.440000
0.187000
-4.10000E-02
-0.324000
-0.667000
-0.854000
-1.02900
-1.12500
-1.20900
-1.03500
-0.312000
1.03600
2.73900
3.20300
2.21000
0.879000
-9.00000E-02
-0.535000
-0.698000
-0.698000
-0.734000
-0.788000
-0.896000
-0.908000
-0.740000
-0.427000
-0.216000
2.50000E-02
0.470000
0.765000
0.705000
0.500000
0.115000
-0.192000
-0.240000
9.70000E-02
0.837000
2.13700
4.58100
3.64800
2.12500
1.05400
0.163000
-0.385000
-0.661000
-0.782000
-0.920000
-1.02900
-1.12500
-1.07700
-0.993000
-1.19100
-1.40800
-1.55800
-1.51600
-1.40200
-1.19100
-0.836000
0.247000
2.15600
4.31000
4.40700
3.32900
2.04100
0.964000
0.344000
-6.00000E-02
-0.318000
-0.625000
-0.938000
-1.05300
-1.10100
-1.28700
-1.48600
-1.61200
-1.71500
-1.81100
-1.87700
-1.96800
-2.01000
-1.94400
-1.67900
-0.890000
3.23300
3.07000
1.97500
1.04200
1.03000E-01
-0.643000
-0.956000
-1.24500
-1.46800
-1.62500
-1.73300
-1.81700
-1.84700
-1.81700
-1.67300
-1.31800
-0.619000
0.759000
3.34700
3.03400
1.33700
3.10000E-02
-0.607000
-0.770000
-0.902000
-1.03500
-1.11900
-1.20300
-1.30500
-1.37800
-1.43800
-1.49800
-1.40800
-1.11900
-0.631000
0.308000
2.17400
4.52100
3.27500
1.60800
0.524000
-1.02000E-01
-0.577000
-0.980000
-1.17300
-1.21500
-1.19700
-1.23900
-1.38400
-1.58800
-1.74500
-1.83500
-1.88900
-1.84100
-1.55800
0.314000
1.39700
1.74600
1.59600
0.873000
0.115000
-0.559000
-1.05900
-1.15500
-1.23900
-1.34800
-1.20300
-0.114000
1.92100
3.82300
3.08200
2.07100
0.753000
-0.234000
-0.836000
-1.05300
-0.908000
-0.836000
-0.794000
-0.673000
-0.529000
-0.553000
-0.607000
-0.740000
-0.848000
-0.866000
-0.704000
-0.180000
0.434000
1.93300
3.75100
4.02700
2.71500
1.60200
0.603000
1.90000E-02
-0.252000
-0.499000
-0.667000
-0.782000
-0.956000
-1.06500
-1.29900
-1.48000
-1.60000
-1.67300
-1.76300
-1.75700
-1.52800
-0.866000
2.36000
3.38900
2.79400
1.57200
0.705000
3.70000E-02
-0.601000
-0.938000
-1.03500
-1.32400
-1.46200
-1.65500
-1.84700
-1.98600
-2.14200
-2.02800
-1.75100
-1.52800
-1.02900
0.476000
2.55900
1.89700
0.747000
2.50000E-02
-0.108000
-0.246000
-0.439000
-0.607000
-0.764000
-0.896000
-0.986000
-1.13100
-1.32400
-1.45600
-1.41400
-1.24500
-0.824000
0.169000
1.68600
2.52900
2.08300
1.07200
0.223000
-0.198000
-0.475000
-0.649000
-0.661000
-0.673000
-0.740000
-0.692000
-0.631000
-0.848000
-1.05900
-1.03500
-0.914000
-0.619000
-0.234000
0.344000
1.19800
2.13700
2.78100
2.66100
1.88500
1.04800
0.621000
0.464000
0.265000
9.10000E-02
7.00000E-03
-0.192000
-0.403000
-0.643000
-0.926000
-1.04100
-0.986000
-1.05900
-1.13100
-1.17300
-1.04700
-0.499000
0.693000
3.07600
4.23200
2.64900
1.34900
0.356000
-0.330000
-0.716000
-0.800000
-0.776000
-0.788000
-0.788000
-0.884000
-0.908000
-0.800000
-0.523000
-0.192000
2.50000E-02
0.386000
0.777000
1.06600
1.12600
0.873000
0.500000
0.253000
0.109000
-1.10000E-02
-0.108000
-0.162000
-0.114000
-2.90000E-02
0.229000
0.771000
1.60200
2.29400
2.58300
2.25800
1.27100
0.434000
-0.120000
-0.433000
-0.613000
-0.860000
-1.17300
-1.40200
-1.53400
-1.76300
-2.02200
-2.05800
-2.01600
-1.98600
-1.79900
-0.794000
0.934000
1.75200
1.75800
1.06000
0.253000
-0.403000
-0.908000
-1.19700
-1.39000
-1.46800
-1.58800
-1.73300
-1.73900
-1.46200
-1.14300
-0.968000
-0.583000
0.109000
1.03000
1.57200
1.43300
1.01800
0.524000
0.121000
-0.132000
-0.168000
-0.294000
-0.336000
-0.300000
-0.354000
-0.451000
-0.270000
4.90000E-02
0.290000
0.699000
1.11400
1.33100
1.09000
0.572000
0.169000
-2.90000E-02
-0.120000
-0.180000
-0.162000
-0.210000
-4.10000E-02
0.344000
0.747000
1.15000
1.52300
1.68600
1.48100
1.10200
0.621000
0.211000
-0.120000
-0.421000
-0.710000
-0.860000
-0.932000
-1.04700
-1.13700
-1.01700
-0.824000
-0.698000
-0.523000
-0.336000
7.90000E-02
0.705000
1.24700
1.73400
1.85500
1.69800
1.34900
0.795000
0.199000
-0.162000
-0.427000
-0.523000
-0.673000
-0.950000
-1.11900
-0.896000
-0.547000
-0.258000
0.115000
0.645000
1.31900
1.90300
1.77000
1.08400
0.241000
-0.427000
-0.836000
-1.13100
-1.31200
-1.22700
-1.05900
-0.770000
1.03000E-01
1.76400
3.41400
2.39600
0.976000
1.00000E-03
-0.595000
-0.812000
-0.758000
-0.529000
9.10000E-02
1.09000
2.14300
2.08300
1.27700
0.247000
-0.451000
-0.836000
-1.07700
-1.26300
-1.31200
-1.30500
-1.05900
-0.228000
3.25700
4.75000
3.25700
1.66800
0.603000
-9.60000E-02
-0.493000
-0.686000
-0.860000
-1.02300
-1.17900
-1.31800
-1.43200
-1.57000
-1.70900
-1.82900
-1.91300
-1.90700
-1.67900
-0.391000
1.66200
1.89100
2.02300
1.64400
1.01200
0.560000
0.308000
7.00000E-03
-0.324000
-0.505000
-0.782000
-0.944000
-1.04700
-1.07700
-1.20900
-1.47400
-1.62500
-1.70900
-1.95000
-2.23800
-2.18400
-1.89500
-1.61800
0.879000
0.386000
0.554000
1.27700
0.753000
0.609000
0.560000
0.169000
-0.511000
-0.866000
-1.02300
-1.13100
-1.29300
-1.22100
-1.28100
-1.41400
-1.39000
-1.10700
-0.914000
-0.517000
-0.162000
0.428000
0.861000
0.910000
0.434000
4.90000E-02
-0.120000
-0.385000
-0.595000
-0.758000
-0.667000
-0.198000
0.747000
1.50500
2.13100
2.29400
1.76400
0.976000
0.422000
0.265000
9.70000E-02
-0.168000
-0.318000
-0.348000
-0.342000
-0.234000
-0.270000
-0.270000
-0.373000
-0.637000
-0.475000
-0.373000
-0.234000
0.476000
1.40900
2.42000
3.10700
2.48700
1.33100
0.392000
-0.246000
-0.535000
-0.842000
-1.08300
-1.04700
-0.980000
-0.794000
-0.505000
0.253000
1.49300
3.14300
3.45600
2.22800
1.22300
0.308000
-0.228000
-0.505000
-0.782000
-1.00500
-1.07700
-1.06500
-1.11300
-1.14300
-1.03500
-0.788000
-0.391000
0.753000
2.53500
3.72700
3.63000
2.67300
1.66200
0.946000
0.470000
0.163000
3.10000E-02
-4.70000E-02
-0.228000
-0.397000
-0.607000
-0.980000
-1.30500
-1.45000
-1.53400
-1.55200
-1.54000
-1.52800
-1.55800
-1.54600
-1.39000
-0.993000
-0.132000
1.56600
3.01000
2.55900
1.23500
9.10000E-02
-0.583000
-0.956000
-1.20300
-1.38400
-1.60000
-1.83500
-1.89500
-1.91300
-1.88300
-1.88300
-1.88900
-1.78700
-1.34200
-0.234000
1.39100
2.05900
1.25900
4.90000E-02
-0.818000
-1.28700
-1.58200
-1.72700
-1.64900
-1.54600
-1.29900
-0.686000
0.705000
2.56500
2.14900
0.928000
6.70000E-02
-0.571000
-0.866000
-0.999000
-1.11900
-1.05300
-0.764000
-0.385000
-0.120000
-2.30000E-02
-0.120000
-0.186000
0.127000
0.813000
1.70400
2.25200
2.16800
1.46900
0.578000
-0.150000
-0.619000
-0.944000
-1.20900
-1.40800
-1.61200
-1.49200
-1.11900
-0.234000
2.96800
3.40100
2.61300
1.36100
0.506000
-0.180000
-0.595000
-0.836000
-0.908000
-0.896000
-0.902000
-1.09500
-1.25700
-1.26900
-1.10100
-1.05300
-0.836000
-0.607000
-0.192000
0.542000
1.40900
1.92100
1.67400
1.19200
0.771000
0.494000
0.169000
-0.108000
-4.10000E-02
0.374000
0.898000
1.28900
1.30100
1.20400
1.01200
0.753000
0.609000
0.813000
1.07800
1.13200
0.964000
0.675000
0.320000
-0.156000
-0.583000
-0.788000
-0.956000
-1.09500
-1.37200
-1.51600
-1.17300
-0.373000
1.67400
4.10000
3.05800
1.68000
0.627000
-7.20000E-02
-0.312000
-0.403000
-0.511000
-0.619000
-0.764000
-0.890000
-0.926000
-0.986000
-1.13100
-1.22100
-1.33600
-1.40200
-1.45600
-1.54600
-1.61200
-1.49200
-0.932000
0.536000
3.97900
3.40100
1.93300
0.530000
-0.150000
-0.421000
-0.686000
-0.932000
-1.10100
-1.18500
-1.20900
-1.18500
-1.25100
-1.37200
-1.45600
-1.33000
-0.872000
-4.10000E-02
1.34300
3.07000
3.44400
2.10100
0.922000
0.157000
-0.252000
-0.475000
-0.631000
-0.734000
-0.794000
-0.866000
-0.932000
-0.932000
-0.776000
-0.210000
0.958000
3.20900
2.98600
2.02300
1.07200
0.488000
1.03000E-01
-0.246000
-0.391000
-0.535000
-0.770000
-0.800000
-0.962000
-1.17300
-1.43800
-1.52200
-1.53400
-1.61800
-1.67300
1.22900
2.52900
2.22800
1.71600
0.970000
0.566000
0.211000
-2.30000E-02
-0.758000
-0.980000
-0.860000
-0.884000
-1.05300
-1.23900
-1.27500
-1.25100
-0.950000
-0.373000
3.10000E-02
0.922000
1.84900
2.05300
1.79400
1.16800
0.591000
0.350000
0.127000
-0.210000
-0.631000
-0.824000
-0.776000
-0.698000
-0.595000
-0.433000
7.90000E-02
1.14400
2.36600
3.25100
3.04000
2.13100
1.22900
0.524000
0.175000
3.10000E-02
-2.30000E-02
-6.60000E-02
-0.174000
-0.336000
-0.565000
-0.926000
-1.07700
-0.878000
-0.824000
-0.667000
6.70000E-02
2.79400
2.45000
2.34800
1.72800
1.05400
0.554000
0.326000
0.193000
-5.40000E-02
-0.505000
-1.01700
-1.16100
-1.28100
-1.54600
-1.60000
-1.52200
-1.82900
-2.02200
-1.93800
-1.88300
-2.00400
-1.61800
1.16200
1.49900
0.578000
0.837000
0.512000
3.10000E-02
-0.114000
-0.282000
-0.511000
-0.944000
-1.23300
-1.46800
-1.55200
-1.56400
-1.34200
-1.30500
-1.46800
-1.57000
-1.25700
-0.854000
-0.517000
0.199000
1.60200
2.53500
2.24600
1.42100
0.651000
7.30000E-02
-0.276000
-0.348000
-0.282000
-0.451000
-1.02900
-1.42600
-1.48000
-1.13700
-0.818000
-0.631000
-0.571000
-0.367000
0.416000
1.72800
2.79400
2.74500
1.96900
1.15600
0.597000
0.326000
0.229000
0.247000
0.127000
-0.144000
-0.517000
-0.974000
-1.39000
-1.47400
-1.26900
-0.872000
-0.246000
2.16800
2.60100
1.94500
1.25300
0.645000
3.70000E-02
-0.354000
-0.667000
-0.698000
-0.866000
-1.13100
-1.28700
-1.48000
-1.60600
-1.71500
-1.70300
-1.65500
-1.17900
0.211000
3.87700
3.14900
2.02300
1.02400
0.199000
-0.210000
-0.354000
-0.391000
-0.457000
-0.601000
-0.698000
-0.806000
-0.752000
-0.806000
-0.848000
-0.854000
-0.944000
-1.01100
-0.661000
9.70000E-02
1.16200
2.18000
2.77500
2.60700
1.84300
0.976000
0.169000
-0.264000
-0.433000
-0.415000
-0.330000
-0.294000
-0.336000
-0.457000
-0.722000
-0.872000
-0.938000
-0.872000
-0.956000
-1.14900
-1.11300
-0.776000
-1.10000E-02
1.08400
2.33600
2.83600
2.24600
1.16200
0.163000
-0.469000
-0.764000
-0.722000
-0.637000
-0.764000
-0.968000
-1.23900
-1.43800
-1.48600
-1.38400
-1.28100
-1.16700
-1.03500
-0.505000
0.386000
1.15000
1.22300
0.723000
1.03000E-01
-0.360000
-0.613000
-0.523000
1.30000E-02
0.958000
1.98100
2.37800
1.98100
0.964000
4.90000E-02
-0.565000
-0.926000
-1.24500
-1.39000
-1.39000
-1.43800
-1.54600
-1.60000
-1.66100
-1.66100
-1.40800
-0.114000
2.48700
2.30000
1.32500
0.988000
0.687000
0.145000
-0.445000
-0.926000
-1.25700
-1.28100
-1.06500
-1.08300
-1.32400
-1.28700
-0.932000
-0.114000
1.06600
1.83600
1.82400
1.22900
0.566000
0.229000
7.90000E-02
0.133000
1.03000E-01
1.90000E-02
1.30000E-02
0.121000
0.265000
0.627000
1.12000
1.64400
1.95700
1.90300
1.62000
1.15600
0.627000
0.217000
-6.60000E-02
-0.330000
-0.499000
-0.692000
-0.956000
-1.25100
-1.31200
-0.902000
-0.168000
1.33100
4.83400
3.24500
1.86100
0.813000
0.265000
-0.216000
-0.613000
-0.854000
-0.999000
-1.06500
-1.12500
-1.26300
-1.40800
-1.58800
-1.63700
-1.54000
-1.36600
-1.10100
-0.692000
0.109000
1.31300
2.14300
2.36000
2.38400
2.43800
2.44400
2.02900
1.16200
0.482000
4.90000E-02
-0.336000
-0.686000
-0.926000
-1.12500
-1.26900
-1.41400
-1.52200
-1.64300
-1.66100
-1.65500
-1.70300
-1.77500
-1.75100
-1.64900
-1.14900
2.06500
3.42000
2.55300
1.45100
0.368000
-0.415000
-0.902000
-1.18500
-1.32400
-1.45600
-1.60000
-1.78700
-1.94400
-1.99200
-1.89500
-1.87700
-1.82900
-1.63700
-1.10100
5.50000E-02
1.52300
1.90300
1.32500
0.476000
-0.312000
-0.986000
-1.09500
-0.836000
-0.523000
-0.475000
-0.342000
0.235000
0.867000
1.38500
1.49900
1.22300
0.669000
0.151000
-0.415000
-0.902000
-1.23900
-1.33600
-1.28700
-1.36600
-1.41400
-1.27500
-1.03500
-0.487000
0.843000
3.14300
3.66000
2.29400
1.04200
0.151000
-0.457000
-0.776000
-0.746000
-0.686000
-0.812000
-1.00500
-1.04100
-0.993000
-0.764000
-0.409000
-4.70000E-02
0.470000
1.07200
1.49300
1.47500
0.970000
0.290000
-0.144000
-0.252000
1.30000E-02
0.759000
2.36600
4.67800
3.30500
2.01100
1.12600
0.578000
0.217000
-6.60000E-02
-0.180000
7.00000E-03
0.199000
0.332000
0.290000
0.109000
-9.00000E-02
-0.354000
-0.595000
-0.746000
-0.944000
-1.03500
-0.902000
-0.312000
3.30500
4.80400
2.84800
2.51100
1.83600
1.00000
0.350000
-1.02000E-01
-0.511000
-0.794000
-0.980000
-1.14900
-1.23300
-1.45600
-1.64900
-1.82300
-1.94400
-1.95600
-1.94400
-1.87100
-2.04600
-2.16600
-2.15400
-0.348000
2.80600
2.28200
1.98100
1.30100
0.482000
-0.108000
-0.487000
-0.758000
-1.01700
-1.14900
-1.29300
-1.43800
-1.44400
-1.43200
-1.48000
-1.54600
-1.70300
-1.71500
-1.66100
-1.52800
-1.28700
-0.824000
0.145000
1.68000
3.71400
3.26900
1.63800
0.422000
-0.276000
-0.655000
-1.00500
-1.14900
-1.18500
-1.23900
-1.46800
-1.66100
-1.69700
-1.67300
-1.60600
-1.49800
-1.30500
0.711000
2.36000
2.19200
1.45700
0.765000
0.320000
1.90000E-02
-0.246000
-0.794000
-1.34800
-1.42000
-1.37200
-1.28700
-1.36600
-1.42600
-1.45000
-1.41400
-1.27500
-0.890000
6.70000E-02
3.11300
3.47400
2.61900
1.40300
0.434000
-0.150000
-0.373000
-0.493000
-0.637000
-0.812000
-0.968000
-1.04700
-1.29300
-1.29900
-1.16700
-1.14900
-1.11300
-1.16100
-1.10100
-0.908000
-0.643000
7.30000E-02
1.25300
2.55300
3.04000
2.77500
2.02900
1.13200
0.627000
0.410000
0.241000
-9.60000E-02
-0.270000
-0.451000
-0.523000
-0.619000
-0.559000
-0.613000
-0.782000
-0.842000
-0.698000
-0.619000
-0.342000
0.422000
1.68600
3.15500
3.66000
2.36000
1.03000
0.109000
-0.511000
-0.902000
-0.986000
-1.27500
-1.44400
-1.46800
-1.40800
-1.31800
-1.12500
-0.824000
-0.348000
0.554000
2.14300
2.91400
2.46200
1.71600
1.25900
0.898000
0.585000
0.145000
-0.264000
-0.481000
-0.565000
-0.692000
-1.04100
-1.42600
-1.67300
-1.80500
-1.85300
-1.89500
-1.94400
-1.78700
-1.42600
0.488000
1.74000
1.89100
1.26500
0.585000
-0.126000
-0.589000
-0.993000
-1.33600
-1.46800
-1.73300
-1.86500
-1.63700
-1.39600
-0.956000
-4.10000E-02
1.28900
1.69200
1.10800
0.422000
-0.360000
-1.09500
-1.45000
-1.52200
-1.38400
-1.30500
-1.13100
-0.661000
0.229000
1.54800
2.64300
2.49300
1.46300
0.572000
-4.70000E-02
-0.463000
-0.884000
-1.21500
-1.25700
-1.26900
-1.25700
-1.17900
-1.02300
-0.974000
-0.740000
-0.348000
0.127000
0.621000
1.06600
1.36100
1.29500
1.02400
0.681000
0.320000
0.169000
0.115000
-1.70000E-02
-0.252000
-0.228000
1.00000E-03
0.223000
0.500000
0.916000
1.22300
1.13200
0.964000
0.819000
0.639000
0.446000
0.151000
-0.270000
-0.631000
-0.854000
-1.04100
-1.16700
-1.02300
-0.692000
-1.70000E-02
1.06600
2.84800
3.25100
2.38400
1.37300
0.512000
-9.00000E-02
-0.451000
-0.607000
-0.734000
-0.848000
-0.974000
-1.03500
-1.12500
-1.31200
-1.41400
-1.49800
-1.44400
-1.31200
-0.974000
-7.80000E-02
1.71600
3.14300
2.34200
1.16800
0.235000
-0.373000
-0.595000
-0.776000
-0.872000
-0.956000
-0.890000
-0.782000
-0.649000
-0.529000
-0.565000
-0.782000
-0.764000
-0.601000
-0.433000
-0.336000
-0.385000
-0.403000
-0.228000
5.50000E-02
0.344000
0.512000
0.572000
0.675000
0.645000
0.585000
0.476000
0.247000
1.03000E-01
7.30000E-02
0.121000
0.205000
0.302000
0.272000
0.205000
0.127000
2.50000E-02
5.50000E-02
0.169000
0.217000
0.290000
0.296000
0.199000
-5.00000E-03
-0.258000
-0.445000
-0.565000
-0.613000
-0.595000
-5.40000E-02
2.77500
3.28100
2.57100
2.34800
1.40900
0.530000
3.70000E-02
-0.258000
-0.427000
-0.716000
-0.999000
-1.16700
-1.27500
-1.36000
-1.49200
-1.70300
-1.61800
-1.36000
-1.43800
-1.61200
-1.72100
-1.51600
0.572000
2.58300
2.36600
1.72800
1.15600
0.777000
0.217000
-0.403000
-0.806000
-1.05300
-1.19700
-1.37200
-1.34800
-1.44400
-1.45600
-1.14300
-0.968000
-0.692000
0.416000
1.48700
1.87900
1.24700
0.615000
2.50000E-02
-0.403000
-0.595000
-0.487000
0.500000
2.19200
3.65400
3.56400
2.40800
1.41500
0.946000
0.801000
0.645000
0.542000
0.374000
0.109000
-0.168000
-0.270000
-0.535000
-0.932000
-1.18500
-1.30500
-1.46800
-1.40800
-1.45600
-1.53400
-1.31800
1.60200
2.97400
2.76300
1.74600
0.759000
-1.10000E-02
-0.487000
-0.716000
-0.884000
-1.05300
-1.22700
-1.44400
-1.59400
-1.65500
-1.67300
-1.77500
-1.94400
-1.98000
-1.83500
-1.58800
-1.32400
-0.764000
0.675000
2.94400
2.68500
1.68600
0.651000
-0.288000
-0.782000
-0.878000
-0.854000
-0.872000
-0.794000
-0.637000
-0.541000
-0.589000
-0.728000
-0.818000
-0.824000
-0.980000
-1.00500
-0.680000
-0.168000
0.518000
1.64400
2.73900
2.24600
0.946000
-6.60000E-02
-0.728000
-1.15500
-1.31200
-1.45000
-1.48600
-1.41400
-1.33000
-1.30500
-1.37200
-1.43200
-1.48000
-1.24500
-0.300000
1.22300
2.37800
2.27600
1.10800
-4.70000E-02
-0.547000
-0.373000
0.127000
0.542000
1.18600
1.74600
1.54200
0.891000
0.211000
-0.180000
-0.330000
-0.716000
-1.00500
-0.944000
-0.806000
-0.625000
-0.373000
-7.80000E-02
0.446000
0.958000
1.39100
1.99900
2.13100
1.79400
1.22900
0.729000
0.247000
-0.198000
-0.354000
-0.258000
9.70000E-02
0.482000
0.723000
0.831000
0.994000
0.970000
0.825000
0.729000
0.819000
1.24700
2.00500
3.23300
4.32200
3.16100
1.72800
0.831000
0.350000
0.181000
-7.80000E-02
-0.276000
-0.475000
-0.385000
-0.481000
-0.770000
-1.11300
-1.33600
-1.43800
-1.53400
-1.49800
-1.23900
1.10800
1.31900
2.13100
2.01100
1.19800
0.759000
0.344000
7.30000E-02
-0.204000
-0.397000
-0.595000
-0.692000
-1.12500
-1.38400
-1.42000
-1.34800
-1.49200
-1.71500
-1.89500
-2.06400
-2.29300
-2.10600
-2.13000
-1.69100
-1.11900
7.90000E-02
3.20900
2.63100
1.72800
0.693000
2.50000E-02
-0.336000
-0.445000
-0.282000
-0.186000
-0.246000
-0.541000
-0.866000
-1.06500
-1.08300
-1.04700
-1.12500
-1.22100
-1.17900
-0.993000
-0.848000
-0.649000
-0.276000
0.272000
0.849000
1.11400
0.849000
0.428000
-4.70000E-02
-0.306000
-0.445000
-0.565000
-0.451000
0.338000
1.80000
3.42000
3.28700
1.97500
0.855000
0.223000
-7.20000E-02
-0.234000
-0.264000
-0.264000
-0.354000
-0.403000
-0.499000
-0.734000
-1.05300
-1.23900
-1.20300
-0.980000
-0.728000
-0.126000
2.21000
2.86000
2.57700
1.94500
1.29500
0.518000
0.199000
4.30000E-02
-0.138000
-0.360000
-0.565000
-0.589000
-0.692000
-0.866000
-1.06500
-1.37200
-1.52200
-1.46800
-1.43200
-1.52800
-1.31200
1.04200
1.45100
1.51700
1.37300
1.21700
0.651000
0.253000
-0.114000
-0.306000
-0.475000
-0.704000
-0.758000
-0.625000
-0.740000
-0.607000
-0.595000
-0.607000
-0.547000
-0.276000
0.121000
0.735000
1.03600
1.46300
1.90900
1.83600
1.35500
0.783000
0.145000
-0.168000
-0.348000
-0.842000
-1.11900
-1.04100
-0.800000
-0.698000
-0.782000
-0.806000
-0.493000
1.30000E-02
0.470000
0.404000
7.30000E-02
-0.276000
-0.276000
-1.10000E-02
0.163000
0.500000
0.813000
1.13200
1.44500
1.30100
0.819000
0.320000
3.10000E-02
-0.120000
-0.385000
-0.698000
-0.902000
-1.05900
-1.01700
-1.08900
-1.22100
-1.01700
-0.649000
-0.144000
0.849000
1.93300
1.98700
1.13200
0.265000
-0.565000
-1.09500
-1.36600
-1.39600
-1.31800
-1.13700
-0.776000
-7.20000E-02
1.25900
2.32400
2.19200
1.29500
0.524000
0.272000
0.217000
-1.10000E-02
-0.192000
-0.270000
-0.397000
-0.475000
-0.511000
-0.601000
-0.770000
-0.842000
-0.866000
-0.758000
-0.716000
-0.258000
0.410000
1.17400
1.99900
2.04100
1.57200
0.777000
7.90000E-02
-0.288000
-0.463000
-0.601000
-0.842000
-0.908000
-0.836000
-0.944000
-1.25700
-1.40200
-1.20900
-0.914000
-0.517000
3.10000E-02
0.777000
1.46900
1.59000
1.30100
0.777000
0.440000
0.356000
0.344000
0.356000
0.554000
0.807000
0.813000
0.657000
0.392000
0.151000
-0.120000
-0.336000
-0.553000
-0.680000
-0.788000
-0.902000
-0.968000
-0.999000
-0.800000
-0.288000
0.922000
4.93000
5.16500
3.18500
1.82400
0.777000
0.193000
-0.156000
-0.499000
-0.704000
-0.812000
-0.890000
-0.986000
-1.14300
-1.38400
-1.62500
-1.84700
-1.98000
-2.04600
-2.12400
-2.31100
-2.43100
-2.37100
-0.950000
2.53500
1.54800
0.952000
0.952000
0.566000
0.428000
5.50000E-02
-0.186000
-0.385000
-0.433000
-0.336000
1.00000E-03
0.175000
-5.00000E-03
-0.198000
-0.391000
-0.529000
-0.806000
-1.01100
-1.17300
-1.24500
-1.58200
-1.95600
-1.87100
-1.40800
-0.541000
2.84800
1.89100
1.36700
0.910000
0.211000
-0.192000
-0.421000
-0.643000
-0.932000
-1.24500
-1.33000
-1.22700
-1.36000
-1.49200
-1.45000
-0.878000
-0.463000
-6.00000E-02
0.259000
0.506000
0.458000
0.374000
0.470000
0.512000
0.615000
0.627000
0.675000
0.350000
3.70000E-02
3.10000E-02
0.187000
0.344000
0.621000
1.62600
2.54100
2.69100
1.77600
0.560000
-0.180000
-0.553000
-0.890000
-0.914000
-0.884000
-1.05300
-1.30500
-1.19100
-1.08300
-1.22700
-1.28100
-1.00500
-0.367000
0.681000
1.78800
2.09500
1.82400
1.16200
0.747000
0.747000
1.27700
1.85500
2.18000
2.17400
1.63200
0.855000
0.211000
-0.282000
-0.433000
-0.481000
-0.619000
-0.764000
-0.836000
-0.764000
-0.866000
-0.914000
-1.08900
-1.14900
-1.14900
-0.860000
-0.216000
1.15600
2.99800
3.48600
2.61900
1.56000
0.717000
0.145000
-0.156000
-0.294000
-0.433000
-0.595000
-0.860000
-0.962000
-0.866000
-0.854000
-0.854000
-0.908000
-1.06500
-1.01700
-0.746000
-0.589000
-0.463000
-0.162000
0.247000
0.578000
0.807000
1.08400
1.51700
1.79400
1.76400
1.35500
0.741000
0.253000
-6.00000E-02
-0.373000
-0.728000
-1.04100
-1.23900
-1.51000
-1.75700
-1.85300
-1.94400
-1.89500
-1.73900
-1.69100
-1.57000
-1.32400
-0.649000
0.952000
3.54600
2.48100
1.01800
-0.120000
-0.806000
-1.13700
-1.33000
-1.37800
-1.35400
-1.39600
-1.37200
-1.09500
-0.445000
0.777000
2.60700
2.61900
1.27700
0.157000
-0.553000
-1.02300
-1.31800
-1.48600
-1.49200
-1.46800
-1.42000
-1.29900
-0.836000
0.416000
4.36500
4.75600
3.26900
1.93900
0.922000
0.302000
-1.10000E-02
-0.138000
-0.228000
-0.409000
-0.698000
-0.980000
-1.26300
-1.49800
-1.64900
-1.78100
-1.88900
-1.98600
-2.06400
-2.15400
-2.13600
-0.661000
0.458000
1.34900
1.34900
1.25300
0.801000
0.272000
-2.90000E-02
1.30000E-02
-0.240000
-0.589000
-0.830000
-1.26300
-1.53400
-1.10700
-1.17900
-1.39600
-1.33600
-1.22700
-0.872000
-0.174000
0.729000
1.34900
1.84300
1.93900
1.45100
0.873000
0.362000
7.30000E-02
-0.186000
-0.192000
-0.264000
-9.00000E-02
0.199000
0.585000
1.03600
1.49300
1.75200
1.86700
1.74000
1.37900
0.958000
0.572000
0.247000
-4.70000E-02
-0.354000
-0.535000
-0.595000
-0.547000
-0.764000
-1.08900
-1.34800
-1.43200
-1.25100
-0.848000
-0.246000
0.741000
2.73900
3.60600
2.40800
1.00000
5.50000E-02
-0.379000
-0.571000
-0.698000
-0.824000
-1.01100
-1.28700
-1.42600
-1.35400
-1.36000
-1.34200
-1.11300
-0.746000
-0.216000
0.470000
0.898000
1.09000
0.825000
0.320000
-6.00000E-02
-0.132000
0.133000
0.831000
1.76400
2.04100
1.36700
0.404000
-0.433000
-0.818000
-1.05900
-1.36600
-1.51000
-1.47400
-1.28100
-0.890000
-0.264000
0.867000
2.26400
3.05200
2.08900
0.934000
-7.80000E-02
-0.577000
-0.782000
-0.812000
-0.722000
-0.481000
3.70000E-02
0.922000
2.24000
3.54000
3.70800
2.81200
1.69200
0.591000
-3.50000E-02
-0.421000
-0.601000
-0.818000
-1.14300
-1.43800
-1.66700
-1.74500
-1.62500
-1.40800
-0.661000
2.26400
1.96300
1.68000
0.976000
0.651000
0.284000
1.00000E-03
-0.228000
-0.571000
-0.734000
-0.944000
-1.18500
-1.42000
-1.60000
-1.64900
-1.74500
-1.89500
-2.05200
-2.08200
-2.22000
-2.01000
-1.59400
0.127000
2.53500
2.70900
1.98700
0.885000
-0.120000
-0.637000
-0.734000
-0.836000
-0.800000
-0.764000
-0.824000
-1.01100
-1.05300
-1.07100
-1.10100
-0.908000
-0.944000
-1.13100
-1.14300
-1.01100
-0.595000
0.127000
0.747000
1.28300
1.61400
1.32500
0.855000
0.572000
0.199000
-0.282000
-0.493000
-0.692000
-0.698000
-0.649000
-0.439000
-0.210000
-9.00000E-02
0.151000
0.229000
7.30000E-02
7.30000E-02
7.90000E-02
6.70000E-02
-1.10000E-02
-0.198000
-0.282000
-0.360000
-7.20000E-02
0.518000
0.946000
1.03000
0.970000
0.916000
0.681000
0.145000
-0.288000
-0.469000
-0.499000
-0.559000
-0.812000
-0.914000
-0.842000
-0.710000
-0.583000
-0.138000
0.440000
0.843000
0.952000
0.699000
0.350000
-2.30000E-02
-0.258000
-0.379000
-0.505000
-0.535000
-0.240000
0.247000
0.807000
1.30700
1.60800
1.80600
1.51700
0.940000
0.302000
-1.70000E-02
1.30000E-02
-1.02000E-01
-0.373000
-0.601000
-0.770000
-0.884000
-0.800000
-0.613000
-0.180000
0.410000
1.59000
3.50400
3.46800
1.69200
0.446000
-0.276000
-0.655000
-0.950000
-1.22100
-1.36600
-1.43200
-1.54600
-1.57000
-1.57000
-1.55800
-1.55200
-1.36600
-0.800000
0.223000
1.78800
2.89000
2.50500
1.30100
0.398000
-6.60000E-02
-0.210000
-4.10000E-02
0.121000
8.50000E-02
1.30000E-02
-0.108000
-0.222000
-0.433000
-0.740000
-1.01700
-1.17900
-1.27500
-1.30500
-1.14300
0.247000
2.93200
2.81800
1.87900
1.30700
0.434000
-0.210000
-0.728000
-0.993000
-1.19700
-1.28100
-1.46800
-1.68500
-1.83500
-1.93100
-2.12400
-2.17200
-2.04600
-1.36000
1.75800
1.43300
1.09000
1.06600
0.717000
1.03000E-01
-0.445000
-0.866000
-1.07100
-1.22100
-1.40200
-1.66100
-1.80500
-1.68500
-1.49200
-1.69700
-1.55800
-0.686000
0.296000
2.01700
3.17900
2.11900
0.904000
-8.40000E-02
-0.667000
-0.860000
-0.932000
-1.04700
-0.999000
-1.07100
-0.968000
-0.565000
-0.210000
0.205000
0.542000
0.675000
0.566000
0.265000
1.90000E-02
-0.186000
-0.300000
-0.330000
-0.216000
1.30000E-02
0.133000
0.380000
0.621000
0.831000
1.08400
1.07800
0.795000
0.404000
0.133000
-6.00000E-02
-0.222000
-0.427000
-0.481000
-0.373000
-0.300000
-0.240000
-0.150000
-0.108000
-1.70000E-02
0.193000
0.476000
0.891000
1.39700
2.01700
2.28800
2.21000
1.66200
0.843000
0.241000
-0.276000
-0.631000
-0.812000
-0.956000
-0.956000
-0.993000
-1.09500
-1.14300
-0.999000
-0.595000
0.259000
1.77600
3.01000
3.03400
2.22800
1.05400
5.50000E-02
-0.445000
-0.764000
-0.902000
-1.03500
-1.07700
-1.02300
-0.956000
-0.800000
-0.704000
-0.752000
-0.673000
-0.312000
0.440000
1.40300
2.08900
1.96900
1.02400
0.187000
-0.324000
-0.686000
-1.04700
-1.17300
-1.02900
-0.577000
9.10000E-02
0.675000
0.879000
0.825000
0.548000
0.187000
-0.216000
-0.601000
-0.902000
-1.08300
-1.11300
-0.932000
-0.613000
-0.156000
0.476000
1.07200
1.25900
0.807000
0.157000
-0.391000
-0.764000
-0.986000
-1.04700
-0.974000
-0.734000
-0.559000
-0.565000
-0.505000
-0.330000
-0.168000
-1.70000E-02
0.127000
0.404000
0.777000
1.07800
1.09600
0.741000
0.229000
-0.348000
-0.782000
-0.980000
-1.10100
-1.14900
-1.19100
-1.14300
-0.950000
-0.613000
-7.80000E-02
0.464000
0.831000
0.867000
0.627000
0.199000
-0.252000
-0.451000
-0.342000
-7.80000E-02
0.314000
0.843000
1.60200
2.31800
2.41400
1.51100
0.518000
-0.126000
-0.553000
-0.842000
-1.06500
-1.22100
-1.37800
-1.38400
-1.22700
-1.13100
-1.20300
-1.21500
-0.980000
-0.162000
1.29500
3.14900
3.77500
3.06400
1.84300
0.849000
0.151000
-0.306000
-0.529000
-0.698000
-0.926000
-1.16700
-1.29300
-1.39000
-1.43800
-1.40800
-1.32400
-1.28700
-1.29900
-1.12500
-0.692000
1.03000E-01
1.05400
2.02300
2.02300
1.37900
0.585000
5.50000E-02
-0.264000
-0.505000
-0.553000
-0.457000
-0.348000
-0.210000
-4.10000E-02
0.163000
0.290000
0.217000
6.70000E-02
-0.138000
-0.306000
-0.481000
-0.637000
-0.842000
-0.962000
-0.944000
-0.692000
-0.234000
0.482000
1.28300
1.68000
1.40900
0.621000
-0.180000
-0.686000
-1.10100
-1.39600
-1.44400
-1.38400
-1.13700
-0.631000
0.247000
1.40300
2.12500
1.95100
1.18000
0.350000
-0.174000
-0.499000
-0.716000
-0.926000
-1.03500
-0.950000
-0.866000
-0.734000
-0.571000
-0.306000
0.121000
0.717000
1.27700
1.60800
1.63200
1.43900
1.18600
1.05400
1.00600
0.861000
0.591000
0.235000
-8.40000E-02
-0.354000
-0.553000
-0.746000
-0.824000
-0.842000
-0.788000
-0.740000
-0.728000
-0.571000
-0.174000
0.470000
1.34300
2.13700
2.27000
1.87300
1.09000
0.380000
-9.60000E-02
-0.312000
-0.306000
-9.60000E-02
0.284000
0.795000
1.40300
1.72800
1.60200
1.13800
0.518000
-6.60000E-02
-0.475000
-0.746000
-0.986000
-1.27500
-1.46800
-1.46200
-1.18500
-0.547000
2.45600
2.81800
1.94500
1.21700
0.464000
-0.132000
-0.397000
-0.571000
-0.896000
-1.25100
-1.42000
-1.27500
-1.25700
-1.28100
-1.22100
-1.07100
-0.565000
2.50000E-02
0.572000
0.891000
0.771000
0.428000
9.70000E-02
0.217000
0.597000
1.33700
2.27600
3.12500
2.78800
1.60200
0.627000
-1.10000E-02
-0.204000
-0.354000
-0.595000
-0.890000
-1.14900
-1.31200
-1.51600
-1.66700
-1.55800
-1.36600
0.296000
1.13200
2.02300
1.95100
1.73400
1.35500
0.470000
2.50000E-02
-0.312000
-0.565000
-0.770000
-0.950000
-1.11300
-1.34200
-1.46200
-1.61200
-1.69700
-1.86500
-2.03400
-2.06400
-2.04000
-0.860000
1.63800
1.66200
1.43300
1.11400
0.422000
0.290000
5.50000E-02
-0.312000
-0.818000
-1.13100
-1.36000
-1.19700
-1.17300
-1.40200
-1.72100
-1.92500
-1.70900
-1.54600
-1.65500
-1.57000
-1.12500
-0.360000
0.771000
2.51700
3.40700
2.63100
1.64400
0.572000
-0.240000
-0.403000
-0.324000
-0.541000
-0.680000
-0.854000
-1.04700
-1.14300
-1.26300
-1.42600
-1.36600
-1.34200
-1.01700
-0.800000
-0.583000
-0.228000
0.494000
1.96900
3.45000
3.10100
2.11300
1.13200
0.302000
-0.132000
-0.252000
-6.60000E-02
6.70000E-02
1.90000E-02
-0.150000
-0.517000
-0.812000
-0.920000
-0.896000
-0.812000
-0.794000
-0.710000
-0.625000
-5.00000E-03
2.86000
3.61800
2.67300
1.68600
0.747000
-8.40000E-02
-0.475000
-0.800000
-1.01700
-1.11300
-1.15500
-1.32400
-1.55800
-1.75100
-1.73900
-1.46800
-1.05900
-0.505000
0.705000
2.19800
2.31800
1.54800
0.765000
-8.40000E-02
-0.445000
-0.360000
-0.162000
0.416000
1.18000
1.93900
2.38400
2.01700
1.04800
0.223000
-0.234000
-0.601000
-0.842000
-0.986000
-1.12500
-1.21500
-1.24500
-1.27500
-1.37200
-1.39600
-1.08300
-1.02000E-01
1.27100
2.42600
2.60100
1.99900
1.04800
0.205000
-0.258000
-0.595000
-0.908000
-1.19700
-1.36000
-1.42000
-1.43800
-1.29300
-0.968000
-0.619000
-0.324000
0.121000
0.434000
0.344000
3.10000E-02
-0.294000
-0.601000
-0.680000
-0.589000
-0.270000
0.247000
0.849000
1.57200
2.04100
2.05900
1.71600
1.30700
0.825000
0.416000
0.145000
-9.60000E-02
-0.360000
-0.553000
-0.758000
-0.956000
-1.07700
-1.16100
-1.27500
-1.39600
-1.46200
-1.51000
-1.54600
-1.43800
-1.01100
-0.174000
2.52900
3.23300
2.58300
1.48700
0.597000
-0.120000
-0.439000
-0.583000
-0.980000
-1.14900
-1.16100
-1.32400
-1.56400
-1.67300
-1.57600
-1.46200
-1.53400
-1.37200
-1.09500
-0.577000
6.10000E-02
0.681000
1.11400
1.10800
1.36100
1.77000
2.09500
2.10100
1.74600
1.09000
0.633000
0.193000
-0.192000
-0.439000
-0.547000
-0.836000
-1.07700
-1.08300
-1.10700
-1.19700
-1.02900
-0.956000
-0.758000
-8.40000E-02
0.891000
2.27600
3.33500
2.27000
1.03000
-0.186000
-0.770000
-0.999000
-1.13100
-1.24500
-0.908000
-2.90000E-02
1.19200
2.93800
3.49800
1.71600
0.536000
-0.228000
-0.655000
-0.902000
-1.09500
-1.26900
-1.43800
-1.53400
-1.61200
-1.61200
-1.65500
-1.59400
-1.02900
0.380000
4.08800
3.17900
1.80600
0.669000
-5.00000E-03
-0.330000
-0.601000
-0.818000
-1.02300
-1.17300
-1.36600
-1.55800
-1.69100
-1.76900
-1.80500
-1.79300
-1.72700
-1.63100
-1.31800
-0.535000
0.837000
2.22200
2.34800
1.62600
0.759000
5.50000E-02
-0.409000
-0.812000
-1.10100
-1.15500
-1.05900
-1.07700
-1.10100
-1.05300
-0.860000
-0.577000
-0.288000
-1.02000E-01
5.50000E-02
0.229000
0.278000
0.217000
9.10000E-02
4.30000E-02
0.344000
0.729000
1.12600
1.27100
0.940000
0.530000
0.175000
-0.162000
-0.342000
-0.246000
4.90000E-02
0.259000
0.398000
0.440000
0.368000
0.151000
-0.126000
-0.294000
-0.445000
-0.625000
-0.866000
-0.812000
-0.439000
0.265000
1.85500
4.52700
3.43200
1.81800
0.633000
-6.00000E-02
-0.457000
-0.698000
-0.848000
-0.956000
-1.05300
-1.08900
-1.13700
-1.27500
-1.42600
-1.36600
-1.29300
-1.23300
-1.08900
-0.673000
9.70000E-02
1.09600
2.02300
2.19800
1.96300
1.56000
1.22900
1.04800
1.06000
1.24700
1.62600
1.87300
1.68600
1.30100
0.946000
0.657000
0.428000
0.241000
4.90000E-02
-0.204000
-0.451000
-0.710000
-0.908000
-1.05300
-1.18500
-1.28100
-1.36000
-1.19100
-0.860000
0.585000
2.18600
2.18600
1.87900
1.31300
0.898000
0.235000
-0.222000
-0.559000
-0.637000
-0.698000
-1.08900
-1.34200
-1.42600
-1.59400
-1.77500
-1.90100
-1.92500
-1.96800
-2.08200
-2.24400
-2.19000
-2.04000
-1.88900
-1.14900
0.922000
2.57700
1.70400
0.795000
0.205000
-6.60000E-02
-0.222000
-0.246000
-0.180000
-0.168000
-0.300000
-0.499000
-0.692000
-0.836000
-0.908000
-0.770000
-0.577000
-0.493000
-0.354000
-0.138000
6.10000E-02
6.10000E-02
-2.30000E-02
-9.60000E-02
3.10000E-02
0.272000
0.699000
1.27700
2.29400
3.23300
3.14300
2.00500
0.922000
0.338000
0.181000
7.90000E-02
-0.156000
-0.391000
-0.451000
-0.433000
-0.541000
-0.625000
-0.968000
-1.23300
-1.33600
-1.40800
-1.51600
-1.50400
-1.22100
-0.655000
2.22200
4.05200
3.43200
2.33600
1.39100
0.609000
1.03000E-01
-0.186000
-0.354000
-0.463000
-0.481000
-0.517000
-0.692000
-0.986000
-0.999000
-1.17900
-1.34800
-1.50400
-1.57600
-1.59400
-1.55200
-1.33600
-1.08300
-0.433000
1.34300
3.11300
2.64300
1.73400
0.964000
0.374000
1.30000E-02
-9.00000E-02
0.392000
1.07200
1.59000
1.55400
1.13800
0.506000
-0.138000
-0.667000
-0.986000
-1.10700
-1.10700
-1.08900
-1.24500
-1.60600
-1.75700
-1.70900
-1.46800
-0.968000
1.15000
2.01700
1.22900
0.651000
0.121000
-0.373000
-0.752000
-0.980000
-1.23300
-1.23300
-0.999000
-0.529000
-6.00000E-02
0.633000
0.934000
0.536000
-0.150000
-0.613000
-0.607000
-0.475000
-0.367000
-0.126000
0.265000
0.669000
0.861000
0.934000
0.837000
0.705000
0.458000
0.211000
1.00000E-03
-0.210000
-0.451000
-0.318000
0.488000
3.61800
3.66000
2.55900
1.72800
1.01800
0.416000
5.50000E-02
-0.180000
-0.457000
-0.746000
-1.00500
-1.14900
-0.908000
-0.950000
-1.23900
-1.31200
-1.41400
-1.52200
-1.42600
-1.03500
1.80600
2.01100
1.81800
1.45100
1.42100
1.12600
0.530000
-8.40000E-02
-0.276000
-0.475000
-0.740000
-0.740000
-0.710000
-1.13100
-1.45000
-1.70300
-1.73900
-1.66100
-1.78700
-1.81700
-1.95000
-1.88900
-1.14900
-0.403000
1.90300
4.03900
2.86000
1.86700
0.964000
0.356000
5.50000E-02
-3.50000E-02
-0.120000
-0.216000
-0.487000
-0.848000
-1.11900
-1.28100
-1.29900
-1.23900
-1.22700
-1.34800
-1.31800
-1.08300
-0.318000
0.940000
2.22800
2.62500
1.71600
0.585000
-0.186000
-0.698000
-0.950000
-0.908000
-0.523000
-5.00000E-03
0.452000
0.934000
1.44500
2.01100
2.13100
1.80000
1.00600
0.121000
-0.481000
-0.788000
-0.920000
-1.02300
-1.00500
-1.00500
-1.05900
-1.07100
-0.944000
-0.541000
0.392000
1.80600
3.43200
3.29900
2.19800
1.09600
0.169000
-0.228000
-0.228000
-0.252000
-0.373000
-0.704000
-1.05300
-1.23900
-1.25100
-1.26300
-1.25700
-1.08900
-0.740000
0.169000
2.64900
2.20400
1.65000
1.21100
0.729000
0.265000
-0.120000
-0.661000
-0.860000
-1.07700
-1.18500
-1.31200
-1.54600
-1.74500
-1.81700
-1.67900
-1.29300
-0.529000
3.23300
3.67200
2.30000
1.28900
0.633000
3.70000E-02
-0.336000
-0.541000
-0.565000
-0.511000
-0.631000
-0.836000
-0.956000
-1.08300
-1.22700
-1.26900
-1.34200
-1.32400
-1.20900
-0.986000
-0.553000
0.290000
1.99300
3.69000
3.20300
1.87900
0.753000
-2.90000E-02
-0.469000
-0.788000
-0.836000
-0.758000
-0.770000
-0.782000
-0.680000
-0.547000
-0.367000
-0.288000
-0.312000
-0.336000
-0.354000
-0.409000
-0.367000
0.121000
2.24000
2.65500
2.34200
1.65600
1.10200
0.675000
0.265000
0.127000
-1.02000E-01
-0.427000
-0.746000
-0.920000
-1.01700
-1.19700
-1.31800
-1.42600
-1.53400
-1.75700
-1.91300
-1.89500
-1.79900
-1.52800
0.121000
1.08400
1.33700
1.14400
0.560000
0.452000
0.265000
-7.20000E-02
-0.553000
-0.878000
-0.692000
-0.993000
-0.926000
-1.08300
-1.25700
-1.19700
-1.02300
-0.740000
5.50000E-02
1.06000
1.90900
2.05900
1.65000
1.01800
0.404000
6.10000E-02
-0.108000
-0.210000
-0.499000
-0.680000
-0.860000
-0.878000
-0.493000
-1.10000E-02
0.717000
2.00500
3.05200
2.74500
1.65600
0.464000
-0.282000
-0.595000
-0.704000
-0.866000
-1.03500
-1.21500
-1.36000
-1.22100
-1.23900
-1.32400
-1.37200
-1.20900
-0.884000
-0.114000
1.46900
3.01000
2.57700
1.51100
0.585000
-0.162000
-0.631000
-0.974000
-1.22700
-1.35400
-1.39000
-1.34200
-1.28700
-1.42000
-1.43200
-1.26900
-0.884000
-0.138000
0.916000
1.78800
1.69800
1.16200
0.524000
0.121000
1.30000E-02
-0.108000
-0.348000
-0.631000
-0.830000
-0.920000
-0.866000
-0.716000
-0.643000
-0.571000
-0.246000
0.440000
1.34900
2.08300
2.00500
1.45100
0.789000
0.193000
-0.300000
-0.529000
-0.583000
-0.559000
-0.601000
-0.770000
-1.02300
-1.11300
-0.993000
-0.764000
-0.367000
0.434000
1.59000
2.83600
2.66700
1.50500
0.296000
-0.517000
-0.980000
-1.26900
-1.41400
-1.50400
-1.50400
-1.39600
-1.04100
-0.342000
0.609000
1.71000
2.14300
1.54200
0.380000
-0.499000
-1.02900
-1.25700
-1.22700
-0.999000
-0.577000
6.70000E-02
0.873000
1.46900
1.56600
0.976000
0.296000
-0.246000
-0.445000
-0.517000
-0.595000
-0.469000
-0.162000
0.175000
0.591000
0.964000
1.22900
1.33100
1.24700
0.994000
0.669000
0.374000
-5.00000E-03
-0.439000
-0.740000
-1.04100
-1.11900
-1.17900
-1.26300
-1.26900
-1.22100
-1.11300
-0.722000
6.10000E-02
1.13200
2.41400
2.83000
1.98700
0.669000
-0.312000
-0.770000
-1.00500
-1.01100
-0.980000
-0.944000
-0.926000
-0.902000
-0.770000
-0.728000
-0.637000
-0.445000
-0.180000
5.50000E-02
0.223000
0.284000
0.380000
0.458000
0.374000
0.247000
6.10000E-02
-0.198000
-0.312000
-0.276000
-6.00000E-02
0.229000
0.958000
1.93300
2.57100
2.76900
2.28200
1.22900
0.223000
-0.511000
-0.896000
-1.11300
-1.31200
-1.48000
-1.58200
-1.60000
-1.67900
-1.70900
-1.73300
-1.61200
-1.10100
1.57200
4.13000
3.70800
2.53500
1.48700
0.657000
0.127000
-0.120000
-0.240000
-0.288000
-0.264000
-0.306000
-0.391000
-0.589000
-0.788000
-0.890000
-0.974000
-1.04100
-1.14900
-1.24500
-1.17900
-0.824000
1.65600
2.78800
2.99200
2.24600
1.69800
1.02400
0.476000
-1.02000E-01
-0.643000
-0.752000
-0.908000
-1.13700
-1.31200
-1.46200
-1.54600
-1.70300
-1.63100
-1.63700
-1.63700
-1.63100
-1.63100
-1.49800
-1.11900
-0.373000
0.759000
1.96900
2.54700
2.70300
2.67300
2.50500
1.92100
0.922000
9.10000E-02
-0.324000
-0.475000
-0.686000
-0.920000
-1.17300
-1.33000
-1.46800
-1.70900
-1.91900
-1.91300
-1.87100
-2.05200
-2.20800
-2.45500
-2.06400
0.500000
2.11300
1.85500
1.18000
1.52300
0.928000
0.296000
-0.246000
-0.830000
-1.28100
-1.51600
-1.26300
-1.05300
-1.01700
-1.05300
-1.15500
-1.08900
-1.20900
-1.14900
-0.631000
-0.216000
0.109000
0.386000
0.801000
0.970000
0.747000
0.241000
-1.10000E-02
-2.30000E-02
7.00000E-03
-0.186000
-0.240000
-0.336000
-0.348000
-0.306000
-8.40000E-02
0.199000
0.530000
0.831000
0.946000
1.13800
1.19800
1.21700
0.964000
0.603000
0.434000
0.344000
0.332000
0.139000
-7.20000E-02
-0.144000
-0.210000
-0.258000
-0.415000
-0.529000
-0.529000
-0.433000
-0.210000
1.03000E-01
0.651000
1.20400
1.65000
1.77000
1.58400
1.15000
0.717000
0.422000
0.386000
0.380000
0.320000
0.175000
-4.10000E-02
-0.204000
-0.481000
-0.686000
-0.764000
-0.812000
-1.01700
-1.08300
-1.00500
-0.764000
-0.342000
0.169000
0.789000
1.18000
1.34300
1.25900
1.11400
0.988000
0.813000
0.560000
0.253000
7.90000E-02
7.00000E-03
-6.00000E-02
-0.240000
-0.469000
-0.643000
-0.956000
-1.20900
-1.34200
-1.28100
-0.770000
0.235000
2.35400
3.73300
1.99300
0.627000
-0.433000
-0.932000
-1.12500
-1.23300
-1.37200
-1.55200
-1.69700
-1.75100
-1.76300
-1.57000
-1.34800
-0.974000
-0.300000
1.09000
2.53500
2.31800
1.42100
0.506000
-0.174000
-0.493000
-0.595000
-0.505000
-0.385000
-0.457000
-0.722000
-1.04100
-1.29300
-1.42600
-1.40200
-1.23900
-0.722000
0.428000
2.51100
3.48600
1.65600
0.265000
-0.613000
-1.07700
-1.26300
-1.21500
-1.18500
-1.25100
-1.28700
-1.30500
-1.08900
-0.680000
-0.126000
0.482000
1.15600
1.74000
2.22200
2.38400
2.28800
1.84300
1.23500
0.615000
1.03000E-01
-0.324000
-0.577000
-0.746000
-0.950000
-1.16700
-1.30500
-1.46800
-1.61200
-1.70900
-1.77500
-1.82300
-1.68500
0.777000
0.747000
0.627000
0.952000
0.813000
0.789000
0.314000
-0.240000
-0.788000
-0.980000
-1.05300
-1.16100
-1.31200
-1.48000
-1.57600
-1.31800
-0.890000
-0.373000
0.338000
1.25300
1.04200
0.512000
-1.70000E-02
-0.312000
-0.517000
-0.631000
-0.716000
-0.445000
-9.60000E-02
0.518000
1.40300
2.30600
2.17400
1.51700
0.819000
0.326000
1.00000E-03
-0.318000
-0.445000
-0.463000
-0.661000
-0.920000
-1.01700
-1.04100
-1.05300
-1.27500
-1.10700
-0.788000
-0.667000
-0.367000
9.10000E-02
0.723000
1.55400
2.00500
1.86100
1.44500
1.00000
0.651000
0.428000
0.229000
0.163000
0.235000
0.217000
7.90000E-02
-0.276000
-0.740000
-0.637000
-0.601000
-0.746000
-0.938000
-1.00500
-0.812000
-0.475000
0.121000
1.46900
3.12500
2.24600
0.861000
-0.222000
-0.661000
-0.830000
-1.12500
-1.28100
-1.23900
-1.03500
-0.950000
-0.710000
4.30000E-02
1.22300
2.36600
2.18600
1.33700
0.446000
1.90000E-02
-0.210000
-0.264000
-0.336000
-0.397000
-0.306000
-0.475000
-0.673000
-0.673000
-0.625000
-0.354000
0.320000
1.32500
2.52900
2.56500
1.31300
0.151000
-0.607000
-1.04100
-1.36000
-1.50400
-1.46200
-1.50400
-1.29300
-0.956000
-0.168000
1.33100
3.21500
2.96800
1.58400
0.482000
-0.240000
-0.517000
-0.595000
-0.764000
-1.00500
-1.20300
-1.34800
-1.43800
-1.54600
-1.48000
-1.42600
-1.39600
-1.33600
-1.19100
-0.836000
-0.270000
0.476000
1.45100
2.22800
2.17400
1.54800
0.904000
0.374000
-1.10000E-02
-0.348000
-0.631000
-0.794000
-0.842000
-0.999000
-1.14900
-1.16100
-1.18500
-1.14300
-1.09500
-0.974000
-0.740000
-0.282000
0.253000
0.723000
0.753000
0.560000
0.524000
0.675000
0.891000
1.07200
1.13800
0.885000
0.597000
0.326000
2.50000E-02
-0.180000
-0.324000
-0.475000
-0.535000
-0.601000
-0.722000
-0.974000
-1.14900
-1.00500
-0.565000
0.434000
3.04600
2.64300
1.42700
0.416000
-0.348000
-0.734000
-0.950000
-1.13100
-1.23900
-1.22100
-1.04100
-0.962000
-0.926000
-1.11300
-1.11300
-0.896000
-0.487000
-0.144000
0.651000
2.11900
2.96800
2.24600
1.22900
0.494000
0.247000
0.368000
0.494000
0.500000
0.398000
0.241000
1.30000E-02
-0.330000
-0.680000
-0.884000
-1.01100
-1.13100
-1.38400
-1.65500
-1.56400
-1.11300
2.03500
2.39600
2.70300
2.17400
1.11400
0.362000
-9.60000E-02
-0.300000
-0.367000
-0.403000
-0.505000
-0.698000
-0.993000
-1.19100
-1.05300
-0.878000
-0.908000
-1.39000
-1.32400
-0.776000
0.368000
2.65500
3.57000
2.38400
1.22900
0.332000
-0.222000
-0.487000
-0.655000
-0.649000
-0.854000
-1.13100
-1.36600
-1.48600
-1.56400
-1.59400
-1.56400
-1.25100
-0.595000
0.813000
3.52200
3.32900
1.97500
0.904000
0.272000
0.175000
0.235000
0.169000
0.181000
0.290000
0.398000
0.223000
-0.120000
-0.457000
-0.818000
-1.04700
-1.10100
-1.10100
-1.02900
-0.842000
-0.421000
0.392000
1.89700
3.30500
3.80500
3.19100
2.43200
1.62000
0.837000
0.133000
-0.288000
-0.565000
-0.824000
-1.02900
-1.08900
-1.12500
-1.20300
-1.33600
-1.48000
-1.60600
-1.70900
-1.75700
-1.76900
-1.70300
-1.31800
-0.439000
2.61300
3.07600
2.36600
1.24100
0.211000
-0.354000
-0.469000
2.50000E-02
1.25900
3.40100
4.94200
3.14300
1.46300
0.572000
-1.10000E-02
-0.427000
-0.547000
-0.631000
-0.722000
-0.806000
-0.884000
-0.980000
-1.13700
-1.34800
-1.48000
-1.60000
-1.62500
-1.26900
0.669000
1.53600
1.97500
1.90900
1.29500
0.825000
0.572000
0.181000
-0.306000
-0.493000
-0.330000
-0.294000
-0.842000
-1.34800
-1.50400
-1.46200
-1.40200
-1.57600
-1.79300
-1.80500
-1.97400
-2.08800
-1.79900
-1.61200
1.30100
1.84300
0.585000
0.585000
0.597000
0.332000
8.50000E-02
-0.114000
-0.379000
-0.535000
-0.836000
-1.03500
-1.08300
-1.16100
-1.00500
-0.716000
-0.986000
-1.30500
-1.57600
-1.40800
-1.06500
-0.884000
-0.607000
-5.00000E-03
1.33100
2.32400
1.75200
1.09000
0.747000
0.518000
-1.10000E-02
-0.324000
-0.403000
-0.487000
-0.541000
-0.336000
-8.40000E-02
-3.50000E-02
-9.00000E-02
-6.00000E-02
-2.90000E-02
0.241000
0.338000
0.175000
7.00000E-03
-2.30000E-02
0.241000
0.699000
0.994000
1.34300
1.89700
2.09500
1.84300
1.48700
1.09000
0.681000
0.314000
6.10000E-02
-0.210000
-0.306000
-0.330000
-0.415000
-0.601000
-0.409000
0.133000
0.320000
0.633000
1.32500
2.24000
2.60100
2.27000
1.54800
0.789000
0.217000
-0.192000
-0.595000
-0.902000
-1.02900
-1.02900
-1.10100
-1.08900
-0.866000
-0.186000
2.95600
4.00300
3.29300
2.08300
1.00600
7.90000E-02
-0.475000
-0.890000
-1.04700
-1.16700
-1.43800
-1.69100
-1.80500
-1.81700
-1.96200
-2.05800
-2.11200
-1.95600
-1.46800
0.855000
2.99200
2.66100
1.38500
0.356000
-0.222000
-0.806000
-1.16700
-1.45600
-1.76300
-1.80500
-1.72100
-1.72100
-1.67300
-1.52200
-1.22100
-0.583000
0.693000
1.78200
1.52300
0.633000
-0.138000
-0.583000
-0.686000
-0.559000
-0.114000
0.801000
2.05300
2.68500
2.31200
1.22300
0.392000
-5.40000E-02
-0.312000
-0.541000
-0.613000
-0.788000
-0.968000
-1.02900
-1.04700
-0.902000
0.494000
1.96300
2.72700
3.20900
2.81200
1.84300
1.36700
0.609000
0.199000
-1.02000E-01
-0.288000
-0.577000
-0.908000
-1.10100
-1.02900
-1.17900
-1.37200
-1.67300
-1.50400
-1.72700
-1.78700
-1.69700
-4.70000E-02
1.91500
2.24600
2.11300
1.34300
0.879000
0.627000
0.482000
0.127000
-0.258000
-0.421000
-0.553000
-0.866000
-1.16100
-1.22100
-1.06500
-1.34200
-1.50400
-1.50400
-1.68500
-1.75100
-1.39000
-1.20300
-0.914000
-0.559000
0.681000
3.40100
3.04000
2.23400
1.44500
1.06000
1.02400
0.681000
0.524000
0.585000
0.494000
0.554000
0.464000
0.253000
7.00000E-03
-0.216000
-0.373000
-0.457000
-0.541000
-0.595000
-0.716000
-0.932000
-1.16700
-1.38400
-1.46200
-1.29300
0.157000
2.67300
3.14900
2.48100
1.65600
0.609000
0.175000
-0.180000
-0.541000
-0.818000
-0.776000
-0.860000
-0.896000
-0.704000
-0.240000
0.627000
1.11400
1.39100
1.22300
0.904000
0.386000
-9.60000E-02
-0.451000
-0.692000
-0.631000
-0.367000
0.121000
1.52300
3.43200
5.88100
4.20200
2.61300
1.65000
1.01200
0.717000
0.344000
-0.168000
-0.360000
-0.421000
-0.595000
-0.680000
-0.836000
-1.02300
-1.13100
-0.902000
-0.980000
-1.19100
-1.34200
-1.19700
-0.565000
1.26500
2.26400
2.63700
2.24600
1.64400
1.15600
0.621000
0.278000
-4.10000E-02
-0.330000
-0.553000
-0.667000
-0.902000
-1.22700
-1.45600
-1.46200
-1.51000
-1.62500
-1.78100
-1.91900
-1.96800
-2.05800
-0.704000
1.55400
2.84200
3.00400
2.56500
1.83600
1.05400
0.247000
-0.348000
-0.746000
-1.05300
-1.34200
-1.41400
-1.39600
-1.34800
-1.35400
-1.49800
-1.79900
-2.14200
-2.38300
-2.35900
-2.22600
-0.186000
1.18600
1.02400
1.06000
0.615000
0.241000
-0.138000
-0.547000
-0.619000
-0.938000
-1.33600
-1.55200
-1.46200
-1.58800
-1.77500
-1.74500
-1.51600
-1.20900
-0.824000
-0.330000
7.30000E-02
0.470000
0.723000
0.681000
0.259000
2.50000E-02
0.211000
0.771000
1.71600
2.36600
2.37800
1.61400
0.807000
0.350000
0.320000
0.272000
-4.10000E-02
-0.433000
-0.830000
-0.866000
-0.667000
-0.583000
-0.734000
-0.806000
-0.752000
-0.613000
-0.354000
0.452000
3.02800
4.71400
3.46200
2.08300
0.970000
0.458000
0.434000
0.338000
-5.00000E-03
-0.373000
-0.692000
-1.08300
-1.28100
-1.45600
-1.52800
-1.58200
-1.43800
-1.23300
-0.848000
-0.463000
5.50000E-02
1.81200
4.18400
4.33400
3.10700
1.84900
1.14400
0.777000
0.404000
-2.30000E-02
-0.312000
-0.541000
-0.908000
-1.31800
-1.51600
-1.54600
-1.45600
-1.45000
-1.57000
-1.61200
-1.44400
-1.11900
-0.114000
2.82400
3.28700
2.19200
0.988000
6.10000E-02
-0.427000
-0.547000
-0.794000
-1.32400
-1.69700
-1.79300
-1.88300
-2.07000
-2.27500
-2.37100
-2.35300
-2.26900
-1.98000
-1.11900
2.55300
2.23400
1.79400
0.861000
1.00000E-03
-0.625000
-1.01100
-1.22700
-1.39000
-1.53400
-1.66100
-1.70900
-1.78700
-1.74500
-1.61800
-1.35400
-0.944000
-0.318000
0.669000
1.72800
2.27000
1.99900
1.22900
0.482000
7.90000E-02
-1.02000E-01
-0.336000
-0.698000
-0.950000
-1.17300
-1.20900
-1.17900
-1.08300
-0.902000
-0.571000
-0.252000
0.259000
1.13200
1.80600
2.08300
1.81200
1.22300
0.777000
0.663000
0.675000
0.687000
0.368000
-6.60000E-02
-0.198000
-0.348000
-0.439000
-0.330000
-0.132000
0.259000
0.651000
0.807000
0.885000
0.753000
0.320000
7.30000E-02
-1.10000E-02
-7.20000E-02
-4.70000E-02
0.199000
0.536000
1.08400
1.60200
1.92100
1.93300
1.71600
1.31900
0.940000
0.548000
0.314000
0.175000
0.139000
4.90000E-02
-0.180000
-0.517000
-0.547000
-0.583000
-0.848000
-1.08300
-1.10700
-1.01100
-0.902000
-0.830000
-0.698000
-0.336000
0.374000
1.63800
2.89600
3.07600
2.52900
1.63800
0.741000
4.30000E-02
-0.475000
-0.764000
-0.968000
-1.08300
-1.25100
-1.39000
-1.43200
-1.53400
-1.69700
-1.80500
-1.87700
-1.96800
-1.98000
-1.88900
-1.73300
-1.33600
-0.354000
1.89700
3.01600
2.60100
1.60800
0.536000
-0.306000
-0.680000
-0.908000
-1.08300
-1.19100
-1.25700
-1.28100
-1.45000
-1.72100
-1.90100
-1.99200
-1.98000
-1.93100
-1.87700
-1.69700
-1.21500
0.494000
3.14900
2.17400
0.843000
-6.00000E-02
-0.716000
-1.12500
-1.27500
-1.29900
-1.28700
-1.30500
-1.28100
-1.06500
-0.547000
0.145000
0.753000
1.00600
0.801000
0.308000
-0.264000
-0.854000
-1.07100
-1.08900
-0.908000
-0.475000
0.530000
2.57100
3.35300
1.86100
0.633000
-0.228000
-0.613000
-0.740000
-0.884000
-1.03500
-1.01700
-0.878000
-0.854000
-0.896000
-0.872000
-0.818000
-0.565000
-0.114000
0.452000
1.25900
1.90300
1.85500
1.39700
0.777000
0.211000
-0.132000
-0.348000
-0.348000
-0.210000
-4.10000E-02
4.90000E-02
0.163000
0.386000
0.705000
1.00000
1.25300
1.08400
0.729000
0.416000
0.284000
0.265000
0.253000
0.229000
0.199000
7.30000E-02
-0.312000
-0.595000
-0.776000
-0.920000
-0.950000
-0.842000
-0.559000
-3.50000E-02
0.777000
1.82400
2.63700
2.55300
1.59000
0.633000
-7.80000E-02
-0.559000
-0.734000
-0.818000
-0.896000
-0.896000
-0.866000
-0.926000
-0.776000
-0.451000
-0.132000
0.169000
0.434000
0.416000
0.151000
-0.180000
-0.505000
-0.794000
-0.734000
-0.282000
0.482000
1.68600
2.95000
2.59500
1.21100
0.169000
-0.493000
-1.05900
-1.39600
-1.39000
-1.33000
-1.42000
-1.57600
-1.63100
-1.58200
-1.46800
-1.22700
-0.686000
0.235000
1.22300
1.59600
1.09600
0.398000
-0.306000
-0.812000
-1.08300
-1.04700
-0.758000
-0.174000
0.548000
1.19200
1.30100
1.06600
0.609000
1.03000E-01
-0.300000
-0.565000
-0.631000
-0.571000
-0.445000
-0.192000
-2.30000E-02
0.193000
0.229000
5.50000E-02
-0.120000
-0.228000
-0.403000
-0.595000
-0.631000
-0.565000
-0.457000
-0.354000
-0.180000
-5.40000E-02
-1.10000E-02
8.50000E-02
0.284000
0.536000
0.825000
1.00600
1.00000
0.723000
0.368000
9.10000E-02
-0.288000
-0.710000
-0.932000
-0.956000
-1.01100
-1.10700
-1.16700
-1.01700
-0.764000
-0.330000
0.193000
0.603000
0.867000
1.12600
1.25900
1.15600
0.831000
0.422000
0.115000
-0.162000
-0.312000
-0.228000
-1.02000E-01
-2.90000E-02
9.10000E-02
9.70000E-02
0.205000
0.440000
0.849000
1.35500
1.73400
2.02300
2.05900
1.88500
1.43300
0.916000
0.326000
-0.180000
-0.451000
-0.571000
-0.625000
-0.734000
-0.764000
-0.661000
-0.427000
0.259000
1.25300
2.16200
2.22200
1.77600
1.24700
1.00000
1.30700
2.05300
2.88400
3.34700
3.86500
2.34800
1.37900
0.585000
0.169000
-4.70000E-02
-0.354000
-0.493000
-0.655000
-0.902000
-1.02300
-1.22100
-1.40800
-1.48600
-1.56400
-1.78100
-1.91300
-1.69700
-1.70000E-02
1.87300
1.83000
1.46900
1.62000
1.21100
0.747000
0.362000
-4.10000E-02
-0.403000
-0.655000
-0.800000
-0.938000
-1.14300
-1.62500
-1.63100
-1.65500
-1.70900
-1.86500
-2.08800
-2.11200
-2.17800
-2.34700
-2.27500
-2.34100
-1.81100
0.633000
1.68000
1.18000
0.681000
3.10000E-02
-0.445000
-0.746000
-0.926000
-1.10100
-1.24500
-1.43200
-1.63700
-1.69700
-1.75100
-1.57600
-1.48600
-0.908000
0.338000
2.12500
1.43900
0.488000
-0.360000
-0.734000
-0.884000
-1.19700
-1.29300
-1.19100
-1.09500
-0.920000
-0.686000
-0.186000
0.572000
1.49300
1.78200
1.60800
1.16200
0.789000
0.651000
0.735000
0.783000
0.837000
1.03000
1.15600
0.873000
0.542000
0.428000
0.422000
0.278000
0.187000
-1.70000E-02
-0.354000
-0.565000
-0.535000
-0.421000
-5.00000E-03
0.416000
0.867000
1.39700
2.11900
2.87200
3.34100
2.99200
2.22800
1.53600
1.19800
1.15000
1.10200
0.771000
0.223000
-9.00000E-02
-0.246000
-0.360000
-0.300000
-0.439000
-0.523000
-0.553000
-0.698000
-0.878000
-0.932000
-0.764000
-0.204000
0.603000
1.78200
3.06400
3.35300
2.28800
1.16800
0.259000
-0.282000
-0.547000
-0.601000
-0.794000
-1.03500
-1.20900
-1.19700
-0.914000
-0.583000
-0.174000
0.464000
1.47500
2.23400
2.37200
1.71600
0.753000
-4.10000E-02
-0.559000
-0.806000
-0.914000
-0.944000
-0.890000
-0.938000
-1.08300
-1.07700
-1.14900
-1.29300
-1.38400
-1.40800
-1.11300
-0.210000
1.61400
4.44300
3.45600
1.81800
0.717000
0.121000
-0.204000
-0.457000
-0.716000
-0.896000
-0.974000
-0.986000
-0.993000
-1.07100
-1.25700
-1.40800
-1.50400
-1.60000
-1.67900
-1.71500
-1.72700
-1.72100
-1.58800
-1.07700
0.392000
4.40100
3.61200
2.12500
0.898000
0.115000
-0.306000
-0.553000
-0.698000
-0.830000
-0.932000
-1.05900
-1.22700
-1.32400
-1.31800
-1.29300
-1.27500
-1.34800
-1.42000
-1.40800
-1.26900
-1.01100
-0.649000
1.00000E-03
1.02400
2.48700
3.68400
2.66700
1.49300
0.536000
-2.90000E-02
-0.367000
-0.625000
-0.818000
-0.968000
-1.02900
-1.09500
-1.15500
-1.19100
-1.24500
-1.26900
-1.15500
-0.722000
1.24100
2.10100
2.31800
1.90300
1.34300
0.615000
9.10000E-02
-0.282000
-0.451000
-0.565000
-0.926000
-1.25700
-1.26900
-1.31800
-1.40800
-1.42000
-1.54000
-1.28100
-0.511000
1.06000
3.49200
2.75100
1.76400
0.970000
0.410000
9.70000E-02
-0.156000
-0.174000
-0.150000
-0.204000
-0.264000
-0.427000
-0.710000
-0.872000
-0.956000
-1.05900
-1.07100
-0.980000
-0.794000
-0.619000
-0.385000
-7.20000E-02
0.548000
1.53600
2.08900
1.99900
1.56600
0.952000
0.428000
0.121000
0.157000
0.145000
0.127000
3.10000E-02
-0.138000
-0.264000
-0.505000
-0.692000
-0.728000
-0.800000
-0.938000
-0.974000
-0.866000
-0.740000
-0.631000
-0.282000
0.639000
1.90900
2.70900
2.60700
1.82400
0.879000
0.151000
-0.222000
-0.427000
-0.643000
-0.776000
-0.914000
-1.15500
-1.12500
-0.902000
-0.565000
8.50000E-02
1.36700
3.46200
3.11300
1.53000
0.302000
-0.481000
-0.878000
-1.18500
-1.25700
-1.27500
-1.29900
-1.35400
-1.18500
-0.625000
0.855000
4.23800
3.93700
2.48700
1.21100
0.308000
-0.300000
-0.619000
-0.716000
-0.728000
-0.782000
-0.902000
-0.999000
-1.08900
-1.19100
-1.23900
-1.23900
-0.932000
-0.114000
1.20400
2.70900
3.10100
2.10100
1.00600
0.121000
-0.421000
-0.722000
-0.896000
-1.07100
-1.22700
-1.32400
-1.36600
-1.29300
-1.27500
-1.43200
-1.66700
-1.89500
-2.03400
-1.87700
-0.427000
1.05400
1.47500
1.65000
1.16200
0.988000
0.494000
1.90000E-02
-0.391000
-0.902000
-1.03500
-0.999000
-0.932000
-1.22700
-1.42000
-1.55200
-1.55200
-1.58200
-1.48000
-1.49200
-1.09500
-0.439000
0.548000
1.48100
1.42100
1.02400
0.657000
0.458000
0.326000
2.50000E-02
0.229000
0.470000
0.585000
0.536000
0.434000
0.127000
-0.222000
-0.342000
-0.312000
-0.288000
-0.373000
-0.415000
-0.330000
-5.00000E-03
0.338000
0.669000
0.789000
0.873000
0.867000
0.488000
-6.00000E-02
-0.354000
-0.559000
-0.541000
-0.523000
-0.595000
-0.373000
-1.02000E-01
0.205000
0.741000
1.41500
2.02900
2.34800
1.97500
1.13800
0.440000
-7.80000E-02
-0.541000
-0.902000
-1.07100
-1.10700
-1.11900
-0.914000
-0.854000
-1.07700
-1.13100
-0.926000
-0.421000
0.500000
2.05300
4.10000
2.96200
1.63800
0.476000
-0.150000
-0.529000
-0.794000
-1.02300
-1.17300
-1.31800
-1.32400
-1.25100
-1.21500
-1.26900
-1.30500
-0.986000
-8.40000E-02
1.94500
3.83500
2.51100
1.07200
1.30000E-02
-0.595000
-0.932000
-1.16700
-1.31200
-1.38400
-1.41400
-1.24500
-1.11300
-0.782000
0.187000
2.18000
3.31100
1.74000
0.506000
-0.403000
-1.01700
-1.40800
-1.64300
-1.74500
-1.78700
-1.84700
-1.81100
-1.63700
-1.28700
-0.565000
1.21700
3.80500
2.47500
0.807000
-0.324000
-0.908000
-1.20900
-1.32400
-1.31200
-1.34800
-1.28100
-1.03500
-0.758000
-0.625000
-0.619000
-0.439000
-9.00000E-02
0.350000
0.711000
0.922000
1.06600
1.10800
1.04800
0.693000
0.175000
-0.150000
-0.421000
-0.673000
-0.818000
-0.836000
-0.830000
-0.854000
-0.860000
-0.770000
-0.451000
2.50000E-02
0.615000
1.25900
1.45700
1.31300
1.06600
0.566000
0.157000
-1.70000E-02
-0.162000
-0.324000
-0.517000
-0.565000
-0.463000
-0.258000
-4.10000E-02
7.30000E-02
0.109000
8.50000E-02
3.10000E-02
-7.80000E-02
-0.240000
-0.288000
-0.204000
-9.00000E-02
0.121000
0.356000
0.470000
0.560000
0.464000
0.404000
0.386000
0.368000
0.344000
0.440000
0.440000
0.428000
0.560000
0.597000
0.639000
0.615000
0.440000
0.109000
-0.228000
-0.427000
-0.577000
-0.782000
-1.04700
-1.20900
-1.18500
-1.08300
-0.818000
-0.336000
0.175000
1.01800
2.13100
2.24000
1.66200
1.00000
0.440000
-0.120000
-0.553000
-0.866000
-0.962000
-1.02900
-1.26300
-1.49800
-1.49200
-1.36600
-1.26900
-1.05900
-0.427000
0.627000
2.25200
2.57100
1.57800
0.434000
-0.397000
-0.788000
-1.08900
-1.22700
-1.09500
-1.02300
-0.884000
-0.379000
0.879000
2.64900
2.95000
1.88500
0.536000
-0.385000
-0.896000
-1.14900
-1.22100
-1.19700
-1.08300
-0.914000
-0.680000
-0.354000
5.50000E-02
0.410000
0.627000
0.699000
0.657000
0.777000
0.795000
0.651000
0.657000
0.825000
0.717000
0.404000
1.30000E-02
-0.156000
-0.162000
-5.40000E-02
3.70000E-02
7.30000E-02
-6.00000E-02
-0.379000
-0.595000
-0.517000
-0.324000
-0.264000
-0.348000
-0.342000
-0.120000
0.265000
0.843000
1.43300
1.72800
1.45700
0.922000
0.241000
-0.276000
-0.601000
-0.770000
-0.842000
-0.854000
-0.860000
-0.908000
-0.896000
-0.890000
-0.920000
-0.884000
-0.800000
-0.529000
-0.180000
0.241000
0.831000
1.32500
1.46300
1.07200
0.506000
7.90000E-02
-0.222000
-0.421000
-0.493000
-0.541000
-0.812000
-1.08900
-1.20900
-1.15500
-1.01100
-0.788000
-0.487000
-2.90000E-02
0.506000
0.843000
0.753000
0.488000
0.332000
0.278000
0.332000
0.560000
0.777000
0.964000
0.789000
0.362000
-0.144000
-0.535000
-0.698000
-0.782000
-0.914000
-0.782000
-0.535000
-0.126000
0.458000
1.10200
1.37900
1.26500
0.843000
0.362000
-2.30000E-02
-0.282000
-0.451000
-0.601000
-0.655000
-0.625000
-0.589000
-0.571000
-0.559000
-0.421000
-1.10000E-02
0.669000
1.51700
2.08900
1.68000
0.771000
-1.70000E-02
-0.409000
-0.649000
-0.698000
-0.595000
-0.475000
-0.222000
0.169000
0.494000
0.530000
0.320000
-4.10000E-02
-0.360000
-0.613000
-0.878000
-1.02900
-0.812000
1.39100
1.84300
1.59600
1.06600
0.711000
0.597000
0.338000
-0.312000
-0.782000
-1.02300
-1.11300
-1.43200
-1.51600
-1.84100
-1.90700
-1.72700
-1.73300
-1.84700
-1.72700
-1.48600
-0.318000
1.87900
2.73300
2.19800
1.16200
0.554000
0.109000
-0.282000
-0.643000
-0.667000
-0.764000
-1.02300
-1.14300
-1.02900
-0.571000
0.428000
2.37200
3.80500
2.42000
1.05400
0.181000
-0.294000
-0.637000
-0.806000
-0.980000
-1.01100
-1.04100
-1.13100
-1.23900
-1.14300
-1.02900
-0.673000
1.16800
2.59500
2.13700
1.63200
1.07800
0.374000
-0.300000
-0.710000
-0.872000
-0.698000
-0.890000
-1.20900
-1.57000
-1.51000
-1.30500
-0.914000
-0.114000
1.07800
1.87300
1.51700
0.807000
2.50000E-02
-0.403000
-0.559000
-0.601000
-0.535000
-0.252000
7.90000E-02
0.801000
1.67400
2.56500
3.10700
3.09400
2.54700
1.93900
1.22900
0.627000
0.151000
-0.216000
-0.535000
-0.878000
-1.23300
-1.48600
-1.55800
-1.37200
-1.51600
-1.84700
-2.06400
-2.01600
-2.00400
-2.04600
-1.68500
-0.788000
3.02800
3.22100
2.56500
1.00000
0.320000
-9.00000E-02
-0.409000
-0.565000
-0.649000
-0.619000
-0.475000
-0.354000
-0.360000
-0.360000
-0.475000
-0.547000
-0.535000
-0.565000
-0.589000
-0.240000
0.163000
0.747000
1.41500
1.77000
1.34900
0.597000
-0.132000
-0.589000
-0.944000
-1.25100
-1.48600
-1.61800
-1.51600
-1.11900
-0.306000
1.27100
4.30400
3.78100
2.16800
0.916000
0.139000
-0.282000
-0.619000
-0.734000
-0.776000
-0.812000
-0.932000
-0.968000
-1.05900
-1.23900
-1.34200
-1.41400
-1.48600
-1.54000
-1.45600
-1.33000
-1.11300
-0.794000
0.916000
3.51600
3.17900
2.35400
1.36700
0.578000
9.70000E-02
-0.330000
-0.740000
-0.836000
-0.956000
-1.16700
-1.39000
-1.48600
-1.48000
-1.49200
-1.51600
-1.52800
-1.58200
-1.36000
-1.19100
-1.07100
-0.866000
1.90000E-02
1.69200
3.46200
3.44400
2.19800
0.994000
0.115000
-0.505000
-0.938000
-1.19100
-1.17300
-1.19700
-1.31800
-1.44400
-1.48000
-1.29900
-1.09500
-0.463000
0.350000
1.30100
2.16200
1.81800
0.970000
0.223000
-0.264000
-0.348000
-0.198000
0.115000
0.524000
0.928000
1.40900
1.63200
1.36700
0.717000
2.50000E-02
-0.517000
-0.878000
-0.884000
-0.806000
-0.878000
-0.902000
-0.704000
-0.282000
0.392000
1.27700
1.79400
1.54200
0.783000
1.03000E-01
-0.409000
-0.649000
-0.806000
-0.908000
-0.800000
-0.481000
-2.30000E-02
0.290000
0.398000
0.272000
0.145000
0.193000
0.278000
0.259000
0.211000
0.247000
0.265000
0.278000
0.392000
0.705000
0.910000
1.22900
1.34900
1.11400
0.633000
4.90000E-02
-0.577000
-0.872000
-0.842000
-0.848000
-0.932000
-0.993000
-1.01100
-0.974000
-0.908000
-0.487000
0.338000
1.85500
3.14300
3.08800
2.15600
1.13200
0.506000
0.265000
0.211000
0.175000
0.163000
0.169000
0.115000
-0.138000
-0.451000
-0.806000
-1.16700
-1.34200
-1.46200
-1.52200
-1.48600
-1.54000
-1.48600
-1.18500
-0.535000
0.867000
3.07000
3.65400
2.96800
1.98100
1.19200
0.651000
0.290000
-9.00000E-02
-0.451000
-0.746000
-0.986000
-1.19700
-1.39000
-1.48600
-1.58800
-1.66700
-1.74500
-1.72100
-1.63100
-1.63700
-1.66100
-1.51600
-1.00500
2.08900
2.79400
3.16700
1.97500
0.904000
0.127000
-0.367000
-0.637000
-0.806000
-0.866000
-0.896000
-0.986000
-1.21500
-1.45600
-1.60600
-1.57000
-1.71500
-1.68500
-1.52800
-1.60600
-1.70300
-1.51000
-1.09500
-1.10000E-02
2.39000
3.93100
2.75700
1.78200
1.07200
0.693000
0.284000
-0.150000
-0.469000
-0.722000
-0.932000
-1.14900
-1.43800
-1.73900
-1.96200
-2.07600
-2.16000
-2.15400
-2.11800
-2.05800
-1.78700
-1.05300
0.789000
2.76900
1.92700
0.873000
-5.00000E-03
-0.445000
-0.625000
-0.517000
-1.10000E-02
0.609000
0.988000
0.904000
0.615000
0.314000
0.151000
1.03000E-01
5.50000E-02
1.30000E-02
0.151000
0.368000
0.512000
0.440000
9.70000E-02
-0.324000
-0.619000
-0.794000
-0.866000
-0.854000
-0.613000
-5.00000E-03
1.49900
3.89500
3.90100
2.16800
0.657000
-0.306000
-0.794000
-0.938000
-0.962000
-0.980000
-1.00500
-1.04100
-1.11900
-1.22700
-1.34800
-1.39000
-1.33000
-1.22700
-0.914000
-0.306000
0.560000
1.59600
2.57100
2.52300
1.86700
1.15600
0.566000
-9.00000E-02
-0.625000
-0.842000
-0.878000
-0.860000
-0.884000
-0.878000
-0.866000
-0.776000
-0.782000
-0.541000
0.235000
1.42100
2.25200
2.18600
1.41500
0.488000
-0.294000
-0.746000
-0.890000
-0.932000
-0.980000
-1.04100
-1.09500
-1.11900
-0.896000
3.10000E-02
2.57700
2.95000
1.87900
0.524000
-0.511000
-1.10100
-1.33600
-1.75700
-1.90700
-1.85900
-1.77500
-1.63700
-1.60000
-1.43800
-1.00500
-0.403000
0.440000
0.891000
0.530000
-8.40000E-02
-0.547000
-0.986000
-1.22700
-1.08300
-0.589000
0.308000
1.36700
1.53000
0.964000
0.181000
-0.348000
-0.607000
-0.878000
-1.17900
-1.27500
-0.926000
-0.252000
0.320000
0.500000
0.494000
0.368000
0.235000
0.127000
-4.70000E-02
-0.312000
-0.541000
-0.692000
-0.836000
-0.860000
-0.722000
-0.385000
-0.252000
-2.90000E-02
0.621000
1.56000
2.13100
1.91500
1.43300
1.01800
0.735000
0.554000
0.446000
0.175000
-0.174000
-0.342000
-0.330000
-0.222000
-0.360000
-0.686000
-0.860000
-0.860000
-0.908000
-1.05900
-1.10100
-1.00500
-0.872000
-0.421000
0.386000
1.53000
2.54700
2.83000
2.18000
1.20400
0.290000
-0.282000
-0.631000
-0.902000
-1.01100
-0.938000
-0.914000
-0.896000
-0.812000
-0.680000
-0.373000
0.145000
0.591000
0.741000
0.669000
0.651000
0.627000
0.416000
7.00000E-03
-0.246000
-0.457000
-0.788000
-1.01100
-0.860000
-0.571000
3.10000E-02
1.06000
2.23400
2.90800
2.53500
1.41500
0.265000
-0.421000
-0.782000
-1.07700
-1.29300
-1.46800
-1.61200
-1.61200
-1.43200
-1.29300
-1.08900
-0.613000
2.50000E-02
0.717000
1.30700
1.45100
1.16200
0.506000
-8.40000E-02
-0.415000
-0.613000
-0.752000
-0.728000
-0.487000
-0.168000
0.344000
1.06600
1.65000
1.60800
1.10200
0.470000
-6.60000E-02
-0.367000
-0.312000
1.00000E-03
0.530000
1.28300
1.78800
1.68600
1.15000
0.434000
-0.252000
-0.728000
-0.950000
-1.11900
-1.28700
-1.34200
-1.40200
-1.40200
-1.22700
-0.728000
2.05300
2.77500
2.31800
1.57800
0.578000
-0.144000
-0.523000
-0.794000
-0.902000
-1.08300
-1.19100
-1.11300
-1.18500
-1.29900
-1.27500
-0.962000
-0.758000
-0.860000
-0.673000
-0.409000
0.121000
0.681000
1.07200
1.08400
1.03600
1.06000
1.16800
1.36100
1.63200
1.85500
1.84300
1.58400
1.09000
0.536000
0.241000
-2.30000E-02
-0.463000
-0.752000
-1.11900
-1.29900
-1.43200
-1.59400
-1.71500
-1.67300
-1.08900
0.747000
2.15600
2.14900
1.71600
1.03600
0.554000
-5.40000E-02
-0.487000
-0.944000
-1.01100
-1.07100
-1.30500
-1.58200
-1.59400
-1.53400
-1.40800
-1.20300
-0.415000
1.98100
2.53500
1.13200
0.326000
6.10000E-02
-0.330000
-0.878000
-1.28100
-1.32400
-1.04100
-0.878000
-0.667000
-0.397000
0.434000
2.07100
3.04600
2.66100
1.64400
0.747000
7.30000E-02
-0.421000
-0.680000
-0.752000
-0.860000
-1.05900
-1.31200
-1.42600
-1.45000
-1.47400
-1.46800
-1.51600
-1.49200
-1.12500
-0.499000
0.410000
1.50500
2.22800
2.02300
1.45100
0.801000
0.476000
0.290000
9.10000E-02
-6.00000E-02
-0.174000
-0.246000
-0.276000
-0.192000
-0.180000
-3.50000E-02
0.217000
0.482000
0.771000
0.904000
1.09000
0.873000
0.362000
-0.222000
-0.553000
-0.722000
-0.637000
-0.403000
1.63200
2.96200
2.29400
1.80000
1.54800
1.16200
0.651000
0.145000
-0.132000
-0.258000
-0.607000
-1.11300
-1.25700
-1.23900
-1.33600
-1.66700
-2.01600
-2.05200
-1.94400
-1.99200
-2.23200
-2.16600
-1.82900
1.21700
2.29400
1.95700
1.34300
0.843000
0.157000
-0.360000
-0.595000
-0.692000
-0.764000
-0.830000
-0.926000
-1.02900
-0.980000
-0.878000
-0.673000
-0.373000
-0.180000
0.223000
0.681000
1.20400
1.50500
1.28300
0.873000
0.392000
-7.80000E-02
-0.553000
-1.01700
-1.23900
-1.40200
-1.48600
-1.25700
-1.07100
-0.692000
0.681000
3.70800
2.81800
1.34900
0.217000
-0.354000
-0.667000
-0.854000
-0.800000
-0.734000
-0.619000
-0.463000
-0.336000
-0.240000
-0.210000
-0.228000
-0.306000
-0.138000
0.181000
0.615000
0.994000
1.49900
2.12500
2.27600
2.07700
1.52300
0.898000
0.428000
0.145000
-4.10000E-02
-0.210000
-0.547000
-0.800000
-0.854000
-0.830000
-1.04700
-1.34200
-1.55200
-1.39000
0.891000
1.40300
1.66800
1.60800
1.03000
0.675000
0.284000
-0.162000
-0.571000
-0.962000
-1.10700
-1.16700
-1.33000
-1.58200
-1.87100
-2.02800
-1.94400
-1.81100
-1.70300
-0.896000
0.139000
2.67300
1.96900
0.970000
0.199000
-0.234000
-0.529000
-0.667000
-0.559000
-0.282000
0.284000
0.922000
1.27700
1.15600
0.693000
-5.00000E-03
-0.613000
-0.830000
-0.902000
-0.974000
-1.01700
-1.06500
-1.05900
-0.950000
-0.595000
-4.10000E-02
0.711000
1.71000
1.90300
1.27700
0.591000
1.03000E-01
-0.336000
-0.637000
-0.722000
-0.782000
-0.908000
-1.01700
-1.04700
-0.999000
-0.667000
-1.10000E-02
0.711000
1.54800
2.14300
1.86100
1.01800
0.296000
-0.192000
-0.577000
-0.818000
-0.980000
-1.10100
-1.10100
-0.950000
-0.752000
-0.583000
-0.348000
0.253000
1.17400
1.90300
2.02300
1.74000
1.18600
0.825000
0.795000
0.928000
0.952000
0.735000
0.542000
0.247000
-0.168000
-0.704000
-0.968000
-1.10100
-1.29300
-1.33000
-1.16700
-0.860000
-0.397000
0.813000
3.29300
3.48000
2.13100
0.849000
7.00000E-03
-0.264000
-0.457000
-0.686000
-0.836000
-0.908000
-0.944000
-1.01100
-1.15500
-1.26900
-1.28700
-1.08300
-0.637000
8.50000E-02
0.946000
1.64400
1.79400
1.42100
0.891000
0.494000
0.332000
0.344000
0.422000
0.518000
0.464000
0.199000
-9.00000E-02
-0.360000
-0.673000
-0.932000
-1.10100
-1.17900
-1.20900
-1.02900
-0.433000
1.74000
3.75100
2.86000
1.42100
0.272000
-0.397000
-0.734000
-0.914000
-1.05900
-1.20300
-1.28700
-1.36600
-1.43800
-1.52200
-1.62500
-1.67900
-1.65500
-1.10100
0.121000
2.25200
4.57500
3.32900
