# Reference: Mase, H. & Kirby, J.T. (1992). Hybrid frequency-domain KdV equation for random wave transformation. Proc. 23rd Int. Conf. Coastal Engineering (ASCE), 474-487.
# Source repo: https://github.com/fengyanshi/FUNWAVE-TVD  commit b4c322e7582035ee19df8e6409a3dfedaff1cb96, path benchmarks/car_mase_kirby/postprocessing/r2d300.dat
# (r2d470.dat also at benchmarks/car_mase_kirby/fft/r2d470.dat, same values to 4e-9, different formatting; it is the record used to drive the FUNWAVE wavemaker)
# Content: MEASURED surface elevation at the gauge in still-water depth h = 30.0 cm (file name r2dNNN = depth in mm; error_series.m: 'fnam(:,...)='r2d300.dat'' with
#   'h=[47 35 30 25 20 17.5 15 12.5 10 7.5 5 2.5]' in comp_mkskew.m and the plot labels 'h=35.0cm' ... 'h= 2.5cm' in comp_series.m).
# Column: (1) eta [cm], one sample per line, no time column.
#   Time step 0.05 s: error_series.m 'data_time=[0:length(gage_m)-1]*0.05;' and fft4wavemaker.m 'sample_frequency=0.05;' (used as the sampling interval, t=[0:..]*sample_frequency).
#   Units cm: fft4wavemaker.m 'scale_fac=0.01;' converts to m for the wavemaker; error_series.m compares std(data) with 'model(:,k-1)=gage(:,2)*100' (model m -> cm).
#   t = 0 at first sample; 15000 samples = 750 s. Time origin relative to wavemaker start is not documented.
# Geometry (FUNWAVE work/input.txt, model setup): 'DEPTH_FLAT = 0.47', 'SLP = 0.05' (1:20 slope), 'Xslp = 10.0' (slope toe at x = 10 m in the model frame), 'DX = 0.04'.
#   Model gauge positions (work/gauges_004.txt, grid index i, x=(i-1)*DX): 250 313 338 363 388 400 413 425 438 450 463 475 for h = 47 35 30 25 20 17.5 15 12.5 10 7.5 5 2.5 cm.
#   In a lab-independent form: gauge distance shoreward of the slope toe = (47 cm - h)/0.05 (follows from the stated depth and slope; lab x-coordinates are not in the repo).
# Waves: irregular; FUNWAVE uses 'PeakPeriod = 1.0' (spectrum details not stated in repo). Regular sampling -> original instrument record.
-2.02400
-1.92700
-1.70700
-1.35900
-0.905000
-0.328000
0.376000
1.14800
1.85200
2.33600
2.42400
2.23800
1.85700
1.09900
0.180000
-0.572000
-1.25700
-1.69700
-2.01900
-2.16100
-2.20500
-2.02400
-1.66300
-1.22700
-0.660000
1.40000E-02
0.615000
1.06000
1.41700
1.71500
2.08700
2.48800
2.71200
2.61500
2.13600
1.26500
0.200000
-0.734000
-1.55500
-2.10200
-2.44500
-2.83100
-3.05600
-2.97700
-2.53300
-1.74600
-0.807000
0.122000
1.02100
1.82800
2.45300
2.98100
3.20100
3.15200
2.75100
2.09600
1.35300
0.459000
-0.382000
-1.10500
-1.62800
-2.00500
-2.25900
-2.38600
-2.28300
-1.81400
-1.07100
-4.90000E-02
1.16300
2.29700
2.29700
1.60300
0.733000
6.30000E-02
-0.284000
-0.377000
-0.133000
0.346000
0.953000
1.61300
2.01300
1.94000
1.39300
0.493000
-0.367000
-1.04200
-1.45200
-1.53500
-1.55500
-1.39900
-1.16400
-0.734000
-9.30000E-02
0.767000
1.68600
2.41900
2.66300
2.35600
1.53900
0.342000
-0.783000
-1.68700
-2.34200
-2.63500
-2.72300
-2.46900
-2.02900
-1.35500
-0.323000
0.889000
1.94000
2.68300
3.05500
3.05500
2.66300
1.78900
0.532000
-0.631000
-1.49600
-2.02400
-2.36200
-2.72800
-2.80100
-2.44000
-1.69200
-0.744000
0.263000
1.26500
2.00400
2.27700
1.93000
1.01100
-0.113000
-1.07100
-1.72100
-2.08300
-1.96600
-1.66300
-1.02200
-0.211000
0.708000
1.58800
2.22400
2.48300
2.30700
1.73000
0.733000
-0.318000
-1.20300
-1.82900
-2.07800
-2.24400
-2.29300
-2.21500
-1.87800
-1.31500
-0.695000
-0.123000
0.293000
0.576000
0.767000
1.02100
1.39300
1.84200
2.14500
2.08700
1.59800
0.738000
-6.90000E-02
-0.783000
-1.26700
-1.48200
-1.40300
-1.25700
-1.13000
-1.10000
-1.04700
-0.939000
-0.656000
-0.245000
0.166000
0.493000
0.718000
0.845000
0.826000
0.718000
0.581000
0.518000
0.654000
0.958000
0.977000
0.610000
1.02000E-01
-0.372000
-0.836000
-1.23700
-1.43300
-1.45200
-1.32000
-1.08600
-0.690000
-0.230000
0.259000
0.796000
1.33400
1.71000
1.77400
1.51500
0.948000
0.185000
-0.558000
-1.14400
-1.40800
-1.40300
-1.22700
-0.934000
-0.538000
-1.03000E-01
0.263000
0.610000
0.972000
1.26500
1.38800
1.33400
1.14800
0.757000
0.268000
-0.128000
-0.460000
-0.734000
-1.12000
-1.47700
-1.61900
-1.44300
-1.03200
-0.553000
1.90000E-02
0.654000
1.30000
1.81300
1.97400
1.82300
1.41200
0.865000
0.303000
-0.225000
-0.724000
-1.00800
-1.08600
-0.964000
-0.817000
-0.700000
-0.680000
-0.729000
-0.709000
-0.519000
-0.206000
7.30000E-02
0.298000
0.488000
0.630000
0.738000
0.806000
0.889000
0.992000
1.07000
1.04600
0.958000
0.845000
0.669000
0.317000
-0.201000
-0.866000
-1.53500
-2.08300
-2.37600
-2.40100
-2.25900
-1.91200
-1.30600
-0.484000
0.444000
1.44100
2.33600
3.00100
3.46000
3.49000
2.92700
1.69600
0.327000
-0.748000
-1.65300
-2.27400
-2.33700
-2.39600
-2.15100
-1.69200
-0.929000
-3.00000E-02
0.689000
1.02100
0.830000
0.459000
0.185000
0.107000
0.215000
0.439000
0.786000
1.27500
1.71500
2.13100
2.23800
1.88600
1.21200
0.361000
-0.499000
-1.12500
-1.42300
-1.57900
-1.66700
-1.50100
-0.983000
-0.225000
0.478000
0.860000
0.762000
0.444000
0.136000
1.90000E-02
6.30000E-02
0.229000
0.518000
0.791000
1.07000
1.04600
0.757000
0.263000
-0.181000
-0.538000
-0.768000
-0.832000
-0.724000
-0.460000
-0.108000
0.136000
0.293000
0.317000
0.234000
8.30000E-02
4.00000E-03
6.30000E-02
0.303000
0.635000
0.850000
0.889000
0.674000
0.234000
-0.299000
-0.836000
-1.29600
-1.57000
-1.68700
-1.69200
-1.49600
-1.06600
-0.572000
-7.40000E-02
0.317000
0.630000
0.904000
1.24600
1.53400
1.69100
1.61700
1.30900
0.752000
0.180000
-0.338000
-0.797000
-1.19800
-1.50100
-1.78500
-2.01400
-2.11700
-2.08300
-1.94600
-1.63300
-1.05200
-0.230000
0.689000
1.58800
2.35600
2.73200
2.57100
2.04300
1.23600
0.317000
-0.533000
-1.26700
-1.72600
-1.81900
-1.90200
-1.75500
-1.47700
-0.988000
-0.299000
0.503000
1.26500
1.72500
1.85200
1.59800
1.12400
0.498000
-4.90000E-02
-0.572000
-0.968000
-1.15400
-1.14000
-0.959000
-0.768000
-0.504000
-3.00000E-02
0.537000
1.10400
1.56400
1.92500
1.91600
1.54900
0.835000
6.30000E-02
-0.582000
-1.07100
-1.37900
-1.52600
-1.53500
-1.35900
-1.07100
-0.680000
-0.211000
0.298000
0.806000
1.24600
1.56400
1.75400
1.78900
1.57800
1.10400
0.449000
-0.211000
-0.836000
-1.42300
-1.95100
-2.33200
-2.43500
-2.22000
-1.69200
-0.929000
9.20000E-02
1.26500
2.31200
2.95700
2.95700
2.49700
1.67100
0.606000
-0.489000
-1.53100
-2.39100
-2.85500
-3.19300
-3.19300
-2.84500
-2.23400
-1.41800
-0.411000
0.713000
1.81800
2.64400
2.96700
2.79100
2.29200
1.61300
0.928000
0.293000
-0.372000
-1.28100
-2.20500
-2.87000
-3.38800
-3.37800
-2.94800
-2.05800
-0.597000
1.43700
2.73700
2.67800
2.09600
1.38300
0.826000
0.503000
0.400000
0.464000
0.586000
0.689000
0.478000
-0.133000
-0.763000
-1.16900
-1.29600
-1.19800
-1.02200
-0.788000
-0.538000
-0.216000
0.234000
0.728000
1.21200
1.45100
1.47100
1.28000
0.933000
0.478000
1.90000E-02
-0.377000
-0.587000
-0.524000
-0.211000
0.288000
0.953000
1.63700
2.07200
2.00400
1.51500
0.581000
-0.460000
-1.52100
-2.36200
-2.75300
-2.84100
-2.55200
-1.96600
-1.00800
0.322000
1.81800
3.19100
3.91500
4.01300
3.49400
2.47300
1.24600
3.40000E-02
-1.04700
-1.97100
-2.39100
-2.64000
-2.56200
-2.25400
-1.86300
-1.28100
-0.519000
0.327000
1.37800
2.37500
2.94700
2.81500
2.05700
1.03100
0.210000
-0.181000
-0.338000
-0.401000
-0.318000
-0.651000
-0.856000
-0.920000
-0.836000
-0.680000
-0.426000
-5.40000E-02
0.317000
0.733000
1.12400
1.45600
1.64700
1.51000
1.16800
0.640000
1.90000E-02
-0.636000
-1.24200
-1.64300
-1.86800
-1.82900
-1.50100
-1.07100
-0.543000
4.30000E-02
0.630000
1.02600
1.06500
0.870000
0.518000
0.156000
-0.147000
-0.353000
-0.269000
6.30000E-02
0.459000
0.728000
0.791000
0.674000
0.425000
0.107000
-0.313000
-0.876000
-1.47200
-1.97100
-2.24400
-2.35700
-2.39600
-2.22000
-1.81900
-1.24200
-0.538000
0.337000
1.55900
3.04500
3.99300
4.06200
3.07900
1.80800
0.483000
-0.704000
-1.78000
-2.71400
-3.07000
-3.28100
-3.25100
-3.03600
-2.70400
-2.18100
-1.49600
-0.646000
0.278000
1.15800
1.88100
2.36000
2.44800
2.16500
1.67600
1.18200
0.713000
0.263000
-7.90000E-02
-0.450000
-0.616000
-0.758000
-0.885000
-1.10500
-1.41800
-1.62800
-1.59400
-1.33000
-0.954000
-0.426000
0.219000
0.914000
1.49000
1.82300
1.86700
1.66100
1.20200
0.557000
-4.50000E-02
-0.568000
-0.934000
-1.12000
-1.20800
-1.09100
-0.753000
-0.304000
0.151000
0.557000
0.948000
1.24600
1.39300
1.27500
0.816000
5.30000E-02
-0.729000
-1.34000
-1.65300
-1.60900
-1.25200
-0.587000
0.190000
0.923000
1.37300
1.60300
1.55900
1.36300
0.967000
0.439000
-7.90000E-02
-0.607000
-1.01200
-1.30100
-1.35500
-1.26200
-1.00300
-0.543000
3.90000E-02
0.640000
1.05000
1.02600
0.723000
0.312000
4.80000E-02
2.40000E-02
0.239000
0.601000
0.806000
0.635000
0.171000
-0.357000
-0.695000
-0.851000
-0.861000
-0.748000
-0.563000
-0.230000
0.259000
0.777000
1.23100
1.44100
1.39700
1.12400
0.610000
1.40000E-02
-0.719000
-1.37400
-1.86300
-2.08800
-2.02900
-1.68200
-1.04700
-0.128000
0.948000
2.01800
2.77100
2.80000
2.39000
1.66600
0.855000
0.107000
-0.568000
-1.04700
-1.16400
-1.25200
-0.964000
-0.602000
-0.406000
-0.436000
-0.616000
-0.866000
-1.06100
-1.06600
-0.802000
-0.216000
0.689000
1.88600
3.19100
4.24700
4.57000
3.06400
1.08900
-0.597000
-1.82900
-2.64500
-3.09000
-3.06500
-2.90900
-2.53300
-1.97100
-1.27600
-0.455000
0.386000
1.30500
2.23800
2.90800
3.08400
2.75600
2.16500
1.38300
0.454000
-0.563000
-1.61900
-2.31300
-2.66500
-2.61100
-2.16100
-1.56500
-0.832000
-5.40000E-02
0.689000
1.49000
2.18000
2.62400
2.77100
2.59000
1.92500
0.811000
-0.406000
-1.58900
-2.55700
-2.94800
-3.06100
-2.80100
-2.31300
-1.53500
-0.558000
0.527000
1.58300
2.25300
2.35100
1.92000
1.17700
0.483000
6.80000E-02
-0.147000
-0.225000
-0.133000
-0.152000
-0.338000
-0.338000
-0.338000
-0.245000
-6.90000E-02
0.107000
0.322000
0.444000
0.532000
0.527000
0.307000
-0.240000
-0.885000
-1.33500
-1.45200
-1.25700
-0.929000
-0.533000
-0.118000
0.298000
0.747000
1.11900
1.34400
1.32400
1.12400
0.840000
0.713000
0.767000
0.904000
0.845000
0.464000
-0.162000
-0.841000
-1.39400
-1.89700
-2.31800
-2.49400
-2.44000
-2.17100
-1.69700
-1.14000
-0.397000
0.557000
1.59300
2.24300
2.37500
2.08200
1.50000
0.786000
9.20000E-02
-0.455000
-0.807000
-0.866000
-0.924000
-0.929000
-0.822000
-0.656000
-0.455000
-0.309000
-0.181000
-6.40000E-02
-5.00000E-03
4.80000E-02
0.166000
0.381000
0.596000
0.762000
0.845000
0.874000
0.767000
0.493000
7.30000E-02
-0.313000
-0.597000
-0.876000
-1.08600
-1.09600
-0.876000
-0.494000
5.80000E-02
0.777000
1.58800
2.03800
1.94500
1.37800
0.557000
-0.118000
-0.592000
-0.807000
-0.788000
-0.680000
-0.494000
-0.279000
-6.90000E-02
9.00000E-03
1.40000E-02
-4.90000E-02
-0.196000
-0.353000
-0.421000
-0.387000
-0.250000
-9.30000E-02
7.30000E-02
0.342000
0.772000
1.23600
1.57800
1.66600
1.47100
0.953000
0.219000
-0.514000
-1.24200
-1.84800
-2.19500
-2.39600
-2.50300
-2.40100
-2.02900
-1.56000
-0.988000
-0.260000
0.596000
1.69100
3.10300
4.42800
4.74100
2.86400
0.742000
-1.08100
-2.41000
-3.27600
-3.81800
-4.19500
-4.15600
-3.64200
-2.79200
-1.69700
-0.499000
0.610000
1.64700
2.40000
2.77100
2.61500
2.08700
1.30900
0.478000
-0.216000
-0.934000
-1.54000
-1.66700
-1.80400
-1.53100
-0.871000
-6.90000E-02
0.684000
1.34400
1.64700
1.57800
1.22600
0.620000
1.40000E-02
-0.514000
-0.910000
-1.12500
-1.26700
-1.16400
-0.832000
-0.328000
0.200000
0.669000
1.13800
1.50000
1.84700
2.00400
1.88600
1.59300
1.15800
0.610000
8.30000E-02
-0.387000
-0.773000
-1.10000
-1.23700
-1.18400
-1.12500
-1.14400
-1.20300
-1.16400
-0.817000
-0.167000
0.659000
1.55400
2.31600
2.92300
3.14300
3.19100
2.91800
2.00800
0.772000
-0.397000
-1.38400
-2.09800
-2.53300
-2.97300
-3.06500
-2.75300
-2.18600
-1.37400
-0.348000
0.953000
2.27700
3.17700
3.43600
3.11300
2.50200
1.64700
0.679000
-0.162000
-0.768000
-0.968000
-1.03700
-1.07100
-0.900000
-0.641000
-0.309000
7.30000E-02
0.444000
0.630000
0.478000
8.70000E-02
-0.362000
-0.660000
-0.778000
-0.621000
-9.30000E-02
0.811000
1.94000
2.84400
2.77100
1.88600
0.610000
-0.563000
-1.43300
-1.96100
-2.19500
-2.32700
-2.23900
-2.00500
-1.65300
-1.11000
-0.333000
0.552000
1.52900
2.49700
3.31400
3.55300
3.02000
1.70500
0.268000
-0.973000
-1.93100
-2.62600
-2.80600
-2.98200
-2.82600
-2.41500
-1.78000
-0.973000
-0.181000
0.376000
0.757000
1.01100
1.28000
1.48100
1.54900
1.39300
1.03100
0.542000
0.200000
2.90000E-02
-0.206000
-0.441000
-0.631000
-0.607000
-0.406000
-0.142000
6.30000E-02
0.146000
1.40000E-02
-0.304000
-0.709000
-1.14400
-1.42300
-1.45200
-1.31500
-1.02700
-0.572000
-1.50000E-02
0.522000
1.07500
1.65700
2.19400
2.52700
2.33100
1.58300
0.576000
-0.304000
-1.00800
-1.59400
-1.98500
-2.34200
-2.53800
-2.51300
-2.18100
-1.64800
-0.964000
-0.274000
0.342000
0.933000
1.43200
1.77900
1.88600
1.69600
1.28000
0.757000
0.376000
0.161000
-0.157000
-0.651000
-0.944000
-0.988000
-0.929000
-0.968000
-0.959000
-0.739000
-0.328000
0.171000
0.571000
0.772000
0.694000
0.400000
9.00000E-03
-0.343000
-0.460000
-0.299000
4.30000E-02
0.405000
0.698000
0.987000
1.18200
1.23600
1.11400
0.879000
0.518000
8.30000E-02
-0.377000
-0.792000
-1.06600
-1.18400
-1.20300
-1.24700
-1.23700
-1.07100
-0.768000
-0.323000
0.254000
0.894000
1.50000
2.01800
2.31600
2.31200
2.02800
1.43200
0.679000
9.00000E-03
-0.597000
-1.14000
-1.57900
-1.90700
-2.06800
-2.16600
-2.22500
-2.13700
-1.86800
-1.42800
-0.885000
-7.40000E-02
1.06000
2.53600
3.80700
4.70200
4.37900
2.80000
1.14300
-0.421000
-1.61900
-2.50800
-2.90400
-3.22700
-3.41300
-3.40800
-3.16800
-2.60600
-1.73600
-0.636000
0.434000
1.49000
2.59000
3.52900
3.95900
3.81700
2.69800
1.20700
-0.201000
-1.43300
-2.27800
-2.50800
-2.41000
-2.02400
-1.34500
-0.719000
-3.50000E-02
0.576000
0.972000
0.948000
0.713000
0.439000
0.234000
5.30000E-02
-0.191000
-0.377000
-0.362000
-1.00000E-02
0.537000
1.15300
1.32900
1.19700
1.08000
0.982000
0.889000
0.835000
0.733000
0.527000
0.205000
-0.186000
-0.602000
-1.03200
-1.39400
-1.63300
-1.65300
-1.43800
-1.06600
-0.670000
-0.265000
0.268000
1.05000
2.18000
3.35800
4.15400
4.36000
3.30900
1.67600
-7.40000E-02
-1.64800
-2.82600
-3.74500
-4.22400
-4.48800
-4.17500
-3.46600
-2.50800
-1.29600
0.166000
1.71500
3.34300
4.62400
5.03400
3.89000
2.33100
1.00200
7.30000E-02
-0.577000
-1.06600
-1.19800
-1.25700
-1.62800
-2.02900
-2.04900
-1.94100
-1.79900
-1.49100
-0.890000
-0.147000
0.557000
1.19700
1.68600
1.85200
1.61300
1.28500
1.10400
1.08900
1.02600
0.914000
0.816000
0.610000
0.180000
-0.318000
-0.871000
-1.43800
-1.89700
-2.12700
-2.14600
-1.98000
-1.64300
-1.17900
-0.665000
-0.201000
0.224000
0.610000
0.992000
1.31400
1.47100
1.44100
1.32400
1.14300
0.870000
0.469000
-2.50000E-02
-0.641000
-1.13500
-1.48200
-1.71600
-1.84800
-1.72600
-1.43800
-1.02700
-0.489000
9.20000E-02
0.728000
1.28500
1.66600
1.69600
1.42200
0.830000
8.70000E-02
-0.641000
-1.16900
-1.34500
-1.20800
-0.944000
-0.665000
-0.519000
-0.499000
-0.568000
-0.680000
-0.719000
-0.426000
6.30000E-02
0.772000
1.61300
2.70700
3.42600
2.92700
1.52000
-1.03000E-01
-1.57500
-2.64500
-3.29500
-3.39300
-3.42700
-3.18300
-2.59600
-1.69700
-0.572000
0.522000
1.71500
2.86900
3.33800
2.78600
1.54400
0.283000
-0.621000
-1.15400
-1.35500
-1.06600
-0.792000
-0.421000
5.30000E-02
0.366000
0.210000
-9.30000E-02
-0.377000
-0.675000
-1.02700
-1.24200
-1.33500
-1.14000
-0.758000
-0.338000
0.131000
0.772000
1.34900
1.47600
1.12400
0.840000
0.552000
0.141000
-7.40000E-02
-0.201000
-0.142000
-4.50000E-02
-3.00000E-02
-0.186000
-0.372000
-0.489000
-0.563000
-0.680000
-0.822000
-0.871000
-0.748000
-0.519000
-0.206000
0.122000
0.444000
0.689000
0.796000
0.796000
0.654000
0.322000
-0.142000
-0.641000
-0.924000
-0.876000
-0.563000
-0.211000
0.200000
0.654000
1.08500
1.32400
1.32900
1.14800
0.708000
9.20000E-02
-0.514000
-0.983000
-1.30100
-1.45700
-1.47700
-1.26200
-0.836000
-0.309000
0.219000
0.694000
1.01100
1.16300
1.18200
1.17300
1.22600
1.31400
1.42200
1.45100
1.29500
0.879000
0.268000
-0.343000
-0.968000
-1.54000
-1.94600
-2.02900
-1.84300
-1.48200
-0.778000
0.210000
1.22600
1.94500
2.18400
2.16000
2.01300
1.86200
1.65700
1.31400
0.757000
5.30000E-02
-0.587000
-1.06600
-1.35900
-1.43800
-1.30600
-1.08100
-0.836000
-0.494000
-5.40000E-02
0.317000
0.596000
0.752000
0.830000
0.791000
0.659000
0.415000
0.180000
0.131000
0.268000
0.562000
0.894000
1.16800
1.33900
1.29000
0.997000
0.474000
-7.40000E-02
-0.631000
-1.06100
-1.39900
-1.62300
-1.73600
-1.65800
-1.34500
-0.905000
-0.357000
0.259000
0.752000
0.972000
0.948000
0.933000
1.01600
1.11400
1.15800
1.24100
1.28500
1.20200
1.00600
0.610000
0.112000
-0.333000
-0.626000
-0.836000
-0.993000
-1.06600
-0.983000
-0.656000
-0.225000
2.90000E-02
-4.90000E-02
-0.357000
-0.563000
-0.582000
-0.445000
-0.142000
0.307000
0.928000
1.47600
1.84700
1.90100
1.72500
1.34400
0.889000
0.381000
-0.123000
-0.656000
-1.12500
-1.47700
-1.56500
-1.24700
-0.739000
-0.269000
9.00000E-03
-1.50000E-02
-0.245000
-0.548000
-0.939000
-1.33500
-1.55000
-1.36400
-0.778000
6.80000E-02
1.16300
2.44400
3.08400
2.68300
1.49000
0.210000
-0.792000
-1.43800
-1.90700
-2.05800
-1.98500
-1.91200
-1.75500
-1.66700
-1.58900
-1.41800
-1.16400
-0.729000
-3.00000E-02
0.718000
1.33900
1.45100
1.16800
0.835000
0.659000
0.708000
0.752000
0.527000
0.322000
0.171000
-2.50000E-02
-0.328000
-0.480000
-0.568000
-0.675000
-0.851000
-1.06600
-1.24200
-1.42300
-1.59900
-1.70700
-1.63800
-1.31100
-0.690000
0.190000
1.35800
2.69800
3.49400
3.31900
2.16500
0.982000
6.80000E-02
-0.475000
-0.929000
-1.14400
-1.23700
-1.28100
-1.08100
-0.797000
-0.651000
-0.695000
-0.910000
-1.14400
-1.25700
-1.16400
-0.876000
-0.382000
0.200000
0.865000
1.56900
2.27700
3.00100
3.41100
3.16200
2.25300
0.953000
-0.367000
-1.48200
-2.37100
-2.78700
-3.02100
-2.84500
-2.47900
-1.93600
-1.34500
-0.660000
3.40000E-02
0.733000
1.34400
1.77400
2.05200
2.16500
2.09600
1.80300
1.25600
0.596000
-1.50000E-02
-0.753000
-1.49100
-1.94600
-2.01400
-1.75100
-1.28600
-0.641000
8.30000E-02
0.894000
1.81300
2.59500
2.33600
1.20700
-4.00000E-02
-1.03200
-1.63800
-1.98000
-1.88300
-1.74600
-1.26700
-0.587000
3.40000E-02
0.449000
0.689000
0.879000
1.04100
1.18700
1.18200
1.06500
0.874000
0.508000
0.141000
-5.40000E-02
-5.90000E-02
4.00000E-03
-9.30000E-02
-0.323000
-0.480000
-0.729000
-1.12500
-1.32000
-1.29600
-1.00300
-0.475000
0.219000
1.05000
1.86700
2.04300
1.36300
0.293000
-0.499000
-0.959000
-1.09100
-0.778000
-0.211000
0.503000
1.30500
1.88600
2.06200
1.83700
1.23100
0.449000
-0.250000
-0.792000
-1.10000
-1.14400
-1.06600
-0.734000
-0.206000
0.268000
0.522000
0.415000
0.151000
-0.108000
-0.377000
-0.528000
-0.343000
0.263000
1.14300
1.90100
2.40000
2.52700
2.31600
1.55400
0.615000
-5.00000E-03
-0.528000
-1.04200
-1.39400
-1.74100
-1.83400
-1.70700
-1.41300
-1.04200
-0.695000
-0.450000
-0.230000
2.40000E-02
0.356000
0.786000
1.18700
1.46600
1.69100
1.90600
2.18900
2.38500
2.18900
1.66600
0.816000
-0.245000
-1.51600
-2.68900
-3.37300
-3.67600
-3.73500
-3.50500
-3.09000
-2.33200
-1.14900
0.312000
1.86700
3.04000
3.45500
3.39700
3.06400
2.49700
1.86700
1.26500
0.615000
-0.186000
-1.14000
-1.94100
-2.63500
-3.12400
-3.25100
-3.27600
-3.15800
-2.82100
-2.22000
-1.19300
0.415000
2.57500
4.32500
4.27700
3.09400
1.92000
0.733000
-0.304000
-1.09600
-1.71100
-1.85300
-1.90200
-1.68700
-1.22300
-0.753000
-0.265000
0.166000
0.483000
0.659000
0.645000
0.493000
0.239000
-5.90000E-02
-0.397000
-0.597000
-0.685000
-0.665000
-0.827000
-1.03200
-1.11000
-0.924000
-0.553000
-0.206000
2.90000E-02
0.288000
0.518000
0.669000
0.630000
0.483000
0.249000
3.40000E-02
-0.157000
-0.323000
-0.397000
-0.362000
-0.201000
3.90000E-02
0.210000
0.229000
0.112000
-7.90000E-02
-0.401000
-0.734000
-0.998000
-1.18800
-1.41300
-1.53100
-1.40300
-1.00800
-0.284000
0.576000
1.59300
2.67300
3.48000
3.51400
2.67300
1.55400
0.459000
-0.421000
-1.19800
-1.89200
-2.30300
-2.71400
-2.68900
-2.39600
-2.00500
-1.53500
-1.03200
-0.514000
6.30000E-02
0.767000
1.58800
2.41900
3.09400
3.19600
2.88300
2.27700
1.42700
0.454000
-0.377000
-1.14400
-1.76000
-2.22000
-2.45400
-2.38600
-2.03400
-1.38400
-0.602000
0.200000
1.00600
1.63700
2.06200
2.29700
2.38000
2.21400
1.67600
0.806000
-0.147000
-0.983000
-1.55500
-1.89700
-2.03900
-1.85300
-1.56000
-1.06100
-0.279000
0.694000
1.73000
2.55600
2.93200
2.69800
1.94000
1.01100
0.112000
-0.660000
-1.31500
-1.71100
-1.84300
-1.85300
-1.67200
-1.39400
-1.02200
-0.582000
-5.00000E-03
0.557000
1.03600
1.18700
1.00200
0.659000
0.322000
7.30000E-02
-0.162000
-0.401000
-0.450000
-0.445000
-0.406000
-0.289000
6.30000E-02
0.522000
0.967000
1.32900
1.54900
1.53900
1.25600
0.591000
-0.299000
-1.25200
-2.00500
-2.44500
-2.67400
-2.73300
-2.51300
-2.05800
-1.47200
-0.675000
0.263000
1.28000
2.17500
2.82500
2.99600
2.68300
1.99900
1.08500
0.205000
-0.460000
-0.968000
-1.32500
-1.45200
-1.58900
-1.45200
-1.36400
-1.45700
-1.56500
-1.60900
-1.51100
-1.12000
-0.426000
0.557000
1.84700
2.98100
3.45500
3.13800
2.09600
0.762000
-0.357000
-1.10000
-1.55500
-1.60900
-1.49600
-1.16400
-0.602000
-2.50000E-02
0.327000
0.518000
0.498000
0.425000
0.400000
0.454000
0.591000
0.747000
0.826000
0.669000
0.400000
0.127000
-6.90000E-02
-0.225000
-0.211000
1.02000E-01
0.747000
1.49000
1.81300
1.69100
1.30000
0.718000
9.70000E-02
-0.484000
-0.993000
-1.34000
-1.57500
-1.69200
-1.61400
-1.24700
-0.739000
-0.279000
0.122000
0.635000
1.30000
2.06200
2.69300
2.89300
2.40000
1.25600
9.00000E-03
-1.00800
-1.69200
-2.12200
-2.13200
-2.09800
-1.79500
-1.28600
-0.612000
6.80000E-02
0.635000
1.05500
1.19700
1.08000
0.928000
0.689000
0.303000
-0.186000
-0.631000
-0.797000
-0.582000
-0.235000
2.40000E-02
0.146000
0.351000
0.615000
0.684000
0.439000
9.20000E-02
-0.142000
-0.357000
-0.553000
-0.792000
-1.06600
-1.33000
-1.52600
-1.46700
-1.07100
-0.504000
0.151000
0.870000
1.45600
1.69100
1.53400
1.10900
0.493000
-0.152000
-0.773000
-1.28100
-1.61400
-1.79000
-1.82900
-1.53100
-1.01200
-0.387000
0.229000
0.894000
1.53400
2.01800
1.82300
0.816000
-0.572000
-1.78500
-2.58600
-3.07500
-3.02100
-2.63000
-1.73100
-0.211000
1.68600
2.93700
3.12300
2.72700
1.94500
1.10900
0.439000
-7.40000E-02
-0.641000
-1.14900
-1.53100
-1.98500
-2.23900
-2.21500
-2.12700
-1.93100
-1.40300
-0.592000
0.273000
1.26100
2.14000
2.71700
2.94700
2.87900
2.62400
2.32100
1.82800
0.914000
-0.128000
-1.14000
-1.93100
-2.58600
-2.92900
-3.04600
-2.86500
-2.35200
-1.52600
-0.367000
0.972000
2.16500
2.74700
2.74700
2.41400
1.90600
1.46600
1.12900
0.845000
0.591000
0.415000
0.190000
-0.401000
-0.890000
-1.35000
-1.59900
-1.46200
-1.07100
-0.621000
-0.142000
0.288000
0.762000
1.20200
1.41700
1.30500
0.992000
0.591000
0.190000
-0.128000
-0.411000
-0.450000
-0.328000
-0.181000
-8.40000E-02
-1.50000E-02
9.00000E-03
9.00000E-03
4.80000E-02
1.02000E-01
0.180000
0.337000
0.513000
0.537000
0.386000
0.205000
5.80000E-02
-9.30000E-02
-0.387000
-0.758000
-1.12500
-1.41800
-1.61400
-1.64800
-1.41300
-0.954000
-0.289000
0.503000
1.32400
1.90600
2.10100
1.94000
1.66600
1.34400
1.04100
0.728000
0.342000
-6.90000E-02
-0.528000
-0.983000
-1.35500
-1.65800
-1.90200
-2.08300
-2.15600
-2.10200
-1.88300
-1.36900
-0.670000
0.141000
1.02100
1.83200
2.48800
2.83000
2.74700
2.20400
1.43200
0.650000
1.40000E-02
-0.436000
-0.656000
-0.700000
-0.905000
-1.01200
-1.14900
-1.35500
-1.55500
-1.63300
-1.57900
-1.39900
-1.08100
-0.524000
0.229000
1.06500
1.74900
2.12100
2.00800
1.39300
0.464000
-0.318000
-0.910000
-1.08600
-0.753000
-0.274000
0.464000
1.39300
2.22400
2.55600
2.21900
1.42200
0.478000
-0.382000
-1.18800
-1.91200
-2.40100
-2.82600
-2.94300
-2.75700
-2.20500
-1.22700
4.00000E-03
1.18200
2.22400
3.07900
3.50900
3.77300
3.40600
1.90100
0.249000
-1.01700
-1.77000
-2.37100
-2.54700
-2.61100
-2.23400
-1.64800
-1.10500
-0.616000
-0.216000
3.40000E-02
0.141000
0.288000
0.503000
0.894000
1.36300
1.66100
1.62200
1.43200
1.13800
0.434000
-0.362000
-1.06600
-1.53500
-1.89200
-2.18600
-2.14600
-1.77000
-1.19300
-0.362000
0.684000
1.86200
2.76100
3.01500
2.58500
1.64700
0.420000
-0.734000
-1.72100
-2.49400
-2.77200
-2.89900
-2.57200
-1.97500
-1.19800
-0.304000
0.527000
1.24600
1.82300
2.20400
2.26800
1.94500
1.07000
1.40000E-02
-0.895000
-1.46200
-1.66700
-1.51100
-1.16400
-0.548000
0.171000
0.689000
0.728000
0.425000
-4.90000E-02
-0.519000
-0.773000
-0.876000
-0.876000
-0.817000
-0.538000
-0.113000
0.205000
0.361000
0.420000
0.337000
8.30000E-02
-0.279000
-0.572000
-0.792000
-0.978000
-1.01700
-0.797000
-0.387000
6.80000E-02
0.537000
1.07500
1.54900
1.91100
2.11600
1.98900
1.49500
0.738000
-2.50000E-02
-0.812000
-1.52600
-1.98500
-2.27400
-2.35700
-2.23900
-1.89200
-1.31500
-0.533000
0.259000
1.19700
2.24300
3.20100
3.47500
3.14700
2.37000
1.35300
0.337000
-0.543000
-1.14400
-1.22300
-1.32000
-1.26700
-1.05200
-0.690000
-0.279000
4.30000E-02
0.234000
0.342000
0.454000
0.635000
0.953000
1.39300
1.84200
2.09200
2.00400
1.67100
0.967000
1.02000E-01
-0.700000
-1.31500
-1.64800
-1.63300
-1.35900
-0.968000
-0.568000
-0.250000
5.30000E-02
0.366000
0.772000
1.23100
1.74900
2.33100
2.79100
2.80000
1.99900
0.518000
-0.949000
-2.08300
-2.94300
-3.38300
-3.44700
-3.19300
-2.53800
-1.35900
0.166000
1.71000
2.79100
3.15200
2.76100
1.78400
0.620000
-0.382000
-1.17400
-1.85800
-2.18600
-2.28300
-2.12700
-1.59400
-0.900000
-8.90000E-02
0.703000
1.22100
1.30500
1.13800
0.796000
0.420000
0.131000
-4.50000E-02
-0.221000
-0.181000
-0.113000
4.00000E-03
-4.50000E-02
-0.167000
-5.90000E-02
3.40000E-02
-4.50000E-02
-0.191000
-0.357000
-0.558000
-0.734000
-0.929000
-1.03200
-0.924000
-0.602000
-0.137000
0.322000
0.733000
1.08000
1.35300
1.60300
1.85200
2.02300
1.94500
1.65200
1.08500
0.376000
-0.309000
-0.934000
-1.46200
-1.82400
-1.95600
-1.83900
-1.53500
-1.12500
-0.592000
7.30000E-02
0.855000
1.50000
1.85700
1.85700
1.64700
1.27500
0.826000
0.288000
-0.221000
-0.592000
-0.797000
-0.880000
-0.807000
-0.636000
-0.323000
0.146000
0.742000
1.38800
2.03300
2.50700
2.49200
1.73000
0.327000
-1.04200
-2.19500
-3.15800
-3.61300
-3.69100
-3.29000
-2.43000
-1.10500
0.791000
2.83000
3.97400
3.86600
2.98600
2.00400
1.12400
0.454000
-0.142000
-0.797000
-1.20800
-1.41300
-1.60900
-1.77000
-1.92700
-1.89200
-1.74600
-1.46200
-1.10000
-0.636000
-4.90000E-02
0.518000
1.06000
1.41200
1.59800
1.71000
1.90600
1.96900
1.81300
1.45600
0.860000
3.40000E-02
-0.905000
-1.69200
-2.31800
-2.69900
-2.72300
-2.57700
-2.42000
-2.23400
-1.86300
-1.16400
-0.186000
0.948000
2.13100
3.28900
3.95400
4.11500
3.31900
1.73000
0.127000
-1.12500
-1.98000
-2.59600
-2.68400
-2.70900
-2.41500
-1.94600
-1.55500
-1.29600
-1.13000
-1.01200
-0.792000
-0.338000
0.400000
1.39300
2.49700
3.27900
3.37700
2.59500
1.28000
-8.90000E-02
-1.32000
-2.20500
-2.79200
-2.88000
-2.77200
-2.35700
-1.75100
-0.905000
2.40000E-02
0.816000
1.47100
1.91100
2.08200
1.96400
1.68100
1.20700
0.532000
-0.167000
-0.880000
-1.43800
-1.89700
-2.14200
-2.01000
-1.67700
-1.20300
-0.538000
0.107000
0.718000
1.28500
1.74500
2.09600
2.26300
2.21900
2.00400
1.61300
0.953000
6.30000E-02
-0.885000
-1.64800
-2.12200
-2.36600
-2.36200
-2.08800
-1.57000
-0.690000
0.420000
1.55900
2.40000
2.74200
2.60500
2.20400
1.63700
1.12900
0.640000
0.127000
-0.289000
-0.348000
-0.455000
-0.475000
-0.499000
-0.480000
-0.577000
-0.758000
-0.836000
-0.817000
-0.695000
-0.480000
-3.00000E-02
0.532000
1.24100
1.84200
2.39000
2.86900
2.98100
2.61900
1.86200
0.894000
-6.40000E-02
-0.944000
-1.73100
-2.37100
-2.94300
-3.18300
-3.17300
-2.99700
-2.51300
-1.65300
-0.460000
1.00200
2.67300
4.19800
5.57200
5.35200
3.50900
1.37800
-0.543000
-1.94100
-3.01700
-3.74500
-4.07700
-4.17000
-3.96000
-3.51000
-2.86000
-2.00000
-1.04200
-0.128000
0.713000
1.67100
2.68300
3.41600
3.45500
2.90800
1.82800
0.498000
-0.748000
-1.74100
-2.47900
-2.70400
-2.70900
-2.46900
-1.86300
-1.12000
-0.489000
-9.30000E-02
5.30000E-02
0.146000
0.283000
0.420000
0.503000
0.650000
0.865000
1.12900
1.32400
1.37800
1.18200
0.757000
0.171000
-0.465000
-1.06600
-1.49100
-1.90700
-2.23900
-2.25900
-1.93100
-1.46200
-0.876000
-1.00000E-02
1.05500
2.25800
3.29400
3.69000
3.68000
2.84900
1.56900
0.268000
-0.773000
-1.61400
-2.34200
-2.70400
-2.99700
-2.86000
-2.40600
-1.80900
-1.18400
-0.343000
0.669000
1.62700
2.24300
2.50700
2.61000
2.56100
2.29700
1.69100
0.962000
0.259000
-0.431000
-1.08100
-1.43800
-1.77000
-1.95100
-1.91200
-1.67700
-1.52100
-1.32000
-0.964000
-0.499000
-4.90000E-02
0.415000
0.962000
1.44100
1.74000
1.86700
1.81800
1.65200
1.35300
0.948000
0.469000
0.107000
-6.90000E-02
-0.235000
-0.411000
-0.719000
-1.14900
-1.61900
-1.95600
-2.04400
-2.00500
-1.86800
-1.59900
-1.14900
-0.524000
0.195000
1.12900
2.21900
3.41100
4.03700
4.11000
3.06400
1.65700
0.190000
-1.02700
-1.95600
-2.65000
-2.91900
-3.11400
-2.87000
-2.29300
-1.57000
-0.714000
0.107000
0.791000
1.09400
0.845000
0.464000
0.249000
0.190000
0.146000
9.70000E-02
0.239000
0.532000
0.874000
1.21700
1.41200
1.46100
1.31900
0.855000
0.327000
-5.90000E-02
-0.406000
-0.724000
-1.03700
-1.28100
-1.37900
-1.38900
-1.35000
-1.28600
-1.23700
-1.23700
-1.17400
-1.06600
-0.861000
-0.548000
-1.03000E-01
0.430000
1.12900
1.78900
2.14000
2.00800
1.56900
0.933000
0.288000
-0.225000
-0.636000
-0.910000
-0.988000
-0.929000
-0.719000
-0.524000
-0.348000
-0.235000
-0.206000
-0.294000
-0.372000
-0.406000
-0.465000
-0.602000
-0.700000
-0.577000
-0.167000
0.322000
0.674000
0.835000
0.972000
1.08900
1.16300
1.08500
0.850000
0.478000
0.127000
-7.40000E-02
-0.201000
-0.191000
-4.50000E-02
0.127000
0.249000
0.185000
4.30000E-02
-9.30000E-02
-0.250000
-0.421000
-0.519000
-0.421000
-0.216000
0.122000
0.581000
1.02100
1.29500
1.30000
1.08900
0.733000
0.322000
-0.133000
-0.641000
-1.02200
-1.12000
-0.866000
-0.318000
0.400000
1.03600
1.43200
1.59800
1.65700
1.52900
1.18700
0.703000
0.244000
-1.03000E-01
-0.392000
-0.524000
-0.582000
-0.602000
-0.656000
-0.748000
-0.871000
-0.910000
-0.748000
-0.475000
-0.162000
9.20000E-02
0.395000
0.757000
1.12400
1.43700
1.76400
2.05700
2.18000
1.89100
1.26100
0.303000
-0.832000
-1.98500
-2.90900
-3.38800
-3.46600
-3.08500
-2.31800
-1.29100
4.80000E-02
1.40700
2.54600
2.91800
2.45800
1.71000
0.948000
0.322000
-0.265000
-0.797000
-0.993000
-0.846000
-0.773000
-0.612000
-0.397000
-0.172000
-1.50000E-02
-0.191000
-0.641000
-1.21800
-1.64800
-1.76500
-1.55500
-1.11000
-0.499000
0.239000
1.13800
2.02300
2.55100
2.45300
1.91100
1.32400
0.650000
6.30000E-02
-0.480000
-1.17900
-1.89200
-2.70900
-3.27600
-3.39800
-3.01200
-2.25400
-1.26200
2.90000E-02
1.67600
3.60200
5.20500
4.42300
2.55600
0.928000
-0.382000
-1.35900
-2.20500
-2.60100
-2.82600
-2.80100
-2.57200
-2.10200
-1.48700
-0.797000
-3.50000E-02
0.679000
1.55900
2.57500
3.49000
3.81200
3.65100
2.75100
1.60800
0.224000
-1.06600
-2.24900
-3.07500
-3.51500
-3.72000
-3.59300
-3.13400
-2.32700
-1.26700
3.40000E-02
1.15800
2.00800
2.58500
2.94200
3.05900
2.83000
2.18900
1.33400
0.483000
-0.142000
-0.592000
-0.988000
-1.35000
-1.71600
-2.00000
-2.14600
-2.11700
-1.88300
-1.45700
-0.846000
-9.30000E-02
0.562000
1.01100
1.20700
1.26500
1.30500
1.39300
1.49000
1.48100
1.30500
0.953000
0.498000
4.80000E-02
-0.387000
-0.817000
-1.21800
-1.53500
-1.72100
-1.81400
-1.76500
-1.43300
-0.910000
-0.206000
0.547000
1.20200
1.67600
1.92500
1.84200
1.41700
0.713000
-4.50000E-02
-0.704000
-1.11000
-1.25200
-1.41300
-1.37400
-0.988000
-0.499000
-3.00000E-02
0.444000
1.00200
1.49000
1.73500
1.55900
0.967000
0.224000
-0.406000
-0.885000
-1.16900
-1.22300
-1.25700
-1.14400
-0.959000
-0.846000
-0.734000
-0.445000
6.30000E-02
0.694000
1.39700
2.06200
2.38000
2.05700
1.31400
0.434000
-0.426000
-1.27100
-1.94100
-2.38600
-2.69400
-2.55700
-2.03900
-1.21800
-6.90000E-02
1.08000
2.01800
2.42900
2.12600
1.46100
0.855000
0.508000
0.244000
-3.50000E-02
-0.353000
-0.465000
-0.700000
-0.866000
-0.968000
-1.10000
-1.18800
-1.18800
-1.07100
-0.866000
-0.519000
-5.00000E-03
0.654000
1.48500
2.03800
2.02300
1.47600
0.718000
0.127000
-0.250000
-0.387000
-0.543000
-0.729000
-0.890000
-1.06600
-1.20300
-1.18800
-1.03200
-0.778000
-0.426000
4.00000E-03
0.346000
0.654000
0.918000
1.15800
1.25600
1.05000
0.615000
0.107000
-0.333000
-0.665000
-0.876000
-0.905000
-0.827000
-0.514000
4.80000E-02
0.610000
0.962000
0.923000
0.571000
6.80000E-02
-0.533000
-1.10500
-1.46200
-1.57900
-1.45200
-0.993000
-0.201000
0.835000
2.07200
3.07400
3.37700
2.93700
2.02300
0.855000
-0.318000
-1.29600
-2.12700
-2.52800
-2.82100
-2.89400
-2.78700
-2.53300
-1.94100
-1.18800
-0.309000
0.679000
1.71000
2.66800
3.37700
3.37200
2.60500
1.57800
0.615000
-8.40000E-02
-0.748000
-1.23700
-1.35500
-1.70700
-1.58900
-1.33500
-0.988000
-0.558000
-8.90000E-02
0.376000
0.865000
1.19700
1.25600
0.967000
0.288000
-0.558000
-1.32000
-1.75500
-1.67700
-1.22700
-0.294000
0.894000
2.16000
2.97100
2.95200
2.47300
1.72500
0.757000
-0.260000
-1.15900
-1.94600
-2.43000
-2.75300
-2.55700
-2.08800
-1.47200
-0.690000
4.80000E-02
0.625000
1.03100
1.21700
1.24100
1.18200
1.16300
1.14800
1.12400
1.06500
0.997000
0.835000
0.434000
-1.50000E-02
-0.343000
-0.597000
-1.00300
-1.50100
-1.77500
-1.77000
-1.33500
-0.651000
1.90000E-02
0.532000
0.943000
1.34400
1.73000
2.02800
2.10100
1.90600
1.53400
1.05000
0.503000
-3.00000E-02
-0.597000
-0.988000
-1.19300
-1.23700
-1.14000
-0.788000
-0.348000
2.90000E-02
0.322000
0.591000
0.796000
0.923000
0.904000
0.738000
0.498000
0.263000
4.80000E-02
-0.133000
-0.221000
-0.162000
-3.00000E-02
3.40000E-02
0.205000
0.405000
0.532000
0.620000
0.532000
0.210000
-0.167000
-0.450000
-0.568000
-0.631000
-0.690000
-0.700000
-0.597000
-0.480000
-0.460000
-0.489000
-0.489000
-0.504000
-0.524000
-0.494000
-0.441000
-0.382000
-0.235000
1.02000E-01
0.669000
1.36300
1.89100
1.96400
1.53900
0.767000
-5.00000E-03
-0.709000
-1.24700
-1.59400
-1.64300
-1.61400
-1.48200
-1.38900
-1.33500
-1.23200
-0.998000
-0.616000
-0.142000
0.283000
0.738000
1.16800
1.28500
0.992000
0.537000
0.166000
3.40000E-02
4.30000E-02
3.40000E-02
0.215000
0.478000
0.713000
0.909000
0.909000
0.601000
6.30000E-02
-0.587000
-1.25700
-1.82900
-2.19000
-2.28800
-2.17600
-1.97100
-1.66700
-1.17900
-0.494000
0.273000
1.25600
2.55600
4.11000
5.60100
4.53100
2.08700
-2.00000E-02
-1.65800
-2.62600
-3.22200
-3.21200
-2.97300
-2.45400
-1.86300
-1.14000
-0.357000
0.303000
0.816000
1.08900
1.12400
1.02600
0.958000
0.933000
0.943000
0.855000
0.694000
0.478000
6.30000E-02
-0.377000
-0.778000
-1.05200
-1.10500
-0.827000
-0.357000
0.234000
0.923000
1.52500
1.64700
1.39700
0.933000
0.381000
-0.172000
-0.797000
-1.32500
-1.51100
-1.51100
-1.37400
-1.14400
-0.792000
-0.406000
-3.50000E-02
0.122000
0.205000
0.215000
0.234000
0.410000
0.786000
1.38300
2.13600
2.71200
2.53600
1.41700
-0.137000
-1.58900
-2.57700
-3.13900
-3.11400
-2.86500
-2.16100
-1.16400
5.30000E-02
1.10900
1.83200
2.04800
1.73500
1.14800
0.493000
-4.00000E-02
-0.484000
-0.739000
-0.807000
-0.929000
-0.753000
-0.328000
4.30000E-02
0.434000
0.962000
1.26100
1.30000
1.14300
0.821000
0.454000
1.02000E-01
-0.299000
-0.788000
-1.24200
-1.59400
-1.79500
-1.79000
-1.43300
-0.856000
-4.50000E-02
0.850000
1.65700
2.16500
2.09600
1.53900
0.698000
-6.90000E-02
-0.783000
-1.22300
-1.19300
-0.866000
-0.309000
0.249000
0.747000
1.12400
1.23600
1.12400
0.933000
0.747000
0.650000
0.576000
0.420000
0.136000
-0.186000
-0.509000
-0.885000
-1.30100
-1.67200
-1.84800
-1.75100
-1.47700
-0.880000
5.30000E-02
1.28500
2.43400
3.15700
3.49400
3.38700
2.56600
1.40700
7.30000E-02
-1.10500
-1.98500
-2.57200
-2.72300
-2.75300
-2.56700
-2.23000
-1.72100
-1.01700
-0.235000
0.532000
1.31400
2.02300
2.59500
2.86900
2.67800
2.09600
1.36800
0.669000
4.30000E-02
-0.441000
-0.753000
-0.905000
-1.14900
-1.23700
-1.30100
-1.32000
-1.28100
-1.11000
-0.719000
-9.80000E-02
0.620000
1.30000
1.43700
1.02600
0.405000
-6.40000E-02
-0.426000
-0.494000
-0.147000
0.498000
1.41700
2.38500
2.75100
2.33100
1.24100
5.30000E-02
-0.983000
-1.90200
-2.64500
-3.03600
-3.48600
-3.59800
-3.31500
-2.67400
-1.54500
-1.03000E-01
1.37300
2.71200
3.21600
2.89300
2.32100
1.69600
0.972000
1.02000E-01
-0.822000
-1.57500
-2.01400
-2.32200
-2.55700
-2.39600
-1.98500
-1.32000
-0.675000
-0.133000
0.219000
0.459000
0.591000
0.635000
0.532000
0.337000
3.40000E-02
-0.279000
-0.416000
-0.260000
4.80000E-02
0.259000
0.434000
0.493000
0.327000
0.185000
0.127000
0.131000
0.219000
0.366000
0.405000
0.249000
-0.304000
-1.06600
-1.72600
-2.17600
-2.27400
-2.06800
-1.61400
-0.748000
0.400000
1.75400
2.84900
3.49400
3.61200
2.96700
1.65200
0.254000
-0.836000
-1.79500
-2.63500
-3.00700
-3.21200
-2.86000
-2.08300
-0.998000
0.219000
1.31400
2.16500
2.55100
2.43400
2.02300
1.47100
0.791000
8.30000E-02
-0.543000
-0.915000
-0.832000
-0.792000
-0.519000
-0.269000
-9.30000E-02
-6.40000E-02
-0.201000
-0.225000
2.90000E-02
0.498000
1.13300
1.62700
1.86200
1.55400
0.889000
0.263000
-6.90000E-02
-0.128000
-3.50000E-02
6.30000E-02
-3.50000E-02
-0.284000
-0.558000
-0.851000
-1.04200
-1.14000
-1.26700
-1.34500
-1.17900
-0.675000
0.166000
1.30500
2.33100
2.92700
2.99600
2.61000
1.76900
0.889000
0.224000
-0.172000
-0.524000
-0.817000
-1.14000
-1.43800
-1.67200
-1.90200
-2.06300
-2.13700
-1.95600
-1.62800
-1.18400
-0.616000
4.80000E-02
0.840000
1.56900
1.86700
1.82800
1.61300
1.31900
0.972000
0.669000
0.395000
5.30000E-02
-0.279000
-0.675000
-1.08600
-1.42300
-1.68200
-1.75500
-1.71600
-1.63300
-1.39400
-0.968000
-0.333000
0.474000
1.25600
1.53900
1.32900
0.835000
0.224000
-0.431000
-1.11500
-1.65800
-1.71600
-1.47200
-0.983000
-0.284000
0.596000
1.47100
2.16000
2.52700
2.72200
2.75100
2.27700
1.10900
-0.274000
-1.45700
-2.32200
-2.83100
-3.03600
-2.90400
-2.49400
-1.92700
-1.15400
-0.274000
0.532000
1.30500
1.86700
2.21900
2.43900
2.61000
2.60000
2.32100
1.76400
1.11900
0.620000
0.146000
-0.343000
-0.934000
-1.50100
-2.01000
-2.32700
-2.35700
-2.18100
-1.86300
-1.33000
-0.563000
0.395000
1.56400
2.73200
3.49000
3.47000
2.59000
1.31400
0.112000
-0.700000
-1.30100
-1.61400
-1.50600
-1.35500
-1.09100
-0.778000
-0.313000
0.361000
1.12400
1.66100
1.73500
1.42200
0.845000
0.190000
-0.362000
-0.744000
-0.954000
-0.915000
-0.514000
0.122000
0.679000
1.14300
1.47100
1.56900
1.11900
0.395000
-0.279000
-0.924000
-1.39900
-1.55000
-1.35900
-0.836000
-4.50000E-02
0.698000
1.16800
1.16300
0.845000
0.464000
1.02000E-01
-0.196000
-0.514000
-0.714000
-0.807000
-0.744000
-0.577000
-0.431000
-0.323000
-0.250000
-0.201000
-0.201000
-0.186000
-0.157000
-0.172000
-0.221000
-0.318000
-0.387000
-0.382000
-0.279000
-0.177000
-0.269000
-0.431000
-0.543000
-0.514000
-0.323000
-3.00000E-02
0.234000
0.630000
1.02100
1.15800
0.967000
0.542000
7.80000E-02
-0.397000
-0.954000
-1.50100
-1.87300
-2.02400
-2.04400
-1.91700
-1.57900
-1.07600
-0.528000
5.30000E-02
0.698000
1.31900
1.76900
1.98400
2.04800
2.03800
1.86700
1.42200
0.816000
0.229000
-0.186000
-0.538000
-0.934000
-1.30600
-1.59400
-1.80400
-2.00500
-2.12700
-2.05400
-1.89200
-1.65800
-1.29600
-0.709000
0.136000
1.32900
2.83900
4.27700
5.27400
4.53100
2.80500
1.08900
-0.372000
-1.47200
-2.56700
-3.21700
-3.56400
-3.66700
-3.38300
-2.88000
-2.22500
-1.47200
-0.572000
0.263000
1.03600
1.70500
2.21400
2.34100
2.20400
2.15000
2.18400
2.17500
2.03800
1.62700
0.615000
-0.572000
-1.57500
-2.55200
-3.07500
-3.31000
-3.15300
-2.64000
-1.65300
-0.279000
1.13300
2.13600
2.84900
2.91800
2.54100
1.76900
0.938000
0.327000
-2.50000E-02
-0.269000
-0.357000
-0.343000
-0.553000
-0.753000
-1.04700
-1.34500
-1.43300
-1.26200
-0.890000
-0.411000
8.30000E-02
0.630000
1.14800
1.41700
1.43700
1.32400
1.14300
0.938000
0.718000
0.483000
0.171000
-0.181000
-0.538000
-0.905000
-1.23700
-1.50100
-1.68700
-1.77000
-1.63300
-1.23700
-0.626000
0.131000
0.962000
1.60300
1.78900
1.60300
1.14300
0.493000
-9.30000E-02
-0.636000
-1.05600
-1.14400
-0.978000
-0.484000
9.70000E-02
0.562000
0.786000
0.674000
0.263000
-0.348000
-0.993000
-1.50100
-1.66300
-1.45700
-1.18400
-0.577000
0.405000
1.60300
2.56600
2.69300
2.12100
1.12400
8.30000E-02
-0.797000
-1.50100
-1.91200
-1.92200
-1.79000
-1.22300
-0.416000
0.356000
0.953000
1.34900
1.67100
1.88600
1.82800
1.56400
1.01100
0.342000
-0.186000
-0.528000
-0.700000
-0.768000
-0.700000
-0.553000
-0.436000
-0.284000
-7.40000E-02
0.122000
0.307000
0.557000
0.855000
1.09400
1.19200
1.11400
0.914000
0.576000
0.263000
4.80000E-02
-6.90000E-02
-0.201000
-0.348000
-0.475000
-0.543000
-0.475000
-0.255000
9.20000E-02
0.454000
0.747000
0.943000
1.04600
1.08500
1.01100
0.845000
0.552000
0.166000
-0.284000
-0.802000
-1.30100
-1.69200
-1.90200
-1.79900
-1.39900
-0.827000
-0.167000
0.434000
0.865000
0.928000
0.679000
0.307000
3.90000E-02
-6.90000E-02
2.40000E-02
0.346000
0.835000
1.20200
1.20200
0.738000
-0.137000
-1.19800
-2.14600
-2.74800
-2.88500
-2.62100
-1.87300
-0.700000
0.689000
2.02800
2.71700
2.67300
1.94000
0.757000
-0.548000
-1.69200
-2.65000
-3.22200
-3.31500
-3.24100
-2.63500
-1.51600
5.30000E-02
1.69100
2.95700
3.30900
2.77600
1.88600
0.997000
0.268000
-0.309000
-0.768000
-0.949000
-0.812000
-0.910000
-1.12000
-1.44300
-1.67700
-1.67700
-1.61400
-1.37900
-0.983000
-0.475000
4.30000E-02
0.522000
0.967000
1.31900
1.61700
1.80800
1.89100
1.89100
1.81300
1.63200
1.26100
0.752000
0.219000
-0.289000
-0.812000
-1.39900
-1.92700
-2.31300
-2.47900
-2.43000
-2.25900
-1.86300
-1.10500
-6.40000E-02
1.10900
2.44800
3.61700
4.37400
4.47700
4.04200
2.79100
1.19700
-0.323000
-1.57000
-2.63000
-3.10500
-3.59300
-3.70600
-3.41300
-2.86500
-1.89200
-0.641000
0.845000
2.63400
4.04200
4.49200
3.99800
2.94200
1.86200
0.962000
0.317000
-0.401000
-1.04700
-1.46700
-2.05400
-2.55700
-2.76200
-2.62600
-2.26900
-1.84800
-1.27100
-0.367000
0.772000
2.21900
3.69500
4.35000
3.75800
2.56600
1.33900
0.249000
-0.616000
-1.59400
-2.12700
-2.35200
-2.42500
-2.12200
-1.73600
-1.40300
-0.993000
-0.524000
-2.00000E-02
0.342000
0.654000
0.977000
1.42200
1.90100
2.06700
1.74900
1.09400
0.376000
-0.377000
-1.00800
-1.32000
-1.28100
-1.12500
-0.895000
-0.700000
-0.455000
-0.167000
6.80000E-02
0.166000
6.30000E-02
-7.40000E-02
-0.318000
-0.514000
-0.641000
-0.680000
-0.660000
-0.445000
8.30000E-02
0.791000
1.31900
1.43700
1.13800
0.571000
2.90000E-02
-0.499000
-0.924000
-1.21800
-1.32500
-1.36400
-1.19800
-0.792000
-0.357000
4.30000E-02
0.395000
0.718000
0.928000
0.928000
0.757000
0.474000
0.122000
-0.225000
-0.475000
-0.528000
-0.416000
-0.260000
-0.211000
-0.279000
-0.382000
-0.421000
-0.406000
-0.299000
-7.40000E-02
0.166000
0.503000
0.874000
1.12400
1.06000
0.747000
0.268000
-0.186000
-0.626000
-1.04700
-1.42300
-1.60900
-1.51100
-1.20300
-0.685000
5.30000E-02
0.914000
1.77400
2.40000
2.38000
1.90600
1.30000
0.757000
0.346000
7.80000E-02
-0.201000
-0.392000
-0.685000
-0.885000
-0.993000
-1.10000
-1.08100
-0.812000
-0.357000
9.20000E-02
0.434000
0.601000
0.542000
0.327000
7.80000E-02
-9.30000E-02
-0.240000
-0.284000
-0.265000
-1.03000E-01
0.180000
0.630000
1.10900
1.44100
1.55400
1.33900
0.767000
-1.50000E-02
-0.851000
-1.51600
-1.96600
-2.21500
-2.20500
-2.02900
-1.96100
-1.84800
-1.41800
-0.631000
0.332000
1.33400
2.07700
2.30200
2.04300
1.44600
0.767000
1.02000E-01
-0.494000
-1.01700
-1.43800
-1.63300
-1.76000
-1.57500
-1.23700
-0.832000
-0.382000
4.80000E-02
0.298000
0.259000
5.30000E-02
-0.245000
-0.577000
-0.876000
-1.01200
-0.924000
-0.763000
-0.519000
-0.186000
0.244000
0.806000
1.33400
1.64200
1.67100
1.41700
0.938000
0.371000
-0.167000
-0.778000
-1.39900
-1.95600
-2.43000
-2.66500
-2.59600
-2.35700
-1.96100
-1.32000
-0.450000
0.571000
1.78400
2.98100
3.68500
3.84200
3.29900
2.09600
0.718000
-0.460000
-1.27100
-1.84800
-2.01900
-2.26400
-2.19500
-1.87800
-1.28100
-0.441000
0.444000
1.17700
1.59800
1.73000
1.72000
1.58300
1.24600
0.669000
0.136000
-9.80000E-02
-0.108000
-3.00000E-02
0.141000
0.444000
0.855000
1.34400
1.52500
1.39300
1.03100
0.532000
9.20000E-02
-0.245000
-0.460000
-0.636000
-0.719000
-0.641000
-0.465000
-0.245000
9.20000E-02
0.610000
1.30500
1.96000
2.29200
2.14000
1.64200
0.953000
0.293000
-0.191000
-0.543000
-0.783000
-0.949000
-0.841000
-0.465000
2.40000E-02
0.434000
0.679000
0.757000
0.698000
0.571000
0.474000
0.395000
0.317000
0.210000
6.80000E-02
-4.00000E-02
-0.162000
-0.279000
-0.362000
-0.436000
-0.441000
-0.367000
-0.260000
-1.50000E-02
0.346000
0.948000
1.59300
2.11600
2.40000
2.08200
1.06500
-0.245000
-1.41800
-2.38100
-3.12400
-3.40800
-3.41300
-3.22200
-2.79200
-2.01000
-0.768000
0.738000
2.12100
2.82500
2.72200
2.42900
1.98900
1.47600
0.860000
0.136000
-0.543000
-1.10000
-1.37400
-1.68200
-1.82900
-1.75100
-1.64300
-1.48200
-1.23700
-0.871000
-0.538000
-0.426000
-0.543000
-0.753000
-0.949000
-1.08600
-1.00800
-0.563000
0.337000
1.69100
3.37700
4.44800
3.46000
1.56900
-0.162000
-1.44300
-2.31800
-3.02100
-3.19700
-3.26100
-3.14400
-2.88900
-2.35200
-1.45700
-0.304000
0.708000
1.47100
1.98400
2.27700
2.25800
1.88100
1.22600
0.483000
-6.90000E-02
-0.480000
-0.768000
-0.802000
-0.993000
-0.983000
-0.949000
-0.910000
-0.748000
-0.372000
0.239000
0.962000
1.41700
1.45600
1.14300
0.454000
-0.260000
-0.827000
-1.15900
-1.21300
-1.17400
-0.827000
-0.240000
0.332000
0.742000
0.967000
1.12900
1.20700
1.12900
0.816000
0.303000
-0.128000
-0.338000
-0.318000
-0.260000
-1.03000E-01
2.90000E-02
9.70000E-02
0.141000
0.141000
4.80000E-02
-0.113000
-0.362000
-0.509000
-0.484000
-0.348000
-0.162000
1.40000E-02
0.195000
0.356000
0.454000
0.425000
0.386000
0.439000
0.488000
0.356000
5.30000E-02
-0.167000
-0.147000
8.70000E-02
0.376000
0.679000
0.835000
0.703000
0.146000
-0.602000
-1.29600
-1.90200
-2.26400
-2.11700
-1.70200
-1.03200
-7.40000E-02
0.786000
1.45100
1.85700
1.94500
1.69100
1.03100
0.259000
-0.304000
-0.675000
-0.890000
-0.768000
-0.460000
-4.50000E-02
0.229000
0.503000
0.733000
0.733000
0.337000
-0.338000
-1.13000
-1.87800
-2.37600
-2.48400
-2.22000
-1.68700
-0.851000
0.283000
1.53400
2.52700
2.70300
2.35100
1.74900
1.24600
1.00600
0.870000
0.718000
0.542000
0.410000
8.70000E-02
-0.362000
-0.861000
-1.46200
-1.94100
-2.33200
-2.55200
-2.49400
-2.10700
-1.50100
-0.670000
0.346000
1.54900
2.62900
3.07400
2.88800
2.43900
1.88600
1.41700
1.12400
0.962000
0.826000
0.674000
0.425000
-6.90000E-02
-0.548000
-0.915000
-1.14900
-1.20300
-1.20300
-1.31100
-1.42300
-1.46200
-1.27600
-0.939000
-0.572000
-0.333000
5.80000E-02
0.845000
2.21900
3.70500
4.87800
4.76500
3.26000
1.56900
1.90000E-02
-1.22300
-2.03400
-2.48900
-2.49800
-2.56200
-2.49800
-2.23900
-1.89700
-1.55500
-1.26200
-0.836000
-0.206000
0.469000
1.10900
1.54900
1.68600
1.62700
1.59800
1.65200
1.59300
1.53400
1.22600
0.630000
-4.90000E-02
-0.910000
-1.79000
-2.50800
-2.95800
-3.06500
-2.79700
-2.22000
-1.35900
-0.157000
1.06000
1.93000
2.18000
1.98400
1.55900
1.00200
0.434000
7.30000E-02
4.80000E-02
0.254000
0.430000
0.244000
-3.50000E-02
-0.436000
-0.851000
-1.16400
-1.21800
-1.03200
-0.788000
-0.504000
-0.260000
-6.90000E-02
7.80000E-02
0.298000
0.513000
0.640000
0.728000
0.816000
0.830000
0.767000
0.659000
0.503000
0.317000
5.30000E-02
-0.255000
-0.685000
-1.23700
-1.67700
-1.83400
-1.61400
-1.14400
-0.651000
-5.40000E-02
0.650000
1.29500
1.53400
1.48100
1.38800
1.27000
1.12900
0.884000
0.508000
0.171000
-6.40000E-02
-0.406000
-0.934000
-1.58900
-2.07800
-2.46400
-2.63000
-2.40600
-1.87300
-1.14900
-0.186000
0.967000
2.14000
2.92300
3.09900
2.69300
1.74900
0.654000
-0.304000
-1.11500
-1.67700
-1.82400
-1.91200
-1.70700
-1.24200
-0.729000
-0.133000
0.415000
0.826000
1.01100
1.02600
0.850000
0.566000
0.278000
-3.50000E-02
-0.421000
-0.714000
-0.812000
-0.788000
-0.758000
-0.885000
-1.13000
-1.34000
-1.30100
-0.832000
0.166000
1.96000
6.42700
5.26900
3.24500
1.33900
-0.343000
-1.65800
-2.65500
-3.34900
-3.52500
-3.62800
-3.40300
-3.05600
-2.44000
-1.56000
-0.612000
0.263000
1.04600
1.66600
1.95000
1.95000
1.77400
1.57800
1.45600
1.42200
1.43200
1.24100
0.581000
-0.147000
-1.04700
-1.79000
-2.04900
-2.01000
-2.29300
-2.45000
-2.37600
-2.08300
-1.32500
-0.348000
0.571000
1.14800
1.28500
1.11400
0.904000
0.689000
0.557000
0.537000
0.576000
0.488000
0.288000
2.40000E-02
-0.201000
-0.186000
-5.90000E-02
-9.30000E-02
-0.489000
-0.954000
-1.24200
-1.27600
-1.00800
-0.768000
-0.700000
-0.563000
-0.181000
0.342000
1.01600
1.57800
1.89100
2.01800
1.89100
1.55400
1.05500
0.474000
-0.181000
-0.866000
-1.41300
-1.77000
-1.55500
-1.01700
-0.465000
-4.50000E-02
0.278000
0.581000
0.855000
1.22600
1.67600
1.92000
1.80300
1.40700
0.987000
0.679000
0.483000
0.268000
5.30000E-02
-0.284000
-0.597000
-0.568000
-0.367000
-0.133000
4.00000E-03
2.90000E-02
0.293000
0.733000
0.962000
0.933000
0.752000
0.498000
0.342000
0.210000
6.30000E-02
-1.00000E-03
2.40000E-02
7.30000E-02
0.146000
9.20000E-02
3.90000E-02
7.30000E-02
0.185000
0.303000
0.342000
0.454000
0.684000
1.03100
1.32400
1.42200
1.34900
1.10900
0.767000
0.425000
7.30000E-02
-0.421000
-0.959000
-1.45200
-1.97100
-2.43000
-2.69900
-2.68900
-2.35200
-1.86800
-1.12000
8.30000E-02
1.59300
3.10800
3.99800
4.02200
3.19100
1.97900
0.733000
-0.260000
-1.02200
-1.65800
-1.79500
-1.78500
-1.63300
-1.49600
-1.57900
-1.81900
-2.05800
-2.30800
-2.47400
-2.50300
-2.09800
-1.36400
-0.416000
0.777000
2.14500
3.49000
4.36500
4.41300
3.33300
1.98900
0.498000
-0.939000
-2.01900
-2.75300
-2.98700
-3.23200
-3.49100
-3.66700
-3.61300
-3.23200
-2.46900
-1.49600
-0.480000
0.635000
1.81300
2.98600
3.74900
3.62600
2.68800
1.62200
0.606000
-0.426000
-1.25700
-1.87300
-1.92700
-2.00500
-1.96600
-1.58400
-1.14900
-0.387000
0.410000
0.855000
0.733000
0.244000
-0.304000
-0.680000
-0.729000
-0.538000
-0.265000
-1.00000E-03
0.288000
0.796000
1.41200
1.73500
1.52000
1.02600
0.581000
0.259000
6.30000E-02
-0.113000
-0.299000
-0.304000
-0.221000
-0.265000
-0.563000
-0.856000
-1.03200
-1.06600
-1.04200
-0.876000
-0.406000
0.298000
1.04100
1.61300
1.96900
2.02300
1.80800
1.36300
0.767000
6.30000E-02
-0.582000
-1.02700
-1.32000
-1.20300
-0.812000
-0.269000
0.288000
0.562000
0.400000
1.90000E-02
-0.357000
-0.602000
-0.807000
-0.905000
-0.616000
4.80000E-02
0.962000
2.05700
3.01500
2.80500
1.53400
6.80000E-02
-1.12500
-1.98500
-2.52800
-2.45000
-2.02900
-1.41800
-0.519000
0.478000
1.52000
2.44400
2.84900
2.49700
1.78900
0.967000
0.180000
-0.563000
-1.36400
-2.09800
-2.78700
-2.94300
-2.59600
-2.01900
-1.19800
-0.167000
0.928000
2.04300
2.70700
2.77100
2.27200
1.58800
0.962000
0.342000
-0.108000
-0.445000
-0.563000
-0.700000
-0.934000
-1.00800
-1.20300
-1.39900
-1.58900
-1.54000
-1.35500
-1.12000
-0.812000
-0.538000
-0.108000
0.474000
1.12900
1.62700
1.78400
1.67100
1.55400
1.63200
1.65200
1.44100
0.923000
0.190000
-0.514000
-1.06600
-1.53500
-1.89200
-2.10700
-2.13700
-2.07800
-2.06300
-1.96600
-1.70700
-1.27100
-0.616000
4.30000E-02
0.552000
1.18700
2.10100
3.03000
3.43600
3.40600
2.88800
1.94500
0.801000
-0.323000
-1.55000
-2.67400
-3.16300
-3.49600
-3.43700
-3.12400
-2.48900
-1.57900
-0.665000
0.161000
1.12900
1.91100
1.92000
1.53400
1.15300
0.806000
0.606000
0.669000
0.845000
1.01100
1.32900
1.22100
0.870000
0.400000
1.40000E-02
-0.240000
-0.382000
-0.519000
-0.704000
-0.807000
-0.954000
-1.15900
-1.19800
-1.08100
-0.788000
-0.284000
0.337000
1.02100
1.59800
1.83200
1.59800
1.00600
0.224000
-0.489000
-0.954000
-1.09600
-0.768000
-0.167000
0.483000
1.30500
2.09600
2.55100
2.32100
1.64700
0.884000
0.234000
-0.201000
-0.577000
-0.856000
-1.28600
-1.69700
-2.06300
-2.23400
-2.23000
-2.07800
-1.79900
-1.22700
-0.289000
0.796000
1.96900
3.04500
3.49900
3.28900
2.50700
1.46100
0.459000
-0.382000
-1.02200
-1.15900
-1.08600
-1.12000
-1.09100
-1.01200
-0.851000
-0.695000
-0.690000
-0.753000
-0.773000
-0.641000
-0.563000
-0.377000
1.40000E-02
0.425000
1.03100
1.69100
2.22400
2.42400
2.17500
1.50000
0.620000
-0.186000
-1.08100
-1.80900
-2.17100
-2.38100
-2.30300
-2.04400
-1.56500
-0.890000
-0.108000
0.635000
1.28500
1.49000
1.20700
0.669000
0.224000
-6.90000E-02
-0.372000
-0.646000
-0.660000
-0.504000
-9.30000E-02
0.342000
0.830000
1.39300
1.75900
1.59800
0.747000
-0.455000
-1.65800
-2.70900
-3.43200
-3.74500
-3.65200
-3.11900
-2.15600
-0.670000
1.25100
3.50900
4.31100
3.90000
3.25000
2.49700
1.59800
0.483000
-0.675000
-1.76000
-2.69900
-3.19700
-3.74500
-4.02400
-3.93600
-3.45200
-2.80600
-1.74600
-0.206000
1.52000
3.14300
4.00300
4.03200
3.33300
2.30200
1.16300
0.141000
-0.695000
-1.41300
-1.79500
-1.92200
-2.09800
-2.24900
-2.04900
-1.65800
-1.14900
-0.504000
0.239000
0.909000
1.16300
0.928000
0.547000
0.268000
0.229000
0.483000
1.12400
1.78900
1.96400
1.54900
0.845000
5.30000E-02
-0.543000
-0.753000
-0.885000
-0.910000
-1.04200
-1.18800
-1.32500
-1.41300
-1.39400
-1.23700
-0.871000
-0.284000
0.454000
1.17700
1.61700
1.71500
1.53400
1.12400
0.777000
0.733000
1.02100
1.44100
1.73500
1.66600
1.29500
0.713000
9.00000E-03
-0.812000
-1.57000
-2.09800
-2.25400
-2.06300
-1.86300
-1.49600
-0.968000
-0.563000
-0.377000
-0.387000
-0.406000
-0.162000
0.439000
1.33900
2.32600
3.41600
4.09600
4.11000
2.89800
1.57300
0.425000
-0.411000
-1.37900
-2.09800
-2.42000
-2.80100
-2.84100
-2.63000
-2.47400
-2.31800
-2.01900
-1.32500
-0.533000
0.151000
0.909000
1.73000
2.52200
2.85400
2.43900
1.71500
1.15800
0.728000
0.361000
4.80000E-02
-0.147000
-3.50000E-02
-0.333000
-0.494000
-0.592000
-0.690000
-0.866000
-1.18400
-1.62800
-1.95600
-2.12700
-1.94100
-1.58900
-1.02700
-3.00000E-02
1.23600
2.55600
3.25500
3.00600
2.45800
1.62700
0.542000
-0.597000
-1.68700
-2.44000
-2.50800
-2.24400
-1.71100
-1.00800
-0.225000
0.478000
1.14300
1.61700
1.80300
1.62700
1.29500
0.909000
0.439000
-1.03000E-01
-0.709000
-1.16900
-1.54000
-1.87300
-2.01000
-1.90700
-1.61400
-0.988000
9.00000E-03
1.34400
3.02500
4.11000
3.70500
2.21900
0.772000
-0.494000
-1.47700
-2.21500
-2.59600
-2.61600
-2.55200
-2.15600
-1.65300
-1.04700
-0.348000
0.376000
1.11900
1.64700
1.83200
1.65200
1.45600
1.26100
0.914000
0.483000
0.219000
5.30000E-02
-4.00000E-02
-0.152000
-0.186000
-0.186000
-0.343000
-0.524000
-0.788000
-1.04700
-1.15900
-1.06600
-0.807000
-0.494000
-0.108000
0.307000
0.777000
1.21700
1.46100
1.54900
1.44600
1.26100
1.02100
0.806000
0.542000
0.210000
-0.221000
-0.690000
-1.06100
-1.37400
-1.72600
-1.92200
-1.79500
-1.45200
-0.832000
4.80000E-02
0.997000
1.76400
2.15500
1.91100
1.19700
0.283000
-0.460000
-0.988000
-1.31500
-1.36400
-1.41300
-1.10500
-0.475000
0.283000
0.909000
1.17300
1.13800
0.962000
0.591000
2.90000E-02
-0.572000
-0.968000
-1.26700
-1.47200
-1.43300
-1.14900
-0.836000
-0.519000
-0.186000
6.30000E-02
0.298000
0.601000
0.972000
1.36300
1.53400
1.40200
1.06500
0.498000
-0.142000
-0.788000
-1.13000
-1.09100
-0.949000
-0.773000
-0.607000
-0.397000
-0.186000
-0.162000
-0.318000
-0.426000
-0.353000
-5.00000E-03
0.317000
0.562000
0.718000
0.894000
1.11900
1.39700
1.59300
1.57300
1.33900
0.884000
0.337000
-0.113000
-0.548000
-0.959000
-1.37900
-1.82400
-2.15600
-2.14600
-1.94100
-1.46200
-0.656000
0.224000
1.08000
1.78400
2.18400
2.17500
1.86700
1.20200
0.307000
-0.494000
-1.04700
-1.29100
-1.16900
-0.944000
-0.323000
0.459000
1.20200
1.43700
1.10400
0.444000
-0.279000
-0.973000
-1.49600
-1.76500
-1.73100
-1.75100
-1.55500
-1.04200
-0.309000
0.459000
1.08900
1.53400
1.85200
2.06200
1.94000
1.57800
1.04100
0.483000
-4.00000E-02
-0.572000
-0.920000
-1.05600
-1.00300
-0.954000
-0.993000
-1.05200
-1.06600
-0.968000
-0.807000
-0.563000
-0.172000
0.283000
0.752000
1.05000
1.14800
1.26100
1.50500
1.80300
2.00800
2.00400
1.79300
1.30500
0.532000
-0.367000
-1.24700
-1.95100
-2.49400
-2.88500
-2.85500
-2.50300
-2.05400
-1.38400
-0.181000
1.31900
2.92300
3.54800
3.29400
2.59500
1.72500
0.786000
-2.50000E-02
-0.773000
-1.32000
-1.39400
-1.40300
-1.18800
-0.704000
-0.113000
0.327000
0.542000
0.532000
0.415000
0.219000
-6.90000E-02
-0.519000
-0.880000
-1.04700
-1.08600
-1.00300
-0.758000
-0.397000
8.70000E-02
0.791000
1.46100
2.09200
2.45300
2.44800
2.04800
1.21700
0.146000
-0.773000
-1.47700
-2.03900
-2.36200
-2.51300
-2.43000
-2.02900
-1.57500
-1.04200
-0.328000
0.454000
1.25600
1.80300
1.83200
1.47600
1.08000
0.806000
0.532000
0.278000
9.20000E-02
3.40000E-02
-1.00000E-02
-4.50000E-02
1.40000E-02
9.20000E-02
1.02000E-01
-2.50000E-02
-0.401000
-0.866000
-1.30100
-1.61400
-1.77000
-1.67200
-1.25700
-0.572000
0.215000
1.07000
1.69100
1.78400
1.47100
1.14800
0.962000
1.04600
1.28000
1.45600
1.51500
1.37800
0.914000
0.190000
-0.533000
-1.23700
-1.90700
-2.53300
-2.80600
-2.60600
-2.03900
-1.38400
-0.592000
0.346000
1.55400
2.92700
4.25700
4.31600
2.29200
0.464000
-1.02700
-2.18100
-2.95800
-3.14400
-2.97300
-2.51800
-1.78500
-0.714000
0.464000
1.65200
2.65900
3.24000
2.86900
1.97900
0.865000
-0.245000
-1.12000
-1.82400
-2.21500
-2.39600
-2.60600
-2.51300
-2.24400
-1.68700
-1.06100
-0.333000
0.498000
1.31400
2.03800
2.60500
2.85900
2.56100
1.92500
0.958000
-4.00000E-02
-0.895000
-1.63800
-2.35700
-2.86000
-3.15800
-3.06100
-2.63000
-1.93100
-1.11500
-0.240000
0.708000
1.67100
2.41900
2.68800
2.52700
1.93000
1.19700
0.434000
-0.357000
-1.10500
-1.53500
-1.55000
-1.56000
-1.25200
-0.836000
-0.514000
-8.90000E-02
0.420000
0.933000
1.29000
1.45100
1.31400
0.786000
2.40000E-02
-0.714000
-1.20300
-1.31500
-1.04700
-0.563000
6.30000E-02
0.816000
1.63700
2.38000
2.67300
2.49700
2.05700
1.40200
0.503000
-0.558000
-1.57500
-2.25900
-2.67000
-2.86500
-2.77200
-2.49800
-2.01000
-1.26200
-4.90000E-02
1.33900
2.60000
3.55800
3.74900
3.48500
2.96700
2.30200
1.50000
0.581000
-0.377000
-1.35500
-2.18600
-2.87000
-3.37300
-3.76400
-3.98000
-3.77400
-3.30500
-2.55700
-1.34500
0.259000
2.03300
3.52900
4.44800
4.91200
4.75100
3.41600
1.82300
0.366000
-0.744000
-1.68700
-2.39600
-2.51800
-2.65000
-2.69400
-2.59600
-2.42000
-2.09800
-1.69200
-1.24200
-0.704000
-3.00000E-02
0.728000
1.62700
2.37000
2.73200
2.77100
2.70700
2.53600
2.19400
1.57800
0.630000
-0.260000
-1.10500
-1.70700
-2.11700
-2.37600
-2.44000
-2.34700
-2.12700
-1.70200
-1.02200
-0.323000
0.224000
0.674000
1.12400
1.63700
2.18400
2.53600
2.61000
2.41400
1.91600
1.24600
0.444000
-0.318000
-0.968000
-1.44300
-1.64800
-1.76500
-1.81900
-1.70200
-1.31500
-0.729000
-0.265000
-6.40000E-02
-3.00000E-02
5.80000E-02
0.278000
0.547000
0.796000
0.982000
1.00600
0.914000
0.830000
0.650000
0.405000
0.278000
0.317000
0.390000
0.366000
0.127000
-0.377000
-0.924000
-1.26700
-1.36400
-1.39400
-1.47700
-1.57500
-1.53500
-1.29600
-0.964000
-0.582000
-0.142000
0.303000
0.777000
1.31900
1.85200
2.21400
2.20400
1.84200
1.24100
0.508000
-0.196000
-0.822000
-1.26200
-1.40800
-1.41300
-1.19800
-0.973000
-0.822000
-0.704000
-0.568000
-0.455000
-0.392000
-0.269000
2.40000E-02
0.288000
0.420000
0.439000
0.395000
0.312000
0.249000
0.229000
0.322000
0.542000
0.782000
0.987000
1.20200
1.43200
1.61700
1.55900
1.08900
0.263000
-0.597000
-1.39900
-2.12700
-2.61100
-2.81600
-2.71400
-2.35200
-1.73100
-0.978000
-4.00000E-02
1.00200
2.15500
3.08400
3.23500
2.84900
2.06200
1.12400
0.205000
-0.543000
-1.03200
-1.07100
-1.01200
-1.00800
-0.885000
-0.714000
-0.509000
-0.377000
-0.450000
-0.670000
-0.876000
-0.924000
-0.748000
-0.475000
-0.133000
0.171000
0.454000
0.679000
0.772000
0.723000
0.640000
0.576000
0.645000
0.830000
0.972000
0.894000
0.459000
-0.318000
-1.23700
-2.06300
-2.59100
-2.71400
-2.59600
-2.20000
-1.46700
-0.436000
0.777000
2.15000
3.21600
3.42600
2.96700
1.85200
0.542000
-0.558000
-1.45700
-2.09300
-2.20500
-2.24400
-2.01000
-1.44300
-0.455000
0.777000
1.92500
2.54100
2.31600
1.60800
0.777000
3.40000E-02
-0.636000
-1.37900
-1.92700
-2.23000
-2.21500
-1.81400
-1.27600
-0.763000
-0.186000
0.464000
1.12400
1.59300
1.92500
2.09600
2.20400
2.26300
2.10100
1.44600
0.439000
-0.548000
-1.44300
-2.27400
-2.76200
-2.86500
-2.55200
-1.88700
-1.14400
-0.392000
0.298000
0.928000
1.48100
1.89100
2.00400
1.82800
1.40700
0.826000
0.259000
-0.142000
-0.357000
-0.382000
-0.255000
4.30000E-02
0.410000
0.786000
0.943000
0.796000
0.537000
0.254000
-5.00000E-03
-0.387000
-0.876000
-1.27600
-1.26200
-0.890000
-0.357000
0.166000
0.625000
1.04100
1.36300
1.46100
1.30500
1.08500
0.830000
0.430000
-8.40000E-02
-0.641000
-1.14000
-1.47200
-1.60400
-1.45700
-0.890000
0.127000
1.53900
3.11300
3.90500
3.54300
2.42400
1.28000
0.215000
-0.675000
-1.53500
-2.37100
-2.87000
-3.25100
-3.32500
-3.19700
-2.80600
-1.93600
-0.612000
1.11900
3.02500
3.80700
3.72400
2.77600
1.59300
0.430000
-0.455000
-1.03200
-1.18800
-0.778000
-0.196000
0.498000
0.694000
0.229000
-0.441000
-1.11000
-1.59900
-2.01900
-2.25400
-2.18100
-1.75100
-1.05200
-5.90000E-02
1.10900
2.17000
2.80500
3.05900
2.92300
2.14000
0.415000
-1.27600
-2.51300
-3.23200
-3.42700
-3.40800
-2.94300
-1.97500
-0.489000
1.39300
2.92700
3.19100
2.62400
1.71000
0.733000
-5.90000E-02
-0.656000
-1.34500
-1.80400
-2.12700
-2.19500
-1.90700
-1.22300
-0.436000
0.376000
1.02100
1.34400
1.36300
0.992000
0.405000
2.90000E-02
-0.216000
-0.470000
-0.651000
-0.719000
-0.788000
-0.812000
-0.685000
-0.411000
4.80000E-02
0.522000
0.821000
0.982000
1.12400
1.26500
1.23100
0.928000
0.503000
0.112000
-0.318000
-0.792000
-1.25200
-1.60900
-1.82900
-1.87800
-1.73600
-1.50100
-1.16900
-0.827000
-0.480000
-2.50000E-02
0.635000
1.54400
2.54600
3.32300
3.46500
3.05500
2.06200
0.782000
-0.460000
-1.59400
-2.45900
-2.83100
-3.16300
-3.12400
-2.76700
-2.08300
-1.20300
-6.90000E-02
1.08900
2.18400
2.83000
2.98600
2.64900
1.76900
0.586000
-0.455000
-1.26200
-1.90700
-2.03900
-2.15600
-1.87300
-1.18400
-7.90000E-02
1.05000
2.01800
2.43900
2.15500
1.45100
0.474000
-0.416000
-1.12500
-1.56500
-1.61900
-1.67700
-1.36400
-0.636000
1.40000E-02
0.620000
1.12900
1.34400
1.32900
1.10900
0.620000
2.40000E-02
-0.548000
-1.02700
-1.32000
-1.45700
-1.34500
-0.964000
-0.406000
0.288000
0.914000
1.34400
1.57800
1.45600
1.10900
0.625000
0.122000
-0.289000
-0.553000
-0.695000
-0.988000
-1.25700
-1.35000
-1.25200
-1.05200
-0.885000
-0.729000
-0.480000
-4.90000E-02
0.444000
0.967000
1.47100
2.00800
2.23300
2.10600
1.79300
1.24100
0.537000
-0.128000
-0.797000
-1.32000
-1.62800
-1.83400
-1.91700
-1.82400
-1.53500
-1.17400
-0.773000
-0.279000
0.244000
0.659000
0.982000
1.34400
1.71000
1.82800
1.69100
1.52900
1.38300
1.25600
1.12400
0.870000
0.557000
3.40000E-02
-0.734000
-1.46700
-1.94100
-2.12700
-2.11700
-2.00500
-1.67200
-0.968000
3.90000E-02
1.23600
2.45800
3.12300
3.11300
2.45800
1.48100
0.478000
-0.328000
-0.944000
-1.28600
-1.22700
-1.22700
-0.832000
-0.397000
-1.50000E-02
0.185000
0.205000
0.195000
0.122000
1.40000E-02
-5.40000E-02
-1.50000E-02
0.107000
0.303000
0.478000
0.738000
1.14800
1.47100
1.49000
1.21200
0.850000
0.346000
-0.245000
-0.827000
-1.36400
-1.85300
-2.21500
-2.37100
-2.23900
-1.79900
-1.08600
-9.80000E-02
0.923000
2.02800
2.96700
3.43100
3.30900
2.53600
1.36800
0.151000
-0.846000
-1.73600
-2.30300
-2.59600
-2.57200
-2.25400
-1.81900
-1.34500
-0.797000
-0.269000
0.171000
0.498000
0.703000
0.894000
1.12400
1.28000
1.22100
0.943000
0.503000
9.20000E-02
-0.265000
-0.558000
-0.792000
-0.641000
-0.328000
-1.00000E-03
0.219000
0.200000
-9.30000E-02
-0.616000
-1.04200
-1.18400
-1.04700
-0.680000
-0.269000
0.259000
0.914000
1.45600
1.48100
0.909000
-9.80000E-02
-1.16400
-1.98000
-2.41000
-2.27400
-1.63300
-0.470000
0.928000
2.25800
2.67800
2.17000
1.30500
0.454000
-0.162000
-0.597000
-0.807000
-0.695000
-0.616000
-0.719000
-0.773000
-0.817000
-0.827000
-0.734000
-0.558000
-0.313000
-4.90000E-02
4.80000E-02
9.70000E-02
0.190000
0.278000
0.317000
0.390000
0.547000
0.694000
0.694000
0.728000
0.865000
0.826000
0.650000
0.346000
-0.118000
-0.665000
-1.12500
-1.40300
-1.42300
-1.28600
-1.05200
-0.714000
-0.397000
6.80000E-02
0.791000
1.59300
2.04300
1.93500
1.46100
0.806000
0.112000
-0.460000
-0.866000
-1.00300
-1.06100
-0.993000
-0.797000
-0.514000
-0.191000
0.127000
0.381000
0.488000
0.439000
0.361000
0.259000
0.122000
4.80000E-02
4.80000E-02
8.70000E-02
0.171000
0.400000
0.845000
1.30500
1.59800
1.46100
0.997000
0.342000
-0.362000
-1.02700
-1.55000
-1.81400
-1.95100
-2.02900
-1.96100
-1.78500
-1.43800
-0.812000
-1.00000E-03
0.816000
1.59800
2.31200
2.83500
2.99600
2.41900
1.39700
0.342000
-0.484000
-1.18800
-1.74100
-2.01900
-2.33700
-2.20000
-1.83900
-1.21800
-0.436000
0.332000
0.923000
1.07000
0.855000
0.483000
0.185000
-3.00000E-02
-0.328000
-0.499000
-0.563000
-0.445000
-0.221000
4.30000E-02
0.312000
0.518000
0.625000
0.542000
0.454000
0.513000
0.816000
1.35300
2.02300
2.55600
2.45300
0.791000
-0.988000
-2.41000
-3.43700
-4.02800
-4.04300
-3.56900
-2.68900
-1.49100
0.141000
1.96900
3.17200
3.64100
3.58200
3.23500
2.80500
2.12100
1.13300
8.70000E-02
-0.900000
-1.69700
-2.12700
-2.52800
-2.52800
-2.25400
-1.89200
-1.34000
-0.641000
0.112000
0.943000
1.56900
1.83200
1.78900
1.51500
1.10400
0.679000
0.234000
-7.40000E-02
-0.191000
-0.260000
-0.397000
-0.436000
-0.382000
-0.343000
-0.401000
-0.514000
-0.660000
-0.778000
-0.778000
-0.626000
-0.382000
9.00000E-03
0.400000
0.791000
1.04100
1.03100
0.728000
0.224000
-0.265000
-0.695000
-0.964000
-0.954000
-0.680000
-0.191000
0.366000
0.928000
1.30500
1.41700
1.18200
0.782000
0.298000
-0.191000
-0.660000
-1.09100
-1.51100
-1.89700
-2.03900
-1.79000
-1.29100
-0.665000
0.127000
1.15800
2.21400
2.77100
2.71200
2.21900
1.49500
0.674000
-0.172000
-1.03200
-1.76500
-2.16600
-2.45000
-2.25900
-1.70700
-0.841000
0.175000
1.27500
2.31200
2.42900
1.43700
0.303000
-0.499000
-0.929000
-1.14400
-0.998000
-0.641000
-6.40000E-02
0.522000
0.850000
0.816000
0.713000
0.513000
0.180000
-7.40000E-02
-0.172000
-0.162000
-0.367000
-0.773000
-1.04700
-0.968000
-0.719000
-0.406000
-5.40000E-02
0.161000
0.376000
0.601000
0.713000
0.679000
0.459000
7.80000E-02
-0.392000
-0.895000
-1.12000
-1.05200
-0.924000
-0.729000
-0.499000
-0.304000
-4.00000E-02
0.166000
0.141000
-6.40000E-02
-0.206000
-0.128000
4.80000E-02
0.307000
0.674000
1.04600
1.22600
1.11900
0.835000
0.376000
-0.201000
-0.734000
-1.12000
-1.42800
-1.69200
-1.79500
-1.83400
-1.75500
-1.41800
-0.861000
-6.40000E-02
0.938000
2.26300
3.33800
3.55800
3.26000
2.45800
1.44600
0.518000
-0.225000
-0.998000
-1.79000
-2.32200
-2.81100
-2.98200
-3.04600
-2.86500
-2.41500
-1.62300
-0.719000
0.131000
1.04100
1.86200
2.37000
2.62400
2.76600
2.79500
2.74700
2.55100
2.05200
1.02100
-0.142000
-1.22700
-2.15600
-2.76700
-3.01200
-2.98200
-2.70900
-2.26900
-1.78500
-1.22700
-0.739000
-0.265000
0.112000
0.576000
1.28000
2.09200
2.86900
3.01500
2.45800
1.60800
0.772000
-7.40000E-02
-0.734000
-1.04700
-1.26700
-1.51600
-1.61400
-1.46200
-1.13000
-0.602000
5.30000E-02
0.757000
1.30000
1.45100
1.18200
0.689000
0.244000
-0.211000
-0.690000
-1.14400
-1.43300
-1.57500
-1.45700
-1.10500
-0.411000
0.659000
1.95500
3.10300
3.39700
2.38000
1.01600
-0.186000
-1.09600
-1.56500
-1.65800
-1.52100
-1.33500
-0.700000
9.00000E-03
0.498000
0.830000
1.08500
1.30000
1.32900
0.982000
0.405000
-4.50000E-02
-0.323000
-0.401000
-0.421000
-0.519000
-0.612000
-0.651000
-0.631000
-0.612000
-0.201000
0.601000
1.50000
2.14000
2.51200
2.59500
2.38500
1.92000
1.18700
0.312000
-0.436000
-1.13000
-1.75100
-2.33700
-2.57200
-2.45900
-2.15100
-1.68700
-1.05200
-0.221000
0.718000
1.59300
2.21900
2.72700
3.05500
3.14300
2.72200
1.83200
0.874000
4.30000E-02
-0.753000
-1.45700
-1.91700
-2.46900
-2.81100
-2.99700
-2.84100
-2.39100
-1.65300
-0.792000
0.146000
1.16800
1.92500
2.25300
2.19400
1.81300
1.18700
0.537000
0.185000
3.40000E-02
-0.142000
-0.406000
-0.543000
-0.602000
-0.778000
-1.07100
-1.30600
-1.49600
-1.64300
-1.62800
-1.44700
-1.14000
-0.602000
2.40000E-02
0.483000
0.796000
0.953000
0.987000
1.01100
0.967000
0.972000
1.10400
1.30500
1.46600
1.24100
0.620000
-0.113000
-0.885000
-1.45700
-1.82400
-2.09300
-2.35700
-2.45000
-2.32200
-2.04900
-1.65800
-1.07100
-0.348000
0.469000
1.45600
2.47300
3.03500
3.19100
2.87900
2.06700
1.05000
9.20000E-02
-0.670000
-1.28100
-1.80400
-2.21500
-2.47900
-2.33200
-2.14600
-2.09800
-1.95100
-1.63800
-1.17900
-0.509000
0.244000
1.02100
1.78400
2.31200
2.44800
2.25300
1.93000
1.50000
0.791000
7.80000E-02
-0.470000
-0.660000
-0.876000
-1.14900
-1.25700
-1.15900
-0.988000
-0.807000
-0.675000
-0.651000
-0.753000
-0.885000
-0.885000
-0.680000
-0.494000
-0.245000
0.185000
0.791000
1.43700
1.90100
2.12600
2.00800
1.50000
0.865000
0.205000
-0.519000
-1.26200
-1.69200
-1.97100
-2.02900
-1.88300
-1.58900
-1.08100
-0.504000
9.00000E-03
0.381000
0.698000
0.953000
1.00200
0.874000
0.689000
0.498000
0.263000
0.151000
0.254000
0.518000
0.914000
1.22100
1.22100
1.12900
0.894000
0.405000
-0.108000
-0.519000
-0.695000
-0.753000
-0.758000
-0.631000
-0.406000
-0.162000
3.40000E-02
0.219000
0.303000
0.185000
2.90000E-02
-9.30000E-02
-7.90000E-02
0.171000
0.845000
1.74900
2.59000
3.07900
2.94200
1.82300
0.356000
-0.895000
-1.76500
-2.40100
-2.58600
-2.71800
-2.50800
-1.94600
-1.16400
-0.318000
0.552000
1.36300
1.83200
1.87200
1.62200
1.20200
0.698000
1.02000E-01
-0.416000
-0.768000
-0.812000
-0.827000
-0.983000
-1.08600
-1.11500
-0.934000
-0.651000
-0.289000
0.151000
0.498000
0.601000
0.503000
0.303000
7.30000E-02
-0.133000
-0.416000
-0.680000
-0.866000
-0.827000
-0.587000
-0.260000
9.20000E-02
0.439000
0.791000
1.10900
1.34400
1.37300
1.10900
0.464000
-0.343000
-1.08600
-1.66700
-2.11200
-2.38100
-2.32200
-2.01000
-1.43300
-0.597000
0.327000
1.39300
2.53600
3.34800
3.71000
3.74400
2.91800
1.68100
0.307000
-0.871000
-1.92700
-2.78200
-3.22200
-3.53500
-3.31000
-2.78700
-2.08300
-1.51600
-0.744000
0.268000
1.41200
2.47800
3.52400
4.33500
6.15400
4.70200
2.61000
0.650000
-1.07600
-2.37100
-3.15300
-3.42700
-3.56400
-3.21700
-2.78700
-2.14200
-1.30100
-0.504000
0.366000
1.03100
1.57800
2.02300
2.59000
2.82500
2.72200
2.41900
1.76400
0.933000
0.151000
-0.636000
-1.30100
-1.64300
-1.77000
-1.52600
-1.08600
-0.602000
-3.50000E-02
0.522000
0.894000
0.967000
0.791000
0.576000
0.171000
-0.245000
-0.509000
-0.807000
-1.16900
-1.30100
-1.10000
-0.792000
-0.382000
0.327000
1.05000
1.42200
1.31400
0.826000
0.278000
-0.118000
-0.460000
-0.597000
-0.445000
-0.142000
0.171000
0.434000
0.542000
0.346000
-5.90000E-02
-0.489000
-0.768000
-1.05600
-1.24700
-1.26200
-1.05200
-0.753000
-0.612000
-0.528000
-0.445000
-0.328000
-9.80000E-02
0.180000
0.708000
1.28000
1.65200
1.74900
1.48500
0.953000
0.434000
3.40000E-02
-0.397000
-0.832000
-1.20300
-1.53500
-1.74100
-1.89200
-1.91200
-1.62800
-1.10000
-0.416000
0.303000
1.03100
1.70500
2.22400
2.40000
2.16500
1.65700
1.05000
0.425000
-0.206000
-0.949000
-1.57900
-2.06800
-2.34200
-2.40100
-2.25900
-1.79000
-1.00800
-4.90000E-02
0.845000
1.64700
2.21400
2.52700
2.72700
2.63400
2.18000
1.43700
0.689000
2.40000E-02
-0.660000
-1.29600
-1.73100
-2.22000
-2.49400
-2.67000
-2.71800
-2.56700
-2.02900
-1.28600
-0.494000
0.205000
0.874000
1.56400
2.17500
2.54100
2.80000
2.83900
2.70300
2.30200
1.52000
0.464000
-0.509000
-1.50100
-2.30300
-2.78200
-3.29000
-3.60300
-3.59300
-3.21700
-2.61100
-1.61900
-0.548000
0.474000
1.43200
2.21900
2.70700
2.92300
2.63900
2.12600
1.53900
0.982000
0.337000
-0.206000
-0.670000
-0.876000
-1.16400
-1.34500
-1.48200
-1.62800
-1.53500
-1.26200
-0.910000
-0.519000
-4.00000E-02
0.439000
1.00200
1.58800
2.08200
2.37500
2.29700
1.94500
1.07500
3.90000E-02
-0.993000
-1.88300
-2.37100
-2.68900
-2.74800
-2.52300
-2.01000
-1.23700
4.00000E-03
1.45100
2.89800
3.70500
3.78300
3.17700
2.08200
0.962000
-5.00000E-03
-0.924000
-1.69700
-2.08300
-2.56700
-2.83600
-2.81600
-2.66000
-2.36200
-1.92200
-1.29600
-0.636000
6.80000E-02
0.938000
1.97900
3.10300
3.81700
3.88600
3.18200
2.02800
0.694000
-0.343000
-1.23700
-1.89200
-2.06800
-2.26400
-2.02900
-1.69200
-1.30100
-0.812000
-0.255000
6.80000E-02
-1.00000E-02
-0.269000
-0.318000
-0.191000
5.30000E-02
0.542000
1.28000
2.08200
2.68800
2.76100
2.04800
0.972000
-2.50000E-02
-0.748000
-1.21800
-1.34000
-1.14400
-0.827000
-0.563000
-0.309000
-4.90000E-02
9.20000E-02
0.171000
6.80000E-02
-8.90000E-02
-0.206000
-7.90000E-02
0.200000
0.562000
0.953000
1.35800
1.69100
1.79800
1.65700
1.17700
0.552000
1.02000E-01
-0.167000
-0.441000
-0.616000
-0.646000
-0.572000
-0.406000
-0.250000
-0.142000
-2.50000E-02
3.90000E-02
4.80000E-02
-3.00000E-02
-0.235000
-0.406000
-0.377000
-9.30000E-02
0.263000
0.620000
0.948000
1.25100
1.47100
1.38300
1.01600
0.503000
-5.40000E-02
-0.631000
-1.22300
-1.73100
-1.98000
-1.85300
-1.48200
-0.949000
-0.294000
0.307000
0.640000
0.576000
0.254000
-6.40000E-02
-0.387000
-0.670000
-0.827000
-0.753000
-0.558000
-0.304000
-1.00000E-02
6.30000E-02
4.00000E-03
-0.142000
-0.284000
-0.343000
-0.284000
-3.00000E-02
0.283000
0.562000
0.542000
0.288000
-0.167000
-0.924000
-1.79000
-2.44000
-2.77200
-2.71800
-2.20000
-1.39400
-0.304000
1.08500
2.48800
3.40200
3.12800
1.87200
0.425000
-0.636000
-1.28100
-1.57500
-1.51600
-1.42300
-1.30600
-0.836000
-0.343000
4.80000E-02
0.288000
0.405000
0.381000
0.283000
0.122000
-1.03000E-01
-0.426000
-0.636000
-0.621000
-0.343000
7.30000E-02
0.640000
1.27500
1.67600
1.84200
1.75400
1.33900
0.772000
0.131000
-0.489000
-1.08600
-1.43300
-1.54000
-1.45200
-1.25200
-0.910000
-0.494000
-5.90000E-02
0.239000
0.513000
0.728000
0.870000
0.889000
0.830000
0.816000
0.962000
1.13800
1.13800
1.06500
0.889000
0.537000
9.20000E-02
-0.353000
-0.841000
-1.15900
-1.10000
-0.778000
-0.475000
-0.186000
0.205000
0.679000
1.00200
0.992000
0.806000
0.478000
9.70000E-02
-0.206000
-0.392000
-0.514000
-0.636000
-0.489000
4.00000E-03
0.425000
0.664000
0.811000
0.977000
1.21700
1.47100
1.82300
2.07200
1.89100
0.948000
-0.421000
-1.65800
-2.76200
-3.60800
-3.83300
-3.62800
-2.86500
-1.44700
0.596000
3.16200
5.51800
5.03900
3.33800
1.72000
0.293000
-0.954000
-1.97100
-2.85000
-3.18300
-3.37800
-3.43200
-3.23200
-2.68900
-1.75100
-0.670000
0.430000
1.76400
3.04500
3.88100
4.23300
3.88100
2.65900
1.28000
-9.30000E-02
-1.22700
-2.32700
-3.01700
-3.17300
-3.05100
-2.70400
-2.15600
-1.47200
-0.680000
4.30000E-02
0.586000
1.00600
1.23100
1.30000
1.28500
1.20700
1.06000
0.855000
0.850000
1.12400
1.24100
1.02600
0.816000
0.474000
8.30000E-02
-0.230000
-0.338000
-0.362000
-0.421000
-0.445000
-0.484000
-0.514000
-0.690000
-0.968000
-1.17400
-1.12000
-0.792000
-0.274000
0.337000
0.845000
1.39700
1.96900
2.43400
2.59000
2.31600
1.70100
1.00200
0.317000
-0.357000
-1.05200
-1.53500
-1.84800
-1.89200
-1.89200
-1.74600
-1.38400
-0.905000
-0.304000
0.185000
0.576000
0.894000
1.02100
1.07000
1.20700
1.36300
1.49500
1.57300
1.42200
1.08000
0.777000
0.405000
-1.00000E-02
-0.753000
-1.50100
-1.91200
-2.28300
-2.58600
-2.50800
-2.04400
-1.32000
-0.416000
0.508000
1.19700
1.42200
1.41200
1.36300
1.26100
1.12400
1.05000
1.04100
1.00200
0.928000
0.791000
0.576000
0.229000
-0.406000
-1.25700
-2.11700
-2.81600
-3.19300
-3.21700
-2.95800
-2.57200
-1.87300
-1.01200
-3.50000E-02
0.972000
2.04300
2.90300
3.28900
3.21100
2.83900
2.15500
1.16800
5.30000E-02
-1.01700
-1.89200
-2.44500
-2.94800
-3.09500
-2.99700
-2.86000
-2.63000
-2.14200
-1.50100
-0.758000
-0.181000
0.268000
0.835000
1.24600
1.37800
1.31400
1.19700
1.12900
1.11900
1.10900
1.08500
1.28000
1.47100
1.09900
0.219000
-0.817000
-1.93100
-2.89900
-3.66700
-4.08700
-4.25800
-4.16000
-3.57400
-2.43500
-0.832000
1.03100
2.75100
3.73400
3.83200
3.24000
2.42900
1.61300
0.953000
0.342000
-0.265000
-0.704000
-0.778000
-0.827000
-1.00300
-1.06600
-1.08600
-1.26200
-1.45700
-1.42300
-1.18800
-0.993000
-0.675000
-0.245000
0.205000
0.645000
1.14300
1.65700
2.13600
2.26800
2.06200
1.55400
0.791000
-3.00000E-02
-0.621000
-0.973000
-1.04200
-0.905000
-0.597000
-0.206000
0.171000
0.469000
0.439000
0.259000
4.30000E-02
-0.162000
-0.397000
-0.509000
-0.406000
-0.299000
-6.40000E-02
0.303000
0.874000
1.45600
2.00400
2.28700
2.04800
1.29500
0.434000
-0.338000
-1.25700
-1.97100
-2.21500
-2.14200
-1.65800
-0.954000
-0.338000
0.307000
1.10400
1.81300
2.10100
1.93500
1.47100
0.821000
0.171000
-0.221000
-0.426000
-0.362000
-0.137000
0.136000
0.366000
0.474000
0.356000
0.151000
5.30000E-02
-4.50000E-02
-0.362000
-0.538000
-0.621000
-0.612000
-0.504000
-0.362000
-0.167000
-0.137000
-0.162000
-0.133000
1.40000E-02
0.122000
0.268000
0.420000
0.713000
1.18200
1.61300
1.78400
1.57800
1.19700
0.757000
0.356000
5.30000E-02
-0.225000
-0.431000
-0.572000
-0.817000
-1.21800
-1.67700
-2.03900
-2.11200
-2.00500
-1.70200
-1.08100
-0.411000
0.327000
1.26500
2.07700
2.70700
2.98600
3.10300
3.11300
2.78100
2.06700
1.08500
-8.40000E-02
-1.30100
-2.39100
-3.11400
-3.51000
-3.61800
-3.59300
-3.12400
-2.45000
-1.47200
-8.90000E-02
1.16300
2.01800
2.41900
2.36000
2.03800
1.61700
1.19700
0.835000
0.459000
0.112000
-0.206000
-0.700000
-1.20800
-1.73600
-2.06300
-2.27400
-2.20000
-1.84800
-1.29100
-0.719000
-1.03000E-01
0.640000
1.52900
2.35100
3.33300
3.49400
2.00400
0.219000
-1.31500
-2.27400
-3.23200
-3.70100
-3.34900
-2.86000
-2.16600
-1.00300
0.200000
1.31400
2.19900
2.84900
3.02000
2.83000
2.33100
1.50000
0.591000
-0.181000
-0.978000
-1.69200
-2.03400
-2.51800
-2.62100
-2.21500
-1.54500
-0.719000
0.171000
0.914000
1.30500
1.33900
1.16800
0.845000
0.449000
0.112000
-0.152000
-0.343000
-0.318000
-3.00000E-02
0.244000
0.400000
0.317000
0.180000
-1.50000E-02
-0.269000
-0.421000
-0.382000
-1.03000E-01
0.273000
0.733000
0.948000
0.796000
0.405000
-2.50000E-02
-0.421000
-0.773000
-1.06600
-1.14000
-1.18800
-1.28600
-1.35900
-1.31500
-0.968000
-0.382000
0.293000
1.08000
1.89100
2.52700
2.88800
2.78600
2.26300
1.37800
0.474000
-0.328000
-1.09100
-1.81400
-2.29300
-2.67000
-2.78700
-2.80600
-2.65000
-2.20500
-1.53100
-0.700000
0.166000
1.08500
1.90600
2.51700
2.74700
2.59000
2.13600
1.50000
0.747000
8.70000E-02
-0.499000
-1.10500
-1.48700
-1.86300
-2.00000
-2.12700
-2.15100
-1.71600
-0.890000
9.00000E-03
0.659000
1.11900
1.57800
1.96900
2.02300
1.69100
1.08900
0.410000
-0.172000
-0.641000
-0.973000
-1.14900
-1.21300
-1.00800
-0.753000
-0.509000
-0.181000
0.200000
0.493000
0.532000
0.503000
0.459000
0.439000
0.483000
0.483000
0.542000
0.659000
0.659000
0.581000
0.537000
0.351000
-4.00000E-02
-0.528000
-0.895000
-1.17900
-1.26200
-1.37400
-1.49600
-1.32000
-0.885000
-0.216000
0.610000
1.50000
2.02300
1.96400
1.61300
1.23600
0.855000
0.415000
4.30000E-02
-0.260000
-0.460000
-0.675000
-0.944000
-1.18800
-1.62300
-2.12700
-2.38100
-2.33200
-2.12200
-1.68700
-1.00800
9.00000E-03
1.22100
2.43900
3.27900
3.45500
2.79500
1.65200
0.337000
-0.748000
-1.58400
-2.22500
-2.23900
-2.18100
-1.80900
-1.20300
-0.431000
0.288000
1.00200
1.45100
1.60800
1.44600
1.14300
0.698000
0.151000
-0.494000
-1.05200
-1.30600
-1.16900
-0.792000
-0.265000
0.268000
0.914000
1.51000
1.93000
2.16000
2.05200
1.55400
0.830000
0.171000
-0.406000
-0.895000
-1.21800
-1.41800
-1.55000
-1.65300
-1.55000
-1.18800
-0.797000
-0.426000
6.30000E-02
0.777000
1.55400
2.12100
2.35600
2.23300
1.86200
1.35300
0.620000
-0.196000
-0.910000
-1.36900
-1.63300
-1.65800
-1.37400
-0.993000
-0.465000
0.107000
0.713000
1.23100
1.45600
1.35300
0.933000
0.366000
-8.40000E-02
-0.421000
-0.597000
-0.592000
-0.397000
-7.90000E-02
0.112000
0.210000
0.131000
-1.00000E-03
-0.206000
-0.406000
-0.563000
-0.631000
-0.533000
-0.265000
1.40000E-02
0.254000
0.493000
0.679000
0.708000
0.503000
9.20000E-02
-0.480000
-1.04700
-1.43300
-1.59900
-1.35500
-0.817000
-2.50000E-02
0.967000
2.04300
2.80000
2.64400
1.78400
0.454000
-0.866000
-1.90700
-2.62100
-2.76700
-2.63000
-2.25900
-1.58900
-0.572000
0.537000
1.43700
1.92500
2.06700
1.85200
1.35300
0.816000
0.263000
-0.269000
-0.675000
-0.924000
-0.993000
-1.04200
-0.836000
-0.445000
1.90000E-02
0.464000
0.816000
0.870000
0.405000
-0.269000
-0.915000
-1.35500
-1.60400
-1.47700
-0.998000
-0.269000
0.454000
1.18700
1.68600
1.59300
1.12400
0.464000
-8.90000E-02
-0.577000
-0.885000
-0.846000
-0.773000
-0.592000
-0.304000
0.136000
0.606000
0.918000
1.07000
1.07000
0.904000
0.591000
0.224000
-4.90000E-02
-0.284000
-0.431000
-0.475000
-0.436000
-0.494000
-0.616000
-0.792000
-0.900000
-0.910000
-0.797000
-0.533000
-6.40000E-02
0.464000
1.16300
1.90600
2.58000
2.95700
2.89300
2.43900
1.68600
0.811000
-4.90000E-02
-0.929000
-1.78000
-2.44000
-2.94800
-3.15300
-3.17800
-2.96300
-2.55200
-1.90700
-0.846000
0.356000
1.64700
3.05500
4.25700
5.11200
4.89700
3.55800
1.82800
4.30000E-02
-1.50100
-2.69400
-3.49100
-3.74500
-3.95000
-3.82300
-3.48100
-2.86000
-1.84300
-0.651000
0.434000
1.32400
2.02300
2.39500
2.38500
2.16500
1.91100
1.57300
1.14300
0.635000
0.244000
-4.50000E-02
-0.387000
-0.739000
-1.15900
-1.49100
-1.72600
-1.80900
-1.73100
-1.50100
-1.00300
-0.338000
0.366000
0.967000
1.21700
1.10900
0.694000
0.283000
1.90000E-02
-0.123000
-0.426000
-0.675000
-0.836000
-0.753000
-0.397000
0.268000
1.05000
1.67600
1.97900
1.87200
1.36300
0.659000
-2.00000E-02
-0.748000
-1.47700
-1.95600
-2.31300
-2.33200
-1.96600
-1.48700
-1.08600
-0.612000
1.40000E-02
0.669000
1.17700
1.40200
1.45600
1.53400
1.53400
1.45600
1.18700
0.650000
-6.40000E-02
-0.788000
-1.27600
-1.59400
-1.69200
-1.35900
-0.861000
-0.387000
0.180000
0.884000
1.48100
1.73000
1.59800
1.12400
0.420000
-0.230000
-0.700000
-0.964000
-0.949000
-0.558000
8.70000E-02
0.679000
1.01100
0.909000
0.405000
-0.318000
-1.04200
-1.43800
-1.32000
-0.783000
0.185000
1.42200
2.76100
3.40600
3.18700
2.33600
1.18200
0.166000
-0.577000
-1.47200
-2.01000
-2.19500
-2.27400
-2.13700
-2.04900
-1.82900
-1.42300
-0.915000
-0.211000
0.601000
1.59800
2.55100
3.20600
3.18200
2.56600
1.60800
0.591000
-0.221000
-0.949000
-1.53500
-1.64800
-1.93100
-1.77500
-1.44300
-1.03200
-0.465000
0.112000
0.684000
1.08000
1.17300
0.982000
0.581000
1.02000E-01
-0.480000
-1.12500
-1.60400
-1.79900
-1.62800
-1.18800
-0.670000
0.112000
1.03100
1.85700
2.38500
2.25300
1.43200
0.210000
-0.988000
-1.96600
-2.74800
-2.87500
-2.71800
-2.42000
-1.94100
-1.05200
7.30000E-02
1.14300
1.65200
1.53900
1.06000
0.503000
0.112000
-6.40000E-02
-1.03000E-01
-0.225000
-0.284000
-0.514000
-0.739000
-0.905000
-1.00800
-0.978000
-0.880000
-0.680000
-0.426000
-5.40000E-02
0.459000
1.10400
1.69100
1.84700
1.56400
1.08000
0.522000
-4.50000E-02
-0.636000
-1.13500
-1.49600
-1.59400
-1.48200
-1.34500
-1.14000
-0.753000
-0.255000
0.346000
1.14800
1.81300
1.98900
1.66600
1.14800
0.713000
0.439000
0.224000
-3.00000E-02
-0.250000
-0.445000
-0.480000
-0.362000
-0.108000
0.146000
0.351000
0.503000
0.640000
0.679000
0.635000
0.547000
0.400000
0.200000
9.00000E-03
-0.162000
-0.348000
-0.533000
-0.656000
-0.612000
-0.616000
-0.641000
-0.475000
-0.162000
0.185000
0.542000
0.987000
1.38300
1.72000
2.01800
2.20400
2.18400
1.98400
1.53400
0.752000
-9.30000E-02
-0.929000
-1.71600
-2.29300
-2.58600
-2.54700
-2.23900
-1.73100
-1.13500
-0.387000
0.356000
1.07000
1.68100
2.02800
2.16000
2.01800
1.80300
1.50000
1.21700
1.03100
0.967000
0.918000
0.840000
0.679000
0.210000
-0.533000
-1.34500
-2.10200
-2.70900
-3.01200
-3.02600
-2.80100
-2.41000
-1.63300
-0.284000
1.87200
5.83600
5.59200
3.30900
1.24600
-0.494000
-1.87800
-2.78700
-3.24600
-3.22700
-2.98700
-2.53300
-1.98500
-1.14900
-0.206000
0.762000
1.77400
2.65400
3.11300
2.95700
2.18000
0.953000
-0.206000
-1.19800
-2.05800
-2.72300
-2.93800
-3.04600
-2.74300
-2.29800
-1.60900
-0.695000
0.210000
1.20700
1.98900
2.40000
2.29700
1.69100
0.850000
6.30000E-02
-0.504000
-0.797000
-0.846000
-0.656000
-0.612000
-0.519000
-0.641000
-0.729000
-0.836000
-0.817000
-0.636000
-0.411000
-8.90000E-02
0.420000
1.10400
1.65700
1.95000
1.85700
1.41200
0.708000
-3.00000E-02
-0.695000
-1.14000
-1.37400
-1.65800
-1.60900
-1.40300
-1.13000
-0.631000
2.90000E-02
0.928000
2.09200
3.23100
3.75800
3.46500
2.29700
0.791000
-0.631000
-1.66300
-2.22000
-2.37100
-2.73300
-2.82600
-2.54200
-1.92700
-0.968000
0.166000
1.47100
2.76100
3.72900
3.85600
3.23500
2.27200
1.26100
0.366000
-0.225000
-0.690000
-0.944000
-1.13500
-1.69200
-2.05800
-2.22000
-2.13700
-1.85300
-1.34500
-0.876000
-0.387000
7.30000E-02
0.772000
1.53400
2.34100
2.92700
2.99100
2.56600
1.88100
0.874000
-0.372000
-1.39900
-2.03900
-2.31300
-2.47900
-2.34200
-2.12700
-1.65300
-0.939000
-0.235000
0.381000
0.664000
0.738000
0.610000
0.219000
-0.128000
-0.323000
-0.186000
0.166000
0.757000
1.43200
1.85200
1.76400
1.26100
0.483000
-0.401000
-1.35000
-2.18100
-2.83100
-3.15300
-3.27100
-3.01200
-2.51300
-1.74100
-0.851000
0.371000
1.87600
3.19100
3.54300
3.19600
2.34100
1.21200
-1.00000E-02
-1.08100
-1.99000
-2.68400
-2.88900
-2.85000
-2.41500
-1.94100
-1.24200
-0.484000
0.161000
0.835000
1.48100
1.98400
2.31600
2.35600
2.03300
1.26500
0.327000
-0.484000
-1.10000
-1.57000
-1.79000
-1.91700
-1.68700
-1.22700
-0.592000
8.30000E-02
0.654000
1.13800
1.53900
1.77900
1.70500
1.43200
1.13800
0.806000
0.303000
-0.235000
-0.577000
-0.577000
-0.362000
-0.260000
-0.284000
-0.377000
-0.558000
-0.753000
-0.890000
-0.880000
-0.880000
-0.797000
-0.484000
0.161000
0.987000
1.98400
2.61000
2.84400
2.66800
2.09600
1.20700
8.30000E-02
-1.05200
-2.01900
-2.65000
-2.92400
-2.87500
-2.39600
-1.61900
-0.602000
0.493000
1.59800
2.36000
2.45300
2.09200
1.48500
0.791000
0.141000
-0.416000
-0.739000
-0.519000
-0.108000
0.361000
0.830000
0.918000
0.845000
0.708000
0.444000
0.112000
-0.265000
-0.695000
-1.00800
-1.10000
-1.07600
-0.856000
-0.475000
-3.50000E-02
0.386000
0.948000
1.54900
1.92500
2.09600
2.03800
1.65700
1.02600
0.322000
-0.401000
-1.04700
-1.57900
-1.79500
-1.68200
-1.51100
-1.26200
-1.00300
-0.714000
-0.333000
4.80000E-02
0.283000
0.439000
0.630000
0.845000
1.06000
1.28500
1.43700
1.39700
1.08000
0.410000
-0.494000
-1.42300
-2.13700
-2.49400
-2.57200
-2.42500
-2.00500
-1.43300
-0.675000
0.298000
1.24600
1.80300
1.91100
1.61300
1.08500
0.322000
-0.548000
-1.34500
-1.97100
-2.19500
-2.09800
-1.55000
-0.807000
6.80000E-02
1.06500
1.84700
2.15000
1.94000
1.40200
0.752000
0.185000
-0.304000
-0.866000
-1.37900
-1.63300
-1.65800
-1.48200
-1.17900
-0.734000
-0.362000
6.80000E-02
0.449000
0.733000
0.953000
1.08000
1.08900
1.00200
0.865000
0.694000
0.518000
0.405000
0.425000
0.410000
0.219000
-0.230000
-0.792000
-1.14000
-1.23700
-1.14400
-1.08100
-0.983000
-0.973000
-0.964000
-0.758000
-0.269000
0.439000
1.30000
2.31600
3.26000
3.63100
3.42100
2.61500
1.37300
2.90000E-02
-1.08600
-1.91700
-2.55200
-2.92900
-3.10500
-2.80100
-2.20000
-1.51100
-0.827000
-8.40000E-02
0.635000
1.30500
1.86200
2.42900
2.88800
3.10300
3.00600
2.68800
1.65200
-0.196000
-1.74600
-2.75300
-3.16300
-2.97700
-2.54200
-1.66700
-0.294000
1.08000
1.88100
1.89100
1.47100
0.914000
0.361000
-0.206000
-0.753000
-1.19800
-1.29600
-1.38400
-1.07100
-0.455000
0.303000
1.14300
1.61300
1.95000
1.84700
1.31400
0.552000
-0.250000
-1.00300
-1.49600
-1.67200
-1.73100
-1.57900
-1.30600
-0.934000
-0.480000
-8.40000E-02
0.151000
0.322000
0.444000
0.586000
0.816000
1.02100
1.12900
0.972000
0.620000
0.185000
-0.240000
-0.538000
-0.719000
-0.758000
-0.700000
-0.533000
-0.313000
-0.279000
-0.421000
-0.519000
-0.524000
-0.484000
-0.387000
-0.230000
-4.90000E-02
0.205000
0.478000
0.527000
0.430000
0.322000
0.239000
0.249000
0.361000
0.557000
0.835000
1.07500
1.17300
1.08000
0.962000
0.777000
0.615000
0.469000
0.146000
-0.240000
-0.509000
-0.856000
-1.28600
-1.69200
-2.02400
-2.16100
-1.94600
-1.51100
-1.11000
-0.455000
0.366000
1.44100
2.57100
3.57300
4.10500
4.04200
3.05500
1.67600
0.210000
-0.895000
-1.75100
-2.35700
-2.51800
-2.76200
-2.65500
-2.35200
-1.92200
-1.55000
-1.23700
-0.968000
-0.753000
-0.499000
-2.00000E-02
0.659000
1.50000
2.22400
2.65400
2.96200
3.00100
2.52200
1.75400
0.972000
0.268000
-0.362000
-0.905000
-1.32000
-1.80900
-2.25900
-2.70400
-3.00700
-3.06500
-2.86500
-2.41500
-1.63300
-0.514000
0.610000
1.72500
2.83900
3.56300
3.47500
2.80500
1.95500
1.11900
0.298000
-0.514000
-1.43300
-2.01000
-2.31300
-2.47400
-2.48900
-2.31800
-1.98000
-1.41300
-0.592000
0.229000
1.05500
2.00400
2.81500
2.92700
2.39500
1.47100
0.513000
-0.367000
-1.31100
-1.92700
-2.11700
-2.18100
-2.03900
-1.84800
-1.38400
-0.778000
-5.40000E-02
0.586000
1.22100
1.61300
1.50500
1.08000
0.689000
0.474000
0.376000
0.346000
0.283000
0.283000
6.30000E-02
-0.216000
-0.690000
-1.23700
-1.60900
-1.92200
-2.02400
-1.94100
-1.81400
-1.65800
-1.35000
-0.700000
0.224000
1.28500
2.26800
2.97600
3.05500
2.43900
1.43700
0.474000
-0.225000
-0.753000
-1.04700
-1.01700
-1.27600
-1.35500
-1.22300
-1.04200
-0.949000
-0.841000
-0.748000
-0.641000
-0.494000
-0.318000
3.40000E-02
0.459000
1.04600
1.70500
2.29200
2.52700
2.40900
1.90100
1.09400
0.175000
-0.616000
-1.22300
-1.74100
-2.30300
-2.50800
-2.34200
-2.07300
-1.63300
-0.910000
0.171000
1.59800
3.21100
4.29600
4.44800
3.41100
1.85700
0.190000
-1.16900
-2.08800
-2.54700
-2.61600
-2.53300
-2.03400
-1.32000
-0.519000
0.366000
1.04100
1.36300
1.47600
1.52000
1.52500
1.38800
1.14800
0.791000
0.346000
5.30000E-02
-0.142000
-0.475000
-0.656000
-0.612000
-0.328000
-6.40000E-02
1.02000E-01
0.268000
0.303000
0.249000
9.20000E-02
-0.201000
-0.577000
-0.846000
-0.915000
-0.983000
-1.04200
-1.00800
-0.929000
-0.744000
-0.406000
8.30000E-02
0.679000
1.14800
1.33900
1.37800
1.28000
1.00200
0.557000
-1.00000E-02
-0.636000
-1.12000
-1.45700
-1.89700
-2.16100
-2.16100
-1.86800
-1.46200
-0.905000
-0.206000
0.513000
1.12400
1.46600
1.57300
1.40700
0.958000
0.219000
-0.553000
-1.18400
-1.59400
-1.67200
-1.57900
-1.05600
-9.30000E-02
0.992000
1.65700
1.72500
1.39700
0.796000
0.298000
-1.00000E-03
-0.416000
-0.846000
-0.993000
-1.12000
-1.00300
-0.924000
-0.866000
-0.783000
-0.582000
-0.250000
0.268000
0.967000
1.71000
2.30200
2.53200
2.30200
1.57800
0.610000
-0.167000
-0.817000
-1.49100
-1.72100
-1.77000
-1.53500
-1.08100
-0.700000
-0.211000
0.346000
0.821000
1.22600
1.47600
1.50000
1.34400
0.928000
0.493000
0.259000
8.70000E-02
0.112000
0.298000
0.518000
0.689000
0.806000
0.679000
0.303000
-0.240000
-0.968000
-1.55500
-1.79000
-1.61900
-1.17400
-0.494000
0.224000
1.15300
1.93500
2.07200
1.84200
1.44100
1.00200
0.571000
0.161000
-0.147000
-0.313000
-0.421000
-0.299000
-1.03000E-01
3.40000E-02
2.40000E-02
-0.157000
-0.333000
-0.294000
-0.196000
-0.123000
4.30000E-02
0.288000
0.542000
0.782000
0.830000
0.635000
0.219000
-0.343000
-0.944000
-1.42300
-1.88700
-2.06300
-1.86800
-1.24200
-0.142000
1.04100
2.12600
2.93700
3.15200
2.90300
2.16000
1.08900
6.30000E-02
-0.836000
-1.65800
-2.21500
-2.47400
-2.78700
-2.76700
-2.60600
-2.36200
-2.08800
-1.67700
-1.07100
-0.211000
0.850000
1.84700
2.63900
2.99600
2.72200
2.05700
1.30500
0.518000
-0.260000
-0.959000
-1.44300
-1.58900
-1.83400
-1.80400
-1.62800
-1.39400
-1.21300
-0.959000
-0.538000
-3.50000E-02
0.268000
0.376000
0.351000
0.361000
0.400000
0.298000
3.40000E-02
-0.416000
-0.807000
-1.09600
-1.19800
-0.988000
-0.392000
0.469000
1.70500
3.08400
3.66600
3.02500
1.76900
0.381000
-0.832000
-1.77500
-2.47900
-2.75300
-2.86000
-2.59100
-2.04400
-1.22700
-0.289000
0.415000
0.845000
1.12400
1.30500
1.56400
1.92500
2.39500
2.72200
2.63400
2.15500
1.45100
0.562000
-1.03000E-01
-0.812000
-1.42300
-1.91700
-2.18600
-2.23400
-2.10700
-1.82900
-1.43800
-0.851000
-5.00000E-03
0.894000
1.80300
2.56600
3.26000
3.43600
2.61900
1.31400
1.02000E-01
-0.719000
-1.32500
-1.62800
-1.63300
-1.53500
-1.11500
-0.665000
-0.279000
4.30000E-02
0.327000
0.718000
1.14800
1.31900
1.12900
0.767000
0.434000
0.200000
1.40000E-02
-7.40000E-02
-8.40000E-02
-9.30000E-02
-0.147000
-0.382000
-0.563000
-0.533000
-0.426000
-0.343000
-0.245000
-6.90000E-02
4.80000E-02
4.80000E-02
-0.172000
-0.484000
-0.748000
-0.934000
-0.910000
-0.558000
8.70000E-02
0.904000
1.77400
2.16500
1.59800
0.615000
-0.245000
-0.885000
-1.42300
-1.84300
-1.85300
-1.84300
-1.80400
-1.59400
-1.10500
-0.616000
-1.50000E-02
0.679000
1.39300
1.87200
1.77400
1.10400
0.166000
-0.641000
-1.34000
-1.69700
-1.43300
-0.993000
-0.357000
0.312000
1.04600
1.62200
1.85200
1.70500
1.27500
0.620000
-1.03000E-01
-0.949000
-1.81900
-2.32700
-2.59600
-2.58200
-2.40600
-1.95100
-1.15900
2.90000E-02
1.45600
2.96700
4.01300
4.63800
4.44300
2.71200
0.796000
-0.832000
-2.18100
-3.29000
-3.73500
-3.90100
-3.74000
-3.22200
-2.46900
-1.66300
-0.675000
0.537000
1.85200
2.91800
3.46500
3.50400
3.20100
2.45800
1.63200
0.899000
0.346000
-0.201000
-0.670000
-1.03200
-1.63300
-2.02400
-2.27400
-2.41500
-2.47900
-2.36600
-1.92200
-1.26200
-0.299000
0.830000
1.93000
2.70700
2.99600
2.84900
2.49200
1.96000
1.40200
0.772000
0.146000
-0.348000
-0.758000
-1.14000
-1.35500
-1.38400
-1.47700
-1.47700
-1.32000
-1.12500
-0.915000
-0.533000
-5.00000E-03
0.459000
0.752000
0.972000
1.23600
1.30500
1.23600
1.03100
0.786000
0.307000
-0.343000
-0.871000
-1.35000
-1.66700
-1.63800
-1.34500
-0.792000
4.80000E-02
1.10400
2.29700
3.12800
3.08900
2.20400
0.879000
-0.543000
-1.87300
-2.88000
-3.44700
-3.85700
-3.94000
-3.62800
-2.92900
-2.03900
-0.832000
0.835000
2.59000
3.81200
4.10500
3.48500
2.56600
1.76900
0.958000
4.80000E-02
-0.641000
-1.12000
-1.24700
-1.59900
-1.87300
-2.15600
-2.49400
-2.68900
-2.61600
-2.41000
-1.89200
-1.05200
8.30000E-02
1.55900
3.20600
3.94900
3.46500
2.47800
1.41200
0.327000
-0.460000
-1.02200
-1.47700
-1.65800
-1.72600
-1.54000
-1.15900
-0.616000
-3.00000E-02
0.346000
0.576000
0.522000
0.454000
0.346000
0.200000
0.112000
6.80000E-02
0.107000
0.190000
0.425000
0.845000
1.20200
1.16300
0.870000
0.503000
0.146000
-0.216000
-0.563000
-0.915000
-1.28100
-1.41800
-1.37900
-1.10500
-0.470000
0.219000
0.874000
1.37300
1.62700
1.57300
1.37800
1.13300
0.786000
0.454000
0.161000
-6.40000E-02
-0.313000
-0.514000
-0.734000
-0.851000
-0.934000
-0.934000
-0.700000
-0.323000
6.80000E-02
0.381000
0.591000
0.782000
0.884000
0.757000
0.405000
4.80000E-02
-0.196000
-0.343000
-0.338000
-0.260000
-0.123000
-6.90000E-02
-0.128000
-0.235000
-0.284000
-0.186000
1.02000E-01
0.532000
1.11900
1.61300
1.54400
0.948000
9.70000E-02
-0.802000
-1.55000
-2.03900
-2.13700
-1.96100
-1.49600
-0.851000
-0.172000
0.488000
0.953000
0.904000
0.522000
0.166000
8.70000E-02
0.283000
0.610000
0.904000
0.943000
0.620000
7.80000E-02
-0.455000
-0.978000
-1.37400
-1.50100
-1.38400
-1.23700
-0.983000
-0.592000
-8.90000E-02
0.195000
0.254000
0.312000
0.395000
0.346000
0.278000
0.205000
0.151000
-1.00000E-02
-0.328000
-0.568000
-0.680000
-0.685000
-0.480000
-0.123000
0.410000
1.12900
1.70500
1.91100
1.52900
0.522000
-0.651000
-1.63300
-2.31300
-2.87000
-3.18300
-3.03600
-2.46400
-1.48700
9.20000E-02
2.32100
4.59900
5.30300
3.78800
2.36000
1.22600
0.425000
-0.221000
-0.812000
-0.973000
-1.01200
-1.06600
-1.14400
-1.18400
-1.27100
-1.35000
-1.57900
-1.68700
-1.47200
-0.968000
-0.196000
0.576000
1.38300
2.03800
2.49700
2.74700
2.84400
2.57500
2.06200
1.50000
0.904000
0.249000
-0.221000
-0.533000
-0.792000
-0.880000
-0.924000
-1.11000
-1.40300
-1.83400
-2.22500
-2.43500
-2.27800
-1.78000
-1.02200
4.30000E-02
1.14800
2.14500
3.08400
3.78300
4.05700
3.20100
1.53900
-3.50000E-02
-1.17900
-1.88300
-2.16100
-2.08300
-2.25900
-1.97100
-1.48200
-0.983000
-0.431000
5.30000E-02
0.342000
0.469000
0.415000
0.288000
0.112000
-4.00000E-02
-0.265000
-0.460000
-0.416000
-0.269000
-9.30000E-02
-0.123000
-0.128000
9.00000E-03
0.488000
0.884000
0.992000
0.943000
0.659000
0.224000
-0.225000
-0.568000
-0.641000
-0.563000
-0.484000
-0.553000
-0.695000
-0.773000
-0.675000
-0.421000
-0.123000
0.141000
0.366000
0.498000
0.483000
0.322000
9.70000E-02
-5.40000E-02
-0.172000
-0.147000
1.40000E-02
0.322000
0.811000
1.46600
1.92000
1.98900
1.67100
1.18200
0.610000
6.80000E-02
-0.445000
-0.841000
-1.03200
-1.14900
-1.26700
-1.39400
-1.55500
-1.63300
-1.37400
-0.729000
-6.40000E-02
0.552000
1.23600
1.82800
2.27700
2.22400
1.87200
1.50000
0.972000
0.263000
-0.357000
-0.885000
-1.14900
-1.20800
-0.876000
-0.357000
0.190000
0.542000
0.708000
0.591000
8.30000E-02
-0.660000
-1.45200
-2.11700
-2.39100
-2.23000
-1.67200
-0.739000
0.630000
2.29700
3.48000
3.67500
3.07400
2.06700
0.855000
-0.240000
-1.10500
-1.69200
-1.86800
-1.87800
-1.91200
-1.93100
-1.85300
-1.63300
-1.37900
-1.00800
-0.533000
2.40000E-02
0.708000
1.47600
2.22400
2.61000
2.40000
1.54400
0.601000
-0.162000
-0.866000
-1.41300
-1.59400
-1.89200
-1.78500
-1.55000
-1.02200
-0.357000
0.322000
0.972000
1.42700
1.57800
1.45100
1.02100
0.200000
-0.636000
-1.32000
-1.73600
-1.87300
-2.03400
-2.13200
-1.96600
-1.43800
-0.660000
0.342000
1.43200
2.36000
2.86400
2.79100
2.40000
1.80800
1.03600
0.141000
-0.729000
-1.41300
-1.86800
-2.31800
-2.71400
-3.07000
-3.02600
-2.69400
-2.27800
-1.87800
-1.30600
-0.289000
1.02100
2.37000
3.31400
3.23500
2.61500
1.80800
1.06000
0.581000
0.190000
-5.90000E-02
-0.304000
-0.494000
-0.964000
-1.30600
-1.53100
-1.80900
-2.00500
-2.08300
-2.01900
-1.90700
-1.57000
-0.876000
9.20000E-02
1.28500
2.55100
3.59700
3.75400
2.14500
0.508000
-0.773000
-1.58400
-2.18600
-1.99500
-1.51100
-0.758000
8.30000E-02
0.860000
1.51000
1.86200
1.86200
1.59800
1.15800
0.679000
0.224000
-0.245000
-0.582000
-0.827000
-0.885000
-0.866000
-0.646000
-0.392000
-0.201000
-1.50000E-02
0.180000
0.483000
0.816000
1.15300
1.32900
1.30000
1.12900
1.00200
0.987000
0.967000
0.967000
0.977000
0.972000
0.786000
0.322000
-0.221000
-0.832000
-1.31500
-1.59900
-1.51100
-1.10500
-0.758000
-0.538000
-0.181000
0.263000
0.835000
1.43200
2.03800
2.46300
2.33600
1.74900
1.07000
0.346000
-0.309000
-0.866000
-1.35900
-1.73100
-2.06300
-2.07800
-1.81400
-1.38400
-0.700000
0.303000
1.53900
2.56100
2.88800
2.44800
1.50000
0.420000
-0.636000
-1.78500
-2.63000
-2.87500
-2.98700
-2.67400
-2.10700
-1.04700
0.215000
1.43700
2.47800
3.18200
3.13300
2.30200
1.14800
-6.40000E-02
-1.16400
-2.10200
-2.90900
-3.20200
-3.29500
-3.04100
-2.43000
-1.61400
-0.660000
0.337000
1.26500
2.10600
2.75100
3.00100
2.68800
1.91600
0.953000
0.161000
-0.367000
-0.636000
-0.812000
-1.11000
-1.59400
-1.92200
-2.02900
-2.06800
-1.88300
-1.47200
-0.949000
-0.181000
0.767000
1.88100
2.82000
3.05500
2.55100
1.74500
0.933000
0.259000
-0.426000
-0.949000
-1.14900
-1.16400
-1.08600
-1.03700
-1.00800
-0.964000
-0.788000
-0.445000
2.90000E-02
0.420000
0.698000
0.772000
0.610000
0.415000
0.259000
0.180000
0.244000
0.439000
0.483000
0.337000
1.40000E-02
-0.201000
-0.211000
-8.90000E-02
-1.00000E-02
-6.90000E-02
-0.186000
-0.455000
-0.856000
-1.10500
-1.03700
-0.905000
-0.949000
-0.675000
-0.250000
0.259000
0.640000
0.865000
0.811000
0.791000
0.967000
1.03100
0.767000
0.298000
-7.40000E-02
-0.416000
-0.641000
-0.871000
-1.18800
-1.27600
-1.14900
-0.788000
-0.230000
0.425000
1.14300
1.65200
1.75400
1.40700
0.552000
-0.323000
-0.900000
-1.17900
-1.28100
-1.34500
-1.30600
-1.02200
-0.406000
0.395000
1.26100
1.85700
2.12100
2.00800
1.53900
0.835000
5.30000E-02
-0.651000
-1.28100
-1.75100
-2.10200
-2.10700
-1.80400
-1.31500
-0.768000
-0.128000
0.522000
1.19700
1.61700
1.63700
1.29500
0.830000
0.439000
0.127000
-0.113000
-0.260000
-0.269000
-0.181000
-6.90000E-02
-8.90000E-02
-0.196000
-0.343000
-0.533000
-0.651000
-0.660000
-0.714000
-0.773000
-0.724000
-0.675000
-0.621000
-0.221000
0.483000
1.30500
2.06200
2.58000
2.72200
2.61500
2.05700
1.01100
-0.147000
-1.19800
-1.90700
-2.40100
-2.76200
-2.98700
-3.08500
-2.89400
-2.38600
-1.37900
-1.00000E-02
1.65700
3.48500
5.15200
5.29300
3.50900
1.47600
-0.313000
-1.54500
-2.25400
-2.82600
-2.94800
-2.96300
-2.55200
-1.90700
-1.04200
-7.40000E-02
0.630000
1.08500
1.39700
1.57800
1.51500
1.41200
1.14800
0.669000
0.210000
-4.90000E-02
-0.304000
-0.729000
-1.00800
-0.964000
-0.729000
-0.631000
-0.357000
-4.90000E-02
0.190000
0.562000
0.938000
1.04100
0.826000
0.439000
8.70000E-02
-4.90000E-02
-0.142000
-0.289000
-0.279000
-6.40000E-02
0.224000
0.518000
0.601000
0.493000
0.200000
-6.40000E-02
-0.343000
-0.455000
-0.382000
-0.181000
3.40000E-02
0.219000
0.288000
0.303000
0.303000
0.312000
0.278000
0.317000
0.307000
0.180000
0.171000
0.459000
0.948000
1.34400
1.30900
0.679000
-0.299000
-1.14400
-1.86800
-2.33700
-2.44500
-1.99500
-1.41300
-0.514000
0.547000
1.46100
2.17000
2.66800
2.55600
1.97900
1.25600
0.161000
-1.06100
-1.77000
-2.16100
-2.33200
-2.24400
-1.83400
-1.33000
-0.675000
3.40000E-02
0.576000
0.811000
0.835000
0.786000
0.742000
0.772000
0.713000
0.586000
0.415000
0.205000
-6.40000E-02
-0.397000
-0.690000
-0.851000
-0.851000
-0.704000
-0.602000
-0.426000
-0.133000
0.107000
0.400000
0.772000
0.923000
0.723000
0.483000
0.337000
0.200000
-4.90000E-02
-0.441000
-0.597000
-0.304000
0.307000
1.01100
1.38300
1.31900
0.909000
0.283000
-0.289000
-0.680000
-1.14000
-1.44700
-1.49100
-1.32000
-0.929000
-0.392000
0.219000
0.923000
1.41700
1.53400
1.35800
0.987000
0.478000
-1.50000E-02
-0.592000
-1.08100
-1.32500
-1.44700
-1.37900
-1.16400
-0.817000
-0.406000
4.30000E-02
0.522000
0.909000
0.889000
0.581000
0.161000
-0.240000
-0.436000
-0.411000
-0.377000
-0.382000
-0.387000
-0.450000
-0.524000
-0.426000
-0.211000
-6.40000E-02
6.80000E-02
0.249000
0.298000
9.20000E-02
-0.250000
-0.494000
-0.626000
-0.695000
-0.695000
-0.651000
-0.519000
-0.406000
-0.269000
-4.00000E-02
0.210000
0.400000
0.557000
0.840000
1.25600
1.58800
1.57800
0.899000
-0.206000
-1.25200
-1.93600
-2.38100
-2.63500
-2.80600
-2.67000
-2.00500
-1.04700
9.70000E-02
1.41200
2.76100
3.53400
3.33800
2.29700
1.20200
0.312000
-0.289000
-0.778000
-1.00300
-1.02200
-1.06600
-0.851000
-0.626000
-0.387000
-0.211000
-0.211000
-0.299000
-0.401000
-0.441000
-0.313000
-0.142000
2.40000E-02
0.259000
0.522000
0.738000
1.04600
1.45600
1.84200
1.90100
1.73500
1.30500
0.601000
-8.90000E-02
-0.675000
-1.07100
-1.21800
-1.14900
-1.02700
-0.773000
-0.470000
-1.00000E-02
0.498000
1.02600
1.40200
1.51500
1.26100
0.752000
0.273000
1.90000E-02
-5.40000E-02
2.40000E-02
0.249000
0.469000
0.557000
0.557000
0.474000
0.337000
0.180000
3.40000E-02
-0.211000
-0.480000
-0.597000
-0.489000
-0.108000
0.376000
1.04100
1.63700
1.79800
1.35800
0.654000
1.40000E-02
-0.641000
-1.24700
-1.73100
-2.11700
-2.02400
-1.74100
-1.18800
-0.318000
0.708000
1.64700
2.37500
2.64900
2.40400
1.77400
0.948000
4.00000E-03
-0.905000
-1.59900
-1.94100
-2.11200
-1.79500
-1.22700
-0.582000
0.146000
0.894000
1.28500
1.22100
0.958000
0.547000
4.30000E-02
-0.367000
-0.597000
-0.670000
-0.675000
-0.460000
-0.186000
8.30000E-02
0.376000
0.772000
1.14300
1.55400
1.68100
1.43200
0.664000
-0.455000
-1.57000
-2.43500
-2.92400
-3.01200
-2.63500
-1.91200
-1.01200
-2.50000E-02
0.889000
1.76900
2.27700
2.19900
1.76400
1.24600
0.674000
9.00000E-03
-0.665000
-1.10500
-1.16400
-1.34500
-1.29600
-0.973000
-0.475000
6.80000E-02
0.689000
1.25600
1.41200
0.982000
5.30000E-02
-0.968000
-1.70700
-2.13200
-2.24900
-2.02900
-1.41800
-0.577000
0.322000
1.34400
2.38000
3.24000
3.57300
3.37700
2.61000
1.31900
-9.80000E-02
-1.32000
-2.45000
-3.10500
-3.44200
-3.44700
-3.13400
-2.69900
-1.94100
-0.836000
0.542000
1.84700
2.94200
3.54800
3.63600
3.20100
2.27200
1.18700
0.151000
-0.695000
-1.53500
-1.82900
-2.06800
-2.18600
-1.95100
-1.57000
-1.20300
-0.729000
-0.206000
0.351000
0.943000
1.43200
1.80300
2.02300
2.04300
1.83200
1.38800
0.870000
0.337000
-0.172000
-0.734000
-1.26700
-1.66300
-1.97100
-2.02900
-2.01900
-1.91200
-1.70200
-1.45200
-1.04200
-0.489000
0.219000
1.00200
1.72500
2.29700
2.45300
2.10100
1.31400
0.298000
-0.612000
-1.41800
-1.96600
-1.90700
-1.58400
-0.851000
-0.123000
0.317000
0.366000
-1.03000E-01
-0.832000
-1.45200
-1.80900
-1.97100
-1.86800
-1.28600
-0.553000
0.229000
1.13300
1.84700
2.17000
2.38000
2.62400
2.64900
2.18400
1.16300
-0.196000
-1.41300
-2.53800
-3.23200
-3.56400
-3.70100
-3.38800
-2.93800
-2.22000
-1.13000
0.376000
1.78400
2.59500
3.02500
3.05900
2.53600
1.76400
0.923000
0.146000
-0.592000
-1.04700
-1.00800
-1.03200
-0.915000
-0.572000
-0.206000
5.80000E-02
0.420000
0.777000
0.870000
0.718000
0.337000
-0.230000
-0.792000
-1.17900
-1.21300
-0.773000
-5.00000E-03
0.826000
1.78400
2.46800
2.51700
2.13100
1.50000
0.865000
0.239000
-0.323000
-0.768000
-0.773000
-0.832000
-0.876000
-0.900000
-0.964000
-0.934000
-0.812000
-0.651000
-0.333000
0.180000
0.786000
1.38300
1.79300
1.83200
1.59300
1.12400
0.601000
9.20000E-02
-0.377000
-0.880000
-1.19800
-1.34000
-1.14000
-0.621000
-1.50000E-02
0.474000
0.738000
0.654000
0.361000
0.122000
-0.181000
-0.524000
-0.602000
-0.582000
-0.665000
-0.641000
-0.406000
1.40000E-02
0.444000
0.855000
1.14300
1.38300
1.53400
1.56400
1.44100
1.06000
0.288000
-0.592000
-1.34000
-1.98500
-2.47400
-2.77200
-2.75300
-2.33200
-1.67200
-0.851000
8.70000E-02
1.09400
2.09600
2.74200
2.47300
1.71000
0.894000
0.298000
-3.00000E-02
-0.309000
-0.357000
-1.50000E-02
8.70000E-02
0.107000
7.80000E-02
2.40000E-02
-7.40000E-02
-0.250000
-0.582000
-1.06600
-1.53500
-1.82900
-1.93100
-2.03900
-1.97100
-1.60900
-0.792000
0.366000
1.77900
3.17200
3.92500
3.69000
2.45300
0.948000
-0.367000
-1.35500
-2.16600
-2.49800
-2.62100
-2.59100
-2.23900
-1.77500
-1.16900
-0.533000
4.00000E-03
0.439000
0.909000
1.30500
1.49000
1.47100
1.26100
0.738000
6.80000E-02
-0.450000
-0.616000
-0.739000
-0.934000
-1.08100
-0.832000
-0.323000
0.322000
1.15800
1.87200
2.00800
1.73000
1.22600
0.596000
-0.108000
-0.895000
-1.63800
-2.17600
-2.57200
-2.49400
-1.98000
-1.19800
-0.142000
0.962000
1.85200
2.37500
2.41400
2.15500
1.78400
1.39300
0.943000
0.410000
2.90000E-02
-0.186000
-0.524000
-0.880000
-1.11000
-1.17900
-1.16400
-1.06600
-0.998000
-0.929000
-0.739000
-0.465000
-5.40000E-02
0.425000
1.03100
1.52000
1.83200
2.00800
1.88100
1.30500
0.483000
-0.235000
-0.802000
-1.21800
-1.42300
-1.49100
-1.14400
-0.792000
-0.436000
9.00000E-03
0.371000
0.591000
0.654000
0.557000
0.371000
0.210000
2.40000E-02
-0.172000
-0.357000
-0.460000
-0.480000
-0.455000
-0.450000
-0.406000
-0.128000
0.346000
0.967000
1.31400
1.25100
0.840000
0.210000
-0.465000
-1.06600
-1.48700
-1.79500
-2.01000
-1.91200
-1.57000
-1.06600
-0.382000
0.332000
0.948000
1.29500
1.45600
1.47600
1.39700
1.26100
1.07000
0.904000
0.689000
0.346000
-6.40000E-02
-0.607000
-1.06600
-1.54000
-2.01900
-2.27400
-2.35200
-2.05400
-1.50100
-0.651000
0.542000
2.15500
4.13500
3.29400
1.47100
5.30000E-02
-0.876000
-1.41300
-1.68200
-1.37900
-0.856000
6.30000E-02
1.17700
2.12600
2.58500
2.49700
2.10100
1.45600
0.669000
-8.40000E-02
-0.866000
-1.61400
-2.20000
-2.58200
-2.75300
-2.69400
-2.39100
-1.75500
-0.753000
0.361000
1.78900
2.97600
3.71400
3.76800
3.23500
2.45300
1.63200
0.909000
0.215000
-0.211000
-0.455000
-0.660000
-1.28100
-1.79000
-2.21500
-2.56700
-2.69400
-2.48900
-2.07800
-1.45200
-0.568000
0.518000
1.57800
2.24300
2.43900
2.23800
1.82800
1.31900
0.894000
0.454000
0.210000
4.00000E-03
-0.260000
-0.714000
-0.929000
-1.07100
-1.14900
-1.17900
-1.06100
-0.714000
-0.284000
0.205000
0.522000
0.474000
0.122000
-0.357000
-0.773000
-1.08600
-1.12500
-0.944000
-0.504000
8.30000E-02
0.713000
1.20200
1.46100
1.46600
1.35300
0.982000
0.464000
0.185000
0.131000
0.161000
0.307000
0.346000
0.107000
-0.421000
-1.20300
-1.89700
-2.38100
-2.80100
-2.82600
-2.54700
-2.22000
-1.53500
-0.426000
0.884000
2.41900
3.69000
4.17400
4.04700
2.99600
1.44100
-0.152000
-1.35500
-2.25900
-2.76700
-2.83600
-2.79200
-2.30300
-1.64800
-0.866000
-6.90000E-02
0.498000
0.723000
0.483000
2.40000E-02
-0.397000
-0.592000
-0.641000
-0.602000
-0.387000
7.30000E-02
0.992000
1.99400
2.66800
2.66800
2.17500
1.25600
0.420000
-0.377000
-1.02700
-1.47700
-1.58900
-1.85300
-1.87300
-1.63300
-1.18400
-0.734000
-0.304000
2.40000E-02
0.131000
0.210000
0.288000
0.400000
0.483000
0.513000
0.581000
0.718000
0.972000
1.20200
1.35800
1.36300
1.19700
0.943000
0.542000
8.70000E-02
-0.431000
-0.895000
-1.21300
-1.41800
-1.45200
-1.35900
-1.35900
-1.30600
-1.13000
-0.572000
0.366000
1.51500
2.48300
3.01500
2.87900
2.10600
0.826000
-0.421000
-1.34000
-1.86300
-2.20500
-2.34200
-2.18600
-1.73100
-0.959000
0.166000
1.39300
2.54600
3.35800
3.55300
3.15700
2.11100
0.845000
-0.289000
-1.18800
-2.02900
-2.53300
-3.02100
-3.17300
-2.87000
-2.20000
-1.41300
-0.480000
0.381000
1.14300
1.76400
2.18000
2.38000
2.45300
2.23800
1.90600
1.35300
0.620000
2.40000E-02
-0.582000
-1.04700
-1.37900
-1.53100
-1.66700
-2.12700
-2.39600
-2.46400
-2.30800
-1.98500
-1.65800
-1.12000
-0.367000
0.615000
1.74900
2.83500
3.55300
3.33800
2.38000
1.20700
0.146000
-0.734000
-1.43300
-1.97100
-2.21500
-2.41000
-2.27800
-2.01400
-1.50600
-0.988000
-0.568000
-0.221000
4.80000E-02
0.263000
0.498000
0.752000
1.03100
1.30500
1.47100
1.32400
0.977000
0.454000
4.00000E-03
-0.416000
-0.660000
-0.729000
-0.778000
-0.753000
-0.406000
0.259000
1.02100
1.78400
2.35600
2.47300
1.90600
0.874000
-0.162000
-1.14000
-1.92200
-2.33700
-2.63000
-2.44000
-1.86300
-0.993000
0.244000
1.55900
2.55600
3.30400
3.66100
3.49400
2.49700
1.26500
0.146000
-0.719000
-1.52100
-2.02400
-2.23400
-2.32200
-2.04400
-1.59400
-0.983000
-0.133000
0.747000
1.47600
1.84700
1.74900
1.51500
1.31400
1.11900
1.03100
0.914000
0.596000
0.283000
-0.142000
-0.885000
-1.57000
-2.00000
-2.12200
-2.00500
-1.60900
-0.954000
-0.269000
0.474000
1.36800
2.16000
2.49200
2.40900
1.88100
1.00200
-4.90000E-02
-1.00800
-1.67200
-2.23400
-2.50800
-2.65500
-2.39100
-1.92700
-1.23700
-0.401000
0.400000
1.09900
1.56900
1.64200
1.20700
0.366000
-0.357000
-0.797000
-0.885000
-0.572000
0.112000
0.742000
1.26100
1.52900
1.52500
1.26500
0.679000
-0.128000
-0.998000
-1.81400
-2.42000
-2.70400
-2.82600
-2.91900
-2.80600
-2.23900
-1.56000
-0.504000
0.718000
2.06700
3.43600
4.03700
4.36500
4.31600
2.71200
1.05000
-0.265000
-1.15400
-2.00000
-2.46900
-2.80100
-3.04100
-2.96300
-2.80600
-2.60100
-2.16600
-1.54000
-0.675000
0.283000
1.29000
2.31600
3.26000
3.71000
3.40600
2.57100
1.55400
0.483000
-0.416000
-1.20800
-1.77000
-1.88700
-2.23000
-2.19000
-1.87300
-1.10500
-0.269000
0.557000
1.23100
1.50000
1.42200
1.11900
0.689000
0.342000
0.185000
-1.00000E-02
-0.343000
-0.563000
-0.895000
-1.10500
-1.25700
-1.02200
-0.572000
-5.00000E-03
0.689000
1.38300
2.02300
2.25300
1.78400
0.982000
0.146000
-0.690000
-1.43800
-1.97100
-2.01900
-1.97100
-1.70700
-1.23200
-0.641000
-3.00000E-02
0.478000
0.904000
1.14300
1.14300
1.01100
0.889000
0.786000
0.684000
0.650000
0.698000
0.782000
0.498000
-0.147000
-0.778000
-1.18800
-1.49100
-1.73100
-1.92200
-1.84800
-1.44300
-0.680000
0.259000
1.28000
2.10600
2.65900
2.51700
1.77400
0.698000
-0.304000
-1.13500
-1.78500
-2.03900
-1.95100
-1.74600
-1.35900
-0.714000
4.30000E-02
0.796000
1.47100
1.86700
2.00800
1.82300
1.29500
0.669000
6.30000E-02
-0.553000
-1.19800
-1.63300
-1.78500
-1.67700
-1.39400
-0.792000
9.00000E-03
0.830000
1.40200
1.50000
1.22600
0.679000
0.131000
-0.265000
-0.538000
-0.587000
-0.416000
-0.191000
2.90000E-02
0.244000
0.449000
0.610000
0.679000
0.498000
0.166000
-0.240000
-0.773000
-1.25200
-1.39400
-1.24200
-0.827000
-0.265000
0.278000
0.718000
0.884000
0.865000
0.811000
0.713000
0.508000
0.219000
-4.50000E-02
-0.343000
-0.533000
-0.592000
-0.528000
-0.377000
-0.289000
-0.245000
-0.118000
5.30000E-02
0.229000
0.488000
0.786000
1.07000
1.12400
0.938000
0.659000
0.346000
1.40000E-02
-0.436000
-0.841000
-1.02700
-1.16400
-1.34500
-1.45200
-1.18400
-0.519000
0.293000
1.10900
1.82300
2.25300
2.21900
1.76900
1.12400
0.508000
-4.50000E-02
-0.690000
-1.17900
-1.41300
-1.58900
-1.44300
-1.14000
-0.768000
-0.260000
0.400000
1.17700
1.69600
1.82300
1.55400
1.06500
0.557000
-2.50000E-02
-0.748000
-1.26200
-1.55500
-1.40800
-0.954000
-0.504000
4.30000E-02
0.738000
1.36800
1.73000
1.77900
1.46100
0.928000
0.361000
9.00000E-03
-0.177000
-0.431000
-0.934000
-1.32500
-1.41800
-1.37900
-1.24200
-0.929000
-0.631000
-0.445000
-0.299000
-0.206000
-0.191000
-0.289000
-0.387000
-0.323000
5.30000E-02
0.610000
1.41700
2.37000
3.11800
3.27900
2.62900
1.30000
-0.274000
-1.77500
-2.88000
-3.47600
-3.62300
-3.79900
-3.59300
-2.92900
-1.99500
-0.988000
0.185000
1.32400
2.13600
2.42900
2.26300
2.00400
1.62200
1.15800
0.865000
0.826000
0.928000
0.850000
0.674000
0.205000
-7.40000E-02
-0.367000
-0.792000
-1.22300
-1.64300
-1.89200
-1.91200
-1.82900
-1.68700
-1.24200
-0.646000
-4.90000E-02
0.571000
1.31400
2.04800
2.67300
3.10800
3.29400
3.02500
2.21400
1.11900
-4.50000E-02
-1.06600
-1.81400
-2.30300
-2.62600
-2.82600
-2.74300
-2.38600
-1.82400
-1.16900
-0.592000
-8.90000E-02
0.371000
0.923000
1.45100
1.87200
2.04800
1.87200
1.57300
1.33900
0.894000
0.415000
-1.03000E-01
-0.719000
-1.25200
-1.77000
-2.10700
-2.12700
-1.80900
-1.43800
-1.15900
-0.768000
-0.191000
0.395000
0.698000
0.757000
0.684000
0.576000
0.503000
0.444000
0.303000
0.146000
6.80000E-02
6.80000E-02
0.175000
0.278000
0.249000
3.40000E-02
-0.343000
-0.695000
-0.915000
-1.07100
-0.949000
-0.558000
-6.90000E-02
0.454000
1.00200
1.36300
1.46100
1.16300
0.522000
-0.201000
-0.890000
-1.34500
-1.43300
-1.20300
-0.792000
-0.343000
6.30000E-02
0.425000
0.747000
0.874000
0.830000
0.645000
0.361000
6.30000E-02
-0.221000
-0.343000
-0.162000
6.80000E-02
0.469000
1.10900
1.51000
1.43700
0.987000
0.283000
-0.475000
-1.19800
-1.66700
-1.84300
-1.89700
-1.72100
-1.27600
-0.563000
0.249000
0.928000
1.23600
1.34400
1.33400
1.24600
1.12900
0.987000
0.870000
0.713000
0.532000
0.259000
-0.128000
-0.616000
-1.10000
-1.46200
-1.72600
-1.84300
-1.70200
-1.41800
-0.964000
-0.260000
0.552000
1.38300
2.06200
2.49700
2.45800
1.79300
0.826000
-7.40000E-02
-0.944000
-1.63300
-1.95600
-2.14600
-2.13700
-1.80900
-1.21800
-0.597000
9.00000E-03
0.601000
1.19200
1.41700
1.30900
1.15800
0.977000
0.640000
0.303000
0.107000
9.00000E-03
-0.133000
-0.318000
-0.504000
-0.783000
-0.929000
-0.929000
-0.993000
-1.14900
-1.07600
-0.871000
-0.685000
-0.328000
0.278000
0.992000
1.64700
2.06700
2.24800
2.12100
1.60800
0.650000
-0.509000
-1.55500
-2.39600
-2.92400
-3.17300
-2.95800
-2.33700
-1.37900
1.90000E-02
1.52500
2.76100
3.05500
2.74200
2.25800
1.74900
1.15300
0.405000
-0.475000
-1.32000
-1.87800
-2.35200
-2.70400
-2.80100
-2.60600
-1.94600
-1.01700
0.141000
1.57800
3.03500
3.49400
2.72700
1.52000
0.395000
-0.323000
-0.734000
-0.929000
-0.773000
-0.484000
-0.191000
4.00000E-03
2.90000E-02
9.00000E-03
-9.30000E-02
-0.328000
-0.543000
-0.788000
-0.885000
-0.827000
-0.709000
-0.426000
-5.40000E-02
0.200000
0.400000
0.606000
0.640000
0.591000
0.620000
0.620000
0.684000
0.772000
0.830000
0.767000
0.689000
0.630000
0.478000
0.244000
1.40000E-02
-0.133000
-0.152000
-0.113000
-0.186000
-0.333000
-0.572000
-0.885000
-1.17900
-1.15900
-0.910000
-0.519000
8.30000E-02
0.845000
1.52900
1.98900
2.10600
1.93500
1.65200
1.37800
1.24600
1.12400
0.694000
-0.181000
-1.15400
-1.90200
-2.49800
-2.77200
-2.61100
-2.10200
-1.17900
0.268000
1.96000
3.04500
2.73200
1.93500
1.10400
0.415000
-5.00000E-03
-0.367000
-0.714000
-0.880000
-1.08600
-1.18800
-0.993000
-0.636000
-0.186000
0.322000
0.953000
1.47100
1.78400
1.69600
1.20200
0.420000
-0.367000
-1.13000
-1.74600
-2.03900
-1.92700
-1.49100
-0.920000
-0.191000
0.498000
1.13300
1.18200
0.806000
0.405000
1.02000E-01
-3.50000E-02
2.90000E-02
0.205000
0.337000
0.278000
-2.50000E-02
-0.631000
-1.22300
-1.55500
-1.55000
-1.31500
-0.895000
-0.313000
0.439000
1.11900
1.43200
1.37300
1.21700
0.894000
0.498000
0.210000
-1.03000E-01
-0.504000
-0.929000
-1.35500
-1.72600
-1.99000
-2.02900
-1.82400
-1.37900
-0.753000
9.00000E-03
0.874000
1.69600
2.02800
1.96900
1.50000
0.738000
2.40000E-02
-0.572000
-0.929000
-0.812000
-0.421000
6.30000E-02
0.522000
0.772000
0.576000
8.70000E-02
-0.612000
-1.24700
-1.63800
-1.82400
-1.66700
-1.43800
-1.18800
-0.836000
-0.323000
0.361000
1.17300
1.85200
2.24300
2.41900
2.06200
1.35800
0.557000
-0.133000
-0.758000
-1.32500
-1.57500
-1.51100
-1.19800
-0.807000
-0.455000
-0.147000
2.90000E-02
0.131000
0.112000
-2.50000E-02
-0.142000
-3.00000E-02
0.327000
0.806000
1.22600
1.43200
1.40200
1.10400
0.610000
-1.50000E-02
-0.719000
-1.23700
-1.45200
-1.39900
-1.21800
-0.836000
-0.269000
0.249000
0.610000
0.733000
0.728000
0.659000
0.640000
0.738000
1.00600
1.40200
1.69600
1.57800
1.03100
0.303000
-0.343000
-1.01200
-1.57000
-1.95100
-2.23900
-2.23900
-1.94100
-1.52100
-1.03200
-0.377000
0.342000
1.04600
1.66600
2.21400
2.68300
2.90300
2.64900
1.98400
0.982000
-3.50000E-02
-0.929000
-1.58900
-1.89200
-2.08800
-2.05800
-1.90200
-1.66700
-1.30100
-0.739000
-0.221000
0.229000
0.752000
1.33900
1.93500
2.33100
2.33100
1.95000
1.28500
0.610000
-5.00000E-03
-0.621000
-1.32500
-1.69200
-1.84800
-1.65800
-1.15900
-0.494000
0.146000
0.654000
0.889000
0.860000
0.698000
0.498000
0.400000
0.430000
0.596000
0.738000
0.806000
0.698000
0.518000
0.283000
5.80000E-02
-5.00000E-03
9.20000E-02
0.278000
0.185000
-8.90000E-02
-0.460000
-0.915000
-1.45200
-1.94600
-2.23900
-2.39600
-2.33700
-1.77500
-0.597000
1.26500
3.82200
5.52800
4.55000
2.97600
1.53900
0.278000
-0.734000
-1.57000
-1.98500
-1.97500
-1.97100
-2.01900
-2.06300
-1.98000
-1.69700
-1.32500
-0.768000
-6.90000E-02
0.713000
1.63700
2.52700
3.32800
3.04000
1.90600
0.742000
-0.201000
-0.954000
-1.48200
-1.55500
-1.43800
-1.22300
-0.607000
0.298000
1.38300
2.46800
3.15700
3.13800
2.34100
0.796000
-0.827000
-2.13700
-3.10000
-3.62800
-3.92600
-3.88700
-3.36900
-2.64500
-1.66300
-0.157000
1.46100
3.19100
4.28600
4.43300
3.90000
3.03000
2.03300
0.982000
7.30000E-02
-0.695000
-1.41800
-1.87800
-2.46900
-2.94800
-3.17300
-3.13400
-2.78700
-2.31800
-1.71600
-1.03200
-0.284000
0.420000
1.14300
1.76900
2.20400
2.28200
2.13600
2.10600
1.98900
1.48500
0.801000
-3.50000E-02
-0.924000
-1.68200
-2.21000
-2.39600
-2.28300
-2.01000
-1.67700
-1.23700
-0.802000
-0.441000
-0.172000
0.122000
0.483000
0.870000
1.17300
1.29500
1.27500
1.11900
0.816000
0.420000
2.40000E-02
-0.289000
-0.387000
-0.367000
-0.338000
-0.372000
-0.304000
-0.113000
3.40000E-02
1.40000E-02
-0.167000
-0.401000
-0.680000
-1.07100
-1.32500
-1.32000
-1.25200
-0.890000
-0.133000
0.689000
1.51500
1.90600
1.88600
1.62700
1.31400
1.09900
0.894000
0.508000
-5.90000E-02
-0.817000
-1.52100
-2.11700
-2.44500
-2.33700
-1.89200
-1.44300
-0.983000
-0.167000
0.811000
1.84700
2.71700
3.01500
2.71200
1.94000
0.791000
-0.382000
-1.27600
-1.99000
-2.34700
-2.48400
-2.31800
-1.97100
-1.32500
-0.563000
0.327000
1.45600
2.64400
3.54300
3.75800
3.02500
1.57800
4.80000E-02
-1.18800
-2.11200
-2.78200
-2.93300
-3.10000
-2.88500
-2.33200
-1.55000
-0.455000
0.464000
1.28000
1.95500
2.51200
2.70300
2.32100
1.52000
0.459000
-0.519000
-1.24200
-1.47200
-1.12000
-0.929000
-0.460000
1.40000E-02
0.317000
0.552000
0.630000
0.522000
0.307000
6.30000E-02
-0.172000
-0.406000
-0.636000
-0.753000
-0.656000
-0.460000
-0.196000
5.30000E-02
0.244000
0.439000
0.855000
1.41200
2.04300
2.70300
3.08400
2.51700
1.37300
-3.00000E-02
-1.37400
-2.43000
-3.19300
-3.60800
-3.66700
-3.30000
-2.46900
-1.16400
0.576000
2.45300
3.78800
4.06200
3.88600
3.24500
2.46300
1.62700
0.767000
-0.318000
-1.43300
-2.18100
-2.87500
-3.47100
-3.70100
-3.50500
-2.88500
-2.13700
-1.21300
0.141000
1.90100
3.84600
4.91700
4.35000
3.15200
1.59800
0.268000
-0.558000
-1.27100
-1.57500
-1.48200
-1.21800
-1.12500
-1.12500
-1.14000
-1.28600
-1.34500
-1.29600
-1.00300
-0.401000
0.342000
1.00200
1.27500
1.09400
0.850000
0.596000
0.596000
0.767000
0.992000
1.43700
1.53900
1.60300
1.39300
0.845000
0.151000
-0.519000
-1.22300
-1.75100
-2.08800
-2.24400
-2.23900
-2.02400
-1.71100
-1.26200
-0.719000
-6.40000E-02
0.591000
1.44600
2.40900
2.82500
2.75100
2.34100
1.62200
0.967000
0.518000
0.112000
-0.299000
-0.475000
-0.807000
-0.807000
-0.563000
-0.445000
-0.406000
-0.480000
-0.480000
-0.255000
1.40000E-02
0.180000
0.244000
0.190000
0.263000
0.366000
0.346000
0.259000
0.131000
-0.128000
-0.460000
-0.528000
-0.372000
-0.142000
0.112000
0.498000
1.22600
2.17000
2.93700
3.28900
3.12300
2.33600
0.967000
-0.524000
-1.71600
-2.72300
-3.51000
-4.07200
-4.40500
-4.20000
-3.63200
-2.82600
-1.75100
-0.411000
0.909000
2.08200
2.90800
3.28900
3.07900
2.64900
2.19900
1.67600
1.19700
0.772000
0.229000
-0.558000
-1.08600
-1.54000
-2.07800
-2.33200
-2.67000
-3.14900
-3.43200
-3.65200
-3.64200
-3.27600
-2.47400
-1.18400
0.376000
2.42900
5.13700
6.52000
4.37900
2.47800
0.870000
-0.563000
-1.74600
-2.66500
-3.08000
-3.32900
-3.37800
-3.30000
-3.02600
-2.63500
-2.11700
-1.22300
-0.118000
0.943000
1.84200
2.41400
2.41900
1.98400
1.35800
0.757000
0.259000
-0.142000
-0.519000
-0.841000
-0.998000
-1.19800
-1.23700
-1.01200
-0.631000
-0.162000
0.185000
0.259000
5.30000E-02
-0.323000
-0.729000
-1.00800
-1.15900
-0.973000
-0.475000
0.127000
0.928000
1.74000
2.22400
2.17500
1.67600
1.18700
0.850000
0.537000
0.244000
-9.80000E-02
-0.475000
-0.885000
-1.19300
-1.55500
-1.71100
-1.77500
-1.62800
-1.35900
-0.929000
-7.90000E-02
0.884000
1.64700
2.08700
2.29700
2.32600
2.06700
1.62200
1.14800
0.757000
0.405000
0.224000
0.107000
-0.118000
-0.543000
-0.944000
-1.26200
-1.64800
-1.94600
-2.10700
-1.99000
-1.58900
-1.14000
-0.460000
0.420000
1.50500
2.74200
3.59200
3.62600
3.23500
2.47300
1.58800
0.738000
-0.299000
-1.35500
-2.13700
-2.71800
-3.09500
-3.15300
-2.99700
-2.73800
-2.06300
-1.16400
-0.260000
0.855000
2.09600
3.15700
3.62600
3.37200
2.74200
1.77400
0.747000
-3.00000E-02
-0.773000
-1.45200
-1.73600
-2.17600
-2.35200
-2.37600
-2.10200
-1.66700
-1.11000
-0.343000
0.635000
1.53400
1.95000
1.99400
1.96000
1.96900
1.72000
1.23100
0.557000
-0.191000
-0.934000
-1.44300
-1.64300
-1.65300
-1.60900
-1.36400
-0.949000
-0.397000
0.107000
0.464000
0.830000
1.19700
1.53400
1.79300
1.80800
1.44100
0.713000
-0.113000
-0.768000
-1.04700
-1.12500
-1.35000
-1.45200
-1.23700
-0.788000
-0.313000
5.30000E-02
0.161000
0.131000
0.278000
0.439000
0.351000
0.229000
0.259000
0.307000
0.249000
0.249000
0.263000
0.166000
-1.50000E-02
-0.299000
-0.572000
-0.788000
-0.695000
-0.460000
-0.309000
-0.357000
-0.357000
-0.186000
-6.40000E-02
-9.30000E-02
-0.221000
-0.245000
-0.245000
-0.343000
-0.338000
-0.191000
1.40000E-02
0.229000
0.508000
0.850000
1.04100
0.943000
0.777000
0.654000
0.527000
0.263000
-0.142000
-0.670000
-1.15900
-1.53500
-1.80400
-1.86800
-1.66700
-1.18800
-0.436000
0.400000
1.21200
1.62700
1.64700
1.53400
1.41700
1.19200
0.899000
0.698000
0.542000
0.542000
0.478000
0.434000
0.337000
1.40000E-02
-0.494000
-1.02700
-1.52600
-1.95100
-2.31300
-2.39600
-2.16100
-1.60400
-0.876000
4.30000E-02
1.04100
2.06700
2.84400
3.13800
3.17200
2.89800
2.24300
1.33900
0.268000
-0.797000
-1.71600
-2.24400
-2.73800
-2.94300
-2.91400
-2.43000
-1.64800
-0.758000
4.80000E-02
0.654000
1.08000
1.30500
1.36300
1.23100
0.938000
0.508000
0.161000
2.40000E-02
-3.00000E-02
-1.00000E-02
-0.123000
-0.348000
-0.289000
-5.00000E-03
0.229000
0.205000
8.70000E-02
-9.30000E-02
-0.465000
-0.920000
-1.30100
-1.54500
-1.63800
-1.51100
-1.22300
-0.788000
-0.279000
1.02000E-01
0.307000
0.464000
0.654000
0.830000
0.840000
0.767000
0.659000
0.503000
0.322000
0.127000
-0.265000
-0.748000
-1.05200
-1.16900
-1.30100
-1.51100
-1.66700
-1.67700
-1.55000
-1.14000
-0.441000
0.205000
0.757000
1.46100
2.16500
2.42400
1.85700
0.713000
-0.426000
-1.33500
-2.05800
-2.35700
-2.01400
-1.37900
-0.260000
0.845000
1.89100
2.55100
2.12100
1.15800
0.239000
-0.416000
-0.924000
-1.27100
-1.23700
-1.11000
-0.739000
-0.323000
6.80000E-02
0.640000
1.23600
1.47100
1.37300
0.987000
0.537000
0.219000
4.00000E-03
-1.03000E-01
-4.50000E-02
0.107000
0.439000
0.899000
1.35300
1.66600
1.53400
0.987000
0.298000
-0.377000
-1.03200
-1.37400
-1.35900
-1.19800
-0.880000
-0.563000
-0.172000
0.146000
0.390000
0.610000
0.860000
1.07000
1.28000
1.51500
1.73000
1.72500
1.45100
0.953000
0.346000
-0.260000
-0.778000
-0.983000
-0.788000
-0.441000
-4.90000E-02
0.263000
0.298000
9.20000E-02
-0.230000
-0.548000
-0.714000
-0.700000
-0.504000
-0.152000
0.342000
0.948000
1.36300
1.41200
1.15800
0.870000
0.581000
0.229000
-0.118000
-0.299000
-0.245000
-0.186000
-1.03000E-01
-5.00000E-03
7.30000E-02
0.185000
0.185000
0.107000
6.30000E-02
0.141000
0.146000
-1.00000E-02
-0.382000
-0.680000
-0.768000
-0.660000
-0.480000
-0.377000
-0.250000
-1.50000E-02
0.249000
0.464000
0.542000
0.547000
0.474000
0.312000
0.117000
2.90000E-02
5.30000E-02
0.151000
9.20000E-02
-6.90000E-02
-0.328000
-0.563000
-0.734000
-0.827000
-0.924000
-1.03200
-1.13500
-1.08100
-1.00800
-0.905000
-0.734000
-0.563000
-0.406000
-0.181000
9.20000E-02
0.410000
0.791000
1.11900
1.24100
1.06500
0.586000
-9.80000E-02
-0.836000
-1.37400
-1.76500
-1.96600
-2.08800
-1.98000
-1.66300
-1.22300
-0.597000
0.249000
1.21700
2.14500
2.66800
2.36000
1.38300
0.219000
-0.788000
-1.60900
-2.11200
-2.17100
-2.32200
-2.09800
-1.49600
-0.587000
0.571000
1.87200
3.12300
3.92000
2.40900
0.679000
-0.680000
-1.60900
-2.15100
-2.25900
-1.95100
-1.45700
-0.597000
0.527000
1.62700
2.63400
2.96200
2.65400
2.23800
1.91100
1.60800
1.14800
0.420000
-0.382000
-1.22300
-2.03900
-2.52800
-2.74800
-2.82600
-2.62600
-2.09800
-1.40300
-0.441000
0.654000
1.93000
3.50400
5.01000
5.58700
5.84100
3.88100
1.50000
-0.690000
-2.29800
-3.22700
-4.00900
-4.24400
-4.34600
-4.07200
-3.41300
-2.45000
-1.48200
-0.323000
0.811000
1.74900
2.44400
2.69300
2.53600
2.16000
1.57300
0.987000
0.425000
-3.50000E-02
-0.421000
-0.641000
-0.797000
-1.03200
-1.06600
-0.949000
-0.890000
-0.778000
-0.739000
-0.709000
-0.656000
-0.524000
-0.406000
-0.260000
-0.123000
9.00000E-03
4.80000E-02
3.40000E-02
-3.50000E-02
-0.123000
-0.245000
-0.216000
-7.90000E-02
-8.40000E-02
-0.157000
-0.128000
5.30000E-02
0.249000
0.376000
0.366000
0.210000
0.107000
6.30000E-02
5.30000E-02
-5.00000E-03
-8.90000E-02
-0.245000
-0.416000
-0.524000
-0.387000
-0.108000
1.90000E-02
6.30000E-02
0.180000
0.200000
8.70000E-02
-9.80000E-02
-0.392000
-0.651000
-0.817000
-0.734000
-0.538000
-0.260000
0.122000
0.659000
1.32400
1.94500
2.31600
2.33100
1.99900
1.47600
0.909000
0.420000
-1.03000E-01
-0.704000
-1.10000
-1.41800
-1.79900
-1.97100
-1.84300
-1.66300
-1.30100
-0.641000
8.30000E-02
0.757000
1.39700
1.84700
2.17000
2.31200
2.18000
1.82300
1.31900
0.738000
0.210000
-0.269000
-0.714000
-1.02700
-1.08100
-1.14000
-1.09100
-0.934000
-0.656000
-0.128000
0.488000
1.03100
1.32400
1.45600
1.39300
1.15800
0.806000
0.425000
8.70000E-02
-0.250000
-0.572000
-0.768000
-0.807000
-0.812000
-0.695000
-0.494000
-0.289000
9.00000E-03
0.288000
0.420000
0.390000
0.474000
0.640000
0.889000
1.23100
1.69100
2.05700
2.00800
1.64200
0.909000
-3.50000E-02
-1.05200
-1.97100
-2.60600
-2.88500
-2.94800
-2.88000
-2.88000
-2.57200
-1.75100
-0.797000
0.219000
1.28500
2.18000
2.63900
2.44800
1.96900
1.39700
0.865000
0.371000
-2.00000E-02
-0.406000
-0.524000
-0.397000
-0.108000
0.259000
0.483000
0.327000
-0.108000
-0.812000
-1.67200
-2.54700
-3.17800
-3.53000
-3.69600
-3.53500
-2.97700
-2.01900
-0.480000
1.73000
4.61900
5.90900
4.83900
3.39200
1.84200
0.219000
-1.04200
-1.96100
-2.68400
-2.88500
-3.07500
-3.13900
-3.10000
-2.86000
-2.28300
-1.40300
-0.387000
0.581000
1.45600
2.09600
2.29200
1.98900
1.35800
0.733000
0.322000
-3.50000E-02
-0.519000
-0.792000
-0.929000
-0.988000
-1.13500
-1.22700
-1.21300
-0.939000
-0.475000
-5.00000E-03
0.366000
0.874000
1.39700
1.83200
2.01800
1.89100
1.36300
0.610000
-1.50000E-02
-0.533000
-0.832000
-0.871000
-0.905000
-0.778000
-0.563000
-0.299000
2.90000E-02
0.234000
0.337000
0.288000
0.205000
0.195000
0.298000
0.425000
0.425000
0.601000
0.953000
1.25600
1.57800
1.83200
1.83700
1.59300
1.23100
0.918000
0.571000
0.112000
-0.392000
-0.934000
-1.34500
-1.95100
-2.23400
-2.16100
-1.81400
-1.24200
-0.475000
0.425000
1.63200
3.11300
4.13000
4.16900
2.78100
1.18200
-0.250000
-1.24200
-2.01900
-2.39100
-2.31300
-1.99500
-1.55000
-0.807000
2.40000E-02
0.640000
0.987000
0.997000
0.796000
0.498000
0.166000
-4.90000E-02
-0.338000
-0.475000
-0.338000
2.90000E-02
0.444000
0.552000
0.127000
-0.572000
-1.10000
-1.35000
-1.37400
-1.20800
-0.788000
-0.411000
-4.90000E-02
0.337000
0.806000
1.33400
1.95000
2.49700
2.48800
1.78400
0.518000
-0.709000
-1.80900
-2.86500
-3.55400
-3.82800
-3.89600
-3.56900
-2.80100
-1.81400
-0.406000
1.53400
4.25200
7.09200
5.77200
3.15200
0.830000
-0.890000
-2.16100
-3.08500
-3.54400
-3.64700
-3.53000
-3.04100
-2.44000
-1.70700
-0.856000
4.80000E-02
0.972000
1.81300
2.41900
2.48300
2.23800
1.90600
1.50500
0.962000
0.386000
-0.186000
-0.768000
-0.998000
-1.18800
-1.21800
-1.16400
-1.09600
-0.993000
-0.954000
-0.841000
-0.768000
-0.641000
-0.284000
0.259000
0.933000
1.49500
1.81800
1.89100
1.69600
1.28500
0.816000
0.332000
-1.00000E-02
-0.397000
-0.690000
-0.944000
-1.08100
-1.04700
-0.836000
-0.475000
-4.90000E-02
0.263000
0.483000
0.659000
0.962000
1.21700
1.22100
0.977000
0.483000
-7.40000E-02
-0.499000
-0.714000
-0.851000
-0.890000
-0.719000
-0.387000
2.90000E-02
0.425000
0.728000
0.914000
1.15800
1.48100
1.63200
1.46100
1.11900
0.464000
-0.167000
-0.792000
-1.39900
-1.86300
-2.18600
-2.38100
-2.47400
-2.25900
-1.50100
-0.572000
0.552000
1.96400
3.39200
3.79800
3.15700
1.83200
0.425000
-0.656000
-1.57000
-2.39100
-2.78200
-2.95800
-2.88000
-2.45000
-1.74600
-0.724000
0.439000
1.58800
2.40000
2.43900
1.94500
1.20700
0.395000
-0.269000
-0.885000
-1.33500
-1.35000
-1.40300
-1.21800
-0.905000
-0.572000
-0.191000
0.161000
0.434000
0.606000
0.581000
0.518000
0.483000
0.562000
0.576000
0.361000
5.30000E-02
-0.299000
-0.670000
-1.12000
-1.40300
-1.54500
-1.57000
-1.15400
-0.616000
-6.90000E-02
0.474000
1.19700
1.76900
1.94500
1.65700
0.997000
0.337000
-0.147000
-0.528000
-0.802000
-0.866000
-1.04700
-1.10500
-1.14000
-1.09100
-0.827000
-0.455000
-9.80000E-02
0.107000
0.293000
0.552000
0.835000
1.04600
1.12900
1.04100
0.796000
0.303000
-0.221000
-0.641000
-0.924000
-1.10000
-1.02700
-0.607000
-0.123000
1.02000E-01
8.70000E-02
5.30000E-02
9.20000E-02
1.02000E-01
0.185000
0.366000
0.483000
0.532000
0.738000
0.928000
0.914000
0.518000
-0.108000
-0.660000
-1.00800
-1.17900
-1.03200
-0.660000
-5.40000E-02
0.537000
1.10900
1.46100
1.58800
1.36300
0.894000
0.185000
-0.670000
-1.30600
-1.44300
-1.14400
-0.773000
-9.80000E-02
0.728000
1.51500
2.02300
2.04300
1.78400
1.30500
0.679000
-1.03000E-01
-0.920000
-1.51100
-1.87300
-2.17600
-2.16100
-1.79900
-1.14000
-0.357000
0.439000
1.15300
1.73000
2.01800
1.95000
1.71000
1.40700
0.923000
0.337000
-0.260000
-0.832000
-1.19300
-1.50100
-1.65800
-1.57500
-1.19800
-0.651000
2.40000E-02
0.747000
1.32400
1.34900
0.865000
0.219000
-0.289000
-0.656000
-0.807000
-0.612000
-0.255000
0.131000
0.459000
0.674000
0.610000
0.327000
5.30000E-02
-1.50000E-02
1.90000E-02
1.02000E-01
0.317000
0.498000
0.459000
0.244000
3.40000E-02
-3.50000E-02
9.00000E-03
9.00000E-03
-0.157000
-0.392000
-0.582000
-0.636000
-0.519000
-0.265000
6.30000E-02
0.356000
0.474000
0.439000
0.361000
0.229000
6.30000E-02
9.00000E-03
4.80000E-02
0.234000
0.493000
0.659000
0.630000
0.483000
0.322000
1.02000E-01
-8.40000E-02
-0.265000
-0.460000
-0.748000
-1.08100
-1.24700
-1.12000
-0.788000
-0.382000
-5.00000E-03
0.171000
0.249000
0.390000
0.684000
0.992000
1.17700
1.20700
0.972000
0.498000
-3.50000E-02
-0.651000
-1.20800
-1.53500
-1.59400
-1.35500
-0.944000
-0.499000
-6.40000E-02
0.244000
0.415000
0.464000
0.381000
0.229000
3.90000E-02
-0.191000
-0.318000
-0.201000
0.146000
0.703000
1.18200
1.37300
1.12900
0.615000
-0.255000
-1.31500
-2.23400
-2.85500
-3.00200
-2.72300
-1.90200
-0.377000
1.45100
2.76600
2.56100
1.64700
0.718000
-2.00000E-02
-0.475000
-0.665000
-0.744000
-0.651000
-0.646000
-0.519000
-0.309000
-5.40000E-02
1.02000E-01
0.190000
0.185000
0.151000
1.02000E-01
4.30000E-02
1.40000E-02
9.00000E-03
1.40000E-02
-5.40000E-02
-9.30000E-02
8.70000E-02
0.371000
0.571000
0.767000
0.909000
0.845000
0.664000
0.195000
-0.328000
-0.739000
-0.968000
-0.885000
-0.592000
-0.221000
0.229000
0.791000
1.42200
1.86200
1.96000
1.67600
1.13300
0.537000
-4.50000E-02
-0.729000
-1.27600
-1.59400
-1.62800
-1.58900
-1.46200
-1.07100
-0.597000
-6.90000E-02
0.478000
1.14800
1.74900
2.11100
2.08200
1.87600
1.48500
1.00200
0.542000
0.146000
-0.279000
-0.665000
-1.13000
-1.48200
-1.81900
-2.04900
-2.08800
-2.04400
-1.88700
-1.56500
-0.827000
0.552000
2.74200
5.27400
4.17400
2.43400
0.870000
-0.445000
-1.45700
-2.23900
-2.47900
-2.44000
-2.12700
-1.55500
-0.695000
0.205000
1.04100
1.59800
1.77900
1.57300
1.09400
0.562000
0.122000
-0.221000
-0.494000
-0.455000
-0.431000
-0.465000
-0.773000
-1.32000
-1.71100
-1.82400
-1.69700
-1.21800
-0.441000
0.586000
1.61700
2.50700
2.88300
2.72700
2.12100
1.05000
-0.269000
-1.36400
-2.10200
-2.51300
-2.73300
-2.55700
-1.87800
-0.968000
-0.108000
0.738000
1.64700
2.12600
2.00400
1.38300
0.493000
-0.338000
-1.06100
-1.55500
-1.50100
-1.31500
-0.876000
-0.157000
0.522000
1.06000
1.25600
1.15800
1.06500
1.15300
1.30000
1.24600
0.948000
0.542000
0.146000
-0.201000
-0.563000
-0.866000
-1.14400
-1.51600
-2.01000
-2.53800
-2.71400
-2.46900
-1.75100
-0.651000
0.767000
2.35100
3.37700
3.51400
3.07900
2.31200
1.51500
0.835000
0.127000
-0.626000
-1.21800
-1.36400
-1.49100
-1.50600
-1.43800
-1.34500
-1.18400
-0.949000
-0.494000
4.30000E-02
0.513000
0.884000
1.12400
1.35800
1.42200
1.29500
0.962000
0.386000
-1.03000E-01
-0.533000
-0.773000
-0.910000
-0.939000
-0.832000
-0.484000
0.122000
0.874000
1.46100
1.82800
1.95000
1.89100
1.60800
0.943000
2.90000E-02
-0.797000
-1.30600
-1.48200
-1.58900
-1.60900
-1.34000
-1.06100
-1.04200
-0.944000
-0.690000
-0.509000
-0.445000
-0.387000
-0.269000
4.80000E-02
0.518000
1.20700
1.91100
2.57100
3.00100
2.78600
2.09200
0.982000
-0.309000
-1.34000
-2.31800
-2.98700
-3.38800
-3.51500
-3.33400
-3.02100
-2.57200
-1.89200
-0.964000
-6.40000E-02
0.791000
1.61300
2.21400
2.45300
2.29700
1.78900
0.987000
0.131000
-0.367000
-0.626000
-0.646000
-0.484000
4.00000E-03
0.425000
0.464000
0.122000
-0.416000
-0.993000
-1.53100
-1.84300
-1.90700
-1.74600
-1.28100
-0.465000
0.498000
1.30900
1.63700
1.50000
1.12400
0.733000
0.478000
0.244000
4.00000E-03
-0.240000
-0.353000
-0.411000
-0.372000
-0.357000
-0.318000
-0.343000
-0.362000
-0.255000
-2.00000E-02
0.122000
1.02000E-01
-3.00000E-02
-0.118000
-0.137000
-6.40000E-02
0.112000
0.381000
0.664000
0.816000
0.767000
0.571000
0.288000
5.80000E-02
-5.90000E-02
-9.30000E-02
-9.30000E-02
-7.40000E-02
-3.00000E-02
-6.90000E-02
-0.230000
-0.387000
-0.397000
-0.304000
-0.172000
2.40000E-02
0.200000
0.395000
0.733000
1.19200
1.34400
1.08900
0.581000
2.90000E-02
-0.538000
-0.876000
-0.964000
-0.910000
-0.704000
-0.279000
9.00000E-03
8.30000E-02
1.90000E-02
-0.142000
-0.250000
-9.30000E-02
0.190000
0.532000
0.830000
1.10400
1.35300
1.46100
1.38300
1.12400
0.752000
0.249000
-0.309000
-0.915000
-1.37900
-1.64300
-1.55500
-1.18800
-0.748000
-0.436000
-0.206000
-0.147000
-0.289000
-0.514000
-0.685000
-0.656000
-0.382000
8.70000E-02
0.904000
1.99900
3.11300
3.77300
3.42100
2.15500
0.884000
-0.284000
-1.30100
-2.13200
-2.45900
-2.63500
-2.43000
-2.03900
-1.55500
-1.08100
-0.704000
-0.397000
-6.90000E-02
0.141000
0.200000
0.190000
0.405000
0.870000
1.59300
2.40900
3.07400
3.23500
2.68800
1.54400
0.322000
-0.646000
-1.29600
-1.79000
-2.05400
-2.38100
-2.44000
-2.41000
-2.20000
-1.86800
-1.59400
-1.21800
-0.670000
-6.40000E-02
0.557000
1.23600
1.85200
2.32100
2.66800
2.88300
2.65400
1.89100
0.884000
-5.00000E-03
-0.734000
-1.39400
-1.81400
-2.18600
-2.29300
-2.22000
-2.05800
-1.71100
-1.23200
-0.729000
-4.90000E-02
0.698000
1.47100
2.04800
2.10100
1.75400
1.19200
0.532000
-1.50000E-02
-0.436000
-0.695000
-0.675000
-0.670000
-0.367000
5.30000E-02
0.444000
0.870000
1.11900
0.982000
0.503000
-5.00000E-03
-0.480000
-0.861000
-1.01200
-1.00800
-0.949000
-0.788000
-0.641000
-0.533000
-0.250000
5.30000E-02
0.244000
0.425000
0.708000
0.855000
0.796000
0.694000
0.767000
1.02100
1.32400
1.63700
1.73500
1.54900
0.738000
-0.631000
-1.98000
-2.94300
-3.56900
-3.79900
-3.63200
-2.91400
-1.64800
0.215000
2.17000
3.87600
4.29600
3.29900
1.91100
0.591000
-0.377000
-1.14000
-1.67200
-1.81400
-1.69700
-1.34500
-0.832000
-0.265000
0.205000
0.376000
0.366000
0.351000
0.288000
0.195000
6.30000E-02
-1.50000E-02
-6.90000E-02
-0.108000
-0.123000
-1.00000E-02
1.40000E-02
-3.00000E-02
-1.03000E-01
-1.00000E-02
8.30000E-02
0.180000
0.224000
0.283000
0.322000
0.259000
0.210000
0.307000
0.439000
0.518000
0.483000
0.386000
0.249000
-3.00000E-02
-0.421000
-0.797000
-1.13000
-1.25700
-1.12500
-0.792000
-0.318000
6.30000E-02
0.405000
0.615000
0.659000
0.532000
0.474000
0.405000
0.322000
0.371000
0.420000
0.454000
0.356000
7.80000E-02
-0.235000
-0.465000
-0.602000
-0.670000
-0.675000
-0.616000
-0.484000
-0.240000
-3.50000E-02
-2.00000E-02
2.90000E-02
4.80000E-02
-1.50000E-02
-0.162000
-0.245000
-0.299000
-0.367000
-0.436000
-0.445000
-0.299000
-0.108000
-6.40000E-02
-0.133000
-0.152000
-0.137000
-0.167000
-6.40000E-02
0.171000
0.434000
0.738000
0.933000
0.928000
0.777000
0.532000
0.273000
1.40000E-02
-0.318000
-0.753000
-1.31500
-1.78500
-1.96600
-1.87800
-1.72100
-1.40300
-0.993000
-0.387000
0.405000
1.26100
2.02800
2.67800
2.98600
2.73200
2.04300
1.07500
2.40000E-02
-1.03200
-1.84300
-2.23400
-2.31800
-2.16600
-1.65800
-0.924000
4.80000E-02
1.12400
1.94000
2.22400
1.87200
0.992000
-0.167000
-1.17400
-1.87300
-2.25400
-2.01400
-1.49100
-0.651000
0.244000
1.20700
1.96000
2.32100
2.00400
1.30500
0.532000
-7.40000E-02
-0.416000
-0.460000
-0.250000
-0.279000
-0.152000
2.90000E-02
4.80000E-02
3.40000E-02
6.30000E-02
5.30000E-02
-5.00000E-03
-0.201000
-0.460000
-0.670000
-0.778000
-0.817000
-0.695000
-0.362000
0.244000
0.923000
1.42200
1.63700
1.65200
1.52000
1.29000
0.845000
0.268000
-0.279000
-0.597000
-0.822000
-0.998000
-1.06100
-0.983000
-0.709000
-0.157000
0.532000
1.29500
1.93000
2.25800
2.12600
1.52500
0.591000
-0.475000
-1.37400
-1.98500
-2.31300
-2.53300
-2.35200
-1.76500
-0.968000
-1.00000E-03
1.04100
2.00800
2.64900
2.72700
2.19900
1.39300
0.635000
-2.50000E-02
-0.656000
-1.17400
-1.24200
-1.31500
-0.939000
-0.367000
0.171000
0.469000
0.601000
0.581000
0.303000
-0.240000
-0.968000
-1.55500
-1.85300
-1.85300
-1.56000
-0.949000
-9.80000E-02
0.767000
1.61700
2.21400
2.57500
2.68800
2.48800
1.84200
0.806000
-0.284000
-1.34000
-2.35200
-3.12900
-3.53500
-3.59300
-3.23200
-2.41000
-1.34500
-4.00000E-02
1.19700
2.27200
2.73200
2.61500
2.08700
1.36300
0.532000
-0.245000
-0.944000
-1.31500
-1.35000
-1.45200
-1.15900
-0.871000
-0.548000
-0.225000
8.30000E-02
0.493000
0.777000
0.840000
0.728000
0.513000
0.249000
4.00000E-03
-0.265000
-0.460000
-0.484000
-0.367000
-0.211000
-0.167000
-0.225000
-0.147000
-1.50000E-02
6.30000E-02
0.229000
0.557000
1.03600
1.51000
1.78400
1.67100
1.20200
0.557000
-3.00000E-02
-0.621000
-1.17900
-1.64800
-1.87800
-1.89200
-1.70700
-1.42300
-0.973000
-0.260000
0.659000
1.51000
2.33100
3.08400
3.43100
2.94200
1.46600
-0.387000
-2.01900
-2.82100
-3.00200
-2.57700
-1.84300
-0.651000
0.674000
1.82800
2.16000
1.86200
1.34400
0.562000
-0.128000
-0.763000
-1.23700
-1.45200
-1.64800
-1.69200
-1.47200
-1.15900
-0.680000
-0.128000
0.268000
0.777000
1.19700
1.63700
1.87200
1.93000
1.81800
1.54900
1.10900
0.498000
-8.40000E-02
-0.690000
-1.35500
-2.04900
-2.68400
-3.06100
-3.15800
-2.99700
-2.55700
-1.79000
-0.885000
8.70000E-02
1.17300
2.37000
3.19100
3.39200
3.03000
2.25300
1.23100
1.02000E-01
-0.885000
-1.59400
-1.97500
-2.07800
-2.22500
-2.05800
-1.70700
-1.22300
-0.499000
0.278000
0.953000
1.33900
1.34400
1.08000
0.601000
2.40000E-02
-0.514000
-0.890000
-1.02200
-0.758000
-0.201000
0.254000
0.390000
0.547000
0.733000
0.708000
0.522000
0.342000
9.20000E-02
-6.90000E-02
-0.206000
-0.357000
-0.387000
-0.245000
0.219000
0.904000
1.56900
1.91100
1.77400
1.07000
6.80000E-02
-0.954000
-1.97100
-2.67000
-2.88000
-2.80600
-2.29800
-1.38400
-1.03000E-01
1.50000
3.15700
3.97400
4.03200
2.92700
1.57300
0.190000
-0.822000
-1.59400
-2.06800
-2.22500
-2.39600
-2.25900
-1.77000
-1.13500
-0.465000
0.229000
1.04600
1.80800
2.23300
2.16500
1.70500
1.10400
0.439000
-0.108000
-0.626000
-0.778000
-0.572000
-0.441000
-0.181000
0.171000
0.640000
0.786000
0.488000
-3.00000E-02
-0.646000
-1.07100
-1.18800
-1.02700
-0.675000
-4.90000E-02
0.674000
1.40200
1.90600
2.08200
1.84700
1.23600
0.562000
-0.113000
-0.665000
-1.04700
-1.23700
-1.34500
-1.32500
-1.24200
-1.06600
-0.714000
-0.289000
0.190000
0.698000
1.16800
1.40200
1.29000
0.953000
0.640000
0.361000
8.70000E-02
-0.265000
-0.533000
-0.621000
-0.572000
-0.480000
-0.377000
-0.225000
-7.40000E-02
9.00000E-03
-0.118000
-0.406000
-0.563000
-0.533000
-0.357000
-8.40000E-02
0.322000
0.870000
1.27500
1.29500
1.08500
0.610000
2.90000E-02
-0.636000
-1.22700
-1.68200
-2.04400
-1.99500
-1.66300
-1.09100
-0.260000
0.733000
1.68100
2.31200
2.46800
2.10100
1.39700
0.581000
-5.90000E-02
-0.602000
-1.02700
-1.26200
-1.64800
-1.73600
-1.61900
-1.41800
-1.06100
-0.519000
1.40000E-02
0.474000
0.938000
1.20700
1.12400
0.821000
0.493000
0.259000
0.146000
0.215000
0.518000
0.845000
1.09900
0.987000
0.449000
-0.279000
-1.09100
-1.78500
-2.21500
-2.37100
-2.12200
-1.60400
-0.876000
3.40000E-02
0.928000
1.74900
2.40900
2.76100
2.64400
2.02300
1.02600
2.40000E-02
-0.807000
-1.34500
-1.62800
-1.83400
-1.73100
-1.39400
-0.973000
-0.582000
-0.167000
0.224000
0.664000
1.07000
1.27500
1.26500
1.12900
0.997000
0.738000
0.366000
0.131000
1.02000E-01
0.224000
0.366000
0.288000
4.00000E-03
-0.460000
-0.924000
-1.38900
-1.66700
-1.85800
-1.86300
-1.64800
-1.18400
-0.533000
0.278000
1.28000
2.37000
3.45000
3.88100
3.53400
2.44800
1.11900
-0.181000
-1.34000
-2.51800
-3.19300
-3.56400
-3.76400
-3.60800
-3.19300
-2.54700
-1.69700
-0.709000
0.386000
1.61700
2.61500
3.13300
3.31400
3.11800
2.68800
2.08700
1.52900
1.04100
0.420000
-0.279000
-1.11000
-1.89200
-2.66500
-3.10000
-3.39300
-3.55900
-3.35400
-2.81100
-2.06800
-1.08600
0.185000
1.65700
3.02500
3.84600
3.90000
3.37700
2.35100
1.08900
2.40000E-02
-0.807000
-1.42800
-1.43300
-1.44300
-1.41300
-1.33500
-1.29100
-1.33500
-1.35500
-1.19800
-0.949000
-0.558000
-6.40000E-02
0.415000
0.923000
1.39700
1.73500
1.82800
1.66100
1.37300
0.987000
0.522000
0.205000
9.00000E-03
-0.181000
-0.445000
-0.773000
-1.19300
-1.50100
-1.63800
-1.58900
-1.20300
-0.538000
4.80000E-02
0.571000
1.15800
1.63200
1.81300
1.77400
1.52900
0.992000
0.327000
-0.299000
-0.724000
-0.954000
-0.924000
-0.690000
-0.323000
2.90000E-02
0.312000
