# Reference: Mase, H. & Kirby, J.T. (1992). Hybrid frequency-domain KdV equation for random wave transformation. Proc. 23rd Int. Conf. Coastal Engineering (ASCE), 474-487.
# Source repo: https://github.com/fengyanshi/FUNWAVE-TVD  commit b4c322e7582035ee19df8e6409a3dfedaff1cb96, path benchmarks/car_mase_kirby/postprocessing/r2d250.dat
# (r2d470.dat also at benchmarks/car_mase_kirby/fft/r2d470.dat, same values to 4e-9, different formatting; it is the record used to drive the FUNWAVE wavemaker)
# Content: MEASURED surface elevation at the gauge in still-water depth h = 25.0 cm (file name r2dNNN = depth in mm; error_series.m: 'fnam(:,...)='r2d250.dat'' with
#   'h=[47 35 30 25 20 17.5 15 12.5 10 7.5 5 2.5]' in comp_mkskew.m and the plot labels 'h=35.0cm' ... 'h= 2.5cm' in comp_series.m).
# Column: (1) eta [cm], one sample per line, no time column.
#   Time step 0.05 s: error_series.m 'data_time=[0:length(gage_m)-1]*0.05;' and fft4wavemaker.m 'sample_frequency=0.05;' (used as the sampling interval, t=[0:..]*sample_frequency).
#   Units cm: fft4wavemaker.m 'scale_fac=0.01;' converts to m for the wavemaker; error_series.m compares std(data) with 'model(:,k-1)=gage(:,2)*100' (model m -> cm).
#   t = 0 at first sample; 15000 samples = 750 s. Time origin relative to wavemaker start is not documented.
# Geometry (FUNWAVE work/input.txt, model setup): 'DEPTH_FLAT = 0.47', 'SLP = 0.05' (1:20 slope), 'Xslp = 10.0' (slope toe at x = 10 m in the model frame), 'DX = 0.04'.
#   Model gauge positions (work/gauges_004.txt, grid index i, x=(i-1)*DX): 250 313 338 363 388 400 413 425 438 450 463 475 for h = 47 35 30 25 20 17.5 15 12.5 10 7.5 5 2.5 cm.
#   In a lab-independent form: gauge distance shoreward of the slope toe = (47 cm - h)/0.05 (follows from the stated depth and slope; lab x-coordinates are not in the repo).
# Waves: irregular; FUNWAVE uses 'PeakPeriod = 1.0' (spectrum details not stated in repo). Regular sampling -> original instrument record.
0.991000
1.70500
2.18600
2.38500
2.27800
2.02600
1.57900
0.986000
0.282000
-0.388000
-0.971000
-1.37900
-1.79700
-1.99600
-2.01500
-1.85000
-1.49100
-1.08300
-0.660000
-0.238000
0.117000
0.540000
1.09300
1.69600
2.09400
2.17200
1.99700
1.59800
1.04500
0.506000
5.90000E-02
-0.466000
-1.00000
-1.56400
-1.87900
-1.97600
-2.03500
-1.96200
-1.66600
-1.12600
-0.427000
0.350000
1.23400
2.11300
2.91900
3.15300
2.87100
2.31200
1.67100
1.02000
0.389000
-0.252000
-0.908000
-1.33500
-1.83600
-2.02500
-2.04900
-1.99600
-1.88900
-1.59300
-1.18500
-0.699000
-0.247000
0.253000
0.957000
1.82200
2.82200
3.69700
4.08500
3.71600
2.42900
0.972000
-0.223000
-1.11700
-1.76300
-2.06400
-2.22900
-2.39400
-2.37000
-2.20000
-1.87400
-1.45700
-0.898000
-0.184000
0.438000
0.957000
1.44300
1.82200
1.94300
1.73000
1.38500
0.918000
0.496000
6.40000E-02
-0.315000
-0.616000
-0.728000
-0.806000
-0.718000
-0.466000
-0.184000
1.02000E-01
0.355000
0.433000
0.268000
0.
-0.412000
-0.801000
-1.10700
-1.11700
-0.786000
-7.70000E-02
0.880000
2.08400
2.85100
2.15200
0.540000
-0.879000
-1.84500
-2.33100
-2.45200
-2.24400
-1.99600
-1.47100
-0.709000
0.175000
1.12700
2.17600
3.12800
3.54600
3.15300
2.02600
0.578000
-0.733000
-1.76800
-2.47700
-2.66100
-2.82600
-2.73900
-2.49600
-1.95700
-1.23800
-0.412000
0.413000
1.22400
1.80700
2.09400
1.89500
1.44800
0.850000
0.258000
-0.286000
-0.806000
-1.16000
-1.42300
-1.31600
-0.956000
-0.408000
0.331000
1.30200
2.08400
2.39500
2.06500
1.25800
0.200000
-0.796000
-1.73800
-2.51600
-2.86500
-2.99600
-2.77800
-2.35500
-1.58800
-0.597000
0.588000
1.83200
2.74900
2.95800
2.56500
1.88500
1.11800
0.472000
-1.40000E-02
-0.393000
-0.704000
-0.908000
-1.26700
-1.54400
-1.72900
-1.70900
-1.41300
-1.00000
-0.597000
-0.286000
-5.30000E-02
0.132000
0.370000
0.603000
0.855000
1.07900
1.33100
1.51100
1.38500
0.986000
0.355000
-0.257000
-0.752000
-0.932000
-0.786000
-0.544000
-0.344000
-0.267000
-0.267000
-0.276000
-0.267000
-0.184000
-0.131000
-0.116000
-1.90000E-02
0.302000
0.826000
1.26800
1.48200
1.36500
1.11300
0.758000
0.389000
1.00000E-02
-0.417000
-0.825000
-1.08800
-1.15100
-1.04400
-0.733000
-0.267000
0.248000
0.816000
1.39000
1.88500
2.06500
1.81200
1.08400
0.219000
-0.461000
-0.942000
-1.22400
-1.35500
-1.49600
-1.39800
-1.12600
-0.733000
-0.325000
0.122000
0.637000
1.14200
1.49600
1.66200
1.62300
1.42400
1.02000
0.413000
-0.218000
-0.786000
-1.12600
-1.27700
-1.43700
-1.56800
-1.56800
-1.39400
-1.14100
-0.772000
-0.315000
0.248000
0.875000
1.34100
1.55500
1.47700
1.24900
0.943000
0.646000
0.365000
0.166000
9.30000E-02
3.90000E-02
-5.80000E-02
-0.145000
-0.218000
-0.325000
-0.558000
-0.888000
-1.14100
-1.26700
-1.30100
-1.16500
-0.816000
-0.369000
0.175000
0.899000
1.70000
2.49200
3.07000
3.20600
2.93400
2.32700
1.42800
0.418000
-0.495000
-1.26200
-1.86000
-2.25800
-2.55000
-2.66100
-2.58400
-2.27300
-1.62200
-0.825000
8.80000E-02
1.07900
1.95300
2.46800
2.55500
2.27400
1.72500
1.02000
0.379000
-7.70000E-02
-0.408000
-0.461000
-0.306000
-0.238000
-0.150000
-0.174000
-0.194000
-0.213000
-0.306000
-0.485000
-0.864000
-1.29600
-1.56400
-1.49100
-1.15100
-0.616000
9.30000E-02
0.952000
1.74900
2.14700
1.91900
1.16100
0.360000
-0.208000
-0.646000
-0.884000
-0.835000
-0.699000
-0.480000
-0.155000
0.112000
0.340000
0.433000
0.297000
9.80000E-02
-8.70000E-02
-0.213000
-0.184000
-3.80000E-02
0.146000
0.413000
0.724000
1.00100
1.01600
0.719000
0.112000
-0.582000
-1.12600
-1.36900
-1.33500
-1.17500
-0.908000
-0.616000
-0.286000
-4.00000E-03
0.209000
0.350000
0.418000
0.486000
0.671000
1.02000
1.50600
1.81200
1.75400
1.39400
0.714000
-3.80000E-02
-0.767000
-1.34000
-1.71900
-1.95200
-2.01500
-1.90800
-1.65600
-1.21900
-0.660000
-9.70000E-02
0.287000
0.583000
0.899000
1.28300
1.66200
1.95300
2.02600
1.89000
1.45800
0.705000
-0.121000
-0.825000
-1.28700
-1.59300
-1.84500
-2.01000
-1.91800
-1.54900
-0.995000
-0.330000
0.331000
0.972000
1.45800
1.74900
1.83600
1.64200
1.09300
0.268000
-0.485000
-1.08800
-1.51500
-1.72900
-1.63200
-1.15600
-0.490000
0.180000
0.763000
1.22000
1.50100
1.49600
1.29200
0.870000
0.321000
-0.291000
-0.903000
-1.30600
-1.53000
-1.63600
-1.55400
-1.34000
-1.07300
-0.660000
-7.70000E-02
0.574000
1.27300
1.77800
1.89000
1.56900
0.948000
0.331000
-0.174000
-0.718000
-1.22800
-1.60200
-1.90800
-1.90800
-1.70400
-1.35500
-0.927000
-0.359000
0.292000
1.01100
1.64200
1.96800
1.98700
1.84100
1.49200
0.889000
1.02000E-01
-0.738000
-1.49600
-2.09800
-2.53500
-2.73400
-2.77300
-2.50600
-1.79200
-0.757000
0.525000
2.02100
3.42000
4.06100
3.89100
2.76400
1.43300
0.180000
-0.801000
-1.63600
-2.24400
-2.38900
-2.55400
-2.48600
-2.18000
-1.69500
-1.11200
-0.461000
0.292000
1.24400
2.23500
3.08000
3.43900
3.11900
2.41900
1.44300
0.491000
-0.306000
-0.990000
-1.43700
-1.65100
-1.70000
-1.54400
-1.26700
-0.811000
-0.267000
0.287000
0.875000
1.37500
1.57400
1.39900
0.972000
0.506000
0.243000
0.185000
0.297000
0.666000
1.22400
1.64200
1.40900
0.622000
-0.126000
-0.748000
-1.05800
-1.04400
-0.748000
-0.238000
0.370000
0.914000
0.982000
0.700000
0.136000
-0.476000
-0.947000
-1.17000
-1.06300
-0.782000
-0.374000
0.161000
0.914000
1.88500
2.76900
3.37600
3.39100
2.72500
1.20000
-0.524000
-1.89900
-2.83600
-3.33200
-3.61300
-3.57400
-3.08900
-2.30700
-1.12200
0.248000
1.63700
2.72000
3.19600
3.03100
2.45800
1.56400
0.578000
-0.218000
-0.937000
-1.51000
-1.68500
-1.72900
-1.73400
-1.55400
-1.27200
-0.820000
-0.218000
0.374000
0.909000
1.38000
1.62800
1.48700
1.13700
0.554000
0.
-0.408000
-0.680000
-0.825000
-0.947000
-0.986000
-0.986000
-0.952000
-0.874000
-0.777000
-0.670000
-0.553000
-0.315000
6.80000E-02
0.627000
1.24900
1.84100
2.03100
1.69100
0.972000
0.185000
-0.446000
-0.898000
-1.16000
-1.13100
-0.995000
-0.684000
-0.388000
-0.233000
-0.262000
-0.417000
-0.602000
-0.767000
-0.884000
-1.00000
-1.10200
-1.12200
-0.898000
-0.306000
0.632000
1.80700
2.91000
3.45900
3.38100
2.61300
1.41400
0.141000
-0.879000
-1.74800
-2.45200
-2.73900
-3.10800
-3.25400
-3.17100
-2.92800
-2.61800
-1.89900
-0.840000
0.360000
1.82200
3.27400
3.96400
3.93900
2.98700
1.71500
0.501000
-0.412000
-1.12200
-1.59300
-1.65100
-1.70900
-1.67000
-1.35000
-1.11200
-0.966000
-0.791000
-0.587000
-0.286000
2.50000E-02
0.331000
0.661000
1.00100
1.30200
1.46200
1.29700
1.04500
0.812000
0.598000
0.394000
5.90000E-02
-0.252000
-0.563000
-0.786000
-0.932000
-0.932000
-0.752000
-0.461000
-0.121000
0.190000
0.554000
0.982000
1.38000
1.55500
1.32200
0.782000
0.161000
-0.403000
-0.869000
-1.11200
-1.03400
-0.704000
-0.310000
8.80000E-02
0.554000
1.07400
1.44300
1.60300
1.42400
0.996000
0.365000
-0.228000
-0.718000
-1.05400
-1.26200
-1.45700
-1.50000
-1.25800
-0.767000
-4.30000E-02
0.724000
1.37500
1.83200
1.88500
1.64200
1.14200
0.447000
-0.247000
-0.840000
-1.11700
-1.05400
-0.801000
-0.442000
-6.30000E-02
0.156000
0.272000
0.321000
0.389000
0.476000
0.520000
0.481000
0.413000
0.336000
0.214000
3.90000E-02
-0.136000
-0.369000
-0.544000
-0.660000
-0.714000
-0.733000
-0.646000
-0.422000
-9.70000E-02
0.204000
0.661000
1.23400
1.85600
2.28300
2.17200
1.65700
0.608000
-0.548000
-1.54900
-2.22900
-2.55900
-2.78300
-2.70000
-2.23400
-1.33000
-0.369000
0.530000
1.31200
1.83200
2.18100
2.39000
2.24400
1.91400
1.38000
0.807000
0.311000
-1.90000E-02
-0.315000
-0.514000
-0.752000
-1.08300
-1.50500
-1.92800
-2.21900
-2.37000
-2.34100
-1.94200
-1.08800
0.229000
2.17200
5.26100
4.93000
2.92900
1.21000
-0.136000
-1.08800
-1.74800
-2.20500
-2.18500
-2.14200
-1.91800
-1.53000
-1.01500
-0.456000
5.90000E-02
0.739000
1.54500
2.37500
2.95300
2.86100
2.24000
1.46700
0.593000
-0.233000
-1.13600
-1.70900
-2.11200
-2.42300
-2.34600
-2.06400
-1.65600
-1.06300
-0.213000
0.690000
1.71000
2.54100
3.08000
3.11400
2.57000
1.56000
0.350000
-0.689000
-1.35000
-1.78700
-1.70400
-1.59300
-1.22800
-0.908000
-0.558000
-0.257000
8.80000E-02
0.515000
0.855000
1.00100
0.744000
0.161000
-0.514000
-1.06300
-1.43200
-1.41800
-1.04400
-0.495000
0.117000
0.651000
0.933000
1.07400
1.09800
1.08400
1.10300
1.06900
0.884000
0.612000
0.331000
3.90000E-02
-0.349000
-0.869000
-1.37400
-1.73800
-1.90800
-1.99600
-1.82600
-1.38900
-1.04900
-0.534000
7.80000E-02
0.544000
0.850000
1.04500
1.19500
1.47200
1.76800
1.88500
1.74900
1.37000
0.714000
-3.40000E-02
-0.767000
-1.41300
-1.86000
-2.02000
-1.94200
-1.65100
-1.12200
-0.427000
0.302000
0.957000
1.42400
1.54000
1.36500
1.03500
0.598000
0.127000
-0.262000
-0.524000
-0.582000
-0.612000
-0.553000
-0.422000
-0.281000
-0.189000
-0.189000
-0.145000
-9.70000E-02
-0.174000
-0.242000
-0.170000
5.00000E-03
0.258000
0.598000
0.821000
0.758000
0.447000
5.90000E-02
-0.388000
-0.942000
-1.40800
-1.64600
-1.68500
-1.60700
-1.27700
-0.743000
-0.106000
0.370000
0.763000
1.04000
1.01100
0.778000
0.433000
8.30000E-02
-0.189000
-0.310000
-0.213000
-7.70000E-02
-9.00000E-03
3.90000E-02
3.90000E-02
-8.70000E-02
-0.437000
-0.947000
-1.37400
-1.73400
-1.92800
-1.85000
-1.53400
-1.01000
-0.204000
0.685000
1.73400
2.80300
3.30800
2.94900
2.21500
1.44800
0.651000
-0.136000
-1.06300
-1.85500
-2.38000
-2.98700
-3.23000
-3.23900
-3.06900
-2.57400
-1.67000
-0.291000
1.33600
3.14300
4.53200
4.96900
4.06600
2.39000
0.695000
-0.680000
-1.56400
-2.21400
-2.33100
-2.31200
-1.91800
-1.29600
-0.451000
0.374000
1.00600
1.43300
1.65200
1.64200
1.43800
1.00100
0.481000
0.112000
-0.184000
-0.422000
-0.665000
-0.718000
-0.510000
-0.320000
-4.80000E-02
0.316000
0.918000
1.66600
2.36600
2.77900
2.51600
1.61300
0.544000
-0.349000
-1.03900
-1.49100
-1.66600
-1.68500
-1.41800
-1.04900
-0.665000
-0.233000
0.243000
0.787000
1.23900
1.58900
1.87500
2.14700
2.38500
2.29300
1.94300
1.42800
0.821000
0.166000
-0.480000
-1.12200
-1.67500
-1.98100
-2.07800
-2.05900
-2.02000
-1.92300
-1.50000
-0.733000
0.190000
1.14700
2.05000
2.93400
3.39100
3.31800
2.55500
1.39400
0.146000
-0.927000
-1.82100
-2.41400
-2.58400
-2.65200
-2.36500
-1.81600
-1.14100
-0.422000
0.394000
1.12200
1.50100
1.43800
1.09800
0.661000
0.263000
-5.30000E-02
-0.228000
-0.335000
-0.281000
-0.301000
-0.136000
3.90000E-02
0.
-0.131000
-0.344000
-0.646000
-0.966000
-1.19900
-1.36000
-1.45700
-1.36900
-1.04400
-0.335000
0.603000
1.70500
2.66200
3.31800
3.23500
1.97700
0.350000
-1.07800
-2.15100
-2.87000
-3.15200
-3.22500
-2.99200
-2.54500
-1.97200
-1.27700
-0.539000
0.316000
1.18100
1.92400
2.51600
2.81700
2.69100
2.05500
1.07400
4.40000E-02
-0.723000
-1.26700
-1.57300
-1.47100
-1.32100
-1.00000
-0.553000
-1.02000E-01
1.02000E-01
0.166000
8.30000E-02
-0.174000
-0.524000
-0.718000
-0.694000
-0.495000
-0.184000
0.132000
0.491000
0.642000
0.710000
0.787000
0.860000
1.01100
1.23900
1.38500
1.26300
0.826000
9.80000E-02
-0.641000
-1.29200
-1.87000
-2.26800
-2.50100
-2.51100
-2.35000
-1.88900
-1.18500
-0.320000
0.637000
1.65700
2.44800
2.74500
2.54100
2.07000
1.47200
0.826000
0.200000
-0.442000
-1.04400
-1.29600
-1.52000
-1.50500
-1.33000
-1.02900
-0.563000
-7.20000E-02
0.272000
0.569000
0.802000
0.870000
0.826000
0.855000
0.894000
0.846000
0.768000
0.656000
0.491000
0.302000
0.180000
7.30000E-02
4.90000E-02
0.166000
0.399000
0.574000
0.574000
0.452000
0.277000
1.50000E-02
-0.330000
-0.660000
-0.806000
-0.845000
-0.772000
-0.655000
-0.490000
-0.199000
0.292000
1.06900
1.80700
2.35600
2.48700
2.19100
1.54500
0.744000
5.00000E-03
-0.621000
-1.06800
-1.31100
-1.51500
-1.63200
-1.72400
-1.73400
-1.68000
-1.52500
-1.23300
-0.718000
2.00000E-02
0.884000
1.81200
2.46800
2.79300
2.74000
2.41900
1.78800
0.826000
-0.194000
-1.18000
-1.97600
-2.46200
-2.83100
-2.95800
-3.01100
-2.99200
-2.75400
-2.30700
-1.51000
-0.442000
0.914000
2.60400
4.24500
4.90600
4.10000
2.28300
0.646000
-0.616000
-1.50000
-2.21900
-2.55400
-2.75800
-2.67100
-2.45200
-1.85500
-1.16000
-0.548000
-4.30000E-02
0.481000
1.04500
1.67100
2.21500
2.22500
1.66600
0.909000
0.175000
-0.412000
-0.796000
-0.932000
-0.728000
-0.306000
0.404000
1.12200
1.71500
1.79800
1.30200
0.520000
-0.213000
-0.884000
-1.34500
-1.58800
-1.55900
-1.38900
-1.10700
-0.573000
0.117000
0.821000
1.36500
1.67600
1.90900
2.20100
2.48700
2.37100
1.93400
1.32200
0.608000
-0.131000
-0.879000
-1.54900
-2.09300
-2.56400
-2.95300
-3.10800
-2.96700
-2.50600
-1.59800
-0.442000
1.08800
3.11400
5.06100
6.29000
5.05700
2.62800
0.491000
-1.11700
-2.18000
-3.02600
-3.26400
-3.40000
-3.23400
-2.91400
-2.54000
-1.99600
-1.17000
-0.301000
0.486000
1.22900
1.85100
2.21000
2.10800
1.93800
1.70500
1.40900
1.01100
0.564000
0.136000
-0.194000
-0.451000
-0.723000
-0.908000
-0.942000
-1.03400
-1.24800
-1.46600
-1.53400
-1.54400
-1.39400
-1.06300
-0.539000
5.00000E-03
0.462000
0.836000
1.07900
1.14700
1.17600
1.23900
1.34600
1.38500
1.23900
0.836000
0.175000
-0.582000
-1.24300
-1.72400
-1.89900
-1.88900
-1.82100
-1.53400
-1.03900
-0.359000
0.282000
0.724000
0.841000
0.724000
0.569000
0.510000
0.603000
0.787000
0.802000
0.510000
-7.70000E-02
-0.869000
-1.45200
-1.72400
-1.85000
-1.81100
-1.45700
-0.864000
-0.170000
0.491000
1.11300
1.52100
1.61800
1.56400
1.37000
1.05000
0.603000
3.00000E-02
-0.655000
-1.23800
-1.59800
-1.72900
-1.76800
-1.77700
-1.70000
-1.53400
-1.29600
-0.966000
-0.456000
0.180000
0.962000
1.92400
3.10900
4.54700
3.22500
1.15200
-0.529000
-1.75300
-2.53000
-2.97200
-2.85600
-2.56400
-2.07800
-1.45200
-0.675000
8.30000E-02
0.603000
0.914000
0.982000
0.739000
0.306000
-8.20000E-02
-0.432000
-0.548000
-0.568000
-0.495000
-0.267000
0.156000
0.894000
1.58400
1.88000
1.46700
0.608000
-0.340000
-1.14600
-1.58300
-1.76800
-1.52000
-1.24300
-0.845000
-0.354000
8.30000E-02
0.345000
0.486000
0.467000
0.379000
0.248000
0.200000
0.200000
0.219000
0.209000
0.258000
0.370000
0.564000
0.778000
0.748000
0.520000
0.229000
5.00000E-03
-9.20000E-02
-8.70000E-02
0.
0.204000
0.476000
0.768000
1.00100
1.04500
0.841000
0.433000
-6.30000E-02
-0.529000
-0.796000
-0.952000
-0.990000
-0.845000
-0.480000
4.40000E-02
0.705000
1.45300
2.06500
2.24900
1.99200
1.59400
1.16600
0.739000
0.141000
-0.587000
-1.10200
-1.40300
-1.53400
-1.36900
-1.03400
-0.563000
-0.145000
6.40000E-02
0.141000
0.268000
0.501000
0.807000
1.21000
1.64200
2.02600
2.35100
2.19600
1.67600
0.841000
-1.40000E-02
-0.811000
-1.47100
-1.90400
-2.17100
-2.05900
-1.68000
-1.13600
-0.519000
8.80000E-02
0.705000
1.24900
1.57400
1.55500
1.29700
1.00600
0.797000
0.666000
0.583000
0.510000
0.394000
0.287000
0.209000
0.107000
0.
-9.70000E-02
-0.165000
-0.242000
-0.364000
-0.480000
-0.510000
-0.432000
-0.354000
-0.446000
-0.670000
-0.850000
-0.927000
-0.772000
-0.325000
0.442000
1.44300
2.29300
2.72000
2.44300
1.79800
1.02000
0.297000
-0.228000
-0.650000
-0.952000
-1.04900
-1.20400
-1.19000
-1.07800
-0.898000
-0.772000
-0.772000
-0.864000
-0.937000
-0.874000
-0.738000
-0.544000
-0.388000
-0.247000
-3.40000E-02
0.345000
0.894000
1.33100
1.35600
0.991000
0.496000
8.80000E-02
-0.131000
-0.189000
-0.199000
-0.189000
-0.359000
-0.631000
-0.922000
-1.21400
-1.41300
-1.56800
-1.60700
-1.46200
-1.22800
-0.874000
-0.359000
0.224000
0.807000
1.21000
1.28800
1.09300
0.744000
0.399000
0.175000
0.132000
0.302000
0.569000
0.676000
0.569000
0.209000
-0.296000
-0.903000
-1.49600
-2.01000
-2.40400
-2.60800
-2.55400
-2.21900
-1.46200
-0.422000
0.787000
2.13300
3.13800
3.30300
2.71100
1.65700
0.598000
-9.20000E-02
-0.553000
-0.801000
-0.680000
-0.495000
-0.257000
-2.90000E-02
-4.80000E-02
-0.383000
-0.811000
-1.18500
-1.32100
-1.25300
-0.981000
-0.587000
-9.20000E-02
0.394000
0.773000
1.00600
1.09300
1.20000
1.39900
1.72000
2.05500
2.32200
2.13300
1.33600
0.331000
-0.573000
-1.37900
-2.02000
-2.31200
-2.47700
-2.42300
-2.07400
-1.68500
-1.24800
-0.743000
-7.70000E-02
0.617000
1.37000
1.99200
2.37500
2.34100
1.89500
1.17100
0.574000
0.253000
0.175000
0.311000
0.598000
0.685000
0.229000
-0.539000
-1.32600
-2.19500
-2.76800
-2.98200
-2.97700
-2.61300
-1.86500
-0.723000
0.569000
1.88000
2.87600
3.29800
3.24500
2.68100
1.79300
0.710000
-0.306000
-1.18000
-1.80200
-1.96200
-2.08800
-1.81100
-1.32100
-0.786000
-0.150000
0.345000
0.666000
0.870000
1.03000
1.10300
0.972000
0.758000
0.481000
0.214000
-1.02000E-01
-0.539000
-0.927000
-1.17000
-1.31600
-1.36000
-1.14600
-0.587000
0.156000
0.996000
1.87500
2.52100
2.64700
2.24000
1.28800
0.156000
-0.738000
-1.40800
-1.87400
-2.03500
-2.00600
-1.46200
-0.684000
0.107000
0.680000
0.894000
0.719000
0.418000
0.166000
6.80000E-02
1.02000E-01
0.306000
0.603000
1.00600
1.29200
1.24400
0.894000
0.467000
0.185000
-4.00000E-03
-0.111000
-5.80000E-02
9.80000E-02
0.195000
0.229000
0.302000
0.423000
0.462000
0.413000
0.277000
3.00000E-02
-0.369000
-0.801000
-1.22800
-1.51500
-1.53900
-1.22800
-0.539000
0.491000
1.88000
3.01200
2.90500
1.70500
0.549000
-0.238000
-0.665000
-0.665000
-0.340000
0.161000
0.423000
0.321000
-3.80000E-02
-0.612000
-1.19000
-1.74300
-2.10300
-2.19000
-1.99600
-1.58300
-0.990000
-0.204000
0.748000
1.82700
2.78300
3.17700
2.92900
1.99700
0.986000
0.253000
-0.145000
-0.534000
-0.791000
-0.714000
-0.806000
-0.966000
-1.22800
-1.60200
-1.92300
-2.11700
-2.13700
-1.89900
-1.29600
-0.451000
0.627000
1.85600
3.16700
4.28400
4.55600
3.93000
2.67200
1.22000
-0.170000
-1.34500
-2.34100
-2.97200
-3.31200
-3.45800
-3.27800
-2.94300
-2.46200
-1.72900
-0.927000
-6.30000E-02
0.758000
1.55500
2.17200
2.55000
2.64700
2.53100
2.24900
1.84600
1.10300
-4.00000E-03
-1.09700
-1.91300
-2.55000
-2.99200
-3.06400
-2.78300
-2.37500
-1.52500
-0.374000
0.894000
2.01100
2.48200
2.20100
1.35600
0.345000
-0.490000
-1.11700
-1.50500
-1.53400
-1.48600
-1.23800
-0.869000
-0.500000
-2.40000E-02
0.447000
0.836000
1.03000
0.962000
0.768000
0.491000
0.219000
3.40000E-02
-7.20000E-02
-0.150000
-0.272000
-0.369000
-0.427000
-0.500000
-0.597000
-0.597000
-0.534000
-0.451000
-0.378000
-0.272000
-0.140000
-1.90000E-02
1.02000E-01
0.200000
0.238000
0.292000
0.447000
0.603000
0.812000
1.21000
1.64700
1.94800
1.99700
1.74900
1.07900
0.185000
-0.631000
-1.28700
-1.87900
-2.28700
-2.59800
-2.63700
-2.49100
-2.10300
-1.43700
-0.558000
0.510000
1.81200
3.25000
3.99800
3.92500
2.84700
1.72000
0.729000
-3.80000E-02
-0.714000
-1.19900
-1.40300
-1.69000
-1.89400
-1.94200
-1.83600
-1.51000
-1.14100
-0.772000
-0.286000
0.292000
1.03000
1.74900
2.36600
2.63800
2.31700
1.50100
0.520000
-0.359000
-1.11200
-1.63200
-1.80600
-1.96200
-1.81600
-1.42800
-0.966000
-0.388000
0.306000
1.09800
1.85600
2.40000
2.37500
1.86100
1.08400
0.277000
-0.427000
-1.02900
-1.55400
-1.92300
-2.32600
-2.40400
-2.27800
-1.93800
-1.41800
-0.743000
4.90000E-02
0.865000
1.67600
2.22000
2.12300
1.44300
0.462000
-0.340000
-0.835000
-0.956000
-0.801000
-0.422000
-0.170000
9.30000E-02
0.277000
0.408000
0.486000
0.569000
0.593000
0.510000
0.287000
-5.30000E-02
-0.446000
-0.835000
-1.20400
-1.59300
-1.86500
-1.84000
-1.50000
-0.995000
-0.233000
0.758000
1.76800
2.68100
3.35200
3.58000
3.21100
2.31200
1.21500
0.195000
-0.612000
-1.30100
-1.74300
-2.15100
-2.34600
-2.33600
-2.09300
-1.69000
-1.11700
-0.437000
0.321000
1.12200
1.81200
2.30300
2.48700
2.30300
1.92400
1.56900
1.30700
0.996000
0.588000
0.180000
-0.213000
-0.699000
-1.05400
-1.31600
-1.47100
-1.35500
-1.16000
-0.922000
-0.485000
0.156000
0.889000
1.59400
2.09400
2.35600
2.20100
1.55000
0.564000
-0.325000
-0.981000
-1.24800
-1.01500
-0.578000
9.30000E-02
0.758000
1.21500
1.26300
1.03500
0.588000
3.00000E-02
-0.558000
-1.04900
-1.24300
-1.27200
-1.15600
-1.02400
-0.806000
-0.480000
-0.131000
9.30000E-02
0.282000
0.486000
0.734000
1.07900
1.47200
1.64700
1.47200
0.904000
2.00000E-02
-0.942000
-1.83100
-2.50100
-2.85100
-2.78300
-2.38400
-1.74300
-1.13100
-0.446000
0.243000
0.860000
1.26800
1.45300
1.40900
1.14200
0.680000
0.146000
-0.427000
-0.947000
-1.37400
-1.66600
-1.65600
-1.31600
-0.835000
-0.170000
0.491000
0.957000
0.899000
0.355000
-0.267000
-0.801000
-1.18500
-1.39800
-1.33500
-1.07800
-0.578000
-5.30000E-02
0.292000
0.588000
0.816000
0.962000
1.02500
1.01100
0.884000
0.588000
0.132000
-0.408000
-0.893000
-1.20400
-1.29600
-1.27700
-1.18000
-0.918000
-0.466000
7.80000E-02
0.598000
1.00600
1.27300
1.31700
1.11300
0.651000
9.80000E-02
-0.446000
-0.874000
-1.10200
-1.10200
-0.820000
-0.306000
0.413000
1.33600
2.25400
2.85600
2.82700
2.24400
1.26800
0.170000
-0.820000
-1.72900
-2.44800
-2.91400
-3.06000
-2.79200
-2.35500
-1.43200
-9.00000E-03
1.90400
3.71600
4.33800
3.92000
3.00200
2.06500
1.28800
0.671000
0.117000
-0.320000
-0.578000
-0.937000
-1.36900
-1.82100
-2.10800
-2.21400
-2.20500
-1.98100
-1.50500
-0.791000
0.141000
1.33100
2.50200
3.19100
3.17700
2.75900
2.04500
1.21500
0.336000
-0.514000
-1.19900
-1.59800
-1.96200
-2.22900
-2.19000
-2.00600
-1.61700
-1.02400
-0.252000
0.525000
1.21500
1.51600
1.34100
0.923000
0.520000
0.248000
0.214000
0.311000
0.476000
0.452000
0.374000
0.219000
-7.20000E-02
-0.422000
-0.689000
-0.806000
-0.699000
-0.325000
0.200000
0.802000
1.25400
1.35600
1.01600
0.447000
-7.70000E-02
-0.539000
-0.820000
-0.927000
-0.976000
-0.913000
-0.699000
-0.427000
-0.228000
-7.20000E-02
7.30000E-02
0.297000
0.603000
0.875000
1.07900
1.25400
1.49200
1.70500
1.60800
1.19500
0.549000
-1.02000E-01
-0.743000
-1.29600
-1.86500
-2.24800
-2.32600
-2.22400
-2.09800
-1.85500
-1.32100
-0.714000
-5.30000E-02
0.549000
1.19000
1.74900
2.17600
2.36100
2.22500
1.92900
1.55000
1.05400
0.447000
-0.150000
-0.709000
-1.16500
-1.63200
-2.05400
-2.33600
-2.36500
-2.23900
-2.03000
-1.63200
-1.01500
-0.315000
0.306000
0.821000
1.12200
1.14700
1.01100
0.792000
0.627000
0.598000
0.637000
0.627000
0.554000
0.428000
0.185000
-5.30000E-02
-0.315000
-0.510000
-0.592000
-0.476000
-0.194000
0.107000
0.389000
0.491000
0.355000
-4.00000E-03
-0.563000
-1.14600
-1.66100
-1.95700
-1.97200
-1.63200
-0.952000
0.136000
1.69100
3.67200
5.00300
4.02200
2.28300
0.807000
-0.369000
-1.25800
-2.03000
-2.41800
-2.58800
-2.63700
-2.51100
-2.16600
-1.65100
-1.10200
-0.529000
0.161000
1.06900
2.04500
2.77900
2.95300
2.53600
1.77300
0.880000
5.00000E-03
-0.684000
-1.05800
-1.11700
-1.22800
-1.09200
-0.898000
-0.597000
-0.335000
-0.116000
3.90000E-02
0.141000
0.234000
0.326000
0.520000
0.855000
1.26300
1.61300
1.61300
1.07900
0.141000
-0.811000
-1.68500
-2.32100
-2.60800
-2.71000
-2.53000
-1.99600
-1.20900
-0.174000
1.05900
2.42900
3.43900
3.32700
2.43400
1.24900
0.136000
-0.723000
-1.39800
-1.83600
-1.94200
-1.91800
-1.60700
-1.28700
-0.767000
-2.90000E-02
0.632000
1.13200
1.28800
1.13200
0.860000
0.525000
7.80000E-02
-0.388000
-0.772000
-0.937000
-0.927000
-0.816000
-0.641000
-0.223000
0.263000
0.768000
1.14200
1.26800
1.04500
0.632000
0.253000
5.00000E-03
-0.165000
-0.189000
6.40000E-02
0.588000
1.16100
1.61300
1.56400
0.982000
7.30000E-02
-0.791000
-1.50000
-2.00100
-2.19500
-2.20500
-1.87900
-1.25800
-0.422000
0.549000
1.52100
2.28800
2.75900
2.96800
2.79300
2.22000
1.31700
0.370000
-0.451000
-1.16500
-1.72900
-2.08800
-2.45700
-2.51100
-2.28700
-1.74300
-0.922000
8.80000E-02
1.16600
2.01600
2.37500
2.16200
1.62300
0.982000
0.442000
9.80000E-02
-0.189000
-0.514000
-0.650000
-0.791000
-0.922000
-0.952000
-0.874000
-0.728000
-0.534000
-0.364000
-0.174000
8.30000E-02
0.447000
0.972000
1.57400
2.06500
2.17600
1.83200
1.23400
0.554000
-9.70000E-02
-0.801000
-1.46600
-1.93800
-2.30200
-2.43300
-2.27800
-1.81600
-1.14600
-0.427000
0.287000
0.996000
1.58900
1.98700
2.12800
2.03100
1.72000
1.01600
-5.30000E-02
-1.19900
-2.13200
-2.70000
-3.00100
-2.98200
-2.53000
-1.47100
1.02000E-01
2.10800
3.68200
3.55600
2.47300
1.43800
0.554000
-7.20000E-02
-0.573000
-0.884000
-0.913000
-1.00000
-0.884000
-0.636000
-0.364000
-0.199000
1.00000E-02
0.292000
0.608000
0.763000
0.656000
0.452000
0.180000
-3.40000E-02
-9.70000E-02
8.80000E-02
0.438000
0.933000
1.47200
1.93800
2.11300
1.86600
1.37000
0.768000
0.166000
-0.354000
-0.830000
-1.17000
-1.37900
-1.47600
-1.48100
-1.35000
-1.16000
-0.850000
-0.563000
-0.233000
0.175000
0.768000
1.40400
1.92900
2.20100
1.94300
1.37000
0.700000
0.127000
-0.310000
-0.684000
-0.879000
-1.04400
-0.932000
-0.680000
-0.349000
-2.90000E-02
0.302000
0.802000
1.26300
1.45300
1.20500
0.612000
-6.80000E-02
-0.714000
-1.19900
-1.53000
-1.77700
-1.92800
-1.75800
-1.25800
-0.587000
0.268000
1.31700
2.44800
3.38100
3.66300
3.30800
2.14200
0.627000
-0.956000
-2.31600
-3.32700
-3.80700
-4.08400
-3.78300
-3.18100
-2.31600
-1.04900
0.467000
1.65200
2.12800
2.10800
1.89000
1.59800
1.27300
1.05000
0.904000
0.719000
0.389000
-9.00000E-03
-0.403000
-0.854000
-1.23300
-1.54400
-1.93300
-2.24800
-2.40400
-2.38400
-2.11700
-1.61200
-1.02000
-0.301000
0.554000
1.59800
2.62300
3.28900
3.25900
2.79800
1.96300
1.02500
7.30000E-02
-0.869000
-1.73400
-2.40900
-2.88500
-3.20500
-3.23400
-3.06400
-2.69500
-2.03500
-1.16000
-0.199000
0.797000
1.85100
2.74900
3.15300
3.04600
2.46800
1.49600
0.535000
-0.184000
-0.782000
-1.19000
-1.33500
-1.65100
-1.60200
-1.46600
-1.30600
-1.14100
-0.937000
-0.675000
-0.262000
0.311000
1.13700
2.12800
3.04100
3.59900
3.12300
1.64200
-8.20000E-02
-1.49600
-2.39400
-2.79200
-2.65600
-2.27300
-1.43700
-0.548000
0.355000
1.11300
1.68600
2.06000
2.33200
2.45800
2.32700
2.02600
1.52100
0.860000
0.200000
-0.378000
-0.942000
-1.35500
-1.62700
-1.64100
-1.53900
-1.31600
-0.874000
-9.70000E-02
0.763000
1.58400
2.21000
2.63800
2.71500
2.56000
2.26400
1.81700
1.13200
0.316000
-0.456000
-1.10700
-1.53400
-1.93300
-2.07400
-1.93300
-1.59800
-1.13600
-0.485000
0.297000
1.05400
1.59400
1.82200
1.69100
1.34600
0.972000
0.739000
0.671000
0.608000
0.578000
0.496000
0.311000
-5.80000E-02
-0.670000
-1.33500
-1.91800
-2.30700
-2.55000
-2.59300
-2.42800
-1.84500
-1.02400
-3.40000E-02
1.18100
2.64700
3.69700
4.07500
3.46800
2.12300
0.744000
-0.524000
-1.63600
-2.69000
-3.35100
-3.86100
-4.28800
-4.34200
-4.16200
-3.67100
-2.89900
-1.86500
-0.417000
1.38500
3.46300
4.92500
5.07100
3.76900
2.13800
0.612000
-0.660000
-1.56800
-2.20000
-2.27300
-2.38900
-2.43800
-2.38900
-2.03500
-1.56800
-1.07800
-0.422000
0.234000
0.865000
1.46700
1.96800
2.31700
2.16200
1.73900
1.09800
0.370000
-0.310000
-0.893000
-1.21900
-1.39400
-1.50000
-1.22800
-0.806000
-0.534000
-0.359000
-0.208000
-0.247000
-0.344000
-0.218000
5.40000E-02
0.467000
1.12200
1.90400
2.70600
3.01700
2.60400
1.60300
0.350000
-0.723000
-1.68000
-2.44300
-2.68600
-2.77300
-2.68100
-2.47700
-1.91800
-1.09200
-7.20000E-02
0.977000
2.17200
3.38600
3.84700
3.57500
2.52100
1.46700
0.559000
-0.150000
-0.888000
-1.50500
-1.82600
-2.14200
-2.21000
-2.09300
-1.88900
-1.62200
-1.18500
-0.636000
-9.20000E-02
0.277000
0.744000
1.29700
1.74900
1.94300
2.09900
2.02600
1.70000
1.32600
0.952000
0.428000
-5.80000E-02
-0.505000
-0.932000
-1.32600
-1.56800
-1.52000
-1.36000
-1.24300
-1.14600
-1.03900
-0.854000
-0.597000
-0.223000
0.190000
0.753000
1.44300
2.15700
2.68100
2.73500
2.42400
1.90000
1.34600
0.739000
0.117000
-0.505000
-1.17500
-1.75800
-2.40400
-2.76300
-3.01600
-3.14700
-3.03000
-2.62200
-1.93800
-1.01500
0.180000
1.48200
2.57000
3.11900
2.84700
2.16700
1.34600
0.510000
-0.170000
-0.738000
-0.952000
-0.718000
-0.437000
7.80000E-02
0.593000
0.889000
0.928000
0.661000
9.80000E-02
-0.563000
-1.16500
-1.76300
-2.15100
-2.13200
-1.90800
-1.58800
-1.18500
-0.748000
-0.204000
0.336000
0.928000
1.39400
1.62800
1.69100
1.61300
1.39900
1.07400
0.705000
0.462000
0.292000
5.90000E-02
-0.233000
-0.544000
-0.791000
-0.947000
-1.00500
-1.09200
-1.19000
-1.18500
-0.990000
-0.597000
-0.116000
0.277000
0.646000
0.899000
0.991000
0.884000
0.632000
0.350000
0.180000
0.141000
0.268000
0.520000
0.739000
0.850000
0.904000
0.899000
0.787000
0.569000
0.282000
-2.40000E-02
-0.432000
-0.854000
-1.11700
-1.03400
-0.631000
-8.20000E-02
0.292000
0.593000
0.714000
0.637000
0.476000
0.297000
0.180000
9.30000E-02
3.40000E-02
7.80000E-02
0.253000
0.428000
0.491000
0.452000
0.336000
0.151000
-2.40000E-02
-0.136000
-0.174000
-0.145000
-7.70000E-02
2.50000E-02
0.258000
0.666000
1.14200
1.43800
1.39400
1.04000
0.506000
-5.30000E-02
-0.616000
-1.08300
-1.38900
-1.57300
-1.58300
-1.36000
-0.981000
-0.383000
0.297000
0.938000
1.34600
1.49200
1.45800
1.31200
1.11800
0.909000
0.666000
0.394000
9.80000E-02
-0.160000
-0.505000
-0.845000
-1.18000
-1.42300
-1.59800
-1.69500
-1.70000
-1.57300
-1.33000
-1.04900
-0.529000
0.258000
1.26800
2.30800
2.97300
2.95300
2.32200
1.19000
-1.90000E-02
-1.09200
-2.00600
-2.62200
-2.76800
-2.71000
-2.36500
-1.73400
-0.966000
-0.174000
0.506000
1.09800
1.47700
1.42800
1.03500
0.472000
5.90000E-02
-0.136000
-6.80000E-02
0.219000
0.690000
1.26800
1.77300
1.67100
1.03500
0.166000
-0.728000
-1.50000
-2.02500
-2.20500
-2.21000
-1.97200
-1.50500
-0.825000
0.185000
1.50100
2.87100
3.82800
4.11900
3.59500
2.35600
0.957000
-0.335000
-1.46200
-2.38900
-2.77800
-3.10800
-3.17100
-2.94800
-2.49600
-1.70000
-0.573000
0.918000
2.99700
4.94500
4.69700
3.37100
1.88000
0.612000
-0.359000
-1.22800
-2.03500
-2.30200
-2.58400
-2.67600
-2.56400
-2.43800
-2.17600
-1.87900
-1.45200
-0.796000
8.80000E-02
1.16600
2.41400
3.70100
4.54200
4.25000
2.68600
0.914000
-0.534000
-1.55900
-2.38400
-2.82200
-2.97700
-2.98200
-2.65200
-2.10300
-1.35000
-0.636000
-4.00000E-03
0.408000
0.700000
0.933000
1.13200
1.35100
1.58900
1.74400
1.69100
1.49600
1.07900
0.520000
-7.20000E-02
-0.558000
-0.898000
-1.14100
-1.31100
-1.42800
-1.45700
-1.33500
-1.09700
-0.840000
-0.495000
-2.40000E-02
0.302000
0.491000
0.646000
0.841000
1.03500
1.22900
1.32200
1.24400
0.962000
0.423000
-0.204000
-0.820000
-1.24800
-1.39800
-1.40800
-1.25800
-0.947000
-0.442000
0.170000
0.836000
1.41900
1.71000
1.57900
1.12200
0.438000
-0.296000
-0.937000
-1.32100
-1.44700
-1.45200
-1.40800
-1.33500
-0.990000
-0.310000
0.486000
1.20500
1.62300
1.84100
1.67600
1.28800
0.734000
0.112000
-0.573000
-1.16000
-1.45200
-1.55900
-1.59800
-1.67000
-1.58300
-1.15600
-0.616000
5.00000E-03
0.714000
1.44800
2.07400
2.39000
2.24000
1.73400
0.918000
5.00000E-03
-0.874000
-1.65100
-2.24400
-2.44800
-2.46200
-2.18000
-1.69500
-0.888000
4.90000E-02
0.846000
1.29700
1.38500
1.26800
1.12200
0.914000
0.671000
0.457000
0.297000
0.204000
6.40000E-02
-1.40000E-02
-5.80000E-02
-0.218000
-0.563000
-0.918000
-1.23800
-1.40800
-1.31100
-0.913000
-0.223000
0.574000
1.35600
1.79800
1.76400
1.45800
1.07900
0.719000
0.374000
3.90000E-02
-0.208000
-0.306000
-0.408000
-0.485000
-0.544000
-0.529000
-0.442000
-0.315000
-0.218000
-0.194000
-0.155000
0.
0.229000
0.472000
0.666000
0.739000
0.632000
0.389000
0.127000
8.80000E-02
0.326000
0.753000
1.21500
1.49200
1.48700
1.26800
0.850000
0.287000
-0.393000
-1.17500
-1.90400
-2.45700
-2.76300
-2.75400
-2.48200
-1.88400
-1.04900
0.107000
1.64200
3.35200
4.08500
3.87100
2.88100
1.63700
0.418000
-0.534000
-1.35500
-1.95200
-2.09300
-2.15100
-2.06400
-1.86500
-1.61200
-1.25800
-0.767000
-0.106000
0.520000
0.977000
1.21500
1.32200
1.23400
1.02000
0.705000
0.277000
-0.111000
-0.442000
-0.631000
-0.563000
-0.179000
0.316000
1.03500
1.57900
1.73000
1.51100
1.01100
0.321000
-0.403000
-1.02400
-1.41300
-1.70900
-2.04000
-2.25300
-2.23400
-1.82600
-0.927000
0.287000
1.70500
3.22500
4.13900
3.91500
2.57000
1.22000
0.141000
-0.626000
-1.14600
-1.35000
-1.24800
-1.10200
-0.859000
-0.655000
-0.461000
-0.267000
-0.121000
-0.106000
-0.155000
-4.30000E-02
0.258000
0.680000
1.03000
1.28300
1.50100
1.51600
1.34600
1.14200
0.889000
0.467000
-0.126000
-0.820000
-1.38900
-1.81600
-1.92800
-1.88900
-1.55900
-1.03400
-0.446000
0.107000
0.549000
0.836000
1.00600
1.02000
0.943000
0.768000
0.496000
0.170000
-0.111000
-0.369000
-0.505000
-0.505000
-0.437000
-0.344000
-0.238000
-8.20000E-02
5.40000E-02
0.156000
0.132000
2.00000E-02
-8.70000E-02
-0.179000
-0.330000
-0.568000
-0.825000
-1.00000
-1.03900
-0.956000
-0.782000
-0.548000
-0.238000
5.90000E-02
0.340000
0.554000
0.734000
0.870000
0.899000
0.865000
0.758000
0.622000
0.462000
0.277000
7.30000E-02
-9.70000E-02
-0.228000
-0.310000
-0.456000
-0.670000
-1.02000
-1.44200
-1.74300
-1.75800
-1.42800
-0.981000
-0.442000
0.238000
0.996000
1.68100
2.07900
2.18600
1.98700
1.59400
1.01600
0.345000
-0.252000
-0.626000
-0.621000
-0.451000
-0.145000
9.30000E-02
0.200000
9.30000E-02
-0.199000
-0.621000
-0.922000
-1.08800
-1.12200
-1.03400
-0.757000
-0.388000
-5.80000E-02
0.132000
0.360000
0.666000
1.13200
1.76800
2.67200
3.60400
3.84200
2.73500
1.15200
-0.228000
-1.37400
-2.35000
-2.99200
-3.22500
-3.30700
-3.15200
-2.86500
-2.40400
-1.51500
-0.510000
0.574000
1.79800
3.10400
3.77400
3.55600
1.80200
0.297000
-0.777000
-1.46200
-1.90800
-1.84000
-1.55400
-1.06800
-0.427000
0.141000
0.491000
0.520000
0.510000
0.603000
0.574000
0.423000
0.185000
-7.20000E-02
-0.354000
-0.568000
-0.612000
-0.563000
-0.563000
-0.631000
-0.733000
-0.927000
-1.15100
-1.18500
-0.913000
-0.315000
0.476000
1.54000
2.41400
2.62800
2.13800
1.22400
0.297000
-0.480000
-1.07300
-1.35500
-1.29200
-1.30600
-1.18500
-1.00000
-0.854000
-0.825000
-0.879000
-0.937000
-0.811000
-0.466000
0.146000
0.996000
1.87500
2.54100
2.69600
2.14200
1.08800
1.00000E-02
-0.884000
-1.43200
-1.68500
-1.52000
-1.22400
-0.621000
0.379000
1.65700
2.62800
2.53100
1.63700
0.598000
-0.257000
-0.981000
-1.43200
-1.53000
-1.52000
-1.30100
-0.888000
-0.408000
3.90000E-02
0.452000
0.860000
1.15200
1.35600
1.49600
1.40900
1.19000
0.875000
0.472000
-2.40000E-02
-0.587000
-0.990000
-1.15600
-1.01500
-0.626000
-7.20000E-02
0.510000
1.11300
1.55500
1.63200
1.37000
0.812000
0.127000
-0.471000
-0.952000
-1.30100
-1.56800
-1.63200
-1.43700
-1.04400
-0.422000
0.384000
1.34100
2.18600
2.45800
2.24000
1.82200
1.37000
0.962000
0.612000
0.253000
-0.150000
-0.646000
-1.29600
-1.92300
-2.45700
-2.80700
-2.86500
-2.56400
-1.86000
-0.762000
0.481000
1.99200
3.38600
3.77400
3.39500
2.50700
1.55500
0.603000
-0.204000
-0.947000
-1.60700
-1.89900
-2.19500
-2.22400
-1.92300
-1.56800
-1.23800
-0.850000
-0.412000
3.40000E-02
0.428000
0.748000
0.996000
1.15200
1.14200
1.04000
0.865000
0.671000
0.549000
0.510000
0.394000
0.180000
3.40000E-02
-6.30000E-02
-0.262000
-0.500000
-0.660000
-0.709000
-0.718000
-0.782000
-1.00000
-1.25800
-1.53000
-1.73400
-1.75300
-1.49600
-1.05400
-0.369000
0.598000
2.00600
3.68700
5.11000
3.76500
1.67100
-9.20000E-02
-1.47100
-2.47200
-3.08400
-3.10800
-2.98200
-2.64700
-2.20500
-1.55900
-0.840000
-9.70000E-02
0.506000
1.00100
1.47700
1.79800
1.78300
1.43800
0.914000
0.379000
-2.90000E-02
-0.417000
-0.689000
-0.626000
-0.490000
-0.281000
-0.165000
-6.30000E-02
0.107000
0.277000
0.394000
0.287000
9.80000E-02
-0.136000
-0.369000
-0.650000
-0.879000
-1.06800
-1.02900
-0.777000
-0.378000
0.234000
0.967000
1.55000
1.90900
1.98700
1.88000
1.67100
1.32600
0.846000
0.268000
-0.315000
-0.922000
-1.50000
-2.02000
-2.30700
-2.45700
-2.41400
-1.86000
-0.903000
0.292000
1.74900
3.48300
4.60500
3.91000
1.95800
0.370000
-0.704000
-1.34000
-1.85500
-1.90400
-1.89900
-1.60700
-1.10700
-0.422000
0.195000
0.748000
1.28300
1.73400
1.97700
1.81200
1.28300
0.622000
3.90000E-02
-0.272000
-0.480000
-0.641000
-0.796000
-0.777000
-0.646000
-0.660000
-0.782000
-0.908000
-0.927000
-0.801000
-0.578000
-0.330000
2.00000E-02
0.481000
0.982000
1.36500
1.58900
1.72500
1.64200
1.33100
0.865000
0.365000
-7.20000E-02
-0.500000
-0.879000
-1.25300
-1.74800
-2.11200
-2.34600
-2.46200
-2.52500
-2.39900
-1.88400
-1.15600
-0.252000
0.705000
1.61800
2.24900
2.18600
1.79800
1.37000
1.08800
0.918000
0.714000
0.442000
0.107000
-0.150000
-0.636000
-0.976000
-1.33500
-1.70400
-1.89900
-1.79200
-1.35000
-0.893000
-0.412000
8.80000E-02
0.608000
0.928000
0.977000
0.870000
0.705000
0.506000
0.438000
0.472000
0.462000
0.413000
0.292000
0.112000
-0.116000
-0.242000
-0.165000
8.80000E-02
0.491000
1.07400
1.67600
2.17600
2.25400
1.68100
0.714000
-0.276000
-1.16000
-1.88900
-2.39900
-2.65200
-2.59300
-2.32100
-1.77700
-0.961000
0.112000
1.33600
2.75900
3.75000
4.07500
3.54600
2.54100
1.55500
0.797000
7.80000E-02
-0.748000
-1.31100
-1.66600
-1.99600
-2.09800
-2.04900
-1.71900
-1.19900
-0.660000
-0.111000
0.277000
0.598000
0.909000
1.22400
1.55000
1.84100
2.04500
2.07900
1.93800
1.45800
0.642000
-0.223000
-1.03400
-1.68500
-2.11700
-2.41800
-2.34100
-1.89400
-1.18000
-0.325000
0.530000
1.24900
1.64700
1.79800
1.66200
1.25800
0.603000
-0.131000
-0.859000
-1.34000
-1.56400
-1.54400
-1.24300
-0.675000
3.40000E-02
0.661000
1.01100
0.972000
0.632000
0.219000
-0.121000
-0.442000
-0.811000
-1.07300
-1.14600
-0.990000
-0.752000
-0.432000
1.50000E-02
0.520000
0.991000
1.20500
0.952000
0.350000
-0.325000
-1.00000
-1.49600
-1.69000
-1.56400
-1.29200
-0.908000
-0.301000
0.336000
0.860000
1.06900
0.875000
0.447000
-1.40000E-02
-0.422000
-0.772000
-0.859000
-0.670000
-0.276000
9.80000E-02
0.389000
0.617000
0.763000
0.758000
0.651000
0.408000
8.80000E-02
-0.233000
-0.510000
-0.650000
-0.655000
-0.665000
-0.723000
-0.893000
-1.05800
-1.13600
-1.10200
-0.908000
-0.529000
8.80000E-02
0.836000
1.63200
2.33700
2.74500
2.62300
2.12800
1.42800
0.637000
-4.80000E-02
-0.689000
-1.22800
-1.60700
-1.90400
-1.98100
-2.02500
-1.87900
-1.53000
-1.20900
-0.850000
-0.456000
3.90000E-02
0.661000
1.36500
2.07400
2.75400
3.16700
3.26400
3.13800
2.60900
1.89000
0.977000
-5.30000E-02
-1.05400
-1.87900
-2.45700
-2.99600
-3.26800
-3.32700
-3.22500
-2.95300
-2.43800
-1.41300
-0.247000
1.14200
2.75400
4.41100
5.14900
4.12900
2.47300
0.943000
-0.145000
-0.840000
-1.37900
-1.56800
-1.63200
-1.68500
-1.68500
-1.52500
-1.29200
-1.19000
-1.10200
-0.869000
-0.432000
0.151000
0.758000
1.34100
1.88500
2.31700
2.59900
2.37500
1.80200
0.933000
-0.106000
-1.11700
-1.91800
-2.36500
-2.63200
-2.68100
-2.50100
-1.94200
-1.06300
2.50000E-02
1.13200
2.05000
2.16700
1.57400
0.884000
0.336000
-4.00000E-03
-0.131000
-4.30000E-02
0.272000
0.501000
0.258000
-0.189000
-0.718000
-1.19400
-1.53400
-1.70900
-1.70400
-1.48600
-1.10200
-0.607000
-3.40000E-02
0.467000
0.933000
1.27300
1.42400
1.34600
1.15200
0.836000
0.447000
0.112000
-9.20000E-02
-0.262000
-0.432000
-0.670000
-0.918000
-1.01000
-0.922000
-0.811000
-0.641000
-0.189000
0.408000
1.04000
1.35100
1.24900
0.889000
0.491000
0.117000
-0.155000
-0.170000
7.30000E-02
0.404000
0.753000
1.10800
1.33100
1.24400
0.739000
-1.40000E-02
-0.723000
-1.20900
-1.46600
-1.46600
-1.15100
-0.442000
0.501000
1.53500
2.40900
2.93400
2.69600
1.85600
0.617000
-0.548000
-1.45700
-2.21400
-2.43800
-2.34600
-1.80200
-1.08300
-0.291000
0.467000
1.03000
1.23900
1.13200
0.914000
0.646000
0.365000
0.107000
-7.70000E-02
-0.286000
-0.344000
-0.393000
-0.490000
-0.592000
-0.660000
-0.689000
-0.636000
-0.374000
-4.00000E-03
0.302000
0.608000
0.724000
0.695000
0.588000
0.442000
0.214000
-1.40000E-02
-0.247000
-0.442000
-0.655000
-0.884000
-1.15600
-1.32100
-1.37400
-1.25300
-0.918000
-0.417000
0.151000
0.685000
1.07900
1.26300
1.32600
1.31200
1.12700
0.778000
0.360000
5.00000E-03
-0.306000
-0.612000
-0.859000
-1.08800
-1.16500
-1.02400
-0.743000
-0.451000
-0.213000
-2.90000E-02
1.02000E-01
0.190000
0.219000
0.209000
0.253000
0.408000
0.593000
0.685000
0.646000
0.510000
0.214000
-0.262000
-0.854000
-1.44200
-1.87900
-1.93800
-1.59800
-0.718000
0.841000
3.13300
5.81900
4.69700
2.60400
0.797000
-0.670000
-1.74300
-2.54000
-2.78300
-2.83600
-2.56900
-2.21400
-1.87000
-1.37400
-0.510000
0.515000
1.51600
2.29800
2.72500
2.62800
2.20100
1.64700
1.18600
0.933000
0.850000
0.782000
1.01600
0.962000
0.651000
9.30000E-02
-0.568000
-1.12200
-1.55400
-1.86500
-2.08800
-2.04900
-1.64100
-1.10200
-0.442000
0.234000
1.02500
1.88000
2.57900
2.97800
2.97800
2.79800
2.52100
1.97700
1.15200
0.141000
-0.879000
-1.93300
-2.87500
-3.42400
-3.51100
-3.31700
-2.83100
-2.01500
-1.15100
-1.90000E-02
1.35100
3.02100
4.31800
4.68300
3.71600
2.14700
0.627000
-0.704000
-1.85000
-2.73900
-3.08900
-3.37500
-3.51100
-3.31700
-2.85100
-2.08300
-1.04900
0.161000
1.46200
2.59900
3.30300
3.23500
2.74000
2.16700
1.55500
0.841000
2.50000E-02
-0.743000
-1.41800
-1.94700
-2.46200
-2.80700
-2.92400
-2.73900
-2.49600
-1.97200
-1.14100
-0.160000
1.04000
2.37100
3.24000
3.09900
2.18600
1.21000
0.365000
-0.272000
-0.689000
-1.04400
-1.05400
-1.04400
-0.918000
-0.874000
-0.811000
-0.650000
-0.422000
-0.422000
-0.446000
-0.281000
-0.145000
9.30000E-02
0.433000
0.705000
0.836000
0.758000
0.457000
0.146000
5.00000E-03
-7.20000E-02
-0.257000
-0.408000
-0.281000
6.40000E-02
0.447000
0.525000
0.331000
0.127000
-5.30000E-02
-0.403000
-0.811000
-1.04900
-1.16500
-1.12600
-0.704000
-9.20000E-02
0.413000
0.962000
1.38000
1.54500
1.36500
0.899000
0.243000
-0.359000
-0.845000
-1.09700
-1.05800
-0.986000
-0.884000
-0.573000
-9.70000E-02
0.321000
0.724000
1.02000
1.15600
1.02500
0.603000
0.127000
-0.160000
-0.335000
-0.412000
-0.490000
-0.485000
-0.437000
-0.369000
-0.286000
-0.276000
-0.267000
-0.136000
0.141000
0.583000
1.06400
1.43300
1.61300
1.65200
1.51600
1.16100
0.510000
-0.267000
-0.981000
-1.61200
-2.09800
-2.21000
-1.94700
-1.49100
-0.952000
-0.281000
0.297000
0.744000
0.914000
0.836000
0.714000
0.612000
0.544000
0.496000
0.404000
0.209000
-1.40000E-02
-9.70000E-02
-2.90000E-02
8.80000E-02
0.180000
0.151000
5.90000E-02
-4.80000E-02
-0.276000
-0.578000
-0.850000
-1.11200
-1.26700
-1.33000
-1.44200
-1.58800
-1.65600
-1.47600
-1.07300
-0.524000
0.117000
1.01600
2.08400
2.74000
2.23500
1.23400
0.166000
-0.650000
-1.26200
-1.68500
-1.70900
-1.74800
-1.87400
-1.89900
-1.69500
-1.30100
-0.854000
-0.388000
0.141000
0.744000
1.18100
1.26300
1.02000
0.593000
0.151000
-0.121000
-0.252000
-0.189000
-9.00000E-03
0.234000
0.515000
0.831000
1.14200
1.34100
1.23900
0.909000
0.336000
-0.286000
-0.879000
-1.37400
-1.75800
-1.90400
-1.86000
-1.56800
-1.05400
-0.383000
0.370000
1.33100
2.35600
3.22100
3.60900
3.38100
2.76900
1.94300
1.05900
1.02000E-01
-0.801000
-1.44200
-1.77700
-2.26300
-2.46200
-2.37500
-1.97600
-1.39800
-0.636000
0.297000
1.38500
2.32200
2.83200
2.89000
2.67200
2.13800
1.29200
0.355000
-0.306000
-0.743000
-0.854000
-0.786000
-0.544000
-0.184000
0.190000
0.617000
0.952000
1.12200
1.12200
0.899000
0.530000
0.136000
-0.184000
-0.495000
-0.675000
-0.675000
-0.412000
-9.00000E-03
0.486000
1.10800
1.65700
1.86100
1.71500
1.35600
0.690000
6.80000E-02
-0.364000
-0.665000
-0.811000
-0.990000
-1.22400
-1.28200
-1.08800
-0.675000
-0.150000
0.350000
0.826000
1.07400
1.00100
0.724000
0.336000
5.90000E-02
-0.126000
-0.378000
-0.670000
-0.908000
-0.986000
-0.845000
-0.505000
-9.00000E-03
0.491000
0.889000
1.06900
0.991000
0.763000
0.389000
-5.30000E-02
-0.548000
-0.961000
-1.31100
-1.58800
-1.57800
-1.50000
-1.59300
-1.74800
-1.78700
-1.60700
-1.21400
-0.592000
0.292000
1.51600
2.82700
3.85200
3.91500
2.60400
1.04000
-0.427000
-1.61200
-2.49100
-2.94800
-2.98200
-3.07400
-2.86500
-2.46700
-1.88900
-1.05400
-0.257000
0.311000
0.651000
0.739000
0.739000
0.734000
0.676000
0.700000
0.884000
1.02500
1.11300
1.16100
1.25800
1.10800
0.739000
0.253000
-0.267000
-0.801000
-1.29600
-1.68000
-1.92800
-2.17100
-2.34600
-2.38400
-2.27300
-1.77700
-0.898000
0.238000
1.79300
3.75500
5.63000
3.81800
1.88500
0.336000
-0.743000
-1.42300
-2.00600
-2.04900
-1.94700
-1.63600
-1.10200
-0.408000
0.166000
0.496000
0.666000
0.763000
0.821000
0.855000
0.812000
0.632000
0.374000
0.122000
-0.179000
-0.544000
-0.689000
-0.466000
-0.349000
-0.461000
-0.432000
-5.80000E-02
0.423000
0.855000
1.13200
1.10300
0.962000
0.758000
0.428000
0.141000
-0.131000
-0.626000
-1.08800
-1.34000
-1.39400
-1.16000
-0.752000
-0.242000
0.272000
0.778000
1.04000
0.928000
0.549000
9.80000E-02
-0.291000
-0.582000
-0.480000
-0.160000
0.161000
0.438000
0.680000
0.782000
0.763000
0.588000
0.292000
-1.90000E-02
-0.359000
-0.582000
-0.728000
-0.718000
-0.495000
-0.199000
-3.80000E-02
-5.30000E-02
-0.170000
-0.330000
-0.354000
-0.291000
-0.145000
6.80000E-02
0.326000
0.685000
1.03000
1.41400
1.73900
1.81200
1.54000
1.03500
0.384000
-0.276000
-0.816000
-1.20400
-1.49100
-1.61700
-1.47600
-1.01000
-0.519000
-0.111000
0.161000
0.413000
0.520000
0.544000
0.428000
0.180000
-9.20000E-02
-0.383000
-0.408000
-0.145000
0.404000
1.40900
2.59900
3.24500
2.97300
2.00200
0.744000
-0.442000
-1.47100
-2.23400
-2.46700
-2.65200
-2.59300
-2.40400
-1.95700
-1.34000
-0.680000
3.00000E-02
0.729000
1.24900
1.49600
1.55000
1.57400
1.69600
1.91900
2.24900
2.45300
2.24900
1.62300
0.792000
-0.155000
-1.19900
-1.98600
-2.35500
-2.55400
-2.51600
-2.19000
-1.62700
-0.995000
-0.349000
8.80000E-02
0.243000
0.185000
0.122000
0.209000
0.447000
0.807000
1.32200
2.02600
2.80800
3.11900
2.77900
1.75900
0.535000
-0.403000
-1.12200
-1.75300
-2.16100
-2.46700
-2.60800
-2.76300
-2.87000
-2.67600
-2.19500
-1.47600
-0.519000
0.705000
2.07900
3.32300
3.89600
3.82800
2.86100
1.63700
0.569000
-0.204000
-0.748000
-0.961000
-0.791000
-0.806000
-0.830000
-0.840000
-0.884000
-1.02000
-1.27200
-1.43200
-1.32100
-1.00000
-0.563000
0.117000
0.938000
1.69600
2.24000
2.62300
2.48700
2.00600
1.32600
0.569000
-0.131000
-0.718000
-1.18500
-1.50500
-1.72400
-1.81100
-1.66600
-1.23800
-0.655000
-4.30000E-02
0.481000
0.977000
1.11300
0.875000
0.525000
0.234000
2.50000E-02
-0.145000
-6.30000E-02
7.30000E-02
0.384000
0.671000
0.690000
0.404000
-7.20000E-02
-0.587000
-0.995000
-1.34000
-1.62200
-1.69000
-1.57800
-1.14100
-0.369000
0.447000
1.10800
1.36500
1.19000
0.884000
0.719000
0.719000
0.739000
0.569000
0.336000
-2.40000E-02
-0.514000
-1.02900
-1.61700
-2.11200
-2.30700
-2.30700
-2.17100
-1.61200
-0.767000
0.151000
0.918000
1.41400
1.63700
1.70500
1.68600
1.55500
1.31700
0.977000
0.472000
-0.111000
-0.680000
-1.22400
-1.81600
-2.12700
-2.21900
-2.14200
-1.86500
-1.20400
-0.281000
0.705000
1.61800
2.22000
2.19100
1.41900
0.350000
-0.558000
-1.16000
-1.50000
-1.65600
-1.67000
-1.36900
-0.777000
3.00000E-02
0.870000
1.58900
2.01600
2.22500
2.24000
2.10800
1.78300
1.17100
0.331000
-0.602000
-1.51500
-2.30700
-2.91900
-3.30700
-3.49700
-3.51600
-3.37000
-2.89000
-1.86000
-0.354000
1.58400
4.14800
5.12000
4.27000
3.13800
1.82200
0.559000
-0.374000
-1.02900
-1.53900
-1.60700
-1.66600
-1.54400
-1.30100
-1.15100
-1.06800
-1.06300
-1.18000
-1.21900
-1.11700
-0.816000
-0.398000
4.40000E-02
0.574000
1.18100
1.71000
2.05000
2.02100
1.84100
1.56000
1.09800
0.525000
-1.90000E-02
-0.558000
-0.927000
-1.16000
-1.10700
-0.796000
-0.437000
-0.204000
-8.20000E-02
5.90000E-02
0.292000
0.408000
0.389000
0.413000
0.496000
0.646000
0.778000
1.02500
1.42800
1.85100
1.87500
1.53000
1.04000
0.476000
1.00000E-02
-0.364000
-0.675000
-0.840000
-0.952000
-1.02900
-0.932000
-0.694000
-0.267000
0.277000
0.996000
1.72500
2.35100
2.63300
2.45300
1.91900
1.08400
0.272000
-0.165000
-0.325000
-0.476000
-0.704000
-0.898000
-0.898000
-0.709000
-0.442000
-0.228000
-7.20000E-02
0.117000
0.428000
0.680000
0.748000
0.685000
0.578000
0.394000
0.195000
6.40000E-02
-2.90000E-02
-9.20000E-02
-0.150000
-0.238000
-0.310000
-0.301000
-0.121000
0.141000
0.472000
0.680000
0.816000
0.884000
0.889000
0.773000
0.515000
0.175000
-7.70000E-02
-0.310000
-0.442000
-0.573000
-0.772000
-1.10700
-1.44700
-1.74800
-1.89900
-1.86000
-1.60700
-1.18500
-0.553000
0.234000
0.977000
1.59800
2.13800
2.58400
2.70100
2.44800
1.87000
0.977000
-0.121000
-1.24300
-2.34600
-3.11300
-3.44800
-3.67600
-3.67600
-3.50200
-3.16600
-2.56400
-1.73800
-0.782000
0.127000
1.02000
1.83600
2.35600
2.45800
2.24400
1.96300
1.76800
1.61300
1.46200
1.16100
0.438000
-0.412000
-1.32600
-2.25300
-3.07900
-3.57000
-3.94800
-4.00700
-3.74900
-3.12800
-2.19000
-0.777000
0.957000
2.80300
3.99800
4.39100
4.16800
3.32700
2.18100
1.02500
-1.40000E-02
-0.903000
-1.56800
-1.83100
-2.00600
-2.13200
-2.10300
-1.89900
-1.49600
-0.932000
-0.306000
0.297000
0.957000
1.62800
2.07900
2.01100
1.60300
0.996000
0.452000
7.30000E-02
-0.106000
-5.80000E-02
0.117000
0.428000
0.748000
0.957000
1.11800
1.10800
0.933000
0.656000
0.234000
-0.228000
-0.694000
-1.02400
-1.16000
-1.18500
-1.13600
-0.966000
-0.597000
2.50000E-02
0.734000
1.41900
1.82200
1.82700
1.49200
0.996000
0.530000
0.214000
9.80000E-02
0.146000
0.195000
8.80000E-02
-6.30000E-02
-0.480000
-1.07300
-1.55400
-1.59300
-1.30600
-1.02400
-0.597000
-2.40000E-02
0.462000
0.836000
1.12700
1.28300
1.19000
0.957000
0.680000
0.408000
-2.90000E-02
-0.505000
-0.743000
-0.646000
-0.276000
0.161000
0.457000
0.408000
8.30000E-02
-0.286000
-0.665000
-0.825000
-0.680000
-0.233000
0.374000
1.13200
1.87000
2.24900
1.91400
0.826000
-0.573000
-1.81600
-2.72900
-3.15700
-3.24900
-2.89400
-2.04900
-0.723000
1.05900
2.92900
3.81300
3.50700
2.52100
1.35100
0.224000
-0.646000
-1.30600
-1.88400
-2.09300
-2.33100
-2.39900
-2.35500
-2.20500
-1.90800
-1.35500
-0.718000
1.00000E-02
0.700000
1.22000
1.40900
1.28800
1.10300
0.899000
0.894000
0.923000
0.972000
1.09800
1.06400
0.632000
-2.90000E-02
-0.738000
-1.35000
-1.86000
-2.07400
-2.13200
-2.06400
-1.94700
-1.73800
-1.30600
-0.811000
-0.320000
0.170000
0.729000
1.31700
2.05000
2.83700
3.33200
3.27400
2.72500
1.89000
1.06900
0.350000
-0.281000
-0.918000
-1.38900
-1.85000
-2.21000
-2.40400
-2.49600
-2.49600
-2.34100
-1.89900
-1.23300
-0.369000
0.700000
1.90400
3.07000
3.70100
3.67700
3.05500
2.04500
1.03000
0.195000
-0.519000
-1.07300
-1.08300
-1.06300
-0.723000
-0.252000
0.156000
0.467000
0.564000
0.423000
0.112000
-0.296000
-0.646000
-0.796000
-0.854000
-0.777000
-0.325000
0.180000
0.637000
1.02500
1.36000
1.65200
1.60300
1.39400
1.12200
0.734000
0.316000
5.90000E-02
0.
-2.90000E-02
1.00000E-02
0.200000
0.472000
0.816000
1.09800
1.11800
0.909000
0.608000
0.166000
-0.335000
-0.801000
-1.27700
-1.70900
-1.97200
-2.04900
-1.99600
-1.65600
-1.02400
-0.160000
0.962000
2.33200
3.58500
3.87600
3.07500
1.86100
0.812000
4.40000E-02
-0.563000
-1.02900
-1.25300
-1.52500
-1.89900
-2.11200
-2.25800
-2.23900
-2.14600
-1.93300
-1.53900
-0.884000
7.30000E-02
1.17100
2.05000
2.19100
1.59400
0.787000
0.127000
-0.204000
-0.228000
-5.30000E-02
0.117000
0.180000
1.00000E-02
-0.310000
-0.854000
-1.35500
-1.70400
-1.92800
-2.12700
-2.19500
-1.99100
-1.51500
-0.820000
-2.40000E-02
0.812000
1.59800
1.98700
1.91400
1.40900
0.632000
-5.30000E-02
-0.655000
-1.06300
-1.30100
-1.32100
-1.25800
-0.845000
-0.306000
0.122000
0.326000
0.248000
-9.00000E-03
-0.408000
-0.791000
-1.08300
-1.23300
-1.27700
-1.16000
-0.718000
0.117000
1.32200
2.78800
4.14800
4.76500
3.58500
1.56000
-0.359000
-1.98100
-3.09800
-3.85600
-4.05500
-4.15200
-3.95800
-3.40400
-2.58400
-1.47100
-9.00000E-03
1.50600
3.00700
3.91000
4.00300
3.81300
3.08000
2.11800
1.07400
6.40000E-02
-0.937000
-1.80600
-2.34100
-2.80200
-3.06900
-3.10800
-2.88500
-2.37500
-1.35500
-0.121000
1.24400
2.34100
2.65700
2.50200
2.18600
1.82200
1.40400
0.928000
0.496000
0.107000
-1.40000E-02
-7.20000E-02
-2.40000E-02
2.50000E-02
-6.80000E-02
-0.291000
-0.602000
-0.767000
-0.888000
-0.937000
-0.801000
-0.616000
-0.427000
-0.281000
-0.174000
-3.40000E-02
0.277000
0.904000
1.69600
2.40500
2.73000
2.54500
2.06000
1.47700
0.841000
0.258000
-0.208000
-0.495000
-0.621000
-0.680000
-0.675000
-0.582000
-0.597000
-0.752000
-1.03400
-1.23300
-1.34000
-1.36000
-1.25800
-0.990000
-0.471000
0.180000
0.889000
1.65200
2.27400
2.68600
2.79800
2.71100
2.40500
1.86100
1.19500
0.408000
-0.354000
-1.10200
-1.73800
-2.27800
-2.63700
-2.80700
-2.66100
-2.38900
-1.93300
-1.71400
-1.56800
-1.35000
-0.966000
-0.344000
0.583000
2.01600
3.76000
4.52200
3.66300
1.96800
0.530000
-0.485000
-1.13100
-1.49600
-1.36000
-1.26200
-1.23300
-1.26700
-1.25300
-1.28200
-1.37900
-1.37900
-1.27200
-1.06300
-0.689000
-0.228000
0.190000
0.603000
0.836000
0.884000
0.841000
0.870000
0.909000
1.08400
1.24400
1.05400
0.617000
9.80000E-02
-0.626000
-1.44700
-2.03500
-2.32600
-2.40400
-2.04400
-1.35000
-0.451000
0.608000
1.79800
2.64700
2.80300
2.23000
1.05900
-0.116000
-1.03900
-1.69500
-2.14200
-2.01500
-1.81600
-1.30100
-0.767000
-4.80000E-02
0.685000
1.36500
2.02600
2.57000
2.71500
2.42400
1.63200
0.491000
-0.694000
-1.68000
-2.20500
-2.37500
-2.40900
-2.21900
-1.94200
-1.63200
-1.10200
-0.422000
0.540000
1.80700
3.24500
4.23600
3.55600
2.00600
0.695000
-0.247000
-0.976000
-1.50000
-1.67000
-1.68000
-1.35000
-0.869000
-0.442000
-0.204000
-1.02000E-01
-0.140000
-0.199000
-0.204000
-1.40000E-02
0.316000
0.685000
0.802000
0.734000
0.802000
0.904000
1.06900
1.11800
1.04500
0.870000
0.627000
0.340000
-0.126000
-0.757000
-1.15600
-1.37400
-1.46200
-1.56800
-1.52500
-1.12200
-0.466000
0.127000
0.574000
0.977000
1.24900
1.30700
1.22400
1.10800
0.962000
0.768000
0.574000
0.287000
-6.30000E-02
-0.471000
-0.757000
-0.913000
-0.961000
-0.811000
-0.616000
-0.306000
0.117000
0.661000
1.20500
1.54500
1.43800
0.957000
0.219000
-0.544000
-1.16500
-1.53000
-1.66100
-1.50500
-0.888000
-4.00000E-03
0.850000
1.66200
2.01100
1.82700
1.39900
0.850000
0.302000
-0.267000
-0.767000
-1.18500
-1.45700
-1.51500
-1.44200
-1.37400
-1.19900
-0.884000
-0.626000
-0.335000
5.40000E-02
0.467000
0.763000
0.923000
0.996000
0.870000
0.690000
0.544000
0.476000
0.404000
0.234000
-9.00000E-03
-0.315000
-0.558000
-0.704000
-0.743000
-0.835000
-0.990000
-1.10200
-1.13100
-1.16000
-1.18500
-1.20400
-1.03400
-0.408000
0.408000
1.24400
1.89500
2.23000
2.06000
1.55500
0.909000
0.311000
-0.213000
-0.733000
-1.14100
-1.26200
-1.30600
-1.19900
-1.03900
-0.738000
-0.296000
0.132000
0.472000
0.588000
0.496000
0.321000
9.80000E-02
-0.165000
-0.451000
-0.655000
-0.757000
-0.650000
-0.194000
0.574000
1.62300
2.65700
3.19100
2.86100
1.83200
0.637000
-0.242000
-1.03900
-1.75300
-1.98600
-2.06400
-1.93800
-1.69500
-1.27200
-0.767000
-0.189000
0.404000
0.948000
1.29200
1.38000
1.38000
1.44300
1.49200
1.46200
1.34600
1.17600
0.952000
0.661000
0.297000
-0.111000
-0.578000
-0.918000
-1.17500
-1.34000
-1.52500
-1.71400
-1.75300
-1.62700
-1.22800
-0.607000
8.80000E-02
0.797000
1.61800
2.38500
2.86100
2.82700
2.32700
1.57400
0.719000
-9.20000E-02
-0.961000
-1.76300
-2.20000
-2.52000
-2.52500
-2.27300
-1.81100
-1.10200
-0.189000
0.782000
1.55000
1.79800
1.55500
0.982000
0.243000
-0.422000
-0.908000
-1.06300
-0.757000
-0.262000
0.452000
1.19000
1.66600
1.83200
1.65700
1.29700
0.875000
0.452000
-6.80000E-02
-0.767000
-1.31600
-1.77200
-2.02000
-2.11700
-2.06900
-1.81600
-1.15600
-0.432000
0.277000
1.20000
2.17200
2.81700
3.03100
2.78300
2.18100
1.40400
0.588000
-8.70000E-02
-0.587000
-0.835000
-1.23800
-1.41300
-1.33500
-1.14100
-0.825000
-0.446000
-9.70000E-02
3.90000E-02
2.50000E-02
-8.20000E-02
-0.184000
-0.247000
-0.252000
-0.155000
8.80000E-02
0.457000
0.899000
1.30700
1.53500
1.61300
1.45800
1.14700
0.608000
2.50000E-02
-0.519000
-1.03400
-1.46200
-1.88400
-2.16600
-2.14600
-1.87900
-1.53400
-1.14100
-0.714000
-0.257000
0.161000
0.608000
0.972000
1.25800
1.44300
1.48200
1.41400
1.28300
1.06400
0.544000
-0.393000
-1.51000
-2.43300
-2.90900
-3.08400
-2.97200
-2.29200
-1.05800
0.666000
2.72000
3.99800
3.87100
2.57000
1.02000
-0.524000
-1.80600
-2.78800
-3.31700
-3.42400
-3.33600
-2.84100
-1.93300
-0.612000
0.729000
1.83600
2.64700
3.11400
2.90000
2.45300
1.75900
0.855000
-3.80000E-02
-0.884000
-1.62700
-2.01000
-2.36500
-2.48600
-2.46700
-2.24400
-1.91800
-1.40300
-0.694000
8.80000E-02
0.933000
1.82700
2.62800
3.25500
3.30800
2.80300
1.72500
0.593000
-0.388000
-1.15600
-1.58300
-1.66600
-1.82100
-1.66600
-1.31600
-0.859000
-0.330000
0.253000
0.972000
1.63200
1.96800
1.99200
1.71000
1.18600
0.564000
1.00000E-02
-0.403000
-0.597000
-0.510000
-0.189000
0.214000
0.525000
0.768000
1.12700
1.47200
1.47200
1.24900
0.802000
0.175000
-0.505000
-1.16500
-1.73800
-2.13200
-2.32600
-2.14200
-1.59800
-0.888000
-1.90000E-02
1.07900
2.47300
3.84200
4.27900
4.16300
2.94400
1.54500
0.175000
-0.981000
-1.87900
-2.48200
-2.89000
-3.30700
-3.44300
-3.25400
-2.93300
-2.49600
-1.72400
-0.743000
0.316000
1.50600
2.80300
3.93500
4.38100
4.38600
3.80800
2.67200
1.42400
0.209000
-0.913000
-2.04900
-2.79700
-3.41900
-3.86100
-3.90000
-3.79300
-3.43800
-2.66600
-1.56400
-0.291000
1.10800
2.35600
3.13300
3.29800
3.15300
2.80800
2.35100
1.72000
1.07400
0.355000
-0.208000
-0.796000
-1.23800
-1.71900
-1.95200
-2.08300
-2.16600
-2.11200
-1.93800
-1.64600
-1.30100
-0.932000
-0.398000
0.238000
1.07400
1.96800
2.73500
3.01200
2.70100
2.01600
1.26300
0.535000
-7.20000E-02
-0.646000
-1.12200
-1.36000
-1.75800
-1.95700
-2.01500
-1.97200
-1.72400
-1.27700
-0.723000
-0.179000
9.80000E-02
0.282000
0.491000
0.763000
1.04500
1.30200
1.53000
1.55500
1.29200
0.778000
0.166000
-0.306000
-0.578000
-0.694000
-0.777000
-0.835000
-0.689000
-0.437000
-0.383000
-0.514000
-0.684000
-0.854000
-1.05800
-1.32100
-1.47100
-1.21400
-0.641000
0.122000
0.758000
1.21000
1.49600
1.63200
1.61800
1.51100
1.34600
1.09300
0.680000
0.190000
-0.301000
-0.786000
-1.28200
-1.69500
-1.88400
-1.86500
-1.67500
-1.41800
-1.14600
-0.791000
-0.325000
0.180000
0.598000
0.928000
1.18100
1.28300
1.26300
1.15200
0.899000
0.578000
0.336000
0.214000
0.287000
0.506000
0.787000
1.00600
1.07400
0.880000
0.374000
-0.179000
-0.641000
-0.864000
-1.00000
-1.12200
-1.26200
-1.31600
-1.26200
-1.10700
-0.801000
-0.437000
-2.90000E-02
0.457000
1.15200
2.00200
2.84700
3.40000
3.25900
2.33200
1.05900
-0.121000
-1.13100
-1.97600
-2.41800
-2.62200
-2.55400
-2.32100
-1.75800
-1.02000
-0.276000
0.306000
0.782000
1.08800
1.17100
1.03000
0.768000
0.423000
0.151000
0.122000
0.234000
0.326000
0.370000
0.418000
0.520000
0.530000
0.413000
0.180000
-0.189000
-0.680000
-1.08800
-1.35000
-1.54900
-1.60700
-1.55900
-1.39400
-1.00500
-0.315000
0.399000
1.07400
1.60300
1.89000
1.96800
1.80200
1.44800
0.928000
0.374000
-0.204000
-0.879000
-1.50500
-1.95700
-2.19500
-2.20000
-1.84500
-1.10700
-0.136000
0.977000
2.22000
3.11400
2.83700
1.53500
0.175000
-0.932000
-1.74800
-2.32600
-2.36500
-2.19500
-1.70900
-0.864000
9.80000E-02
1.05900
2.08400
3.03600
3.43400
3.16200
2.09400
0.894000
-0.145000
-0.966000
-1.65600
-1.94700
-2.11700
-2.12700
-1.95200
-1.65600
-1.16500
-0.612000
-5.30000E-02
0.413000
0.836000
1.28300
1.74900
2.18100
2.43900
2.35600
1.89000
1.23900
0.462000
-0.136000
-0.660000
-1.05400
-1.28700
-1.40800
-1.19900
-0.786000
-0.238000
0.365000
0.943000
1.28300
1.19000
0.724000
4.40000E-02
-0.578000
-0.990000
-1.09700
-0.942000
-0.694000
-0.189000
0.413000
0.914000
1.09300
0.933000
0.671000
0.428000
0.238000
4.90000E-02
-0.160000
-0.383000
-0.563000
-0.670000
-0.680000
-0.480000
-5.30000E-02
0.588000
1.52100
2.26900
2.31200
1.68100
0.700000
-0.267000
-1.18000
-1.89900
-2.42300
-2.62700
-2.76800
-2.72900
-2.49600
-1.85500
-0.927000
0.238000
1.75400
3.45400
4.64400
4.43000
2.78800
1.05400
-0.349000
-1.27200
-2.01500
-2.45700
-2.55400
-2.47700
-2.12200
-1.71900
-1.25800
-0.811000
-0.267000
0.248000
0.729000
1.07900
1.12700
0.797000
0.238000
-0.189000
-0.393000
-0.281000
0.175000
0.991000
1.93400
2.08400
1.35100
0.219000
-0.811000
-1.66100
-2.25300
-2.43800
-2.44800
-2.06900
-1.49100
-0.607000
0.578000
2.01600
3.63300
4.11900
2.73500
0.714000
-0.850000
-1.89900
-2.53000
-2.77800
-2.64700
-2.44800
-2.02000
-1.40300
-0.490000
0.549000
1.71500
2.70100
2.84700
2.26400
1.31200
0.297000
-0.675000
-1.35500
-1.66600
-1.42800
-1.09700
-0.456000
0.321000
1.01600
1.38500
1.53000
1.48200
1.32600
1.09300
0.690000
0.185000
-0.170000
-0.519000
-0.874000
-1.18500
-1.38900
-1.52500
-1.54900
-1.47100
-1.15600
-0.616000
5.00000E-03
0.588000
1.12700
1.62300
1.95800
2.06500
1.97700
1.78300
1.50100
1.06900
0.423000
-0.427000
-1.24800
-1.86000
-2.26800
-2.45200
-2.51100
-2.46700
-2.16600
-1.64100
-0.922000
-1.02000E-01
0.744000
1.70500
2.67700
3.24500
2.92400
2.00600
0.739000
-0.471000
-1.45200
-2.23400
-2.56900
-2.60800
-2.45700
-1.83600
-0.990000
4.90000E-02
1.13700
1.99700
2.42400
2.19600
1.55500
0.603000
-0.291000
-1.06300
-1.60700
-1.78200
-1.78200
-1.70000
-1.32600
-0.689000
0.107000
0.962000
1.78300
2.15200
1.96800
1.30200
0.408000
-0.374000
-1.02900
-1.45200
-1.46600
-1.35500
-0.903000
-0.189000
0.617000
1.49600
2.03100
2.11300
1.74400
1.05400
0.297000
-0.335000
-0.850000
-1.19400
-1.32100
-1.41300
-1.31600
-0.966000
-0.412000
0.122000
0.569000
0.972000
1.41400
1.89500
2.28300
2.33700
2.03100
1.43300
0.734000
9.80000E-02
-0.369000
-0.631000
-0.801000
-1.00500
-1.21400
-1.38400
-1.47100
-1.45700
-1.41800
-1.33000
-1.07800
-0.582000
0.122000
0.977000
1.82200
2.45800
2.67700
2.44800
1.93400
1.22900
0.535000
-2.40000E-02
-0.495000
-0.806000
-1.00000
-1.14600
-1.04900
-0.913000
-0.859000
-0.947000
-1.01500
-0.879000
-0.602000
-0.174000
0.253000
0.763000
1.23400
1.63700
1.98700
2.23500
2.14700
1.61300
0.792000
-3.80000E-02
-0.864000
-1.53000
-1.95700
-2.07800
-1.97200
-1.70000
-1.23300
-0.665000
3.00000E-02
0.802000
1.57900
2.15200
2.26900
1.94300
1.28300
0.544000
-6.80000E-02
-0.461000
-0.510000
-0.257000
5.00000E-03
0.253000
0.292000
0.146000
-5.80000E-02
-0.325000
-0.519000
-0.655000
-0.893000
-1.26700
-1.32100
-0.922000
-0.208000
0.544000
1.27300
1.89000
2.36600
2.64700
2.35100
1.51600
0.467000
-0.432000
-1.23800
-2.03500
-2.54000
-2.93300
-3.01600
-2.92400
-2.51600
-1.97200
-1.33500
-0.548000
0.520000
1.69100
2.48200
2.78800
2.49700
1.70000
0.724000
-6.80000E-02
-0.675000
-1.08300
-1.18500
-1.17500
-1.06800
-0.903000
-0.723000
-0.471000
-0.286000
-0.111000
7.80000E-02
0.214000
0.253000
0.122000
-2.90000E-02
-0.170000
-0.218000
-0.179000
-0.160000
-0.121000
-1.90000E-02
8.80000E-02
0.112000
6.40000E-02
4.40000E-02
5.00000E-03
-9.20000E-02
-0.174000
-8.20000E-02
7.30000E-02
0.224000
0.336000
0.530000
0.763000
0.918000
1.00600
0.933000
0.603000
5.90000E-02
-0.660000
-1.36900
-1.93800
-2.22400
-2.22900
-1.90400
-1.34000
-0.412000
0.894000
2.30300
2.84200
2.28800
1.12200
5.90000E-02
-0.621000
-0.845000
-0.680000
-8.20000E-02
0.360000
0.695000
0.676000
0.345000
-7.20000E-02
-0.505000
-0.782000
-0.990000
-1.07300
-0.966000
-0.694000
-0.315000
9.80000E-02
0.506000
0.865000
0.991000
0.962000
0.943000
1.03500
1.12200
1.02500
0.700000
0.136000
-0.456000
-0.942000
-1.26700
-1.53000
-1.56800
-1.30600
-0.859000
-0.238000
0.476000
1.24400
1.75900
1.79300
1.46200
0.962000
0.506000
0.151000
-6.80000E-02
-0.145000
-6.30000E-02
-5.30000E-02
-9.20000E-02
-5.30000E-02
4.40000E-02
0.132000
0.136000
-4.30000E-02
-0.451000
-0.854000
-1.14100
-1.32600
-1.41300
-1.28700
-1.00000
-0.544000
2.00000E-02
0.632000
1.36500
2.12300
2.71500
2.88500
2.49700
1.63200
0.608000
-0.301000
-1.05800
-1.72400
-2.18000
-2.45200
-2.36000
-2.00600
-1.65100
-1.19400
-0.665000
-6.80000E-02
0.491000
1.04500
1.47200
1.67100
1.58400
1.27300
0.787000
0.229000
-0.247000
-0.616000
-0.743000
-0.670000
-0.466000
-0.218000
0.195000
0.909000
1.64700
2.00600
1.67600
0.957000
0.214000
-0.437000
-0.990000
-1.42300
-1.68000
-1.79700
-1.68500
-1.53900
-1.37400
-1.12200
-0.680000
-9.00000E-03
0.758000
1.55500
2.32700
3.93000
4.32800
3.35200
1.96300
0.447000
-1.12600
-2.30200
-2.75400
-3.09800
-3.02600
-2.99600
-2.59800
-2.00600
-1.06800
7.80000E-02
1.00600
1.89500
2.12300
2.13300
1.94800
1.69100
1.35100
1.01100
0.680000
8.80000E-02
-0.442000
-1.01500
-1.31600
-1.42300
-1.49600
-1.40800
-1.06800
-0.563000
-1.40000E-02
0.413000
0.569000
0.569000
0.588000
0.423000
0.117000
1.00000E-02
-6.30000E-02
-2.90000E-02
4.40000E-02
0.229000
0.540000
0.612000
0.520000
0.297000
0.
-0.286000
-0.359000
-0.267000
-0.136000
-3.80000E-02
8.80000E-02
0.263000
0.311000
0.214000
0.122000
6.40000E-02
-0.150000
-0.558000
-0.898000
-1.09700
-1.10700
-0.942000
-0.548000
7.30000E-02
0.889000
1.82700
2.57900
2.48700
1.80700
0.846000
0.
-0.655000
-1.26700
-1.80200
-1.98100
-2.09800
-2.00100
-1.76800
-1.25800
-0.597000
0.180000
0.996000
1.73400
2.14200
2.00200
1.41900
0.632000
-8.70000E-02
-0.777000
-1.27700
-1.57800
-1.68500
-1.42300
-0.888000
-0.233000
0.428000
1.03000
1.31700
1.21500
0.782000
0.112000
-0.616000
-1.13100
-1.32100
-1.28200
-1.21400
-0.947000
-0.383000
0.365000
1.03500
1.40400
1.34100
0.875000
0.248000
-0.437000
-0.961000
-1.23800
-1.21900
-1.09200
-0.786000
-0.369000
7.80000E-02
0.452000
0.593000
0.603000
0.637000
0.714000
0.787000
0.797000
0.739000
0.612000
0.433000
0.161000
-0.170000
-0.534000
-0.743000
-0.796000
-0.699000
-0.534000
-0.325000
-0.233000
-0.247000
-0.286000
-0.242000
-0.106000
0.175000
0.710000
1.55000
2.39000
2.98700
3.01700
2.45300
1.37500
0.180000
-0.767000
-1.50500
-2.13700
-2.47700
-2.77300
-2.86000
-2.75400
-2.49600
-1.99600
-1.28700
-0.388000
0.651000
1.79300
2.96800
3.85700
4.04600
3.39500
2.33700
1.21500
0.272000
-0.495000
-1.22400
-1.70400
-1.87400
-2.09300
-2.21000
-2.35000
-2.41400
-2.30200
-2.07800
-1.77200
-1.33000
-0.791000
5.00000E-03
0.977000
1.90900
2.56500
2.83200
2.75900
2.42900
1.85600
1.15600
0.297000
-0.393000
-0.986000
-1.34500
-1.69000
-1.87900
-1.82600
-1.50500
-1.01500
-0.378000
0.258000
0.753000
0.928000
0.860000
0.797000
0.875000
1.01100
1.00100
0.782000
0.326000
-0.179000
-0.675000
-0.976000
-1.03900
-0.816000
-0.349000
0.442000
1.47200
2.20100
2.39500
2.01600
1.36000
0.680000
0.243000
-6.80000E-02
-0.539000
-0.971000
-1.35500
-1.44200
-1.30600
-1.12600
-0.757000
-3.80000E-02
0.933000
1.96300
2.67700
2.49200
1.63700
0.646000
-0.140000
-0.854000
-1.41800
-1.44700
-1.29200
-0.840000
-9.20000E-02
0.802000
1.78300
2.54100
2.81700
2.26400
1.24400
0.311000
-0.325000
-0.791000
-1.18000
-1.20900
-1.31100
-1.34000
-1.53400
-1.78700
-1.86500
-1.74300
-1.38400
-0.733000
0.180000
1.26800
2.42900
3.20600
3.42000
2.91900
1.79800
0.578000
-0.480000
-1.27700
-1.98600
-2.38000
-2.69000
-2.83600
-2.75800
-2.57400
-2.22900
-1.70000
-1.05400
-0.364000
0.263000
0.952000
1.80700
2.56500
2.78300
2.50200
1.81700
0.943000
1.02000E-01
-0.568000
-1.13100
-1.61200
-1.80600
-2.06900
-2.12700
-2.04900
-1.82100
-1.33500
-0.762000
-0.150000
0.277000
0.535000
0.578000
0.457000
0.408000
0.496000
0.773000
1.07400
1.26800
1.33100
1.23900
1.05000
0.773000
0.379000
-0.165000
-0.762000
-1.23800
-1.60200
-1.81100
-1.79700
-1.65100
-1.44200
-1.12600
-0.699000
-0.383000
-0.131000
0.180000
0.598000
1.13700
1.84600
2.58400
3.05100
2.99200
2.63300
1.81700
0.734000
-0.354000
-1.24800
-1.97200
-2.33600
-2.64200
-2.75800
-2.71000
-2.42300
-1.88900
-1.37400
-0.869000
-0.179000
0.574000
1.30200
1.91400
2.35100
2.53600
2.43400
2.00600
1.32600
0.627000
4.40000E-02
-0.466000
-1.04900
-1.28200
-1.36000
-1.40800
-1.54400
-1.59800
-1.53000
-1.38400
-1.20900
-0.874000
-0.296000
0.302000
0.782000
1.05400
1.19000
1.25400
1.22400
1.06400
0.914000
0.797000
0.787000
0.831000
0.802000
0.666000
0.442000
0.238000
-2.40000E-02
-0.563000
-1.07800
-1.32100
-1.37900
-1.37400
-1.29600
-1.10200
-0.723000
-0.199000
0.306000
0.972000
1.70000
2.20600
2.27800
2.03100
1.47200
0.714000
9.80000E-02
-0.267000
-0.563000
-0.650000
-0.699000
-0.476000
-0.170000
5.40000E-02
0.238000
0.214000
4.90000E-02
-0.233000
-0.534000
-0.786000
-1.02400
-1.20900
-1.19000
-0.952000
-0.563000
-3.80000E-02
0.476000
0.904000
1.30700
1.47700
1.36500
1.03500
0.588000
0.190000
-6.80000E-02
-0.349000
-0.539000
-0.655000
-0.767000
-0.986000
-1.26200
-1.41800
-1.45700
-1.47600
-1.36900
-1.17000
-0.830000
-0.364000
0.326000
1.32600
2.46300
3.22500
2.88500
1.55500
5.00000E-03
-1.27200
-2.10300
-2.51100
-2.43800
-2.16100
-1.65100
-0.971000
-0.262000
0.389000
0.918000
1.19000
1.10300
0.875000
0.617000
0.282000
0.
-0.213000
-0.242000
-0.140000
-4.00000E-03
-2.90000E-02
1.50000E-02
0.175000
0.272000
0.316000
0.413000
0.549000
0.666000
0.676000
0.554000
0.292000
-4.80000E-02
-0.427000
-0.777000
-1.02400
-1.07800
-0.952000
-0.592000
-2.40000E-02
0.666000
1.60300
2.50200
3.16700
3.34700
3.03600
2.32700
1.43800
0.462000
-0.534000
-1.49600
-2.23400
-2.86000
-3.12300
-3.04500
-2.66100
-2.11700
-1.31100
-0.223000
1.25400
3.04600
4.22100
4.76500
4.67800
4.08000
2.92400
1.37000
-0.170000
-1.44700
-2.45700
-2.89000
-3.15700
-3.14200
-3.00600
-2.94300
-2.64200
-2.17600
-1.39800
-0.427000
0.792000
2.12800
3.33700
4.22100
4.41100
3.28400
1.46700
-0.106000
-1.11200
-1.80200
-2.28700
-2.22400
-2.08300
-1.73800
-1.01000
-0.505000
-0.208000
-6.80000E-02
-0.218000
-0.412000
-0.393000
-7.20000E-02
0.350000
0.763000
0.894000
0.821000
0.452000
-0.155000
-0.646000
-0.927000
-0.932000
-1.00000
-0.947000
-0.626000
-4.00000E-03
0.617000
1.25800
1.68100
1.76400
1.31200
0.525000
-0.194000
-0.825000
-1.14100
-1.13100
-1.01500
-0.990000
-0.845000
-0.602000
-0.315000
-0.131000
-5.30000E-02
-7.20000E-02
-0.160000
-0.136000
1.00000E-02
2.00000E-02
-0.106000
-0.228000
-0.140000
1.02000E-01
0.442000
0.952000
1.52600
1.99200
1.73900
1.00100
0.122000
-0.675000
-1.16000
-1.40300
-1.53900
-1.72900
-1.64100
-1.32100
-0.947000
-0.592000
-0.257000
2.00000E-02
0.234000
0.525000
0.938000
1.42400
1.89000
2.01600
1.61300
0.889000
7.80000E-02
-0.684000
-1.32100
-1.85500
-2.13700
-2.21900
-1.99600
-1.55900
-0.990000
-0.349000
0.263000
0.938000
1.60800
2.33700
2.90500
3.01200
2.45800
1.49600
0.428000
-0.412000
-1.12200
-1.78200
-2.14200
-2.54000
-2.61800
-2.56400
-2.47200
-2.21400
-1.72400
-1.18000
-0.592000
0.238000
1.27800
2.23500
2.79800
2.98300
2.92900
2.68100
2.07400
1.21000
0.370000
-0.446000
-1.10700
-1.61200
-1.95200
-2.26800
-2.49600
-2.58400
-2.49100
-2.37000
-1.96200
-1.45700
-0.806000
2.50000E-02
0.996000
2.15200
3.21600
3.79900
3.88600
3.53600
2.67200
1.56000
0.384000
-0.694000
-1.57800
-2.15600
-2.41800
-2.43300
-2.06900
-1.50000
-0.874000
-0.335000
5.90000E-02
0.370000
0.680000
0.972000
1.21000
1.42800
1.56900
1.60300
1.43800
1.20500
0.884000
0.578000
0.190000
-0.325000
-0.772000
-1.18500
-1.49600
-1.51500
-1.30600
-1.05800
-0.782000
-0.199000
0.598000
1.45300
2.23500
2.86600
3.10900
2.86100
2.01100
0.802000
-0.403000
-1.50000
-2.43800
-2.91400
-3.33200
-3.51100
-3.37500
-2.84600
-2.21000
-1.27700
-4.00000E-03
1.39400
2.81300
3.67200
3.84700
3.50700
2.72500
1.81200
0.967000
0.175000
-0.641000
-1.27200
-1.49600
-1.81600
-2.12700
-2.36000
-2.46200
-2.22400
-1.88900
-1.42800
-0.854000
-9.20000E-02
0.763000
1.58400
2.14200
2.50200
2.51100
1.97700
1.20500
0.549000
0.146000
-9.20000E-02
-0.422000
-0.403000
-0.408000
-0.252000
-0.301000
-0.408000
-0.514000
-0.694000
-0.888000
-1.08300
-1.18500
-1.09700
-0.757000
-0.155000
0.530000
1.25400
1.77300
1.84100
1.51100
1.02000
0.447000
-0.131000
-0.612000
-0.748000
-0.519000
-0.179000
5.90000E-02
0.175000
9.80000E-02
-0.194000
-0.689000
-1.18000
-1.53000
-1.59800
-1.34500
-1.01000
-0.563000
5.00000E-03
0.574000
0.962000
1.04500
0.782000
0.370000
1.50000E-02
-0.242000
-0.340000
-0.204000
-1.40000E-02
6.40000E-02
5.90000E-02
-3.80000E-02
-0.213000
-0.485000
-0.845000
-1.23800
-1.50000
-1.56800
-1.53900
-1.34000
-0.937000
-0.388000
0.195000
0.744000
1.15200
1.28800
1.12200
0.695000
0.175000
-0.238000
-0.558000
-0.752000
-0.840000
-0.859000
-0.665000
-0.194000
0.399000
0.952000
1.19500
1.01600
0.530000
-3.40000E-02
-0.578000
-0.990000
-1.20400
-1.27200
-1.16000
-0.825000
-0.422000
-5.30000E-02
0.136000
0.287000
0.496000
0.768000
1.07900
1.32600
1.48200
1.58900
1.55500
1.32200
0.797000
3.00000E-02
-0.884000
-1.68500
-2.18000
-2.35500
-2.22400
-1.76800
-0.976000
1.00000E-02
1.10300
2.23000
2.82700
2.57500
1.65700
0.680000
-2.90000E-02
-0.558000
-0.777000
-0.539000
-0.199000
0.399000
1.06900
1.53500
1.63200
1.28300
0.685000
4.90000E-02
-0.485000
-0.956000
-1.26700
-1.39800
-1.35000
-1.17500
-0.820000
-0.296000
0.379000
1.10300
1.74900
2.17600
2.33700
2.09900
1.63700
1.05400
0.428000
-5.80000E-02
-0.446000
-0.680000
-0.864000
-0.971000
-0.927000
-0.728000
-0.456000
-0.194000
-2.90000E-02
-1.90000E-02
-0.111000
-0.189000
-0.150000
-5.30000E-02
1.50000E-02
0.127000
0.292000
0.506000
0.646000
0.569000
0.292000
-9.70000E-02
-0.510000
-0.704000
-0.568000
-0.140000
0.268000
0.627000
0.831000
0.855000
0.729000
0.501000
0.161000
-0.262000
-0.791000
-1.27700
-1.64600
-1.83100
-1.84500
-1.49600
-0.918000
-0.155000
0.734000
1.86100
2.90500
3.89600
3.27400
1.73000
0.175000
-1.19400
-2.57900
-3.36600
-3.58400
-3.80700
-3.64200
-3.04000
-2.10800
-0.714000
1.15600
3.57000
5.77500
5.31400
4.00300
2.54500
1.14200
-4.30000E-02
-0.927000
-1.54900
-2.05400
-2.32600
-2.61300
-2.72000
-2.77800
-2.63700
-2.15100
-1.48600
-0.675000
0.331000
1.47700
2.58400
3.45400
3.52200
2.89000
1.79800
0.753000
3.40000E-02
-0.446000
-0.680000
-0.675000
-0.558000
-0.383000
-0.140000
-5.80000E-02
-0.126000
-0.223000
-0.325000
-0.442000
-0.578000
-0.684000
-0.728000
-0.806000
-0.777000
-0.427000
0.112000
0.651000
1.06400
1.34600
1.67100
1.92400
1.87500
1.56400
1.07900
0.559000
0.224000
-0.126000
-0.636000
-1.02900
-1.31100
-1.55900
-1.74300
-1.96700
-2.02500
-1.73800
-1.22400
-0.636000
0.127000
1.13200
2.12300
2.74900
2.77900
2.27400
1.54000
0.787000
0.248000
-5.30000E-02
-0.276000
-0.495000
-0.636000
-0.937000
-1.06300
-1.05400
-1.05400
-1.19900
-1.30100
-1.19400
-0.908000
-0.592000
-0.150000
0.326000
0.870000
1.37000
1.75900
1.97200
2.12800
2.13300
1.84600
1.24900
0.331000
-0.612000
-1.32600
-1.76300
-2.01000
-2.21000
-2.07400
-1.77200
-1.49600
-1.36000
-1.27200
-1.10200
-0.811000
-0.529000
-0.199000
0.136000
0.583000
1.18100
1.86100
2.71100
3.25000
3.00700
1.89500
0.442000
-0.893000
-1.86500
-2.59800
-2.95800
-3.28300
-3.34100
-3.27300
-3.11800
-2.76300
-2.17100
-1.33500
-0.442000
0.476000
1.28300
1.90400
2.37100
2.66700
2.57500
2.14700
1.52600
0.836000
0.175000
-0.291000
-0.767000
-1.10200
-1.31600
-1.31100
-1.37900
-1.55400
-1.69000
-1.73800
-1.70400
-1.66600
-1.54900
-1.37400
-1.08300
-0.505000
0.282000
1.26800
2.43400
3.73500
4.41100
4.44900
3.35200
1.50600
-0.349000
-1.70400
-2.63700
-3.17100
-3.26800
-3.32200
-2.90400
-2.18500
-1.20400
-0.267000
0.418000
1.00600
1.05400
0.826000
0.661000
0.661000
0.685000
0.685000
0.802000
1.14200
1.42400
1.57400
1.34100
0.972000
0.457000
-5.30000E-02
-0.500000
-0.918000
-1.23300
-1.45700
-1.46600
-1.17500
-0.655000
-7.20000E-02
0.336000
0.680000
0.933000
1.03000
1.01100
1.00100
0.909000
0.646000
0.399000
0.316000
0.438000
0.544000
0.569000
0.651000
0.821000
0.889000
0.734000
0.321000
-0.155000
-0.592000
-0.947000
-1.29600
-1.46600
-1.21900
-0.743000
-0.126000
0.544000
1.48700
2.40000
2.80300
2.52100
1.90000
1.16600
0.467000
-0.223000
-0.903000
-1.21400
-1.45200
-1.43200
-1.11700
-0.704000
-0.310000
0.238000
0.880000
1.33100
1.19000
0.627000
1.50000E-02
-0.471000
-0.854000
-1.12600
-1.01000
-0.471000
0.229000
0.909000
1.41400
1.61300
1.61300
1.42800
1.03500
0.608000
0.243000
-4.00000E-03
-0.199000
-0.369000
-0.548000
-0.738000
-0.942000
-1.18000
-1.43200
-1.68500
-1.84000
-1.85000
-1.65100
-1.30100
-0.874000
-0.340000
0.234000
0.904000
1.68600
2.37500
2.74000
2.54500
1.99200
1.36000
0.821000
0.229000
-0.480000
-1.20900
-1.66600
-1.93300
-2.25300
-2.64200
-2.92400
-2.96200
-2.66600
-2.00600
-1.07300
5.90000E-02
1.35600
2.52600
3.30300
3.44400
3.32700
2.74900
1.78300
0.748000
-1.02000E-01
-0.874000
-1.54400
-1.95200
-2.41800
-2.44300
-2.22900
-1.84500
-1.12600
-0.272000
0.559000
1.20500
1.44300
1.35600
1.22400
1.11300
1.05000
1.03000
0.982000
0.899000
0.617000
5.00000E-03
-0.665000
-1.24800
-1.83600
-2.25300
-2.48600
-2.34600
-1.86000
-0.830000
0.525000
2.01600
3.26400
3.92000
3.87600
2.54100
0.826000
-0.733000
-1.90800
-2.85100
-3.32200
-3.47700
-3.37000
-2.88500
-2.05900
-0.986000
0.161000
0.986000
1.37000
1.36000
1.43800
1.55000
1.43300
1.18100
0.744000
0.190000
-0.208000
-0.485000
-0.777000
-0.961000
-1.12200
-1.02000
-0.558000
0.219000
0.967000
1.30200
1.14700
0.739000
0.311000
-5.30000E-02
-0.393000
-0.582000
-0.621000
-0.650000
-0.680000
-0.670000
-0.466000
-0.306000
-0.131000
5.00000E-03
5.90000E-02
4.90000E-02
0.127000
0.389000
0.812000
1.43300
2.08400
2.41400
2.29800
1.74900
0.914000
5.40000E-02
-0.665000
-1.27700
-1.83100
-2.19500
-2.49100
-2.63200
-2.68100
-2.51600
-1.95700
-1.18000
-0.412000
0.447000
1.43800
2.31200
2.99200
3.29800
3.06500
2.22000
1.04000
-3.40000E-02
-0.796000
-1.31100
-1.70000
-1.99600
-2.18000
-2.09300
-1.83600
-1.50500
-1.15100
-0.612000
-4.80000E-02
0.438000
1.09300
1.73400
2.19100
2.29800
1.91400
1.16600
0.306000
-0.325000
-0.714000
-1.00500
-1.23800
-1.46600
-1.36900
-1.20900
-1.02400
-0.723000
-0.364000
6.40000E-02
0.554000
1.06900
1.39900
1.35600
1.02500
0.608000
0.200000
-0.179000
-0.573000
-0.845000
-0.947000
-1.00000
-1.02400
-0.947000
-0.772000
-0.607000
-0.446000
-0.262000
-0.184000
-0.165000
-0.150000
-2.40000E-02
0.175000
0.486000
0.884000
1.37000
1.79300
1.88500
1.59800
0.986000
0.282000
-0.432000
-1.12600
-1.68500
-1.99100
-2.15100
-2.08300
-1.72400
-1.26200
-0.806000
-0.272000
0.282000
0.792000
1.23900
1.61800
1.91900
2.07400
2.02100
1.75900
1.34100
0.846000
0.316000
-0.247000
-0.874000
-1.48600
-1.99100
-2.22400
-2.12700
-1.92800
-1.53000
-0.733000
0.316000
1.45300
2.41900
2.88500
2.50200
1.62800
0.695000
-9.00000E-03
-0.616000
-1.08800
-1.14600
-1.02900
-0.626000
8.30000E-02
0.996000
1.83200
2.30800
2.27400
1.89500
1.33600
0.714000
8.30000E-02
-0.548000
-1.10700
-1.55900
-1.87400
-1.86500
-1.65600
-1.23800
-0.650000
8.30000E-02
0.836000
1.48700
1.95300
2.12800
2.00600
1.68600
1.22000
0.680000
0.117000
-0.398000
-0.835000
-1.22400
-1.40800
-1.49100
-1.45200
-1.33500
-1.22800
-0.913000
-0.388000
0.161000
0.627000
0.943000
1.07900
1.05000
0.943000
0.700000
0.263000
-0.286000
-0.888000
-1.27700
-1.46200
-1.52000
-1.34000
-0.947000
-0.514000
-7.20000E-02
0.316000
0.651000
0.719000
0.486000
6.80000E-02
-0.359000
-0.612000
-0.621000
-0.578000
-0.529000
-0.446000
-0.204000
4.90000E-02
0.258000
0.394000
0.311000
0.132000
-9.00000E-03
-5.80000E-02
-9.00000E-03
8.80000E-02
0.238000
0.433000
0.632000
0.714000
0.506000
4.90000E-02
-0.480000
-1.00500
-1.40300
-1.68500
-1.75800
-1.42800
-0.816000
0.161000
1.50100
2.95800
3.85700
3.62900
2.31200
0.778000
-0.582000
-1.53000
-2.18000
-2.29700
-2.09300
-1.65600
-0.995000
-0.194000
0.457000
0.880000
1.07900
1.09300
0.967000
0.710000
0.253000
-0.179000
-0.476000
-0.675000
-0.675000
-0.403000
-9.00000E-03
0.350000
0.719000
0.952000
0.991000
0.957000
0.855000
0.510000
0.122000
-0.189000
-0.582000
-0.854000
-0.947000
-0.714000
-0.354000
7.30000E-02
0.617000
1.20500
1.63200
1.59400
1.09300
0.277000
-0.612000
-1.36400
-1.84000
-1.92300
-1.75800
-1.17500
-0.301000
0.646000
1.44300
1.90000
1.94300
1.73000
1.50600
1.31200
1.20000
1.13700
0.977000
0.574000
5.90000E-02
-0.582000
-1.11200
-1.52000
-1.84000
-2.10300
-2.31600
-2.39400
-2.24400
-1.82600
-1.05800
-4.30000E-02
1.11300
2.57900
3.92000
4.65300
4.32300
3.14800
1.83600
0.515000
-0.636000
-1.71400
-2.66600
-3.06000
-3.42900
-3.71500
-3.79300
-3.64700
-3.27300
-2.55000
-1.43200
-4.80000E-02
1.53500
3.16700
4.06100
4.21100
3.67700
2.63800
1.35600
9.30000E-02
-0.816000
-1.57300
-1.93800
-2.10800
-2.17100
-1.87000
-1.42800
-0.971000
-0.548000
-0.310000
-0.126000
4.90000E-02
0.180000
0.292000
0.462000
0.564000
0.680000
0.778000
0.865000
0.792000
0.763000
0.617000
0.316000
-9.00000E-03
-0.194000
-0.301000
-0.417000
-0.359000
-0.218000
-1.90000E-02
0.292000
0.690000
0.836000
0.700000
0.248000
-0.272000
-0.743000
-1.11200
-1.51000
-1.72900
-1.74800
-1.61200
-1.45200
-1.15100
-0.325000
0.792000
2.00600
2.89000
3.18200
2.62300
1.64200
0.646000
-9.20000E-02
-0.772000
-1.30600
-1.40800
-1.57300
-1.50500
-1.08800
-0.544000
-8.20000E-02
0.219000
0.501000
0.782000
0.991000
1.10300
1.11300
0.977000
0.739000
0.394000
8.80000E-02
-0.160000
-0.548000
-0.981000
-1.13600
-1.08800
-1.04400
-0.859000
-0.412000
0.214000
0.952000
1.73000
2.03100
1.67600
1.07400
0.472000
4.40000E-02
-0.174000
-0.272000
-9.70000E-02
0.107000
0.268000
0.258000
-9.20000E-02
-0.874000
-1.66100
-2.23400
-2.56400
-2.70500
-2.52000
-1.79200
-0.548000
1.06900
3.05100
4.10900
3.84700
2.57900
1.32600
0.258000
-0.548000
-1.15600
-1.66100
-1.72400
-1.80200
-1.79200
-1.60700
-1.37400
-1.19900
-1.01000
-0.777000
-0.442000
0.141000
0.938000
1.67600
1.93400
1.58400
0.836000
-5.80000E-02
-0.918000
-1.31600
-1.45200
-1.30100
-1.06800
-0.485000
0.263000
0.870000
1.39400
1.51100
1.29200
0.875000
0.379000
-0.165000
-0.699000
-1.07300
-1.35500
-1.63200
-1.78700
-1.88900
-1.75800
-1.27200
-0.403000
0.666000
1.86100
2.87600
3.20600
2.61300
1.45300
0.185000
-0.825000
-1.62700
-2.12200
-2.11700
-1.81600
-1.25300
-0.616000
0.141000
0.957000
1.61300
1.88500
1.69100
1.26300
0.763000
0.384000
8.30000E-02
-0.140000
-0.301000
-0.427000
-0.456000
-0.476000
-0.558000
-0.714000
-0.830000
-0.903000
-1.08800
-0.961000
-0.456000
0.229000
1.19000
2.07400
2.58400
2.61300
2.15200
1.35600
0.428000
-0.364000
-0.830000
-1.04900
-0.942000
-0.825000
-0.670000
-0.403000
2.50000E-02
0.442000
0.778000
0.914000
0.894000
0.826000
0.705000
0.510000
0.253000
-1.90000E-02
-0.335000
-0.607000
-0.718000
-0.704000
-0.612000
-0.364000
1.02000E-01
0.646000
1.16600
1.48700
1.66200
1.67600
1.59800
1.47200
1.27800
1.02000
0.632000
0.214000
-0.165000
-0.558000
-0.888000
-1.20900
-1.54900
-1.92300
-2.11700
-2.11200
-1.83100
-1.27700
-0.680000
5.90000E-02
0.836000
1.52600
2.08400
2.49700
2.60900
2.20100
1.56000
0.782000
9.80000E-02
-0.684000
-1.43200
-1.87400
-2.15100
-2.13700
-1.90800
-1.67000
-1.40800
-1.23300
-1.13600
-1.00000
-0.704000
-0.286000
9.80000E-02
0.525000
1.06400
1.66200
2.45300
3.46300
2.38500
0.520000
-0.718000
-1.89400
-2.69000
-3.23900
-3.25900
-3.29800
-2.95800
-2.15600
-1.06800
0.404000
2.42900
4.08500
4.47400
3.47800
1.97200
0.418000
-0.845000
-1.75300
-2.36000
-2.57900
-2.54000
-2.55000
-2.40400
-1.87900
-1.11700
-0.242000
0.666000
1.58900
2.40500
2.96800
3.03100
2.47700
1.79800
1.07900
0.277000
-0.607000
-1.30600
-1.63200
-1.82600
-1.97200
-1.65100
-1.06300
-0.480000
0.141000
0.821000
1.30700
1.69100
1.74900
1.52600
1.23400
0.943000
0.627000
0.277000
-4.00000E-03
-9.70000E-02
-7.70000E-02
-7.20000E-02
-0.179000
-0.403000
-0.529000
-0.592000
-0.612000
-0.422000
-8.20000E-02
0.394000
1.07400
1.69600
2.26900
2.47700
2.12300
1.38000
0.428000
-0.437000
-1.16000
-1.92800
-2.36500
-2.50600
-2.32100
-1.90800
-1.34000
-0.505000
0.739000
2.05500
3.25900
3.92000
4.02200
3.23500
1.79800
0.224000
-1.07300
-2.01500
-2.65600
-2.76800
-3.00100
-2.99600
-2.83600
-2.45200
-1.59300
-0.694000
6.80000E-02
0.656000
1.22400
1.75900
2.23500
2.39000
2.07400
1.42400
0.744000
0.112000
-0.393000
-0.777000
-1.10700
-1.47600
-1.87900
-2.03500
-2.22900
-2.36000
-2.40400
-2.18500
-1.64100
-0.854000
8.30000E-02
1.04500
1.87500
2.24900
2.02600
1.45300
0.768000
0.253000
-9.20000E-02
-0.500000
-0.811000
-0.898000
-1.01000
-0.845000
-0.612000
-0.427000
-0.403000
-0.539000
-0.728000
-0.927000
-1.18500
-1.32100
-1.27200
-1.02000
-0.480000
0.413000
1.59800
2.84700
3.82800
3.69200
2.40000
0.748000
-0.743000
-1.87400
-2.59800
-2.89900
-3.02100
-2.95300
-2.60300
-2.00600
-1.06300
7.30000E-02
1.19000
2.30800
3.20600
3.43900
2.96300
1.97200
0.841000
-6.80000E-02
-0.801000
-1.48100
-1.77200
-2.04400
-1.86500
-1.37400
-0.884000
-0.480000
-2.40000E-02
0.442000
1.04000
1.73000
2.16200
2.25900
1.98700
1.44300
0.826000
0.292000
-0.296000
-0.845000
-1.20400
-1.41300
-1.44700
-1.33500
-1.16000
-0.752000
-0.174000
0.326000
0.680000
0.816000
0.952000
1.03500
1.13200
1.21000
1.18600
1.13700
1.08800
1.02000
0.943000
0.802000
0.452000
-4.00000E-03
-0.578000
-1.09200
-1.49600
-1.77700
-1.82600
-1.56400
-1.23800
-0.820000
-0.160000
0.758000
1.89500
2.96300
3.58500
3.25000
2.15200
0.914000
-0.111000
-0.922000
-1.50500
-1.60200
-1.51500
-1.29600
-0.971000
-0.471000
0.122000
0.642000
1.01600
1.21500
1.05000
0.608000
-3.40000E-02
-0.675000
-1.06300
-1.12600
-0.767000
-8.20000E-02
0.593000
1.26300
1.87000
1.94800
1.53000
0.773000
3.00000E-02
-0.650000
-1.20400
-1.65100
-1.83600
-1.87900
-1.87000
-1.78200
-1.52000
-1.08300
-0.510000
9.80000E-02
0.719000
1.24400
1.58900
1.71500
1.56000
1.16100
0.680000
0.170000
-0.301000
-0.743000
-1.10200
-1.39400
-1.66600
-1.69500
-1.54900
-1.32600
-1.10700
-0.859000
-0.621000
-0.296000
2.50000E-02
0.316000
0.685000
1.09300
1.32200
1.20500
0.768000
0.185000
-0.325000
-0.772000
-1.19900
-1.50000
-1.69000
-1.69500
-1.42300
-0.738000
0.340000
1.59400
2.66700
2.84200
1.97200
0.758000
-0.378000
-1.31100
-1.94200
-2.14200
-1.94700
-1.79700
-1.32600
-0.728000
3.00000E-02
0.758000
1.40900
1.94800
2.25400
2.31700
2.06500
1.44800
0.651000
-9.70000E-02
-0.718000
-0.903000
-0.884000
-0.772000
-0.636000
-0.480000
-0.374000
-0.315000
-0.310000
-0.233000
-0.121000
-4.00000E-03
0.200000
0.549000
0.982000
1.43800
1.78800
2.06500
2.24000
2.11300
1.85100
1.26800
0.559000
-0.126000
-0.816000
-1.35000
-1.81600
-2.28700
-2.57900
-2.61800
-2.48200
-1.94700
-1.22400
-0.330000
0.612000
1.58400
2.66700
3.56100
3.83300
3.21100
2.10400
0.816000
-0.349000
-1.25800
-1.97200
-2.18500
-2.32600
-2.21000
-1.88900
-1.39800
-0.893000
-0.340000
6.80000E-02
0.287000
0.540000
0.938000
1.35100
1.59400
1.47700
1.08400
0.472000
-0.136000
-0.767000
-1.17000
-1.39400
-1.61700
-1.34000
-0.388000
0.846000
2.10400
3.11900
2.61300
1.11300
-0.296000
-1.28200
-1.94200
-2.45700
-2.49100
-2.17100
-1.62700
-0.748000
0.355000
1.30200
1.79800
1.82700
1.68600
1.48700
1.29200
1.07400
0.656000
0.136000
-0.310000
-0.767000
-1.17500
-1.35000
-1.22800
-0.937000
-0.660000
-0.369000
-5.80000E-02
0.166000
0.151000
6.40000E-02
4.40000E-02
5.40000E-02
5.40000E-02
3.90000E-02
0.127000
0.486000
0.860000
0.986000
0.802000
0.540000
0.423000
0.399000
0.311000
0.272000
0.374000
0.549000
0.540000
0.408000
7.80000E-02
-0.344000
-0.767000
-1.02900
-1.11700
-1.09200
-1.00500
-1.00000
-0.990000
-0.874000
-0.738000
-0.534000
-0.194000
0.316000
1.19000
2.31200
3.11900
3.24500
2.91500
2.26900
1.50100
0.714000
-6.30000E-02
-0.884000
-1.67000
-2.16600
-2.74900
-3.03000
-3.20000
-3.23900
-3.12300
-2.68100
-1.96700
-1.10700
1.00000E-02
1.40900
2.68100
3.33200
3.41000
3.04600
2.38000
1.70000
1.00100
0.394000
-4.30000E-02
-0.364000
-0.519000
-0.840000
-1.25800
-1.54400
-1.93300
-2.21400
-2.30700
-2.31600
-2.17100
-1.81600
-1.21400
-0.456000
0.438000
1.45800
2.56000
3.26900
3.49300
3.29300
2.56000
1.53000
0.408000
-0.607000
-1.27200
-1.76300
-2.05900
-2.64200
-2.84600
-2.73900
-2.48600
-2.07400
-1.43200
-0.539000
0.530000
1.64700
2.66200
2.96300
2.44800
1.58900
0.724000
8.30000E-02
-0.471000
-1.01500
-1.37900
-1.70900
-1.94200
-1.95700
-1.90800
-1.70400
-1.41800
-0.913000
-4.80000E-02
0.933000
2.00600
2.84200
3.02600
2.46800
1.43300
0.321000
-0.544000
-1.10200
-1.41300
-1.33500
-1.35500
-1.29200
-1.16000
-0.893000
-0.670000
-0.607000
-0.548000
-0.267000
8.80000E-02
0.277000
0.496000
0.914000
1.34100
1.66200
1.83200
1.95800
2.03100
1.89500
1.54500
0.952000
0.277000
-0.437000
-1.10200
-1.64600
-2.10300
-2.35500
-2.32100
-1.97200
-1.34000
-0.500000
0.442000
1.28300
1.82200
1.98200
1.80700
1.58900
1.31200
1.01600
0.812000
0.695000
0.384000
5.90000E-02
-0.291000
-0.437000
-0.636000
-0.927000
-1.10700
-1.20900
-1.30100
-1.31100
-1.13600
-0.869000
-0.519000
0.122000
1.06900
2.24400
3.25900
3.36100
2.59400
1.28300
2.50000E-02
-1.14100
-2.15100
-2.81700
-2.96200
-2.99200
-2.67100
-2.37000
-1.76300
-0.869000
0.209000
1.60800
2.94900
3.57500
3.18700
2.08900
0.782000
-0.412000
-1.33000
-1.98600
-2.15600
-1.94200
-1.64100
-1.11200
-0.480000
8.30000E-02
0.447000
0.360000
0.117000
-8.70000E-02
-0.320000
-0.437000
-0.514000
-0.597000
-0.762000
-0.806000
-0.670000
-0.476000
-0.262000
3.90000E-02
0.404000
0.666000
0.831000
0.943000
0.972000
0.836000
0.612000
0.355000
5.00000E-03
-0.442000
-0.908000
-1.28200
-1.57300
-1.71900
-1.61700
-1.36400
-1.09700
-0.597000
8.30000E-02
0.753000
1.21500
1.43800
1.51600
1.50600
1.39400
1.11300
0.690000
0.166000
-0.408000
-0.922000
-1.23300
-1.31100
-1.08300
-0.539000
0.112000
0.729000
1.26300
1.51600
1.34100
1.05900
0.782000
0.438000
4.40000E-02
-0.364000
-0.772000
-1.08800
-1.13600
-1.19000
-0.947000
-0.238000
0.710000
1.71500
2.46300
2.76900
2.56500
1.85100
1.09800
0.418000
-0.267000
-0.830000
-1.06800
-1.24300
-1.19400
-1.06300
-0.786000
-0.383000
-2.40000E-02
0.175000
0.428000
0.642000
0.938000
1.44800
2.04500
2.44300
2.27400
1.53500
0.632000
-0.189000
-0.806000
-1.12600
-1.20900
-1.29600
-1.11700
-0.718000
-0.184000
0.214000
0.457000
0.365000
0.151000
-2.40000E-02
-0.150000
-0.218000
-0.199000
-4.30000E-02
0.156000
0.433000
0.812000
1.14700
1.35100
1.34100
0.952000
0.321000
-0.349000
-1.02400
-1.49100
-1.72900
-1.73800
-1.53400
-1.11700
-0.471000
0.185000
0.763000
1.10300
1.14700
0.860000
0.331000
-0.213000
-0.723000
-1.08300
-1.20900
-1.13600
-0.806000
-0.330000
0.156000
0.496000
0.554000
0.457000
0.336000
0.292000
0.554000
1.09800
1.65200
1.85600
1.57900
0.889000
-8.20000E-02
-1.14100
-1.98600
-2.66100
-3.05000
-3.34600
-3.40400
-3.06400
-2.48200
-1.50000
-0.310000
0.977000
2.34100
3.35200
3.52700
3.07500
2.22000
1.31700
0.544000
-6.80000E-02
-0.718000
-1.17500
-1.47600
-1.90800
-2.08300
-2.09800
-2.08800
-1.86500
-1.42800
-0.922000
-0.383000
0.141000
0.642000
1.05000
1.27300
1.21500
1.04000
0.768000
0.365000
2.50000E-02
-0.213000
-0.320000
-0.310000
-5.30000E-02
0.302000
0.646000
0.996000
1.30700
1.41900
1.22400
0.923000
0.540000
0.166000
-0.126000
-0.514000
-0.981000
-1.43700
-1.81600
-2.02000
-2.02000
-1.67500
-0.966000
-3.40000E-02
1.27300
3.01200
4.35200
5.04200
4.18700
2.22000
0.588000
-0.485000
-1.15100
-1.59300
-1.55400
-1.42800
-1.19900
-0.947000
-0.704000
-0.709000
-0.830000
-0.801000
-0.621000
-0.340000
-4.00000E-03
0.530000
1.31700
2.15200
2.77900
3.10900
2.61300
1.70000
0.656000
-0.315000
-1.20900
-1.85000
-2.06400
-2.25300
-2.02000
-1.79700
-1.33500
-0.752000
-0.140000
0.481000
1.09800
1.57400
1.83600
1.79800
1.54000
0.918000
0.112000
-0.684000
-1.28200
-1.54400
-1.55900
-1.33500
-1.07300
-0.704000
-0.364000
-9.70000E-02
0.127000
0.311000
0.438000
0.355000
0.122000
-0.170000
-0.340000
-0.330000
-0.165000
6.80000E-02
0.311000
0.554000
0.574000
0.442000
0.248000
2.00000E-02
-0.174000
-0.388000
-0.442000
-0.442000
-0.500000
-0.728000
-1.04400
-1.24300
-1.24800
-1.18500
-0.966000
-0.539000
6.40000E-02
0.758000
1.37500
1.76800
1.90400
1.73000
1.07900
0.107000
-0.762000
-1.29600
-1.63600
-1.70400
-1.33000
-0.631000
0.263000
1.14200
1.58400
1.47200
0.938000
0.209000
-0.456000
-1.00000
-1.35000
-1.46200
-1.52000
-1.23300
-0.704000
-2.40000E-02
0.710000
1.60300
2.83700
4.10500
4.18200
2.77400
1.14700
-0.412000
-1.63200
-2.55400
-3.12300
-3.37000
-3.43800
-3.22000
-2.79200
-2.15600
-1.03900
0.423000
2.00600
3.78400
5.29900
5.67300
3.85200
1.97200
0.467000
-0.728000
-1.76300
-2.54000
-2.63700
-2.73900
-2.72900
-2.62200
-2.28200
-1.68500
-1.08300
-0.558000
-0.179000
0.200000
0.758000
1.39000
2.01600
2.42400
2.61300
2.37500
2.07400
1.46700
0.826000
0.146000
-0.563000
-1.14100
-1.51000
-1.92800
-2.19500
-2.32600
-2.30200
-1.92300
-1.25800
-0.519000
0.185000
0.821000
1.31700
1.52100
1.41900
1.18600
0.894000
0.608000
0.476000
0.452000
0.442000
0.408000
0.175000
-0.155000
-0.514000
-0.680000
-0.694000
-0.519000
-0.223000
9.80000E-02
0.428000
0.729000
0.865000
1.00600
1.06400
0.938000
0.506000
-4.30000E-02
-0.660000
-1.30100
-1.86000
-2.17100
-2.35000
-2.20500
-1.74800
-1.10700
-0.252000
1.02000
2.74900
4.53200
6.01800
4.31300
2.23500
0.486000
-0.854000
-1.98600
-2.94800
-3.25900
-3.40000
-3.31200
-3.08900
-2.80700
-2.41400
-1.62700
-0.723000
0.234000
1.24400
2.06000
2.49700
2.46800
2.22500
1.93800
1.65200
1.17600
0.710000
0.253000
-0.286000
-0.733000
-1.21900
-1.71900
-2.06900
-2.29200
-2.25800
-1.87900
-1.20900
-0.466000
0.404000
1.56000
2.49700
2.53100
2.00200
1.18600
0.316000
-0.354000
-0.820000
-1.04400
-0.825000
-0.505000
-0.106000
0.253000
0.510000
0.549000
0.268000
-1.40000E-02
-0.291000
-0.650000
-0.796000
-0.840000
-0.791000
-0.578000
-0.150000
0.423000
1.08800
1.64200
1.82700
1.69600
1.09300
0.340000
-0.194000
-0.490000
-0.767000
-1.06800
-1.26700
-1.30600
-1.33500
-1.26700
-1.06800
-0.573000
0.107000
0.666000
1.00600
0.957000
0.812000
0.564000
0.185000
-4.30000E-02
-0.116000
-8.70000E-02
-5.30000E-02
-8.20000E-02
-0.233000
-0.359000
-0.340000
-0.233000
-6.80000E-02
1.02000E-01
0.306000
0.506000
0.617000
0.598000
0.408000
9.80000E-02
-0.247000
-0.587000
-0.850000
-1.07300
-1.16500
-1.15600
-1.10200
-0.927000
-0.655000
-0.412000
-0.189000
0.132000
0.642000
1.27800
1.73400
1.75400
1.31700
0.646000
-2.90000E-02
-0.602000
-0.952000
-1.16500
-1.30600
-1.40300
-1.28700
-0.986000
-0.495000
4.90000E-02
0.457000
0.525000
0.399000
0.277000
0.209000
0.229000
0.408000
0.680000
0.826000
0.938000
0.933000
0.802000
0.559000
0.248000
-0.174000
-0.582000
-0.709000
-0.514000
-0.189000
0.214000
0.680000
0.991000
0.991000
0.661000
8.80000E-02
-0.578000
-0.966000
-0.986000
-0.850000
-0.548000
-4.80000E-02
0.510000
1.18100
1.78300
2.42900
3.04600
3.32300
3.27400
2.80800
1.78300
0.268000
-1.36400
-2.67600
-3.63300
-4.21500
-4.33200
-4.02600
-3.22000
-1.87900
2.00000E-02
1.69100
2.51600
2.63300
2.38000
1.95800
1.57900
1.27800
1.18600
1.14700
1.16600
1.11800
1.00600
0.802000
0.214000
-0.568000
-1.32100
-1.99100
-2.45700
-2.71500
-2.79200
-2.55000
-2.15600
-1.77700
-1.21900
-0.544000
0.229000
1.00600
1.56900
1.75900
1.73900
1.81200
1.96300
2.06500
1.99200
1.63700
0.705000
-0.174000
-1.00000
-1.66100
-2.17100
-2.46200
-2.66100
-2.61300
-2.46700
-2.03000
-1.36900
-0.544000
0.433000
1.48200
2.33700
2.64300
2.14700
1.20000
0.200000
-0.471000
-0.952000
-1.15600
-0.918000
-0.680000
-0.126000
0.374000
0.802000
1.12200
1.25400
1.14700
0.865000
0.374000
-0.165000
-0.641000
-0.879000
-0.952000
-0.816000
-0.709000
-0.597000
-0.500000
-0.320000
0.
0.272000
0.457000
0.496000
0.554000
0.598000
0.637000
0.603000
0.554000
0.544000
0.544000
0.413000
0.287000
0.229000
0.229000
0.306000
0.321000
0.272000
0.204000
8.30000E-02
-0.160000
-0.568000
-1.00500
-1.34000
-1.51500
-1.55400
-1.47100
-1.31600
-1.05400
-0.641000
0.
0.846000
1.72000
2.31700
2.48200
2.19100
1.57900
0.894000
0.321000
-8.20000E-02
-0.432000
-0.684000
-0.859000
-1.22400
-1.41800
-1.41800
-1.12600
-0.743000
-0.403000
-0.272000
-0.194000
-1.90000E-02
0.243000
0.608000
0.812000
0.685000
0.394000
0.136000
0.
6.80000E-02
0.389000
1.03500
1.79300
2.29800
2.11800
1.39900
0.370000
-0.626000
-1.48100
-2.28700
-2.80200
-3.15700
-3.11800
-2.77800
-2.32600
-1.44200
-0.218000
1.25800
2.80800
3.39100
2.90000
1.95300
0.923000
0.132000
-0.383000
-0.743000
-0.893000
-0.801000
-0.864000
-0.952000
-1.04900
-1.24300
-1.26200
-1.05400
-0.626000
-0.208000
0.200000
0.695000
1.13700
1.41900
1.30700
0.880000
0.224000
-0.451000
-1.04900
-1.50500
-1.76800
-1.80200
-1.49100
-0.908000
2.00000E-02
1.08800
2.23000
2.84200
2.79300
2.24900
1.52100
0.802000
9.80000E-02
-0.733000
-1.62700
-2.16100
-2.71500
-2.97200
-3.03000
-2.91400
-2.54500
-1.92800
-1.00500
8.30000E-02
1.24400
2.29300
2.99200
3.23000
3.10400
2.64700
2.00200
1.34100
0.661000
-2.90000E-02
-0.927000
-1.55900
-2.06900
-2.24400
-2.33100
-2.40900
-2.25300
-1.88900
-1.37400
-0.684000
2.00000E-02
0.612000
1.09800
1.29700
1.31200
1.32600
1.44300
1.53000
1.39900
1.14200
0.899000
0.627000
0.195000
-0.238000
-0.568000
-0.874000
-1.25300
-1.35500
-1.19000
-0.777000
0.
1.02000
2.16200
2.88500
2.76400
1.90900
0.642000
-0.534000
-1.36000
-2.03500
-2.09300
-2.02500
-1.75300
-1.08800
0.214000
1.77800
2.93900
3.06500
2.41400
1.53500
0.758000
0.336000
1.02000E-01
-4.00000E-03
7.30000E-02
8.30000E-02
-0.121000
-0.408000
-0.485000
-0.636000
-0.791000
-0.927000
-1.04900
-1.03400
-0.796000
-0.476000
-0.136000
8.30000E-02
0.316000
0.603000
1.03000
1.31700
1.43800
1.29200
1.07400
0.676000
0.200000
-0.291000
-0.796000
-1.25800
-1.68000
-1.96700
-2.15100
-2.04400
-1.47600
-0.621000
0.297000
1.12700
1.73400
1.92900
1.66600
1.23900
0.661000
0.146000
-0.325000
-0.830000
-1.27200
-1.71400
-1.99600
-1.97200
-1.66100
-1.10200
-0.238000
0.860000
2.05500
2.90500
2.99200
2.41900
1.34100
8.30000E-02
-1.01500
-1.90800
-2.66100
-3.01100
-3.27300
-3.01600
-2.46200
-1.41300
-4.80000E-02
1.60300
3.12800
3.79400
3.83300
3.36600
2.37500
1.18100
3.00000E-02
-1.07800
-1.98100
-2.33600
-2.51600
-2.53500
-2.21900
-1.78200
-1.23300
-0.718000
-0.194000
0.297000
0.899000
1.61800
2.13300
2.31200
2.15700
1.76800
1.28300
0.763000
0.282000
-0.160000
-0.626000
-1.02900
-1.53400
-1.79700
-1.83100
-1.78200
-1.50000
-1.06300
-0.616000
-6.80000E-02
0.506000
1.19000
1.64700
1.77300
1.59800
1.21000
0.642000
0.
-0.495000
-0.675000
-0.480000
-0.344000
-0.189000
-4.80000E-02
-4.30000E-02
-0.233000
-0.446000
-0.519000
-0.568000
-0.529000
-0.422000
-0.437000
-0.573000
-0.534000
-0.228000
6.40000E-02
0.204000
0.238000
0.350000
0.593000
0.763000
0.880000
0.909000
0.671000
0.306000
5.40000E-02
-0.213000
-0.612000
-1.03400
-1.18000
-0.942000
-0.592000
-0.374000
-0.213000
-8.70000E-02
1.50000E-02
1.02000E-01
0.374000
0.763000
1.02000
0.982000
0.710000
0.224000
-0.267000
-0.646000
-0.811000
-0.927000
-0.835000
-0.660000
-0.223000
0.268000
0.821000
1.27800
1.47200
1.39900
1.06900
0.554000
-5.30000E-02
-0.694000
-1.22800
-1.70400
-1.93300
-1.87400
-1.73800
-1.24800
-0.364000
0.656000
1.67600
2.35100
2.56500
2.27400
1.56900
0.656000
-5.30000E-02
-0.626000
-0.937000
-0.961000
-1.25800
-1.40300
-1.28200
-1.08300
-0.825000
-0.578000
-0.233000
0.166000
0.617000
0.865000
0.802000
0.578000
0.326000
0.214000
0.263000
0.530000
0.918000
1.14200
1.23900
1.04000
0.593000
2.00000E-02
-0.704000
-1.35500
-1.89400
-2.25800
-2.38400
-2.33100
-1.93300
-1.34500
-0.636000
0.297000
1.48200
2.74900
3.71100
3.93500
3.43900
2.29300
0.880000
-0.490000
-1.48600
-2.38900
-2.93800
-3.29300
-3.36600
-3.09800
-2.61800
-1.69000
-0.485000
0.904000
2.44300
3.70600
3.98800
3.46300
2.07900
0.569000
-0.456000
-1.09700
-1.66600
-1.87000
-1.76300
-1.35000
-0.786000
-0.194000
0.238000
0.608000
0.763000
0.899000
0.986000
0.948000
0.836000
0.651000
0.510000
0.404000
0.370000
0.253000
0.
-0.213000
-0.417000
-0.495000
-0.480000
-0.174000
1.00000E-02
5.40000E-02
0.234000
0.423000
0.472000
0.442000
0.404000
0.185000
-2.90000E-02
-0.136000
-8.20000E-02
-9.00000E-03
0.141000
0.229000
0.331000
0.399000
0.467000
0.476000
0.360000
0.151000
-0.121000
-0.510000
-0.816000
-1.06800
-1.09700
-0.782000
-0.519000
-0.456000
-0.330000
-9.00000E-03
0.253000
0.413000
0.583000
0.899000
1.13200
1.15200
1.21500
1.18600
0.894000
0.428000
-0.267000
-1.12200
-1.79200
-2.30200
-2.57400
-2.47700
-1.93800
-1.13100
-6.30000E-02
1.16100
2.49200
3.13800
2.70100
1.79300
0.802000
-3.40000E-02
-0.655000
-1.18500
-1.41800
-1.49600
-1.53400
-1.24300
-0.850000
-0.471000
-9.70000E-02
0.195000
0.428000
0.510000
0.476000
0.365000
0.219000
7.30000E-02
1.50000E-02
3.40000E-02
0.
-9.00000E-03
3.90000E-02
1.02000E-01
4.90000E-02
-0.179000
-0.476000
-0.670000
-0.699000
-0.558000
-0.276000
-6.30000E-02
9.30000E-02
9.80000E-02
-6.80000E-02
-0.476000
-0.704000
-0.782000
-0.772000
-0.568000
-0.238000
9.80000E-02
0.593000
1.03500
1.21000
1.01600
0.583000
-7.70000E-02
-0.874000
-1.48600
-1.83100
-1.91800
-1.82100
-1.36400
-0.728000
-3.80000E-02
0.608000
1.31200
1.56900
1.25800
0.646000
8.30000E-02
-0.291000
-0.544000
-0.816000
-0.869000
-0.956000
-0.816000
-0.544000
-0.223000
-4.80000E-02
3.40000E-02
0.185000
0.399000
0.578000
0.680000
0.617000
0.389000
3.90000E-02
-0.286000
-0.456000
-0.442000
-0.228000
7.30000E-02
0.496000
0.933000
1.21000
1.19000
0.967000
0.729000
0.554000
0.370000
0.234000
4.40000E-02
-0.306000
-0.665000
-0.927000
-1.13100
-1.22400
-1.11200
-0.864000
-0.519000
1.50000E-02
0.627000
1.31200
1.97200
2.47700
2.72000
2.59900
2.22000
1.56000
0.632000
-0.422000
-1.48600
-2.19000
-2.55400
-2.61800
-2.51100
-2.07800
-1.22400
-0.184000
0.826000
1.77300
2.36600
2.24000
1.72000
1.13700
0.661000
0.238000
6.40000E-02
0.151000
0.574000
0.802000
1.01100
1.00600
0.816000
0.525000
0.204000
-6.30000E-02
-0.408000
-0.796000
-1.14600
-1.21400
-1.13100
-0.986000
-0.616000
5.40000E-02
0.831000
1.43800
1.63200
1.50600
1.30700
1.03500
0.714000
0.423000
9.30000E-02
-0.252000
-0.680000
-0.947000
-0.976000
-0.782000
-0.374000
0.132000
0.617000
0.816000
0.812000
0.627000
0.336000
0.122000
-2.40000E-02
-0.233000
-0.432000
-0.461000
-0.315000
-0.140000
-6.80000E-02
-7.70000E-02
-0.213000
-0.456000
-0.718000
-0.888000
-0.927000
-0.811000
-0.641000
-0.340000
5.90000E-02
0.637000
1.29200
1.85600
1.99700
1.45300
0.389000
-0.621000
-1.41300
-2.04900
-2.39400
-2.52000
-2.38900
-1.81600
-1.14600
-0.301000
0.724000
1.73900
2.38500
2.23500
1.39900
0.389000
-0.306000
-0.597000
-0.762000
-0.927000
-0.796000
-0.757000
-0.427000
7.80000E-02
0.646000
1.12200
1.25400
0.972000
0.408000
-0.281000
-0.947000
-1.40800
-1.70400
-1.79200
-1.61200
-1.24300
-0.743000
1.50000E-02
0.996000
2.03100
2.74000
2.85600
2.48700
1.77800
0.957000
0.219000
-0.519000
-1.15600
-1.55900
-1.92300
-2.04400
-1.86000
-1.31600
-0.641000
0.175000
1.01100
1.62300
1.73900
1.38500
0.729000
3.40000E-02
-0.524000
-0.874000
-0.777000
-0.505000
5.00000E-03
0.617000
1.30700
1.86600
2.13800
2.16200
2.05000
1.67100
0.982000
4.40000E-02
-1.04400
-2.02500
-2.74900
-3.09800
-3.23000
-3.16200
-2.67600
-1.86000
-0.471000
1.34100
3.21600
4.22100
4.27900
3.58000
2.43400
1.10800
-0.155000
-1.32100
-2.24400
-2.68600
-2.87000
-2.97200
-2.81700
-2.45700
-1.91800
-1.06300
-4.00000E-03
1.07900
2.08400
2.73500
2.81700
2.47300
1.85600
1.20500
0.510000
-0.131000
-0.723000
-1.06800
-1.41800
-1.74800
-1.87900
-1.82100
-1.78200
-1.79200
-1.53400
-1.14600
-0.650000
-9.20000E-02
0.374000
0.914000
1.33600
1.67100
1.87500
1.89000
1.69600
1.23900
0.632000
-3.40000E-02
-0.738000
-1.25300
-1.63600
-1.82600
-1.88900
-1.83100
-1.65100
-1.44200
-1.22400
-0.908000
-0.446000
3.90000E-02
0.491000
0.948000
1.21000
1.26300
1.12700
0.982000
0.870000
0.729000
0.646000
0.778000
0.933000
1.05900
1.01100
0.763000
0.209000
-0.641000
-1.59300
-2.46700
-2.94300
-3.26800
-3.33200
-2.92800
-2.04000
-0.845000
0.758000
2.64300
3.92500
3.95900
3.32700
2.42900
1.48700
0.622000
-0.136000
-0.937000
-1.60200
-1.91800
-2.28200
-2.43800
-2.25300
-1.77700
-0.986000
0.156000
1.49200
2.15700
1.86100
1.05000
0.272000
-0.116000
-0.325000
-0.393000
-0.218000
7.80000E-02
0.253000
0.559000
0.855000
0.996000
1.14200
1.05400
0.836000
0.447000
-8.70000E-02
-0.655000
-1.22800
-1.73400
-1.96700
-2.00600
-1.83600
-1.31100
-0.582000
0.297000
1.27800
2.05500
2.34100
2.00200
1.38500
0.763000
0.238000
-0.179000
-0.461000
-0.524000
-0.587000
-0.587000
-0.432000
-0.335000
-0.267000
-0.306000
-0.466000
-0.612000
-0.524000
-9.20000E-02
0.520000
1.17100
1.49200
1.37500
0.933000
0.360000
-0.111000
-0.442000
-0.510000
-0.291000
2.00000E-02
0.467000
1.08800
1.56000
1.59800
1.19000
0.578000
-3.80000E-02
-0.709000
-1.18000
-1.43200
-1.69500
-1.84000
-1.87400
-1.69000
-1.31100
-0.791000
-0.170000
0.525000
1.32600
2.07000
2.54100
2.63800
2.44300
1.98700
1.22400
0.272000
-0.563000
-1.30600
-1.86000
-2.13200
-2.09300
-1.82600
-1.37900
-0.835000
-0.262000
0.200000
0.447000
0.462000
0.272000
-4.00000E-03
-0.228000
-0.320000
-0.344000
-0.179000
0.292000
1.09800
1.85100
2.38000
2.45300
1.98700
1.19500
0.185000
-0.767000
-1.63200
-2.39900
-2.83100
-3.01100
-2.85600
-2.64200
-2.15600
-1.40300
-0.398000
0.705000
1.91900
2.92900
3.18700
2.76900
1.83600
0.646000
-0.383000
-1.19400
-1.70400
-1.67000
-1.46600
-0.908000
-0.170000
0.423000
0.821000
1.02500
1.06900
0.938000
0.714000
0.384000
1.02000E-01
-0.213000
-0.544000
-0.796000
-0.990000
-1.08300
-1.09200
-0.986000
-0.816000
-0.485000
1.02000E-01
1.04000
2.15200
3.14300
3.46800
2.93400
1.70000
0.340000
-0.733000
-1.48100
-2.04400
-2.23400
-2.42800
-2.26300
-1.87000
-1.31100
-0.704000
-8.20000E-02
0.418000
0.812000
1.05000
1.17100
1.19000
1.11300
0.977000
0.797000
0.632000
0.462000
0.200000
-7.20000E-02
-0.393000
-0.680000
-0.942000
-1.20400
-1.35500
-1.40800
-1.29600
-1.08800
-0.689000
-6.80000E-02
0.506000
0.880000
1.13200
1.21500
1.08800
0.831000
0.438000
-7.20000E-02
-0.636000
-0.995000
-0.976000
-0.660000
-0.417000
-0.106000
0.345000
0.744000
0.846000
0.719000
0.418000
0.127000
-0.208000
-0.641000
-0.981000
-1.28200
-1.32100
-1.09700
-0.709000
-0.267000
0.238000
0.778000
1.31200
1.69600
1.94800
1.98700
1.83600
1.55500
1.05000
0.272000
-0.461000
-1.06300
-1.60200
-1.94700
-2.04000
-1.90400
-1.56800
-1.00500
-0.354000
0.277000
0.816000
1.14700
1.35100
1.46200
1.56900
1.65200
1.62300
1.47700
1.28300
0.962000
0.510000
3.40000E-02
-0.446000
-0.913000
-1.16500
-1.02000
-0.471000
0.287000
1.05900
1.79300
2.39000
2.12800
0.943000
-0.675000
-1.97600
-2.88000
-3.30200
-3.21500
-2.70500
-1.56400
0.316000
2.57000
4.20200
4.59500
4.11900
3.16700
2.14200
1.09300
1.02000E-01
-0.772000
-1.52000
-1.92300
-2.25800
-2.63700
-2.89000
-2.92800
-2.64700
-2.13700
-1.44700
-0.859000
-0.170000
0.608000
1.36500
1.80700
1.96300
1.94300
1.85600
1.66200
1.30700
0.977000
0.622000
5.40000E-02
-0.471000
-1.00500
-1.47100
-1.86000
-2.04900
-1.97200
-1.76800
-1.36400
-0.986000
-0.558000
-1.90000E-02
0.447000
0.680000
0.569000
0.243000
-8.70000E-02
-0.344000
-0.422000
-0.315000
-6.80000E-02
0.219000
0.535000
0.763000
0.836000
0.792000
0.651000
0.530000
0.569000
0.608000
0.540000
0.253000
-0.145000
-0.699000
-1.16500
-1.61700
-2.01500
-2.20000
-2.07800
-1.70900
-1.19400
-0.558000
0.219000
0.952000
1.45800
1.76800
1.82700
1.84100
2.02600
2.31200
2.42900
2.02100
1.21500
2.50000E-02
-1.33500
-2.48200
-3.16600
-3.60400
-3.86600
-3.61300
-3.02600
-2.26800
-1.22800
5.90000E-02
1.28300
2.20600
2.65200
2.45300
1.86100
1.19500
0.642000
0.258000
2.50000E-02
-3.40000E-02
8.30000E-02
0.170000
0.428000
0.797000
1.03000
1.01600
0.724000
0.132000
-0.602000
-1.28200
-1.87900
-2.22400
-2.30700
-2.23900
-1.90400
-1.13600
-6.80000E-02
1.12200
2.35600
3.07500
2.60900
1.76800
1.01100
0.418000
1.00000E-02
-0.150000
-1.02000E-01
0.107000
0.195000
0.200000
0.161000
5.40000E-02
-4.30000E-02
-0.252000
-0.514000
-0.782000
-1.02400
-1.08300
-1.02900
-0.874000
-0.495000
0.
0.569000
1.07900
1.49200
1.70500
1.68100
1.47700
1.07400
0.491000
-0.213000
-0.918000
-1.32600
-1.53000
-1.56800
-1.38900
-1.02400
-0.573000
-1.90000E-02
0.748000
1.57900
2.33700
2.86100
2.61300
1.74400
0.544000
-0.709000
-1.74300
-2.55900
-2.97200
-3.35100
-3.33200
-2.93300
-2.14600
-1.10200
0.268000
1.75400
3.02600
3.75000
3.68200
3.11900
2.25900
1.22400
0.214000
-0.660000
-1.50500
-2.07400
-2.26300
-2.36500
-2.32600
-2.29200
-2.00600
-1.60700
-1.20900
-0.791000
-0.267000
9.80000E-02
0.447000
0.918000
1.48200
1.96800
2.28800
2.45800
2.40500
2.12800
1.50600
0.646000
-0.393000
-1.16500
-1.72900
-2.11700
-2.34600
-2.42300
-2.44300
-2.09300
-1.75800
-1.18500
-0.427000
0.481000
1.40900
2.07400
2.56000
2.52600
2.07900
1.35100
0.695000
0.122000
-0.432000
-0.811000
-0.718000
-0.597000
-0.199000
0.141000
0.433000
0.574000
0.525000
0.379000
0.224000
1.02000E-01
0.204000
0.491000
0.695000
0.603000
0.253000
-0.106000
-0.432000
-0.684000
-0.932000
-1.12600
-1.07800
-0.767000
-0.296000
0.413000
1.48700
2.56500
3.48800
3.69700
2.47300
0.821000
-0.646000
-1.68000
-2.36000
-2.79700
-2.89000
-3.00600
-2.78300
-2.27800
-1.28700
-0.116000
1.18600
2.49200
3.39500
3.23000
2.23500
1.05000
9.30000E-02
-0.432000
-0.850000
-1.23800
-1.41800
-1.76800
-1.92800
-1.84500
-1.53000
-1.03400
-0.349000
0.248000
0.612000
0.904000
1.09300
1.11300
1.11300
1.14700
1.11800
0.865000
0.496000
6.40000E-02
-0.403000
-1.02000
-1.68000
-2.25800
-2.51100
-2.37000
-1.93300
-1.26200
-0.408000
0.496000
1.52600
2.38000
2.95800
2.82700
2.04500
1.05000
0.282000
-0.315000
-0.714000
-0.714000
-0.597000
-0.291000
-3.80000E-02
-9.00000E-03
4.40000E-02
0.200000
0.268000
0.136000
-9.70000E-02
-0.442000
-0.830000
-1.21400
-1.52000
-1.55900
-1.25800
-0.602000
0.326000
1.43300
2.77900
4.21600
5.08100
3.60900
1.85100
0.423000
-0.675000
-1.64100
-2.55000
-2.95300
-3.25400
-3.39500
-3.41400
-3.19600
-2.78800
-2.22400
-1.40300
-0.383000
0.744000
2.07000
3.27900
3.86200
3.66300
2.93900
1.88000
0.714000
-0.272000
-1.11700
-1.68500
-1.95700
-2.33600
-2.43300
-2.20500
-1.92300
-1.48600
-0.971000
-0.393000
0.214000
0.787000
1.36000
1.80700
1.96800
1.77300
1.13200
0.292000
-0.417000
-1.03400
-1.39400
-1.39400
-1.34500
-1.03400
-0.495000
8.80000E-02
0.637000
1.04000
1.29700
1.45800
1.27800
0.991000
0.496000
4.40000E-02
-0.490000
-1.02900
-1.38900
-1.56400
-1.56800
-1.54400
-1.34500
-0.820000
-9.70000E-02
0.535000
1.05000
1.50100
1.97700
2.25900
2.10800
1.67100
0.841000
-7.20000E-02
-0.986000
-1.55400
-1.55900
-1.34000
-1.19000
-0.981000
-0.646000
-0.262000
4.40000E-02
0.360000
0.559000
0.578000
0.627000
0.734000
0.836000
0.894000
0.918000
1.00600
1.01600
0.753000
0.253000
-0.388000
-1.06300
-1.48600
-1.67500
-1.74300
-1.49600
-1.02900
-0.349000
0.530000
1.56400
2.22500
2.31200
1.79800
0.986000
0.107000
-0.733000
-1.50500
-2.11700
-2.33100
-2.40400
-2.14200
-1.56800
-0.757000
0.151000
1.05000
1.71500
1.90900
1.62800
1.13200
0.564000
1.00000E-02
-0.476000
-0.820000
-0.888000
-1.01500
-0.942000
-0.820000
-0.553000
-0.121000
0.166000
0.404000
0.583000
0.646000
0.452000
0.166000
-0.218000
-0.621000
-0.782000
-0.660000
-0.378000
2.50000E-02
0.540000
1.09800
1.42800
1.42800
1.07900
0.472000
-0.150000
-0.704000
-0.937000
-0.932000
-0.879000
-0.655000
-0.257000
0.234000
0.797000
1.22400
1.47200
1.51100
1.38000
1.01600
0.506000
4.40000E-02
-0.286000
-0.529000
-0.689000
-0.718000
-0.631000
-0.344000
5.00000E-03
0.248000
0.394000
0.447000
0.583000
0.744000
0.977000
1.36500
1.72500
1.77800
1.51600
0.904000
8.30000E-02
-0.665000
-1.18500
-1.46600
-1.56800
-1.64600
-1.48100
-1.04400
-0.490000
5.40000E-02
0.637000
1.27800
1.72500
1.73400
1.39900
0.797000
0.112000
-0.480000
-1.02000
-1.25800
-1.30100
-1.16500
-0.801000
-0.412000
4.40000E-02
0.554000
1.03000
1.35100
1.44300
1.24900
0.778000
0.175000
-0.398000
-0.947000
-1.56800
-2.04400
-2.17100
-2.02000
-1.85500
-1.52500
-1.02400
-0.267000
0.559000
1.24400
1.58900
1.66200
1.61800
1.41900
1.08800
0.739000
0.472000
0.384000
0.394000
0.384000
0.234000
-5.80000E-02
-0.519000
-0.956000
-1.43200
-1.94700
-2.29700
-2.34100
-2.16600
-1.89900
-1.52500
-0.981000
-0.155000
0.943000
2.40000
3.95900
4.82300
4.07500
2.39000
0.768000
-0.558000
-1.51000
-2.19500
-2.27300
-2.08300
-1.71400
-1.16000
-0.597000
-0.286000
-0.252000
-0.291000
-0.262000
-0.286000
-0.398000
-0.519000
-0.456000
-8.70000E-02
0.574000
1.54500
2.42400
3.11400
3.43400
2.85600
1.70500
0.491000
-0.476000
-1.18500
-1.74800
-1.91300
-2.18500
-2.38400
-2.52000
-2.52000
-2.36000
-1.94200
-1.33500
-0.592000
0.277000
1.15200
1.89000
2.50700
2.82700
2.62800
2.04500
1.36500
0.656000
-1.90000E-02
-0.748000
-1.27200
-1.58800
-1.79200
-1.66100
-1.52000
-1.46600
-1.36400
-1.15100
-0.767000
-0.238000
0.156000
0.350000
0.540000
0.753000
1.01600
1.27800
1.43800
1.32600
1.01100
0.535000
3.00000E-02
-0.408000
-0.680000
-0.869000
-1.02000
-0.927000
-0.665000
-0.310000
-1.40000E-02
0.214000
0.428000
0.374000
0.180000
5.90000E-02
3.40000E-02
7.30000E-02
4.40000E-02
-3.40000E-02
-4.30000E-02
5.90000E-02
0.248000
0.336000
0.190000
-1.02000E-01
-0.471000
-0.680000
-0.738000
-0.777000
-0.699000
-0.306000
0.248000
0.899000
1.43800
1.64700
1.48700
1.08400
0.598000
0.136000
-0.233000
-0.548000
-0.748000
-0.888000
-0.820000
-0.573000
-0.126000
0.219000
0.433000
0.413000
0.185000
-0.136000
-0.582000
-0.903000
-0.864000
-0.519000
1.50000E-02
0.612000
1.31200
2.04500
2.40500
2.15700
1.43300
0.457000
-0.403000
-1.06300
-1.57300
-1.82100
-2.04900
-1.94200
-1.56400
-1.06300
-0.490000
8.30000E-02
0.467000
0.612000
0.724000
0.787000
0.884000
0.991000
1.03000
0.918000
0.671000
0.374000
3.40000E-02
-0.417000
-0.864000
-1.25800
-1.64100
-1.95200
-2.09300
-1.94200
-1.50000
-0.733000
0.336000
1.64700
2.70100
2.90500
2.35600
1.48200
0.472000
-0.374000
-1.02900
-1.46600
-1.67000
-1.83600
-1.82100
-1.54400
-1.13100
-0.621000
-5.30000E-02
0.277000
0.447000
0.603000
0.797000
0.943000
1.02000
0.923000
0.812000
0.748000
0.719000
0.559000
0.326000
8.30000E-02
-0.330000
-0.825000
-1.25800
-1.58800
-1.74300
-1.65100
-1.32100
-0.806000
-6.30000E-02
0.870000
1.92900
2.67700
3.12800
2.92400
2.17200
1.04500
-0.208000
-1.34500
-2.18500
-2.69000
-3.06400
-3.07400
-2.76300
-1.98100
-0.835000
0.578000
2.06500
3.19100
3.42500
3.08000
2.44800
1.72000
1.00100
0.340000
-0.320000
-0.820000
-1.02900
-1.28200
-1.37400
-1.43200
-1.29600
-1.07300
-0.680000
-8.70000E-02
0.549000
1.16100
1.48700
1.43800
1.03000
0.457000
-0.121000
-0.597000
-0.820000
-0.777000
-0.378000
0.501000
1.56000
2.23000
2.10400
1.52600
0.768000
0.117000
-0.456000
-0.830000
-0.918000
-0.956000
-0.748000
-0.422000
-0.131000
-9.00000E-03
-2.40000E-02
-0.121000
-0.310000
-0.476000
-0.442000
-0.150000
0.161000
0.486000
0.836000
1.18100
1.44300
1.61800
1.63200
1.40900
1.02500
0.496000
3.00000E-02
-0.364000
-0.796000
-1.13100
-1.35000
-1.53000
-1.64600
-1.65600
-1.43200
-1.06800
-0.587000
-6.80000E-02
0.549000
1.30200
1.88500
2.04000
1.72000
1.11300
0.452000
-0.247000
-0.898000
-1.41800
-1.67000
-1.71900
-1.50000
-1.31600
-0.942000
-0.310000
0.277000
0.957000
1.69100
2.18100
1.91400
0.710000
-0.636000
-1.64100
-2.21900
-2.40400
-2.18500
-1.74800
-0.995000
-0.170000
0.447000
0.729000
0.778000
0.787000
0.850000
0.923000
0.826000
0.554000
0.117000
-0.364000
-0.942000
-1.37400
-1.65100
-1.70000
-1.41300
-0.820000
-5.30000E-02
0.744000
1.43300
1.61300
1.21500
0.666000
0.292000
0.127000
7.80000E-02
2.50000E-02
6.40000E-02
-6.80000E-02
-0.315000
-0.607000
-0.884000
-1.17000
-1.45200
-1.51000
-1.32600
-0.932000
-0.126000
0.904000
2.01600
2.75400
2.64300
1.96300
1.09300
0.413000
-1.40000E-02
-0.369000
-0.582000
-0.616000
-0.791000
-0.927000
-1.07800
-1.20400
-1.18500
-1.05800
-0.830000
-0.471000
3.90000E-02
0.506000
0.700000
0.685000
0.501000
0.180000
-0.184000
-0.281000
0.
0.530000
1.29700
1.95800
2.25400
1.94300
1.07400
8.30000E-02
-0.835000
-1.73800
-2.35000
-2.48200
-2.21400
-1.67500
-0.995000
-0.213000
0.496000
1.01600
1.35600
1.55000
1.53500
1.33100
1.06900
0.724000
0.277000
2.00000E-02
-0.106000
-0.233000
-0.349000
-0.403000
-0.335000
-0.238000
-0.272000
-0.291000
-0.238000
-5.30000E-02
0.136000
0.404000
0.574000
0.661000
0.753000
0.967000
1.29700
1.61800
1.66200
1.30700
0.637000
-9.70000E-02
-0.859000
-1.36000
-1.67500
-1.82100
-1.71400
-1.36000
-0.971000
-0.621000
-0.306000
-2.90000E-02
0.234000
0.554000
0.943000
1.33600
1.72000
2.12800
2.36600
2.23500
1.79300
1.01600
0.122000
-0.801000
-1.65100
-2.25300
-2.64200
-2.72400
-2.50600
-2.04000
-1.46600
-0.738000
0.112000
0.928000
1.59800
1.96300
2.16700
2.25900
2.14200
1.72000
0.952000
7.80000E-02
-0.650000
-1.18000
-1.54900
-1.82600
-1.82600
-1.53000
-1.18000
-0.806000
-0.364000
4.90000E-02
0.340000
0.608000
0.846000
1.13200
1.49600
1.68600
1.52600
1.08800
0.510000
-5.30000E-02
-0.728000
-1.18500
-1.26200
-1.12600
-0.791000
-0.412000
-9.20000E-02
5.00000E-03
-9.70000E-02
-0.369000
-0.665000
-0.840000
-0.859000
-0.733000
-0.349000
0.166000
0.748000
1.49200
2.26900
2.88500
3.03100
2.67200
1.94800
1.01600
0.112000
-0.840000
-1.83600
-2.57400
-2.94300
-3.18100
-3.17600
-2.98700
-2.62200
-1.87900
-0.714000
0.880000
3.00200
4.46400
3.89600
2.69100
1.57900
0.685000
-4.00000E-03
-0.524000
-0.786000
-0.582000
-0.422000
-0.296000
-0.301000
-0.330000
-0.408000
-0.388000
-0.150000
0.277000
0.855000
1.30200
1.45800
1.23400
0.554000
-0.330000
-1.29200
-2.07800
-2.56900
-2.91400
-2.80200
-2.41400
-1.36900
0.399000
2.87600
5.24100
5.83900
5.14400
3.55600
1.69100
-8.20000E-02
-1.51500
-2.75400
-3.36600
-3.72000
-3.81700
-3.55500
-3.17600
-2.55000
-1.88900
-1.23800
-0.476000
0.204000
0.748000
1.34600
2.07400
2.75400
2.96300
2.62800
2.00600
1.39400
0.855000
0.311000
-0.281000
-0.927000
-1.41300
-1.87000
-2.00100
-2.11700
-2.13700
-1.97200
-1.85000
-1.57800
-1.10700
-0.446000
0.248000
0.841000
1.24900
1.49600
1.56400
1.46200
1.32600
1.17100
0.836000
0.345000
-0.136000
-0.592000
-0.908000
-1.12200
-1.14600
-1.04900
-0.942000
-0.714000
-0.461000
-0.286000
-0.199000
-0.155000
-0.136000
-0.199000
-0.238000
-0.257000
-0.218000
-5.80000E-02
0.166000
0.535000
0.870000
0.991000
0.923000
0.831000
0.802000
0.744000
0.549000
0.229000
-0.116000
-0.500000
-0.942000
-1.37400
-1.70900
-1.96200
-2.02000
-1.80200
-1.10200
-0.131000
0.977000
2.10800
2.61300
2.38500
1.73400
0.986000
0.520000
0.185000
-0.262000
-0.898000
-1.29600
-1.65100
-1.84500
-1.87000
-1.58800
-1.17000
-0.383000
0.758000
2.04000
3.32300
4.11400
3.55100
1.98700
0.476000
-0.680000
-1.50500
-2.21900
-2.52000
-2.75400
-2.77800
-2.55900
-2.11200
-1.27700
-0.267000
0.812000
1.98200
3.09400
3.66700
3.36600
2.55000
1.40400
6.80000E-02
-0.903000
-1.74300
-2.25800
-2.26800
-2.27300
-1.82600
-1.18500
-0.398000
0.413000
1.01100
1.22400
1.15600
0.986000
0.821000
0.603000
0.161000
-0.184000
-0.378000
-0.340000
-0.111000
0.200000
0.574000
0.904000
1.29700
1.70500
1.90900
1.73400
1.16600
0.350000
-0.340000
-0.884000
-1.38400
-1.73400
-1.96200
-1.87900
-1.51000
-1.06300
-0.427000
0.370000
1.27300
2.14200
3.00200
3.85200
4.10000
3.57000
1.98200
0.180000
-1.35500
-2.50100
-3.31200
-3.65700
-3.94300
-3.78300
-3.33600
-2.59800
-1.34000
0.229000
1.99700
3.44900
4.00700
3.93900
3.55600
2.95300
2.29300
1.36500
0.151000
-1.07300
-1.94200
-2.41800
-2.92400
-3.16200
-3.14700
-2.94300
-2.34600
-1.38400
-0.422000
0.714000
1.87500
2.75900
2.82200
2.24400
1.47200
0.831000
0.345000
0.302000
0.506000
0.880000
1.19000
1.22400
0.933000
0.486000
-0.111000
-0.631000
-0.908000
-1.16500
-1.30100
-1.36000
-1.33000
-1.22800
-1.10700
-0.990000
-0.757000
-0.296000
0.209000
0.802000
1.41900
1.94300
2.44800
2.82700
2.82200
2.28800
1.38000
0.350000
-0.446000
-1.10200
-1.70000
-1.98600
-2.12700
-2.02000
-1.76800
-1.33500
-0.850000
-0.286000
0.127000
0.340000
0.457000
0.418000
0.277000
0.117000
3.90000E-02
3.00000E-02
3.40000E-02
-3.40000E-02
-0.131000
-0.238000
-0.194000
-0.106000
1.02000E-01
0.549000
1.01600
1.27300
1.33100
1.09800
0.651000
0.229000
-0.174000
-0.582000
-0.816000
-1.03400
-1.34500
-1.92800
-2.55900
-3.03500
-3.27800
-3.26800
-2.96200
-2.30700
-1.13100
0.389000
2.38500
4.27000
5.54200
4.93000
3.08500
1.51600
0.219000
-0.888000
-1.86000
-2.61800
-2.92400
-3.03000
-2.85600
-2.65200
-2.48200
-2.24800
-1.95200
-1.58300
-1.24300
-0.850000
-0.393000
0.219000
1.04500
1.92400
2.71100
3.50700
4.14800
4.14300
2.93400
1.22000
-0.534000
-1.92300
-2.94800
-3.57000
-4.01600
-4.15700
-4.04500
-3.75900
-3.21500
-2.30700
-1.15600
0.345000
2.20600
3.99300
4.51300
3.85200
2.50200
1.26300
0.379000
-0.160000
-0.670000
-0.874000
-1.01000
-1.12200
-1.07800
-0.961000
-0.767000
-0.646000
-0.563000
-0.544000
-0.461000
-5.30000E-02
0.515000
1.11300
1.42800
1.34100
1.05900
0.724000
0.394000
0.195000
0.292000
0.506000
0.700000
0.967000
1.22000
1.17100
1.01100
0.583000
3.40000E-02
-0.539000
-1.05800
-1.34500
-1.67000
-1.84500
-1.51500
-1.26200
-1.08300
-0.626000
7.80000E-02
0.816000
1.77300
2.57000
2.88100
2.73000
2.17600
1.31200
0.438000
-3.40000E-02
-0.378000
-0.689000
-0.884000
-1.27200
-1.49100
-1.56400
-1.57800
-1.60700
-1.61200
-1.38400
-1.06300
-0.476000
0.413000
1.38000
2.07900
2.34100
2.19100
1.98200
1.83200
1.75400
1.60300
1.11800
0.452000
-0.359000
-1.09200
-1.89400
-2.41400
-2.62700
-2.82600
-2.98200
-2.72400
-2.29200
-1.32100
-1.90000E-02
1.50600
3.04100
3.91000
3.85700
3.40000
2.67700
1.61800
0.345000
-0.709000
-1.52000
-2.05900
-2.24400
-2.55400
-2.55900
-2.50100
-2.17600
-1.71900
-1.11700
-0.242000
0.802000
1.83600
2.61300
2.83700
2.44300
1.63700
0.695000
3.40000E-02
-0.563000
-0.947000
-1.19900
-1.19000
-1.60200
-1.77700
-1.85500
-1.65600
-1.33000
-0.927000
-0.267000
0.525000
1.36000
1.85100
2.00600
1.68600
1.03000
0.331000
-0.155000
-0.650000
-1.01500
-1.17000
-1.28200
-1.59300
-1.69500
-1.56800
-1.38400
-1.11700
-0.631000
3.00000E-02
0.724000
1.19000
1.36000
1.12200
0.758000
0.355000
6.40000E-02
-5.30000E-02
-0.140000
-0.262000
-0.325000
-0.383000
-0.437000
-0.480000
-0.437000
-0.310000
-0.155000
-4.30000E-02
8.30000E-02
0.253000
0.350000
0.311000
0.204000
0.141000
0.190000
0.404000
0.719000
0.841000
0.773000
0.695000
0.637000
0.632000
0.593000
0.578000
0.666000
0.695000
0.525000
0.350000
0.156000
-4.30000E-02
-0.286000
-0.471000
-0.582000
-0.568000
-0.548000
-0.539000
-0.378000
-1.90000E-02
0.408000
0.933000
1.51100
1.90900
2.15700
2.13800
1.91900
1.62300
1.19000
0.661000
0.156000
-0.408000
-0.995000
-1.38400
-1.68500
-1.89900
-1.77700
-1.46600
-1.10200
-0.684000
-0.257000
2.00000E-02
0.107000
0.195000
0.452000
0.821000
1.17100
1.38000
1.50600
1.67100
1.83600
1.92400
1.65200
0.719000
-0.427000
-1.51000
-2.40400
-3.02100
-3.45800
-3.57900
-3.27800
-2.85100
-2.27300
-1.35000
-0.427000
0.530000
1.43800
2.01100
2.11800
1.82700
1.26800
0.588000
-4.30000E-02
-0.675000
-1.22400
-1.64100
-1.66100
-1.70000
-1.51000
-1.22400
-0.854000
-0.422000
-9.00000E-03
0.200000
0.136000
-0.111000
-0.602000
-1.02000
-1.21900
-1.16000
-1.00000
-0.718000
-0.315000
0.141000
0.666000
1.12200
1.41900
1.41900
1.18600
0.792000
0.238000
-0.189000
-0.524000
-0.786000
-1.02000
-1.23300
-1.29600
-1.20400
-1.01000
-0.767000
-0.480000
-0.189000
0.170000
0.559000
0.865000
1.10800
1.25400
1.31700
1.32600
1.28300
1.22900
0.996000
0.554000
8.30000E-02
-0.388000
-0.699000
-0.854000
-0.908000
-0.782000
-0.412000
0.204000
0.807000
1.30700
1.65700
1.89000
1.83200
1.43800
0.763000
6.80000E-02
-0.675000
-1.21900
-1.41800
-1.39800
-1.22400
-0.519000
0.724000
2.15700
3.37100
3.50700
2.57900
1.29200
0.268000
-0.378000
-1.00000
-1.11700
-0.947000
-0.752000
-0.150000
0.486000
0.962000
1.02500
0.802000
0.345000
-0.116000
-0.534000
-0.820000
-1.06300
-1.11700
-0.898000
-0.495000
0.161000
0.977000
1.76800
2.15700
2.18600
1.85600
1.32600
0.734000
0.243000
-0.194000
-0.738000
-1.17000
-1.49100
-1.50000
-1.24300
-0.922000
-0.563000
-0.238000
-3.40000E-02
3.00000E-02
9.80000E-02
0.127000
1.02000E-01
0.141000
0.292000
0.564000
0.787000
0.787000
0.627000
0.384000
0.136000
0.
-1.40000E-02
4.40000E-02
0.117000
0.151000
8.80000E-02
-4.80000E-02
-0.320000
-0.548000
-0.723000
-0.854000
-0.859000
-0.689000
-0.442000
-6.80000E-02
0.350000
0.685000
0.627000
0.277000
-0.194000
-0.738000
-1.08300
-1.09200
-0.840000
-0.369000
0.282000
0.918000
1.22900
1.12200
0.719000
0.253000
-8.20000E-02
-0.403000
-0.650000
-0.602000
-0.563000
-0.675000
-0.772000
-0.840000
-0.913000
-0.937000
-0.932000
-0.869000
-0.733000
-0.485000
-0.223000
-3.80000E-02
7.30000E-02
0.107000
0.156000
0.234000
0.297000
0.472000
0.637000
0.739000
0.608000
0.282000
-9.20000E-02
-0.451000
-0.699000
-0.947000
-1.13600
-1.23800
-1.26200
-1.10700
-0.757000
-0.383000
3.40000E-02
0.578000
1.09800
1.42400
1.54000
1.48200
1.24400
0.836000
0.282000
-0.286000
-0.840000
-1.34000
-1.71900
-1.83600
-1.62200
-1.10700
-0.349000
0.583000
1.65700
2.54100
2.86100
2.48700
1.62300
0.549000
-0.325000
-1.00500
-1.36900
-1.36900
-1.28200
-0.782000
-2.40000E-02
0.933000
2.34100
3.74000
3.93500
2.48200
0.850000
-0.582000
-1.58300
-2.46200
-2.97200
-3.14700
-3.12300
-2.70000
-1.93800
-0.859000
0.428000
1.79800
3.04100
3.58000
3.69700
3.61400
3.32300
2.72000
1.77300
0.637000
-0.602000
-1.70900
-2.53500
-3.15200
-3.78800
-4.07000
-4.20600
-3.97300
-3.47200
-2.70500
-1.56400
-3.80000E-02
1.77800
3.86700
5.04700
4.60500
3.41500
2.13300
0.782000
-0.510000
-1.53400
-2.30200
-2.48600
-2.51100
-2.15100
-1.59300
-0.976000
-0.398000
-4.00000E-03
0.136000
0.214000
0.204000
0.151000
0.132000
8.80000E-02
0.
-5.80000E-02
-4.80000E-02
-9.00000E-03
0.161000
0.370000
0.467000
0.277000
0.219000
0.200000
9.80000E-02
2.00000E-02
0.127000
0.297000
0.360000
0.204000
1.50000E-02
-7.20000E-02
-9.20000E-02
-4.80000E-02
2.00000E-02
2.00000E-02
-9.20000E-02
-0.325000
-0.427000
-0.408000
-0.408000
-0.480000
-0.578000
-0.607000
-0.505000
-0.262000
-4.30000E-02
3.40000E-02
1.02000E-01
0.195000
0.311000
0.282000
0.268000
0.306000
0.501000
0.778000
1.10800
1.33100
1.38000
1.29700
1.12200
0.816000
0.355000
-0.131000
-0.641000
-1.01000
-1.29200
-1.54400
-1.70000
-1.63200
-1.30100
-0.913000
-0.325000
0.452000
1.42800
2.12800
2.49700
2.69100
2.51100
1.97700
1.37000
0.739000
0.132000
-0.383000
-0.874000
-1.11700
-1.30100
-1.27200
-1.14100
-1.06800
-0.932000
-0.650000
-0.126000
0.418000
0.928000
1.34100
1.46700
1.31700
0.996000
0.627000
0.287000
-5.80000E-02
-0.514000
-0.869000
-1.07800
-1.12600
-1.01500
-0.922000
-0.791000
-0.573000
-0.174000
0.297000
0.841000
1.22000
1.49600
1.56000
1.38500
1.05900
0.666000
0.180000
-0.213000
-0.476000
-0.714000
-0.961000
-1.10700
-1.23300
-1.45700
-1.75800
-2.04400
-2.14200
-2.04900
-1.80600
-1.27700
-0.655000
9.80000E-02
0.972000
1.99200
2.98300
3.38600
3.11400
2.30800
1.26300
0.263000
-0.539000
-1.27700
-1.81600
-1.96700
-2.10300
-1.92800
-1.63600
-1.24300
-0.922000
-0.675000
-0.558000
-0.548000
-0.621000
-0.689000
-0.752000
-0.782000
-0.718000
-0.301000
0.336000
1.34600
2.56000
3.82300
4.75100
5.09100
3.19100
0.875000
-0.971000
-2.35000
-3.31700
-3.86100
-4.11300
-4.14700
-3.92400
-3.25900
-2.45200
-1.31100
3.40000E-02
1.54000
2.83200
3.55100
3.40000
2.68100
1.75900
0.957000
0.452000
5.40000E-02
-0.471000
-0.884000
-1.32600
-1.53000
-1.37900
-1.30600
-1.10200
-0.675000
5.00000E-03
0.520000
1.12700
1.73400
2.18100
2.32700
2.05500
1.54500
0.918000
0.379000
4.90000E-02
-0.136000
-0.354000
-0.558000
-0.655000
-0.684000
-0.660000
-0.646000
-0.675000
-0.578000
-0.199000
0.175000
0.603000
1.02500
1.48200
1.68600
1.56400
1.36000
0.923000
0.540000
0.200000
-4.00000E-03
-5.80000E-02
-5.30000E-02
-5.30000E-02
-2.40000E-02
-4.80000E-02
-0.106000
-0.291000
-0.519000
-0.879000
-1.31100
-1.70000
-1.75300
-1.46600
-1.02900
-0.422000
0.321000
1.09300
1.71500
2.10800
2.23000
2.05000
1.55000
0.714000
-0.179000
-1.07300
-1.86500
-2.38000
-2.65600
-2.68600
-2.52500
-2.10800
-1.54900
-0.869000
4.40000E-02
1.09800
2.05500
2.56500
2.24000
1.34600
0.224000
-0.757000
-1.52500
-2.06400
-2.10800
-2.05400
-1.53900
-0.738000
0.161000
0.938000
1.25800
1.14200
0.797000
0.418000
0.200000
0.263000
0.408000
0.525000
0.608000
0.574000
0.510000
0.316000
1.00000E-02
-0.403000
-0.947000
-1.49600
-2.06900
-2.41800
-2.36500
-1.86000
-0.927000
0.311000
2.07400
3.92500
5.39700
6.18300
3.93900
1.41400
-0.743000
-2.28700
-3.14200
-3.65200
-3.93400
-4.05500
-3.83200
-3.34600
-2.64700
-1.70900
-0.378000
1.52600
3.71100
4.83300
4.89600
3.91500
2.52100
1.13200
-4.00000E-03
-0.835000
-1.56800
-1.75800
-1.81100
-1.67500
-1.36000
-1.14600
-0.908000
-0.733000
-0.442000
-5.80000E-02
0.234000
0.574000
0.724000
0.850000
1.05000
1.20000
1.29200
1.45300
1.24900
0.933000
0.447000
-5.30000E-02
-0.437000
-0.558000
-0.655000
-0.728000
-0.738000
-0.791000
-0.869000
-0.898000
-0.757000
-0.427000
-6.80000E-02
0.258000
0.753000
1.16600
1.41900
1.22900
0.826000
0.238000
-0.184000
-0.524000
-0.728000
-0.694000
-0.704000
-0.602000
-0.291000
0.141000
0.549000
0.938000
1.18100
1.18600
1.08400
0.821000
0.374000
1.50000E-02
-0.301000
-0.689000
-1.07300
-1.42300
-1.67000
-1.73400
-1.59300
-1.25800
-0.801000
-0.218000
0.418000
1.13200
1.87500
2.26900
2.25400
1.87500
1.24900
0.569000
-0.121000
-0.942000
-1.79200
-2.34100
-2.62700
-2.60300
-2.49100
-2.21400
-1.58800
-0.689000
0.447000
1.70000
2.80300
3.36600
2.80800
1.60300
0.195000
-1.07300
-1.97600
-2.44800
-2.51600
-2.58800
-2.19000
-1.33500
-0.461000
0.282000
0.802000
1.16100
1.48200
1.52600
1.25400
0.632000
-1.02000E-01
-0.840000
-1.32100
-1.52500
-1.54900
-1.39400
-1.13100
-0.718000
-0.417000
-0.121000
0.219000
0.632000
0.894000
0.884000
0.802000
0.724000
0.593000
0.408000
0.229000
5.00000E-03
-0.315000
-0.738000
-1.22400
-1.56800
-1.73400
-1.63600
-1.34000
-0.903000
-0.228000
0.603000
1.51600
2.01100
1.90900
1.54500
1.05900
0.642000
0.253000
-9.20000E-02
-0.471000
-0.612000
-0.680000
-0.612000
-0.480000
-0.286000
-6.30000E-02
2.00000E-02
3.90000E-02
1.02000E-01
0.302000
0.627000
0.962000
1.21000
1.31700
1.18100
0.758000
0.272000
-3.80000E-02
-0.208000
-0.315000
-0.330000
-0.223000
-4.00000E-03
0.170000
0.161000
0.127000
0.234000
0.452000
0.646000
0.719000
0.671000
0.690000
0.802000
0.753000
0.637000
0.496000
0.384000
0.297000
0.190000
-6.30000E-02
-0.340000
-0.306000
-4.00000E-03
0.355000
0.855000
1.24400
1.40900
1.21000
0.671000
-5.80000E-02
-0.869000
-1.52500
-1.96700
-2.01000
-1.70900
-1.20900
-0.398000
0.782000
2.05000
3.00200
3.13800
2.55000
1.58900
0.598000
-0.204000
-0.893000
-1.32600
-1.58800
-1.88900
-1.85500
-1.64600
-1.29600
-0.816000
-0.252000
0.331000
0.894000
1.21000
1.26300
1.14200
0.894000
0.569000
0.302000
-4.80000E-02
-0.524000
-0.835000
-0.854000
-0.646000
-0.340000
-9.70000E-02
4.40000E-02
0.151000
0.277000
0.408000
0.486000
0.476000
0.340000
3.40000E-02
-0.451000
-0.971000
-1.25300
-1.20900
-1.03900
-0.806000
-0.437000
0.
0.282000
0.384000
0.229000
-9.00000E-03
-0.189000
-0.247000
-0.247000
-0.184000
-1.40000E-02
0.238000
0.462000
0.491000
0.345000
5.90000E-02
-0.412000
-0.845000
-0.986000
-0.806000
-0.670000
-0.553000
-0.451000
-0.412000
-0.408000
-0.335000
-0.306000
-0.383000
-0.412000
-0.257000
0.
0.234000
0.569000
1.02500
1.38000
1.34100
0.923000
0.219000
-0.490000
-0.981000
-1.26200
-1.28200
-1.11200
-0.888000
-0.626000
-0.369000
-0.204000
-3.80000E-02
0.200000
0.515000
0.875000
1.11800
1.16100
1.12200
0.991000
0.729000
0.350000
-3.40000E-02
-0.403000
-0.563000
-0.548000
-0.456000
-0.344000
-0.247000
-0.174000
-9.70000E-02
-8.20000E-02
-0.165000
-0.218000
-0.174000
-4.80000E-02
0.112000
0.316000
0.598000
0.982000
1.42800
1.85100
1.94800
1.49600
0.617000
-0.310000
-1.17500
-1.80200
-2.01500
-2.02000
-1.59300
-0.816000
0.219000
1.33600
2.26900
2.64300
2.06500
0.918000
-0.121000
-0.850000
-1.32100
-1.46600
-1.00500
-0.242000
0.719000
1.45800
1.62300
1.27800
0.578000
-6.30000E-02
-0.466000
-0.582000
-0.442000
-0.247000
9.80000E-02
0.496000
0.763000
0.812000
0.724000
0.603000
0.583000
0.559000
0.433000
0.141000
-0.116000
-0.466000
-0.791000
-1.05800
-1.16500
-1.15600
-1.04900
-0.786000
-0.281000
0.559000
1.69100
2.72000
3.01700
2.67200
1.87000
0.875000
-3.80000E-02
-0.854000
-1.45200
-1.76300
-2.04000
-1.96200
-1.76800
-1.54400
-1.33500
-1.06800
-0.612000
-3.40000E-02
0.452000
0.928000
1.37000
1.73000
1.93800
1.86600
1.57900
1.02000
0.272000
-0.510000
-1.24300
-1.74300
-1.99600
-2.21900
-2.31200
-2.16600
-1.72400
-0.976000
0.
1.16600
2.51600
3.84200
2.94900
0.991000
-0.592000
-1.72400
-2.47700
-2.79200
-2.60300
-2.39400
-1.78200
-0.869000
-1.90000E-02
0.588000
1.13700
1.51600
1.67600
1.59400
1.35600
1.05400
0.768000
0.472000
3.40000E-02
-0.408000
-0.825000
-1.10200
-1.27200
-1.51500
-1.61200
-1.60700
-1.39400
-0.976000
-0.446000
0.156000
1.06400
2.18100
2.90000
2.61800
1.46700
0.107000
-1.04400
-1.80200
-2.07800
-1.82600
-1.43700
-0.670000
0.442000
1.68100
2.56500
2.78300
2.49200
1.75400
0.773000
-0.136000
-0.903000
-1.49100
-1.74300
-1.99100
-1.94200
-1.76300
-1.35500
-0.884000
-0.349000
0.146000
0.578000
0.938000
1.27800
1.71000
2.12800
2.41900
2.51100
2.38000
2.02600
1.38000
0.491000
-0.500000
-1.38900
-2.07800
-2.51600
-2.73400
-2.65600
-2.35000
-1.65100
-0.806000
4.40000E-02
0.918000
1.66600
2.11800
2.00200
1.51100
0.982000
0.569000
0.243000
-4.80000E-02
-0.340000
-0.301000
-0.354000
-0.286000
-0.272000
-0.252000
-0.194000
1.50000E-02
0.287000
0.612000
0.962000
1.16600
1.26800
1.11300
0.836000
0.418000
-3.80000E-02
-0.616000
-1.12200
-1.55400
-1.90400
-2.00600
-1.98600
-1.80600
-1.36000
-0.913000
-0.359000
0.268000
1.01100
1.78300
2.38000
2.55500
2.26900
1.68600
1.03000
0.467000
8.30000E-02
-7.20000E-02
-0.140000
-0.349000
-0.680000
-1.08800
-1.58800
-2.01000
-2.27300
-2.41800
-2.53000
-2.51600
-2.30200
-1.87400
-1.18500
-0.170000
1.15200
2.73500
3.98300
4.17300
3.02100
1.47200
3.90000E-02
-0.952000
-1.60200
-2.03500
-2.07400
-2.00600
-1.83600
-1.45700
-0.981000
-0.480000
-0.174000
-0.204000
-0.301000
-0.233000
-4.00000E-03
0.141000
0.175000
0.117000
9.80000E-02
1.02000E-01
0.161000
0.321000
0.661000
0.996000
1.15600
1.06900
0.787000
0.272000
-0.340000
-0.932000
-1.37400
-1.58800
-1.53900
-1.20400
-0.709000
2.50000E-02
0.836000
1.55000
1.64200
1.26300
0.690000
0.117000
-0.369000
-0.563000
-0.369000
6.40000E-02
0.510000
0.933000
1.05000
0.865000
0.472000
3.00000E-02
-0.310000
-0.427000
-0.233000
-1.90000E-02
4.40000E-02
3.90000E-02
1.00000E-02
4.90000E-02
0.180000
0.394000
0.564000
0.637000
0.685000
0.666000
0.559000
0.326000
5.90000E-02
-0.121000
-0.286000
-0.364000
-0.471000
-0.626000
-0.670000
-0.621000
-0.519000
-0.412000
-0.213000
-2.90000E-02
0.151000
0.394000
0.812000
1.25400
1.54500
1.55500
1.26800
0.831000
0.350000
-2.90000E-02
-0.325000
-0.500000
-0.655000
-0.743000
-0.660000
-0.612000
-0.626000
-0.665000
-0.733000
-0.806000
-0.777000
-0.655000
-0.354000
9.30000E-02
0.666000
1.40900
2.15700
2.58900
2.40500
1.82200
1.06900
0.476000
0.238000
0.238000
0.268000
0.253000
-8.20000E-02
-0.519000
-0.952000
-1.47600
-2.02500
-2.38900
-2.41800
-2.22400
-1.96200
-1.52500
-0.835000
0.122000
1.34600
2.75400
3.93000
4.12900
2.99700
1.59800
0.540000
-5.80000E-02
-0.446000
-0.670000
-0.631000
-0.597000
-0.578000
-0.534000
-0.757000
-1.19900
-1.62700
-1.96700
-2.23400
-2.30200
-2.06900
-1.41300
-0.641000
0.272000
1.38500
2.58900
3.64800
3.61900
2.84700
1.87000
0.880000
8.30000E-02
-0.616000
-1.14600
-1.24300
-1.33500
-1.48100
-1.55900
-1.70900
-1.80600
-1.81100
-1.64600
-1.30600
-0.893000
-0.349000
0.355000
1.21000
1.95800
2.35100
2.28300
1.94800
1.36500
0.666000
-3.40000E-02
-0.777000
-1.31100
-1.37400
-1.35500
-1.06800
-0.748000
-0.422000
-2.40000E-02
0.268000
0.399000
0.515000
0.491000
0.321000
4.40000E-02
-0.335000
-0.680000
-0.816000
-0.898000
-0.927000
-0.796000
-0.398000
6.40000E-02
0.530000
1.04000
1.61300
2.05000
2.08400
1.58400
0.831000
5.90000E-02
-0.524000
-0.791000
-0.869000
-0.869000
-0.918000
-0.981000
-1.04400
-1.09200
-1.10700
-1.02900
-0.845000
-0.558000
-0.150000
0.268000
0.914000
1.70000
2.54100
3.19600
3.45400
2.29300
0.428000
-1.06300
-2.09300
-2.75400
-3.02600
-2.99600
-2.71000
-2.07400
-1.11200
4.40000E-02
1.13700
2.03100
2.27800
1.99700
1.28800
0.370000
-0.388000
-0.927000
-1.24800
-1.16000
-1.03900
-0.748000
-0.179000
0.306000
0.714000
0.928000
1.03000
0.884000
0.510000
8.30000E-02
-0.262000
-0.320000
-0.286000
-0.238000
-0.228000
-0.174000
-0.165000
-0.160000
-0.208000
-0.403000
-0.631000
-0.786000
-0.699000
-0.442000
-0.136000
0.175000
0.418000
0.608000
0.671000
0.685000
0.642000
0.632000
0.612000
0.530000
0.253000
-0.121000
-0.544000
-0.820000
-0.981000
-0.937000
-0.777000
-0.636000
-0.432000
-0.170000
4.40000E-02
0.141000
0.166000
0.156000
1.02000E-01
-1.40000E-02
-1.02000E-01
-9.70000E-02
-2.90000E-02
2.00000E-02
0.146000
0.229000
0.166000
1.50000E-02
-0.184000
-0.286000
-0.199000
-4.30000E-02
0.156000
0.467000
0.724000
0.918000
0.899000
0.714000
0.428000
8.80000E-02
-0.208000
-0.471000
-0.641000
-0.738000
-0.743000
-0.689000
-0.782000
-0.869000
-0.932000
-0.971000
-0.791000
-0.451000
1.00000E-02
0.525000
1.16100
1.68600
2.06500
2.28300
2.19100
1.76800
1.09300
0.282000
-0.442000
-1.10700
-1.56400
-1.91300
-1.93800
-1.74300
-1.47100
-1.06800
-0.534000
6.40000E-02
0.724000
1.38000
1.92400
2.11800
1.81700
1.04500
0.151000
-0.612000
-1.07300
-1.24800
-1.21900
-0.927000
-0.301000
0.331000
1.02000
1.75400
2.41400
2.73500
2.31200
1.15600
-0.111000
-1.14100
-1.82100
-2.21900
-2.16100
-1.87400
-1.35000
-0.791000
-9.70000E-02
0.559000
1.14200
1.46200
1.21500
0.603000
2.00000E-02
-0.354000
-0.505000
-0.398000
-8.20000E-02
0.292000
0.792000
1.20500
1.50100
1.40400
0.938000
0.277000
-0.320000
-0.786000
-1.10200
-1.18000
-1.14600
-0.932000
-0.524000
-9.00000E-03
0.413000
0.753000
1.03000
1.11800
0.972000
0.685000
0.224000
-0.286000
-0.854000
-1.34000
-1.67500
-1.78200
-1.68000
-1.31100
-0.762000
2.00000E-02
0.918000
1.79300
2.33700
2.54500
2.40000
1.82700
0.977000
6.80000E-02
-0.859000
-1.71900
-2.28700
-2.48200
-2.47700
-2.10300
-1.41800
-0.573000
0.282000
0.938000
1.22400
1.16100
0.865000
0.428000
-5.30000E-02
-0.480000
-0.641000
-0.378000
-4.80000E-02
0.399000
0.982000
1.58900
2.00200
2.16700
1.80200
0.996000
8.80000E-02
-0.796000
-1.55400
-2.17100
-2.63700
-2.83100
-2.67600
-2.27800
-1.50500
-0.607000
0.316000
1.30200
2.30300
3.20600
3.49300
3.02600
2.00200
0.792000
-0.276000
-1.17000
-1.77200
-1.94700
-2.22900
-2.13700
-1.76800
-1.14100
-0.403000
0.370000
1.14700
1.71000
1.91900
1.69600
1.19500
0.627000
1.00000E-02
-0.684000
-1.23300
-1.32600
-1.19000
-0.728000
-0.106000
0.360000
0.617000
0.705000
0.637000
0.603000
0.612000
0.714000
0.685000
0.491000
0.214000
0.
-0.242000
-0.461000
-0.733000
-1.10700
-1.37900
-1.39800
-1.16000
-0.680000
-0.136000
0.272000
0.608000
0.880000
1.14200
1.47200
1.80700
1.95300
1.73900
1.07400
0.253000
-0.602000
-1.38400
-2.01500
-2.31600
-2.27300
-1.90800
-1.29600
-0.519000
0.248000
1.03000
1.66200
1.87500
1.59800
0.967000
0.185000
-0.636000
-1.27200
-1.82100
-2.05400
-1.97200
-1.46600
-0.762000
0.161000
1.54500
3.32700
4.11900
2.74000
1.19000
2.50000E-02
-0.796000
-1.33000
-1.74800
-1.75800
-1.87000
-1.89900
-1.85500
-1.77700
-1.77200
-1.61700
-1.29600
-0.850000
-0.262000
0.350000
1.07900
1.90900
2.67700
3.24500
3.13800
2.20100
1.07400
0.112000
-0.738000
-1.43700
-1.95700
-2.26800
-2.52000
-2.55000
-2.38000
-1.92300
-1.27200
-0.422000
0.622000
1.56400
2.10800
2.10800
1.81200
1.34600
0.778000
0.175000
-0.398000
-0.845000
-0.908000
-0.927000
-0.738000
-0.466000
-9.20000E-02
0.316000
0.758000
1.10300
1.24400
1.20000
0.938000
0.666000
0.287000
-0.106000
-0.427000
-0.534000
-0.558000
-0.519000
-0.408000
-0.179000
8.80000E-02
0.302000
0.326000
0.122000
-0.223000
-0.607000
-0.796000
-0.767000
-0.471000
-7.20000E-02
0.525000
1.44800
2.53100
3.23000
3.08900
2.19600
0.816000
-0.548000
-1.60200
-2.44300
-2.93800
-3.11300
-3.06000
-2.67100
-1.94700
-0.956000
0.525000
2.20600
3.74000
4.03700
3.15300
1.92400
0.734000
-0.155000
-0.850000
-1.32600
-1.31600
-1.22400
-1.07800
-0.922000
-0.670000
-0.378000
0.
0.428000
0.690000
0.802000
0.821000
0.792000
0.642000
0.476000
0.297000
0.132000
4.90000E-02
7.80000E-02
0.214000
0.433000
0.530000
0.603000
0.583000
0.331000
-3.40000E-02
-0.626000
-1.06300
-1.47600
-1.76800
-1.78700
-1.51000
-0.762000
0.282000
1.45800
2.33200
2.49200
2.07000
1.22400
0.408000
-0.184000
-0.665000
-0.995000
-1.04400
-1.18500
-1.14600
-0.942000
-0.519000
-0.136000
1.50000E-02
4.90000E-02
4.90000E-02
4.40000E-02
9.30000E-02
0.195000
0.408000
0.462000
0.413000
0.258000
1.50000E-02
-0.194000
-0.340000
-0.306000
-0.335000
-0.471000
-0.563000
-0.548000
-0.505000
-0.490000
-0.412000
-0.369000
-0.310000
-9.20000E-02
0.180000
0.744000
1.37000
1.89500
1.86100
1.34600
0.433000
-0.563000
-1.32600
-1.91300
-2.20000
-2.35500
-2.24800
-1.83600
-1.17000
-0.320000
0.666000
1.65700
2.23500
2.39000
2.18600
1.62800
0.821000
9.80000E-02
-0.412000
-0.723000
-0.840000
-0.820000
-0.563000
-0.310000
-0.301000
-0.417000
-0.432000
-0.461000
-0.524000
-0.514000
-0.364000
-5.30000E-02
0.214000
0.506000
0.797000
1.07400
1.33600
1.56900
1.76800
1.75900
1.39900
0.705000
-0.170000
-1.13100
-1.91300
-2.40900
-2.65200
-2.55400
-1.95700
-1.02900
5.90000E-02
1.11800
2.09400
2.53100
2.29800
1.77800
1.12700
0.549000
4.90000E-02
-0.422000
-0.772000
-0.874000
-1.09700
-1.18000
-1.19000
-1.01500
-0.796000
-0.505000
-0.306000
-6.30000E-02
0.146000
0.248000
0.272000
0.423000
0.768000
1.28800
1.78800
2.18600
2.40000
2.25900
1.71500
0.977000
0.248000
-0.466000
-1.28200
-2.19000
-2.84100
-3.09800
-3.19100
-3.13700
-2.77300
-1.97600
-0.913000
0.481000
2.22500
3.92000
4.66800
4.62900
3.70600
2.36100
0.933000
-0.315000
-1.30600
-2.21400
-2.54500
-2.72900
-2.79200
-2.70500
-2.56400
-2.41800
-1.95700
-1.43200
-0.922000
-0.408000
9.80000E-02
0.710000
1.51100
2.39500
3.12800
3.37100
3.25000
2.83200
1.89000
0.695000
-0.602000
-1.70900
-2.52000
-2.85100
-3.05000
-3.09800
-2.97700
-2.55400
-1.62700
-0.510000
0.506000
1.45800
2.09400
2.33700
2.21000
1.82200
1.21500
0.685000
0.452000
0.462000
0.462000
0.506000
0.243000
-3.40000E-02
-0.354000
-0.704000
-0.990000
-1.13100
-1.17000
-1.11700
-0.952000
-0.767000
-0.388000
0.219000
