# Reference: Mase, H. & Kirby, J.T. (1992). Hybrid frequency-domain KdV equation for random wave transformation. Proc. 23rd Int. Conf. Coastal Engineering (ASCE), 474-487.
# Source repo: https://github.com/fengyanshi/FUNWAVE-TVD  commit b4c322e7582035ee19df8e6409a3dfedaff1cb96, path benchmarks/car_mase_kirby/postprocessing/r2d050.dat
# (r2d470.dat also at benchmarks/car_mase_kirby/fft/r2d470.dat, same values to 4e-9, different formatting; it is the record used to drive the FUNWAVE wavemaker)
# Content: MEASURED surface elevation at the gauge in still-water depth h = 5.0 cm (file name r2dNNN = depth in mm; error_series.m: 'fnam(:,...)='r2d050.dat'' with
#   'h=[47 35 30 25 20 17.5 15 12.5 10 7.5 5 2.5]' in comp_mkskew.m and the plot labels 'h=35.0cm' ... 'h= 2.5cm' in comp_series.m).
# Column: (1) eta [cm], one sample per line, no time column.
#   Time step 0.05 s: error_series.m 'data_time=[0:length(gage_m)-1]*0.05;' and fft4wavemaker.m 'sample_frequency=0.05;' (used as the sampling interval, t=[0:..]*sample_frequency).
#   Units cm: fft4wavemaker.m 'scale_fac=0.01;' converts to m for the wavemaker; error_series.m compares std(data) with 'model(:,k-1)=gage(:,2)*100' (model m -> cm).
#   t = 0 at first sample; 15000 samples = 750 s. Time origin relative to wavemaker start is not documented.
# Geometry (FUNWAVE work/input.txt, model setup): 'DEPTH_FLAT = 0.47', 'SLP = 0.05' (1:20 slope), 'Xslp = 10.0' (slope toe at x = 10 m in the model frame), 'DX = 0.04'.
#   Model gauge positions (work/gauges_004.txt, grid index i, x=(i-1)*DX): 250 313 338 363 388 400 413 425 438 450 463 475 for h = 47 35 30 25 20 17.5 15 12.5 10 7.5 5 2.5 cm.
#   In a lab-independent form: gauge distance shoreward of the slope toe = (47 cm - h)/0.05 (follows from the stated depth and slope; lab x-coordinates are not in the repo).
# Waves: irregular; FUNWAVE uses 'PeakPeriod = 1.0' (spectrum details not stated in repo). Regular sampling -> original instrument record.
1.64300
1.34300
1.04900
0.527000
1.04000E-01
-3.00000E-02
-0.178000
-0.184000
4.30000E-02
0.141000
0.178000
6.20000E-02
1.30000E-02
0.
0.
-1.20000E-02
-1.20000E-02
-0.251000
-0.521000
-0.607000
-0.588000
-0.613000
-0.662000
-0.245000
0.779000
1.84500
2.06600
1.29400
0.583000
6.00000E-03
-0.227000
-0.435000
-0.637000
-0.711000
-0.735000
-0.723000
-0.576000
-0.472000
-0.374000
-0.263000
-0.178000
-0.220000
-0.245000
-0.135000
0.160000
0.583000
0.877000
0.938000
0.852000
0.607000
0.344000
8.60000E-02
-0.233000
-0.441000
-0.466000
-0.178000
0.368000
1.25100
2.89400
3.07100
1.55700
0.662000
0.264000
2.50000E-02
-0.282000
-0.515000
-0.619000
-0.668000
-0.692000
-0.607000
-0.625000
-0.662000
-0.699000
-0.711000
0.245000
1.42200
1.86400
1.30000
0.938000
0.767000
0.527000
0.160000
-0.110000
-0.220000
-0.269000
-0.331000
-0.496000
-0.705000
-0.797000
-0.956000
-0.999000
-1.18900
-1.20100
-1.47100
-1.55700
-1.41000
-0.594000
1.88200
0.926000
1.44700
1.20200
0.858000
0.638000
0.386000
9.80000E-02
-1.04000E-01
-0.300000
-0.509000
-0.607000
-0.668000
-0.723000
-0.699000
-0.662000
-0.791000
-1.03600
1.66200
2.00500
2.21900
1.93100
1.37300
1.03600
0.564000
0.166000
0.
-0.233000
-0.251000
-0.349000
-0.349000
-0.429000
-0.650000
-0.833000
-0.895000
-0.692000
-0.466000
1.03000
2.37300
2.48300
1.76600
1.11600
1.12800
0.981000
0.883000
0.785000
0.607000
0.319000
-1.04000E-01
-0.410000
-0.374000
-0.251000
-0.539000
-0.784000
-0.515000
-0.613000
-1.12800
-0.932000
-0.987000
-1.10900
-1.01100
-0.950000
0.736000
2.29300
2.41600
2.09700
2.25000
1.63700
1.41600
0.595000
0.166000
7.40000E-02
-0.227000
-0.380000
-0.478000
-0.466000
-0.588000
-0.840000
-0.889000
-0.889000
-1.00500
-1.19500
-1.39700
-1.41000
-1.17700
-1.09100
-1.23800
-0.686000
1.74100
2.20100
1.47100
0.619000
8.00000E-02
-8.60000E-02
-0.319000
-0.588000
-0.772000
-0.907000
-0.907000
-0.833000
-0.613000
-7.90000E-02
0.957000
1.58200
1.41000
0.797000
0.552000
0.638000
0.932000
1.02400
0.883000
0.736000
0.717000
0.760000
0.540000
0.417000
0.190000
-0.245000
-0.466000
-0.447000
-0.502000
-0.374000
-0.306000
-0.184000
4.90000E-02
1.14700
2.31100
2.39700
1.78400
1.34300
0.668000
0.117000
-7.30000E-02
-0.171000
-0.233000
-0.380000
-0.466000
-0.539000
-0.570000
-0.594000
-0.895000
-0.938000
-0.907000
-1.11500
-1.26300
-1.10300
-0.692000
1.34300
1.16500
0.871000
0.558000
0.111000
-0.122000
-0.233000
-0.202000
1.49600
2.20100
2.25600
1.54500
1.06100
0.613000
0.282000
1.30000E-02
-0.233000
-0.564000
-0.741000
-0.741000
-0.754000
-0.840000
-0.956000
-1.20100
-1.22600
-1.24400
-1.28700
-0.981000
0.460000
1.34300
1.22000
1.06700
0.466000
0.282000
7.40000E-02
-0.159000
-0.380000
-0.447000
-0.643000
-0.864000
-1.05400
-1.14000
-1.05400
-1.05400
-1.25000
-1.47100
-1.54500
-1.60000
-1.52000
-1.22000
0.123000
1.70400
1.30000
0.626000
0.147000
6.00000E-03
-6.00000E-03
0.190000
0.460000
0.668000
0.540000
0.282000
-4.90000E-02
-0.269000
-0.392000
-0.490000
-0.680000
-0.840000
-0.815000
-0.570000
-0.386000
-0.178000
0.331000
1.37300
1.93700
1.45900
0.564000
-5.50000E-02
-0.269000
-0.153000
-0.141000
-0.220000
-0.331000
-0.331000
-0.398000
-0.466000
-0.294000
-6.00000E-03
0.313000
0.717000
1.25100
1.75300
1.76000
1.65500
1.11600
0.540000
1.04000E-01
-0.153000
-0.319000
-0.460000
-0.502000
-0.588000
-0.650000
-0.797000
-0.882000
-0.496000
1.52100
1.68600
1.91900
1.45900
1.06700
0.552000
8.60000E-02
-0.135000
-0.257000
-0.417000
-0.692000
-0.938000
-1.01100
-1.01700
-1.25000
-1.41000
-1.44600
-1.32400
-1.15200
-0.594000
3.01600
2.47700
1.55700
0.963000
0.675000
0.405000
0.221000
1.30000E-02
-0.202000
-0.374000
-0.545000
-0.643000
-0.741000
-0.815000
-0.919000
-0.968000
-0.944000
-0.858000
-0.846000
-0.821000
-0.754000
-0.269000
2.15800
2.79600
2.32400
1.70400
0.908000
0.356000
0.147000
5.50000E-02
-0.147000
-0.196000
-0.325000
-0.502000
-0.625000
-0.876000
-1.03000
-1.11500
-1.06600
-1.06600
-1.17700
-1.28100
-1.34800
-1.40400
-1.52600
-1.49500
-0.907000
0.871000
1.77800
1.17700
0.901000
0.754000
0.239000
-0.276000
-0.374000
-0.227000
-0.417000
-0.392000
-0.171000
0.123000
0.319000
0.344000
0.466000
0.681000
0.411000
0.117000
3.10000E-02
3.70000E-02
1.30000E-02
-1.20000E-02
-4.90000E-02
0.147000
0.736000
1.22600
1.46500
1.40400
1.19000
0.901000
0.613000
0.295000
-1.20000E-02
-0.251000
-0.343000
-0.515000
-0.662000
-0.760000
-0.699000
-0.650000
-0.576000
-0.227000
0.736000
3.01600
2.32400
1.41600
0.638000
0.221000
-0.135000
-0.502000
-0.576000
-0.539000
-0.435000
-0.398000
-0.441000
-0.404000
-0.300000
-0.184000
-0.110000
-0.147000
-0.220000
-0.159000
-7.90000E-02
0.196000
1.06100
3.51900
2.91800
1.74100
0.895000
0.356000
-0.165000
-0.398000
-0.521000
-0.594000
-0.766000
-0.919000
-1.09100
-1.10300
-1.10300
-1.22000
-1.42800
-1.62400
-1.61800
-1.64900
-1.60000
-1.41000
-0.668000
2.30500
1.99900
1.23200
0.472000
-7.90000E-02
-0.398000
-0.600000
-0.754000
-0.809000
-0.870000
-0.981000
-1.07900
-1.17100
-1.25000
-1.29900
-1.37900
-1.28700
-0.613000
2.48900
1.98600
0.871000
2.50000E-02
-0.515000
-0.766000
-1.01100
-1.20700
-1.22000
-1.15200
-0.993000
-0.705000
-0.122000
0.803000
1.85800
2.25600
1.86400
1.06700
0.435000
6.20000E-02
-0.214000
-0.368000
-0.429000
-0.533000
-0.723000
-0.987000
-1.13400
-1.06000
-0.803000
1.59400
1.50800
1.45900
1.41000
0.779000
0.264000
-0.178000
-0.398000
-0.478000
-0.521000
-0.674000
-0.907000
-0.858000
-0.760000
-3.70000E-02
1.63100
2.42800
2.05400
1.67400
1.23900
0.693000
0.270000
-3.70000E-02
-0.306000
-0.466000
-0.515000
-0.545000
-0.594000
-0.705000
-0.668000
-0.699000
0.160000
2.01100
2.15800
2.09100
1.80900
1.52700
1.19600
0.889000
0.491000
0.196000
1.30000E-02
-0.135000
-0.153000
-0.355000
-0.564000
-0.643000
-0.840000
-0.962000
-0.993000
-1.09100
-1.29900
-1.26300
0.478000
1.07900
1.44700
1.55700
1.09800
0.576000
0.178000
8.60000E-02
7.40000E-02
-0.110000
-0.319000
-0.594000
-0.711000
-0.938000
-0.938000
-0.901000
-1.10900
-1.38500
-1.36100
-1.14000
-1.10300
-1.10300
-1.03000
-0.196000
1.87000
1.87000
1.49600
1.22600
0.944000
0.687000
0.724000
0.975000
1.20200
1.12200
1.04900
0.975000
0.834000
0.693000
0.552000
0.503000
0.196000
-9.80000E-02
-0.269000
-0.386000
-0.337000
-0.374000
-0.276000
0.209000
1.61200
4.26700
2.93000
1.86400
1.29400
0.981000
0.595000
0.337000
8.60000E-02
-3.00000E-02
-0.110000
-0.184000
-0.220000
-0.269000
-0.398000
-0.521000
-0.594000
-0.594000
-0.496000
-0.239000
1.31200
2.12100
2.01100
1.39800
0.828000
0.466000
0.319000
0.166000
-6.70000E-02
-0.153000
-0.282000
-0.337000
-0.502000
-0.748000
-1.01100
-0.962000
-0.987000
-0.864000
0.926000
1.75300
1.75300
1.50800
0.883000
0.344000
3.70000E-02
-0.398000
-0.417000
-0.435000
-0.711000
-0.803000
-0.846000
-0.944000
-1.10300
-1.25000
-1.21400
-1.18300
-1.17700
-1.15200
-1.06000
-0.251000
2.25600
2.73400
2.21900
1.63100
0.871000
0.307000
-0.122000
-0.294000
-0.368000
-0.276000
-0.276000
-0.460000
-0.564000
-0.588000
-0.656000
-0.772000
-0.833000
-0.840000
-0.643000
4.90000E-02
3.37800
2.45800
2.32400
1.75300
1.48400
1.09100
0.650000
0.221000
1.30000E-02
6.00000E-03
-3.00000E-02
-9.80000E-02
-0.294000
-0.453000
-0.576000
-0.650000
-0.791000
-0.882000
-1.15200
-1.28100
-1.23200
-1.08500
-1.10900
-0.895000
1.01800
1.58200
1.49600
1.21400
0.760000
0.393000
0.141000
-0.122000
-0.300000
-0.239000
-0.349000
-0.576000
-0.760000
-0.907000
-0.981000
-1.05400
-1.05400
-1.15200
-1.25600
-1.28100
-1.07300
-0.521000
2.08500
1.82100
0.785000
0.147000
2.50000E-02
-9.80000E-02
-0.368000
-0.447000
-0.325000
-0.122000
-1.20000E-02
-0.214000
-0.380000
-0.404000
-0.282000
-0.227000
-0.110000
-0.263000
-0.319000
-0.227000
4.30000E-02
0.276000
0.429000
0.601000
0.540000
0.356000
0.147000
5.50000E-02
-4.90000E-02
-0.294000
-0.398000
-0.361000
-0.276000
-8.60000E-02
0.307000
0.883000
1.52100
1.66800
1.32400
0.705000
0.221000
-4.30000E-02
-8.60000E-02
-0.269000
-0.527000
-0.735000
-0.827000
-0.840000
-0.815000
-0.840000
-0.797000
-0.699000
-0.171000
1.12800
2.66100
1.90700
0.944000
0.215000
-0.300000
-0.570000
-0.674000
-0.846000
-0.852000
-0.637000
-0.171000
0.564000
1.74100
1.98000
1.42200
0.693000
0.313000
1.30000E-02
-0.429000
-0.833000
-1.06600
-1.16400
-1.03000
-0.594000
0.448000
3.57400
2.93000
1.77800
0.779000
8.60000E-02
-0.202000
-0.325000
-0.392000
-0.404000
-0.453000
-0.404000
-0.478000
-0.699000
-0.962000
-1.15200
-1.21400
-1.17700
-0.864000
1.24500
1.51400
1.45900
1.43500
0.834000
0.393000
0.215000
-0.147000
-0.147000
-0.227000
-0.410000
-0.699000
-0.858000
-0.944000
-1.16400
-1.17700
-1.15200
-1.37900
-1.32400
-0.999000
1.31200
3.11400
2.38500
1.42200
0.822000
0.405000
0.190000
2.50000E-02
-4.90000E-02
-0.116000
-0.178000
-0.147000
-0.269000
-0.453000
-0.656000
-0.784000
-0.791000
-0.472000
1.27500
1.93100
1.42900
1.12200
1.05500
0.920000
0.650000
0.221000
3.70000E-02
-1.80000E-02
1.90000E-02
-0.227000
-0.564000
-0.570000
-0.600000
-0.735000
-0.735000
-0.858000
-1.15200
-1.32400
-1.37900
-1.34800
-1.30500
-0.987000
1.62500
2.16400
1.03000
0.687000
0.515000
0.460000
0.491000
-6.00000E-03
-0.545000
-0.533000
-0.306000
-0.337000
-0.417000
-0.392000
-0.245000
7.40000E-02
0.681000
1.63700
1.80900
1.51400
0.969000
0.282000
1.04000E-01
-0.527000
-0.588000
-0.539000
-0.539000
-0.619000
-0.815000
0.485000
2.28100
2.34200
1.91900
1.74100
1.45900
0.552000
0.166000
-1.80000E-02
-7.90000E-02
-2.40000E-02
-0.202000
-0.460000
-0.754000
-1.01700
-1.03000
-1.10900
-1.02300
-1.15800
-1.28100
-1.35500
-1.38500
-1.26300
-0.968000
1.54500
2.29300
2.04800
1.04200
0.264000
-0.202000
-0.447000
-0.551000
-0.527000
-0.551000
-0.478000
-0.466000
-0.662000
-0.840000
-0.950000
-0.987000
-0.974000
-0.913000
-0.545000
0.380000
1.79600
1.88800
0.920000
9.80000E-02
-0.423000
-0.717000
-0.913000
-1.07300
-1.15200
-1.15800
-1.22600
-1.33600
-1.23800
-0.870000
9.20000E-02
1.76000
2.01700
1.17700
0.442000
9.80000E-02
9.80000E-02
-1.20000E-02
-0.257000
-0.625000
-0.809000
-0.840000
-0.913000
-1.06600
-1.00500
-0.907000
-0.760000
-0.490000
5.50000E-02
1.19600
1.93100
1.99300
1.93700
1.73500
1.22600
0.626000
9.20000E-02
-0.245000
-0.441000
-0.521000
-0.600000
-0.686000
-0.760000
-0.833000
-0.876000
-0.913000
-0.907000
-0.803000
-7.30000E-02
4.43200
4.74500
3.27400
1.64300
0.736000
0.393000
0.141000
6.80000E-02
-7.30000E-02
-0.171000
-0.245000
-0.331000
-0.441000
-0.600000
-0.821000
-1.01100
-1.23200
-1.37300
-1.41600
-1.41000
-1.12800
0.834000
0.564000
0.932000
0.871000
0.668000
0.558000
0.393000
1.90000E-02
-0.220000
-0.257000
-0.398000
-0.631000
-0.735000
-0.797000
-0.956000
-1.01700
-0.932000
1.49600
1.74100
1.51400
1.22600
0.828000
0.362000
5.50000E-02
-0.171000
-0.306000
-0.441000
-0.576000
-0.521000
1.53900
2.48300
2.61200
1.96200
1.53300
0.981000
0.534000
0.264000
0.288000
0.276000
4.90000E-02
-0.435000
-0.551000
-0.699000
-0.668000
-0.662000
-0.864000
-0.956000
-0.876000
-0.809000
-0.110000
1.68000
2.54400
2.99800
1.91900
1.39200
1.06100
0.644000
0.233000
0.
-0.147000
-0.184000
-0.190000
-0.325000
-0.460000
-0.582000
-0.643000
-0.607000
-0.699000
-0.968000
-1.17700
-1.15200
-0.987000
-1.03600
0.454000
2.80800
2.48900
2.15800
1.69200
1.07900
0.595000
0.245000
-4.90000E-02
-0.294000
-0.502000
-0.650000
-0.760000
-1.05400
-0.987000
-0.938000
-0.858000
-1.00500
-1.03000
0.380000
1.92500
1.56300
1.15300
0.803000
0.393000
0.117000
-1.20000E-02
-0.184000
-0.417000
-0.748000
-0.833000
-0.791000
-0.760000
-0.876000
-0.993000
-0.705000
-0.245000
0.834000
2.96700
3.58000
3.34100
2.61800
1.85800
1.26300
0.858000
0.540000
0.307000
8.60000E-02
-0.171000
-0.417000
-0.472000
-0.509000
-0.588000
-0.760000
-0.895000
-0.993000
-1.17700
-1.23200
-1.20700
-1.28100
-1.35500
-0.619000
0.393000
0.957000
1.10400
0.705000
0.491000
0.239000
6.80000E-02
-7.90000E-02
-0.404000
-0.650000
-0.821000
-0.772000
-0.840000
-1.03600
-0.950000
-0.938000
-0.735000
-7.30000E-02
0.466000
0.975000
0.662000
4.90000E-02
-0.263000
-0.251000
-6.10000E-02
1.92500
2.90600
2.20100
1.32400
0.889000
0.730000
0.534000
0.215000
-0.147000
-0.625000
-0.821000
-0.735000
-0.588000
-0.619000
-0.692000
-0.833000
-0.919000
-1.06600
-1.27500
-1.20700
0.417000
1.85800
2.10300
1.67400
1.04200
0.454000
0.135000
-0.147000
-0.300000
-0.496000
-0.533000
-0.852000
-1.03000
-1.09100
-1.09100
-0.968000
-1.06600
-1.20700
-1.33000
-1.39100
-1.24400
-0.962000
-0.600000
0.221000
1.20200
1.60000
1.29400
0.662000
0.166000
3.70000E-02
2.50000E-02
4.90000E-02
4.30000E-02
6.20000E-02
0.485000
0.926000
1.10400
0.981000
0.576000
0.245000
-1.80000E-02
-0.331000
-0.791000
-0.876000
-0.956000
-1.14600
-1.16400
-1.01700
-0.417000
3.40200
3.23700
2.34800
1.44700
0.914000
0.626000
0.331000
4.90000E-02
-0.220000
-0.398000
-0.570000
-0.650000
-0.735000
-0.925000
-1.05400
-1.06600
-0.858000
1.68000
2.37300
1.46500
1.15900
0.926000
0.871000
0.699000
0.435000
0.282000
8.60000E-02
-0.178000
-0.447000
-0.521000
-0.374000
-0.551000
-0.944000
-1.10300
-1.03600
-0.962000
-2.40000E-02
1.65500
1.39800
1.35500
1.32400
0.975000
0.797000
0.564000
0.386000
0.123000
-0.220000
-0.453000
-0.429000
-0.527000
-0.760000
-0.864000
-0.882000
-0.962000
-1.23200
-1.30500
-1.28700
-1.04200
0.797000
1.33700
1.04200
0.711000
0.337000
0.344000
0.233000
-2.40000E-02
-7.30000E-02
0.638000
2.03500
2.47100
2.10300
1.49000
0.754000
0.233000
-1.20000E-02
-0.233000
-0.441000
-0.392000
-0.245000
0.264000
2.96100
3.21200
3.17600
2.57500
1.97400
1.60000
1.14700
0.736000
0.448000
0.215000
6.20000E-02
9.80000E-02
-1.80000E-02
-0.502000
-0.692000
-0.490000
-0.441000
-0.619000
-0.600000
-0.662000
-0.809000
-0.919000
-0.784000
-0.466000
1.73500
2.10300
1.90100
1.64900
1.11600
0.944000
0.797000
0.442000
0.215000
0.147000
-0.171000
-0.214000
-0.135000
-0.325000
-0.539000
-0.711000
-0.748000
-0.791000
-0.913000
-0.987000
-1.09100
-1.25000
-1.41000
-1.37300
-1.15800
0.196000
0.779000
1.25700
1.16500
0.969000
0.552000
0.147000
-9.80000E-02
4.90000E-02
-5.50000E-02
-0.153000
-0.269000
-0.196000
-0.233000
-0.208000
-0.110000
-1.20000E-02
-5.50000E-02
-0.202000
-0.263000
-0.533000
-0.699000
-0.833000
-0.882000
-0.870000
-0.791000
-9.20000E-02
2.52600
1.98600
1.19600
0.748000
0.454000
0.
-0.325000
-0.466000
-0.637000
-0.778000
-0.711000
-0.717000
-0.760000
-0.760000
-0.576000
-0.423000
-0.220000
0.736000
2.52000
2.52600
1.53900
0.742000
0.331000
0.
-0.227000
-0.380000
-0.441000
-0.368000
-0.251000
-0.441000
-0.650000
-0.625000
-0.343000
2.33000
3.45200
2.64800
1.93100
1.17100
0.442000
-6.10000E-02
-0.410000
-0.551000
-0.735000
-0.815000
-1.00500
-1.18300
-1.22000
-1.32400
-1.42800
-1.52600
-1.67900
-1.77700
-1.72800
-1.29900
0.975000
0.975000
0.705000
0.344000
0.460000
0.258000
-4.30000E-02
-0.502000
-0.882000
-1.04200
-1.15200
-1.26900
-1.37900
-1.55100
-1.60000
-1.59400
-1.66100
-1.76500
-1.79000
-1.59400
-1.44600
-0.325000
1.51400
0.785000
8.60000E-02
-0.404000
-0.478000
-0.282000
9.80000E-02
0.613000
1.22600
1.61200
1.57000
1.07900
0.319000
-3.70000E-02
-0.184000
-0.306000
-0.472000
-0.643000
-0.876000
-1.17700
-1.26300
-1.14000
-1.01100
-0.711000
1.26300
1.50800
0.975000
0.337000
-6.00000E-03
-7.90000E-02
-0.502000
-1.00500
-0.784000
-0.294000
0.681000
2.38500
2.86300
1.80900
0.828000
0.215000
-0.128000
-0.282000
-0.368000
-0.398000
-0.435000
-0.521000
-0.429000
-0.257000
-0.165000
-6.10000E-02
7.40000E-02
0.221000
0.552000
1.19600
2.08500
2.96700
2.91800
2.14600
1.25100
0.540000
0.258000
0.154000
6.20000E-02
-3.00000E-02
-9.20000E-02
-0.116000
-0.165000
-0.220000
-0.361000
-0.539000
-0.662000
-0.766000
-0.913000
-1.09100
-0.135000
1.38600
1.70400
1.66800
1.39800
0.975000
0.534000
8.00000E-02
-8.60000E-02
-0.208000
-0.392000
-0.594000
-0.699000
-0.564000
-0.539000
-0.545000
-0.539000
-0.631000
-0.809000
-1.04200
-1.11500
-1.00500
-1.10900
-0.987000
-0.741000
-0.227000
1.83900
2.72200
1.72300
0.871000
0.362000
0.270000
0.368000
0.190000
-0.208000
-0.343000
-7.90000E-02
0.196000
0.344000
0.337000
0.276000
0.307000
0.239000
6.80000E-02
-0.178000
-0.380000
-0.502000
-0.662000
-0.815000
-0.858000
-0.833000
0.276000
1.94400
2.58700
2.27500
1.42200
0.601000
7.40000E-02
-0.153000
-0.147000
-0.361000
-0.429000
-0.613000
-0.735000
-0.637000
-0.551000
-0.447000
-0.643000
-0.815000
-0.741000
-0.570000
-0.551000
-0.625000
-0.699000
-0.472000
-0.178000
0.227000
0.803000
1.64300
2.33000
2.30500
1.71100
1.08500
0.699000
0.405000
0.258000
0.196000
1.04000E-01
-9.20000E-02
-0.220000
-0.404000
-0.576000
-0.674000
-0.723000
-0.766000
-0.864000
-1.08500
-1.23200
-1.23800
-0.895000
-0.159000
2.85700
2.49500
1.71100
0.840000
0.288000
-4.30000E-02
-0.220000
-0.306000
-0.245000
-0.147000
-0.257000
-0.478000
-0.680000
-0.858000
-1.01100
-1.15800
-1.26300
-1.39700
-1.38500
-1.39700
-1.33000
0.619000
2.47100
2.60600
1.95000
1.12200
0.276000
-0.159000
-0.404000
-0.527000
-0.668000
-0.741000
-0.797000
-0.809000
-0.858000
-0.993000
-1.12200
-1.16400
-1.16400
-1.18300
-1.33000
-1.41600
-1.28100
-0.840000
0.613000
3.83800
2.88100
1.99300
1.61200
1.34300
1.00600
0.534000
5.50000E-02
-0.251000
-0.404000
-0.502000
-0.650000
-0.803000
-0.956000
-1.07900
-1.13400
-1.20700
-1.26300
-1.37300
-1.57500
-1.66700
-1.43400
1.43500
1.90700
1.69200
1.30000
1.01800
0.675000
0.319000
-3.70000E-02
-0.325000
-0.386000
-0.423000
-0.545000
-0.741000
-0.662000
-0.564000
-0.600000
-0.821000
-1.04200
-0.981000
-0.987000
-1.09700
-1.13400
-1.09100
-1.03600
-0.527000
2.61200
2.68500
1.82700
1.10400
0.460000
-3.00000E-02
-0.245000
-0.269000
-0.306000
-0.527000
-0.784000
-0.741000
-0.545000
-0.251000
0.411000
1.85200
1.88200
1.36100
0.834000
0.552000
0.117000
-7.30000E-02
-0.288000
-0.392000
-0.619000
-0.858000
-0.932000
-0.968000
-0.987000
-1.08500
-0.889000
2.01700
2.50100
1.55700
1.31200
1.41600
0.975000
0.141000
-0.325000
-0.386000
-0.306000
-0.392000
-0.453000
-0.453000
-0.245000
-0.282000
-0.374000
-0.515000
-0.515000
-0.496000
-0.435000
-0.147000
0.399000
1.23200
1.59400
1.31800
0.883000
0.558000
0.411000
0.123000
0.147000
0.405000
1.38600
2.55000
2.36000
1.22000
0.313000
2.50000E-02
-7.90000E-02
-0.509000
-0.699000
-0.515000
-0.490000
-0.490000
-0.368000
-0.423000
-0.521000
-0.527000
-0.410000
-8.60000E-02
1.25100
4.14400
2.74000
1.83300
1.14700
0.865000
0.717000
0.552000
0.491000
0.466000
0.258000
-7.90000E-02
-0.447000
-0.729000
-0.925000
-1.10300
-1.36100
-1.54500
-1.34800
-1.03600
2.61800
3.84400
3.50700
2.61200
1.72900
1.14000
0.705000
0.448000
0.190000
1.90000E-02
-0.147000
-0.404000
-0.564000
-0.705000
-0.815000
-0.889000
-0.987000
-1.13400
-1.28100
-1.37300
-1.38500
-1.26300
-0.564000
2.01700
1.95600
2.08500
1.68600
1.19600
0.901000
0.619000
0.386000
0.
-0.337000
-0.545000
-0.637000
-0.521000
-0.478000
-0.699000
-0.815000
-0.870000
-0.876000
-0.766000
-1.04800
-1.22600
-1.17700
-1.26300
-1.42200
-1.39100
-1.28100
-1.28100
-1.19500
-0.778000
1.00600
1.15900
0.797000
0.393000
2.50000E-02
-0.227000
-0.251000
-0.349000
-0.637000
-0.650000
-0.699000
-0.870000
-0.735000
-0.809000
-0.692000
-0.490000
1.31200
2.02900
1.80300
1.05500
0.435000
-1.20000E-02
-0.153000
-0.294000
-0.331000
-0.263000
-0.306000
-0.417000
-0.343000
0.111000
2.76500
2.45800
2.06600
1.42900
0.932000
0.540000
0.239000
9.80000E-02
-0.202000
-0.472000
-0.429000
-0.668000
-0.699000
-0.772000
-0.766000
-0.784000
-0.741000
-0.656000
-0.509000
-3.00000E-02
1.23200
2.83200
3.49400
3.62900
2.56900
1.88800
1.16500
0.503000
0.270000
0.160000
-6.70000E-02
-0.312000
-0.435000
-0.545000
-0.570000
-0.613000
-0.735000
-0.907000
-1.14000
-1.29900
-1.42800
-1.44600
-0.257000
0.908000
0.858000
0.846000
0.638000
0.583000
0.460000
0.245000
-0.147000
-0.441000
-0.588000
-0.588000
-1.03000
-1.22000
-1.29300
-1.34800
-1.33600
-1.41000
-1.52000
-1.55700
-0.527000
1.51400
1.58800
0.705000
-0.128000
-0.404000
-0.502000
-0.551000
-0.472000
-0.594000
-0.938000
-1.04200
-1.12200
-0.846000
-0.882000
-1.16400
-1.28100
-1.01100
1.78400
3.02200
2.37900
1.81500
0.846000
0.190000
-0.178000
-0.349000
-0.398000
-0.429000
-0.404000
-0.453000
-0.478000
-0.545000
-0.668000
-0.809000
-0.974000
-1.14000
-1.28700
-1.48300
-1.60600
-1.50800
0.742000
1.12200
1.13400
1.00600
0.748000
0.583000
0.607000
0.932000
1.88200
3.37800
2.67900
1.72900
0.957000
0.589000
0.454000
0.337000
0.337000
0.478000
0.307000
3.10000E-02
-6.10000E-02
-0.147000
-0.294000
-0.398000
-0.417000
-0.208000
1.50200
2.66100
2.61200
2.07200
1.88800
1.57000
1.09800
0.589000
0.233000
6.20000E-02
-1.20000E-02
1.30000E-02
-0.441000
-0.564000
-0.619000
-0.852000
-0.919000
-1.06600
-1.09100
-1.12800
-1.23200
-1.39700
-1.29300
0.607000
1.80300
1.80300
1.37300
0.736000
0.221000
-7.90000E-02
-0.202000
-0.349000
-0.760000
-1.02300
-0.870000
-0.833000
-0.919000
-1.10300
-1.01100
-1.06000
-1.10300
-1.20100
-1.27500
-1.32400
-1.24400
-1.15800
-0.925000
-0.410000
0.448000
1.03000
1.11600
0.803000
0.466000
0.374000
0.393000
0.337000
0.282000
0.245000
0.245000
0.307000
0.123000
5.50000E-02
0.147000
0.245000
0.319000
0.282000
0.331000
0.295000
-5.50000E-02
-0.447000
-0.515000
-0.521000
-0.263000
0.380000
2.80800
2.83900
1.85800
0.901000
0.307000
3.70000E-02
-0.147000
-0.331000
-0.453000
-0.680000
-0.840000
-0.852000
-0.944000
-1.05400
-1.15200
-1.27500
-1.55100
-1.64300
-1.49500
-1.17700
1.55100
1.43500
1.19000
0.656000
0.123000
-0.251000
-0.404000
-0.662000
-0.944000
-1.09100
-0.791000
-0.551000
-0.374000
-0.153000
6.80000E-02
3.10000E-02
1.30000E-02
3.70000E-02
7.40000E-02
0.141000
0.166000
0.117000
-9.20000E-02
-0.423000
-0.588000
-0.527000
-0.490000
-0.276000
0.773000
2.66700
1.66200
0.601000
-6.10000E-02
-0.502000
-0.711000
-0.962000
-1.10900
-1.17100
-1.20700
-1.20100
-1.17700
-1.01100
-0.502000
0.362000
1.36700
1.29400
0.675000
0.221000
0.196000
0.583000
1.72300
2.94300
3.06500
2.32400
1.58200
0.932000
0.454000
0.196000
0.
-0.202000
-0.368000
-0.637000
-0.907000
-0.932000
-0.944000
-0.956000
-0.932000
-0.889000
-0.797000
0.172000
1.80300
1.44700
1.26900
1.12800
1.03000
0.724000
0.411000
0.209000
6.20000E-02
-8.60000E-02
-0.202000
-0.325000
-0.509000
-0.613000
-0.650000
-0.919000
-0.932000
-1.09700
-1.15800
-1.17700
-1.36700
-1.22600
0.552000
1.37300
1.74100
1.52100
0.926000
0.460000
0.215000
-7.30000E-02
-0.269000
-0.153000
-0.122000
-0.521000
-0.809000
-0.797000
-0.502000
-0.662000
-0.852000
-0.833000
-0.913000
-0.993000
-0.956000
-0.919000
-0.674000
-0.141000
2.25000
1.90700
0.950000
0.282000
-6.10000E-02
-0.404000
-0.551000
-0.686000
-0.840000
-0.858000
-0.662000
-2.40000E-02
0.981000
3.01600
2.26200
1.31800
0.773000
0.209000
-0.239000
-0.398000
-0.386000
-0.276000
-0.178000
0.
0.160000
9.80000E-02
-4.90000E-02
-9.80000E-02
-8.60000E-02
-5.50000E-02
9.80000E-02
1.20800
2.89400
2.71000
2.06000
1.83900
1.61900
0.999000
0.282000
-7.30000E-02
-0.233000
-0.245000
-0.202000
-0.190000
-0.288000
-0.515000
-0.705000
-0.760000
-0.717000
-0.870000
-1.03000
-1.10300
-1.16400
-1.22600
0.454000
2.17000
2.54400
1.69800
1.26900
0.932000
0.362000
-0.147000
-0.545000
-0.919000
-0.925000
-0.901000
-0.858000
-1.14000
-1.17700
-1.15200
-1.28100
-1.40400
-1.45300
-1.54500
-1.44600
-1.09100
-0.502000
0.816000
1.78400
1.24500
0.742000
0.767000
1.31200
1.80300
1.64300
1.09800
0.619000
0.521000
0.429000
0.564000
0.797000
0.901000
0.730000
0.460000
8.60000E-02
-0.233000
-0.564000
-0.791000
-0.882000
-0.864000
-0.815000
-0.741000
-0.748000
3.06500
2.36600
1.86400
1.81500
1.31800
0.730000
0.380000
8.60000E-02
-7.90000E-02
-0.319000
-0.582000
-0.594000
-0.643000
-0.680000
-0.539000
-0.650000
-0.962000
-1.33000
-1.31800
-1.23200
-1.31800
-1.12800
0.282000
1.68600
1.53900
1.20200
0.999000
0.466000
0.454000
8.00000E-02
2.50000E-02
-2.40000E-02
-0.374000
-0.692000
-0.913000
-0.950000
-0.944000
-1.15200
-0.987000
-1.29300
-1.01100
1.04900
1.12800
1.39800
1.37300
0.993000
0.638000
0.295000
0.147000
-4.30000E-02
-0.257000
-0.306000
-0.386000
-0.306000
-0.294000
-0.564000
-0.705000
-0.766000
-1.09700
-1.20100
-1.29900
-1.33000
-1.30500
-0.827000
1.25100
1.95000
1.50800
0.920000
0.245000
-0.343000
-0.509000
-0.594000
-0.717000
-0.846000
-0.846000
-0.846000
-0.441000
-0.202000
1.06100
3.24900
2.14600
1.04200
0.295000
-0.122000
-0.374000
-0.619000
-0.852000
-0.944000
-1.04200
-1.01700
-0.907000
0.662000
1.93100
1.88800
1.44700
0.957000
0.540000
0.264000
6.20000E-02
9.20000E-02
-1.20000E-02
-0.282000
-0.269000
-7.90000E-02
0.154000
0.337000
0.264000
0.147000
-0.178000
-0.380000
-0.368000
-0.122000
0.497000
4.08900
3.25500
2.17600
1.06700
0.576000
0.233000
-7.90000E-02
-0.276000
-0.490000
-0.631000
-0.735000
-0.772000
-0.784000
-0.932000
-1.03600
-1.10900
-1.14600
-0.159000
1.47100
1.99900
1.11600
0.607000
0.576000
5.50000E-02
-0.208000
-0.343000
-0.368000
-0.717000
-0.913000
-1.00500
-0.932000
-1.07900
-1.16400
-1.34800
-1.28100
-1.33000
-1.42800
-1.58100
-1.48300
-1.23800
-0.490000
2.49500
2.82000
1.68600
0.675000
0.129000
-3.00000E-02
-8.60000E-02
-0.171000
-0.398000
-0.643000
-0.760000
-0.821000
-0.784000
-0.723000
-0.539000
-0.472000
9.20000E-02
1.85800
3.43900
2.62400
1.72900
0.901000
0.344000
-1.20000E-02
-0.227000
-0.331000
-0.392000
-0.417000
-0.515000
-0.662000
-0.717000
-0.466000
2.01100
2.82000
2.17000
1.53300
1.49000
0.754000
0.558000
0.264000
0.258000
-6.10000E-02
-0.515000
-0.594000
-0.662000
-0.607000
-0.631000
-0.674000
-0.797000
-0.981000
-1.15800
-1.03600
-1.07900
-1.07300
-0.901000
-0.564000
0.135000
1.81500
1.86400
1.56300
1.17100
0.999000
1.43500
3.40900
3.25500
2.05400
1.05500
0.442000
-7.30000E-02
-0.392000
-0.576000
-0.662000
-0.637000
-0.607000
-0.803000
-1.00500
-1.10300
-1.15200
-1.22600
-1.18300
-1.28100
-1.42800
-1.55100
-1.50800
-1.00500
1.20800
1.31800
1.03000
0.442000
-0.147000
-0.699000
-1.00500
-0.846000
-0.300000
0.644000
1.85200
1.81500
0.908000
0.270000
8.00000E-02
0.172000
0.239000
0.221000
3.70000E-02
-0.257000
-0.594000
-0.717000
-0.410000
1.16500
2.28100
2.10900
1.71700
1.37300
1.14700
0.730000
0.264000
3.70000E-02
-1.20000E-02
-0.171000
-0.288000
-0.325000
-0.564000
-0.631000
-0.846000
-0.858000
-0.919000
-0.913000
-0.570000
1.12800
1.82100
1.45900
1.06700
1.00600
0.809000
0.632000
0.460000
8.60000E-02
-8.60000E-02
-0.220000
-0.300000
-0.423000
-0.619000
-0.840000
-0.858000
-1.04200
-1.11500
-1.14600
-1.22000
-6.00000E-03
1.68000
2.34200
1.97400
1.57000
1.28100
0.865000
0.619000
0.307000
0.123000
-2.40000E-02
-9.20000E-02
-0.153000
-0.276000
-0.312000
-0.551000
-0.699000
-0.846000
-1.02300
-1.15800
-1.12800
-1.20100
-0.600000
1.54500
1.11600
1.05500
1.19600
0.871000
0.668000
0.454000
0.160000
-0.233000
-0.337000
-0.570000
-0.558000
-0.558000
-0.760000
-0.650000
-0.594000
0.705000
2.25000
2.01700
1.82100
1.41000
1.00600
0.699000
0.190000
4.30000E-02
-0.116000
-0.435000
-0.650000
-0.748000
-0.662000
-0.551000
-0.490000
-0.484000
-0.239000
0.668000
3.88700
3.53100
2.52600
1.68600
0.981000
0.442000
0.172000
0.147000
-2.40000E-02
-0.257000
-0.539000
-0.643000
-0.607000
-0.564000
-0.502000
-0.699000
-0.833000
-0.987000
-1.23200
-1.33000
0.576000
2.18300
1.99900
1.46500
1.04900
0.583000
0.368000
0.196000
-7.30000E-02
-0.368000
-0.551000
-0.692000
-0.607000
-0.521000
-0.539000
-0.404000
-0.515000
-0.588000
-0.564000
-0.251000
2.42200
2.38500
1.95000
1.82700
1.26300
0.834000
0.485000
0.393000
9.20000E-02
-0.429000
-0.545000
-0.417000
-0.453000
-0.545000
-0.643000
-0.686000
-0.674000
-0.748000
-0.478000
-0.122000
0.865000
2.69100
2.12700
1.49000
1.13400
0.871000
0.564000
0.264000
0.245000
0.215000
-2.40000E-02
-0.208000
-0.368000
-0.319000
-0.343000
-0.447000
-0.692000
-0.852000
-0.962000
-0.993000
-0.809000
-0.545000
1.02400
1.96800
1.30000
1.29400
1.06700
0.417000
6.20000E-02
0.123000
1.04000E-01
-7.90000E-02
-0.251000
-0.368000
-0.460000
-0.502000
-0.686000
-0.717000
9.80000E-02
2.03500
1.97400
1.52100
1.34900
1.22000
1.02400
0.601000
0.362000
0.215000
0.166000
7.40000E-02
-0.147000
-0.294000
-0.496000
-0.447000
-0.717000
-0.686000
-0.460000
-0.361000
0.307000
4.16900
3.89900
2.63000
1.71700
1.21400
0.822000
0.503000
0.442000
0.466000
0.239000
2.50000E-02
-0.165000
-0.269000
-0.355000
-0.417000
-0.545000
-0.815000
-1.06000
-1.12200
-1.04200
-0.705000
0.724000
1.53900
1.71100
1.36700
1.08500
0.920000
0.711000
0.466000
0.270000
6.80000E-02
-0.153000
-0.349000
-0.515000
-0.600000
-0.613000
-0.797000
-0.981000
-1.18300
-1.23200
-1.27500
-1.33600
0.178000
0.944000
1.76000
1.30000
1.22000
0.957000
0.570000
0.552000
0.527000
0.675000
0.478000
0.239000
4.30000E-02
-0.239000
-0.539000
-0.699000
-0.686000
-0.625000
-0.735000
-1.03600
-1.10900
-0.932000
-1.09100
-1.18900
-0.993000
1.59400
1.62500
1.53300
1.34900
1.20200
0.938000
0.846000
0.736000
0.233000
1.30000E-02
-0.227000
-0.643000
-0.643000
-0.239000
-0.423000
-0.833000
-1.06600
-1.10300
-0.925000
-0.913000
-1.01100
-1.15800
-1.23800
-1.32400
-1.26300
-1.34800
-1.37900
-1.62400
-1.46500
0.215000
1.09100
1.25100
0.999000
0.675000
0.515000
0.362000
0.411000
0.816000
1.15300
1.42200
1.81500
1.22000
0.730000
0.252000
-5.50000E-02
-0.135000
-0.239000
-0.662000
-0.711000
-0.643000
-0.956000
-1.08500
-1.06000
-0.932000
-1.04200
-0.147000
1.47100
1.36700
1.10400
0.883000
0.675000
0.319000
-1.20000E-02
-0.196000
-0.349000
-0.619000
-0.901000
-0.882000
-0.870000
-0.846000
-0.723000
-0.515000
-0.153000
0.497000
0.791000
0.417000
-0.122000
-0.392000
-0.398000
-0.392000
-0.251000
-7.30000E-02
8.60000E-02
0.331000
0.828000
1.28800
0.908000
0.374000
8.60000E-02
3.70000E-02
2.50000E-02
0.160000
0.295000
0.344000
0.374000
0.313000
0.221000
0.147000
-1.20000E-02
-0.128000
-0.122000
-7.90000E-02
2.50000E-02
0.252000
0.429000
0.724000
0.852000
0.816000
0.491000
0.135000
-0.135000
-0.294000
-0.368000
-0.417000
-0.472000
-0.539000
-0.392000
-0.202000
0.454000
1.69800
2.55700
1.68600
0.803000
0.209000
-0.122000
-0.294000
-0.374000
-0.319000
-0.159000
-7.30000E-02
-9.80000E-02
-0.220000
-0.319000
-0.490000
-0.594000
-0.668000
-0.833000
-0.907000
-0.821000
-0.521000
0.435000
3.62900
2.71600
1.41600
0.405000
-4.90000E-02
-0.245000
-0.410000
-0.594000
-0.766000
-0.876000
-0.956000
-0.950000
-0.981000
-1.07900
-1.29900
-1.52000
-1.59400
-1.43400
-1.17700
1.90700
2.37300
2.36000
1.65500
0.846000
0.123000
-0.319000
-0.545000
-0.594000
-0.515000
-0.441000
-0.380000
-0.447000
-0.643000
-0.938000
-1.08500
-1.04200
-0.956000
-0.637000
2.20700
2.26200
1.91300
0.871000
0.564000
0.429000
4.90000E-02
-0.441000
-0.417000
-0.319000
-0.404000
-0.625000
-0.784000
-0.551000
-9.80000E-02
0.393000
1.24500
2.29900
2.82000
2.74700
2.40300
1.85200
1.24500
0.693000
0.337000
3.10000E-02
-0.233000
-0.429000
-0.368000
-9.80000E-02
-0.141000
-0.319000
-0.404000
-0.453000
-0.539000
-0.398000
1.15300
1.57000
1.71700
1.69200
1.34900
0.858000
0.491000
0.368000
0.362000
0.245000
6.80000E-02
-3.70000E-02
-0.159000
-0.392000
-0.570000
-0.754000
-0.803000
-0.803000
-0.907000
-0.852000
0.368000
1.51400
1.62500
1.24500
1.03000
0.883000
0.681000
0.613000
0.638000
0.350000
8.60000E-02
-6.70000E-02
-0.196000
-0.392000
-0.594000
-0.692000
-0.840000
-0.993000
-1.01100
-1.18900
-1.29900
-1.27500
-1.12800
-1.22000
-0.993000
0.865000
1.04200
1.03000
0.803000
0.497000
0.478000
0.147000
8.60000E-02
1.30000E-02
-0.447000
-0.882000
-0.705000
-0.619000
-0.760000
-0.944000
-0.827000
-0.637000
-0.349000
-7.90000E-02
0.380000
0.442000
0.393000
0.491000
0.760000
0.754000
0.926000
1.04900
0.920000
0.552000
0.417000
0.448000
0.264000
4.30000E-02
-0.208000
-0.319000
-0.478000
-0.643000
-0.692000
-0.460000
0.166000
1.64900
2.85700
1.95600
1.03000
0.564000
0.239000
-0.190000
-0.576000
-0.699000
-0.551000
-0.417000
-0.276000
-0.110000
0.399000
1.60600
3.06500
2.74000
1.76600
0.828000
0.239000
-4.30000E-02
-0.220000
-0.368000
-0.545000
-0.662000
-0.686000
-0.833000
-1.03600
-1.21400
-1.25000
-1.09100
1.66200
1.86400
1.78400
1.03600
0.393000
4.90000E-02
-0.245000
-0.490000
-0.619000
-0.766000
-0.864000
-0.993000
-1.03000
-1.04200
-1.20100
-1.37900
-1.52000
-1.52600
-1.48300
-1.18900
1.11600
2.81400
1.66800
0.534000
-0.227000
-0.600000
-0.674000
-0.686000
-0.895000
-0.987000
-0.766000
-0.619000
-0.735000
-1.01700
-1.32400
-1.44600
-1.37900
-1.23200
-1.08500
-0.674000
0.325000
1.88800
1.63100
1.03000
0.509000
0.368000
0.478000
0.601000
0.515000
0.356000
0.141000
-0.202000
-0.263000
-0.153000
-0.239000
-0.466000
-0.637000
-0.668000
-0.735000
-0.852000
-0.833000
-0.502000
0.307000
1.90100
3.43300
2.74000
1.93100
1.22000
0.932000
0.871000
0.957000
1.06100
1.22000
1.06100
0.760000
0.380000
0.
-0.441000
-0.637000
-0.692000
-0.797000
-0.876000
-0.901000
-0.882000
-0.717000
1.33700
1.69200
1.61200
1.29400
1.25100
1.15300
0.687000
0.276000
0.123000
-4.90000E-02
-0.257000
-0.282000
-0.466000
-0.772000
-0.864000
-0.741000
-0.962000
-1.24400
-1.43400
-1.28700
-1.24400
-1.42800
-1.35500
0.172000
0.662000
0.282000
0.258000
0.190000
0.215000
0.166000
0.638000
2.62400
2.47700
1.80900
1.03000
0.442000
-9.80000E-02
-0.392000
-0.527000
-0.650000
-0.858000
-0.987000
-1.12800
-1.03600
-0.864000
-0.760000
-0.600000
2.04200
1.93100
2.12700
1.83900
1.25100
0.478000
9.80000E-02
-0.128000
-0.251000
-0.447000
-0.766000
-1.03000
-1.17100
-1.05400
-1.06600
-1.15800
-1.36700
-1.37900
-1.49500
-1.39700
-1.45900
-1.45900
-1.29900
0.975000
1.19600
1.14000
0.822000
0.282000
-2.40000E-02
-0.196000
-7.90000E-02
-0.325000
-0.110000
0.215000
0.613000
0.564000
0.135000
-7.90000E-02
-0.276000
-0.502000
-0.570000
-0.600000
-0.625000
-0.784000
-0.882000
-0.815000
-0.699000
-0.429000
0.393000
2.01100
2.35400
1.34900
0.313000
-0.251000
-0.484000
-0.527000
-0.398000
-5.50000E-02
0.607000
1.95600
2.56300
1.60600
0.626000
-1.20000E-02
-0.251000
-0.392000
-0.619000
-0.895000
-1.12200
-1.09100
-0.932000
-0.938000
-1.06000
-1.10300
-1.10300
-0.809000
-0.233000
1.39800
3.47600
2.50100
1.49000
0.644000
0.209000
0.
-6.10000E-02
4.30000E-02
1.90000E-02
-0.227000
-0.380000
-0.478000
-0.594000
-0.631000
-0.643000
-0.717000
-0.840000
-1.00500
-1.10300
-1.09100
-0.956000
-0.594000
6.80000E-02
1.72300
3.50700
2.33000
1.33700
0.503000
-2.40000E-02
-0.312000
-0.447000
-0.460000
-0.368000
-0.294000
-0.319000
-0.423000
-0.545000
-0.643000
-0.699000
-0.821000
-1.01700
-1.15800
-1.20700
-1.09700
-0.797000
-0.319000
1.14700
3.31100
2.63000
1.81500
1.04900
0.460000
0.154000
-0.147000
-0.429000
-0.576000
-0.692000
-0.643000
-0.901000
-1.10300
-1.10300
-1.00500
-1.12800
-1.45300
-1.56300
-1.58700
-1.67900
-1.70400
-1.01700
1.31800
1.19600
0.999000
0.540000
-4.90000E-02
-0.319000
-0.343000
-0.374000
-0.656000
-0.784000
-0.882000
-0.429000
2.59900
2.08500
1.17100
1.17100
0.785000
0.429000
-3.70000E-02
-0.637000
-0.864000
-0.668000
-0.545000
-0.699000
-0.895000
-1.00500
-1.15200
-1.35500
-1.35500
-1.40400
-1.22000
0.871000
1.52100
0.993000
0.638000
0.546000
0.313000
8.60000E-02
-2.40000E-02
-0.135000
-5.50000E-02
-6.00000E-03
-0.171000
-0.257000
-0.282000
-0.202000
-0.300000
-0.717000
-0.766000
-0.766000
-0.950000
-0.748000
-0.539000
-6.00000E-03
1.02400
1.88800
1.83300
1.16500
0.393000
-9.80000E-02
-0.319000
-0.423000
-0.484000
-0.441000
8.60000E-02
0.779000
2.10900
2.76500
1.90700
0.999000
0.527000
0.209000
-0.116000
-0.637000
-0.938000
-0.766000
-0.570000
-0.797000
-0.772000
-0.325000
-0.128000
-5.50000E-02
-1.20000E-02
0.184000
0.509000
1.24500
2.15200
2.49500
1.94400
0.785000
-0.110000
-0.521000
-0.717000
-0.656000
-0.331000
0.767000
3.62900
2.49500
1.39200
0.632000
0.172000
-0.220000
-0.490000
-0.699000
-0.833000
-0.974000
-1.04800
-1.04800
-0.895000
2.74700
2.51400
1.93100
1.98000
1.25100
0.748000
0.417000
0.172000
-3.70000E-02
-0.184000
-0.361000
-0.441000
-0.600000
-0.711000
-0.864000
-1.00500
-1.06000
-1.10900
-1.27500
-1.44600
-1.38500
0.601000
1.03000
1.76000
1.02400
0.435000
0.380000
0.478000
0.515000
8.00000E-02
-0.165000
-0.490000
-0.594000
-0.558000
-0.699000
-0.784000
-0.858000
-0.699000
-1.06000
-1.29300
-1.28700
-1.30500
-1.41000
-1.43400
-1.49500
-1.47100
-1.35500
-0.956000
1.42200
1.87600
1.34900
0.944000
0.736000
0.840000
0.607000
0.478000
0.822000
1.21400
1.23200
0.914000
0.344000
6.00000E-03
-0.257000
-0.576000
-0.821000
-0.791000
-0.692000
-0.741000
-0.827000
-0.662000
1.25700
2.41600
2.33000
2.10300
1.69800
1.12200
0.773000
0.466000
-0.110000
-0.282000
-0.312000
-0.337000
-0.312000
-0.423000
-0.809000
-1.03000
-0.962000
-0.907000
-0.956000
-1.22000
-1.16400
-0.925000
0.736000
1.76000
1.31800
1.07300
0.975000
0.662000
0.135000
-3.70000E-02
-0.159000
-0.202000
-0.171000
-6.00000E-03
0.730000
3.00400
2.02300
1.22600
0.503000
6.80000E-02
-0.178000
-0.417000
-0.680000
-0.870000
-1.11500
-1.14000
1.17700
3.11400
2.52600
1.81500
1.04200
0.527000
6.20000E-02
-5.50000E-02
-0.251000
-0.496000
-0.680000
-0.699000
-0.650000
-0.686000
-0.686000
-0.643000
-0.668000
-0.778000
-0.741000
0.852000
1.93700
1.81500
1.46500
0.932000
0.325000
-0.190000
-0.478000
-0.650000
-0.766000
-0.981000
-1.14600
-1.28100
-1.35500
-1.23800
-0.699000
2.02300
1.83300
1.30000
0.987000
0.576000
0.411000
0.135000
-0.135000
-0.319000
-0.613000
-0.852000
-0.993000
-0.864000
-1.06600
-1.28700
-1.29300
-1.32400
-1.33000
-1.38500
-1.53800
-1.59400
-1.64900
-1.45300
-1.06000
1.96200
2.68500
2.52600
1.92500
1.46500
1.07300
0.705000
0.362000
8.00000E-02
-0.159000
-0.417000
-0.711000
-0.913000
-0.981000
-1.01700
-0.956000
-0.993000
-1.05400
-1.18300
-1.31800
-1.47700
-1.44000
-1.55100
-1.53200
0.172000
1.25100
1.17700
1.29400
1.28800
0.773000
6.20000E-02
-0.398000
-0.545000
-0.521000
-0.239000
-0.404000
-0.840000
-0.858000
-0.650000
-0.153000
0.337000
0.730000
0.632000
0.662000
0.834000
0.797000
0.589000
0.362000
0.252000
0.166000
0.601000
1.39800
1.91300
2.52000
3.08400
3.28000
2.89400
2.07200
1.26300
0.809000
0.540000
0.319000
0.313000
0.166000
-4.30000E-02
-8.60000E-02
2.50000E-02
-6.00000E-03
-0.245000
-0.435000
-0.472000
-0.545000
-0.686000
-0.723000
-0.343000
2.08500
1.93100
1.59400
1.34300
1.30000
1.09100
0.681000
0.319000
1.90000E-02
-0.165000
-0.374000
-0.404000
-0.527000
-0.815000
-0.791000
-1.17700
-1.13400
-1.18900
-1.33600
-1.44600
-1.61800
-1.63600
-1.23200
0.809000
1.08500
0.773000
0.779000
0.540000
0.301000
-0.202000
-0.576000
-0.846000
-0.901000
-0.741000
-0.766000
-0.840000
-0.815000
-0.852000
-0.827000
-0.748000
-0.637000
-0.668000
-0.833000
-0.680000
4.90000E-02
1.15300
2.02300
1.90700
0.950000
1.90000E-02
-0.496000
-0.772000
-0.846000
-1.04200
-1.03000
-0.938000
-0.938000
-1.04800
-1.06600
-0.993000
-0.840000
-0.325000
0.583000
1.71700
1.61900
0.920000
0.221000
-0.349000
-0.545000
-0.570000
-0.551000
-0.220000
0.215000
0.748000
1.29400
1.68600
1.45900
1.00600
0.662000
0.258000
-0.319000
-0.613000
-0.692000
-0.784000
-0.944000
-1.05400
-1.08500
-0.766000
-0.122000
1.06700
3.20600
2.24400
1.14000
0.687000
0.632000
0.687000
0.889000
1.48400
1.85200
1.60000
0.914000
0.337000
-0.116000
-0.502000
-0.735000
-0.932000
-0.932000
-0.882000
-0.913000
-0.539000
1.26300
1.76600
2.18300
1.80900
1.19600
0.791000
0.699000
0.233000
-0.147000
-0.325000
-0.447000
-0.509000
-0.417000
-0.539000
-0.809000
-1.09100
-1.13400
-1.12800
-1.02300
-1.12800
-1.14000
4.90000E-02
1.74100
1.95600
1.88200
1.59400
1.50800
1.16500
0.711000
0.442000
0.154000
-3.00000E-02
-0.245000
-0.392000
-0.386000
-0.441000
-0.668000
-0.876000
-0.968000
-0.968000
-0.993000
-1.07900
-1.18300
-1.15800
-0.870000
0.957000
1.23900
1.44700
1.22000
0.865000
0.705000
0.576000
0.196000
1.30000E-02
0.
-0.141000
-0.417000
-0.515000
-0.576000
-0.613000
-0.882000
-1.02300
-1.09100
-1.04200
-0.981000
-1.15200
-0.331000
0.546000
1.12800
0.969000
0.822000
0.638000
0.491000
0.466000
0.331000
3.10000E-02
-0.441000
-0.527000
-0.392000
-0.269000
-0.643000
-0.423000
-0.349000
-0.478000
-0.643000
-0.496000
-0.325000
-5.50000E-02
0.656000
2.28100
2.24400
2.22600
1.86400
1.23200
0.638000
0.258000
-6.10000E-02
-0.319000
-0.374000
-0.466000
-0.600000
-0.870000
-0.882000
-0.968000
-1.06000
-1.06000
-0.993000
-0.803000
-0.343000
0.540000
2.78900
2.42200
1.85200
1.09100
0.552000
0.466000
0.687000
0.914000
1.01800
0.834000
0.466000
0.172000
-3.00000E-02
-0.178000
-0.453000
-0.650000
-0.895000
-1.00500
-1.00500
-0.398000
1.47100
2.73400
1.75300
0.730000
0.117000
-0.276000
-0.484000
-0.797000
-0.956000
-0.938000
-0.766000
-0.472000
-0.122000
0.245000
0.491000
0.417000
0.239000
3.10000E-02
-1.20000E-02
0.123000
0.368000
1.04900
1.91300
2.07800
1.25700
0.380000
-0.245000
-0.564000
-0.668000
-0.729000
-0.833000
-0.981000
-1.09100
-0.968000
-0.735000
-0.545000
-0.447000
0.147000
1.41000
2.31700
1.87600
0.999000
0.380000
1.30000E-02
-0.233000
-0.466000
-0.686000
-0.809000
-0.913000
-1.03000
-1.12800
-1.15800
-0.981000
1.57600
1.64300
1.15300
0.846000
0.503000
0.209000
-0.116000
-0.380000
-0.699000
-0.981000
-0.809000
-0.833000
-0.932000
-0.852000
-0.699000
-0.539000
-0.306000
-0.153000
-0.245000
-0.386000
-0.404000
-0.662000
-0.791000
-0.784000
-0.766000
-0.306000
0.675000
2.59900
1.86400
0.687000
6.80000E-02
-0.153000
-0.607000
-0.772000
-0.907000
-1.03600
-1.08500
-1.01100
-0.502000
0.503000
1.71700
1.79000
1.44100
0.969000
0.570000
0.282000
6.80000E-02
-0.178000
-0.349000
-0.515000
-0.460000
-8.60000E-02
0.656000
2.90000
4.05200
2.93000
1.82700
1.10400
0.613000
0.295000
0.117000
-0.165000
-0.404000
-0.570000
-0.692000
-0.680000
-0.668000
-0.729000
-0.870000
-0.968000
-1.03600
-1.07300
-1.12800
-1.07900
0.969000
1.37300
1.17100
1.61900
1.08500
1.03000
0.491000
6.20000E-02
0.319000
6.80000E-02
-0.276000
-0.656000
-0.748000
-0.619000
-0.490000
-0.374000
-0.502000
-0.417000
1.30000E-02
1.23900
2.96100
2.57500
2.02300
1.69200
1.36100
1.17700
0.865000
0.540000
0.282000
-6.10000E-02
-0.343000
-0.490000
-0.545000
-0.600000
-0.662000
-0.858000
-0.981000
-0.864000
0.950000
1.54500
1.33700
1.41000
1.15300
0.828000
0.583000
0.337000
6.20000E-02
-0.147000
-0.135000
-0.294000
-0.466000
-0.460000
-0.600000
-0.650000
-0.741000
-1.03000
-1.08500
-1.07300
-0.907000
0.270000
1.44700
1.73500
1.56300
1.19600
0.901000
0.491000
0.368000
0.276000
0.190000
-0.196000
-0.404000
-0.515000
-0.576000
-0.515000
-0.521000
-0.668000
-0.656000
-0.846000
-0.913000
-1.15800
-1.08500
-1.05400
-1.04200
-0.650000
1.50200
1.51400
1.29400
1.06700
0.760000
0.454000
6.20000E-02
4.90000E-02
-0.300000
-0.637000
-0.484000
-0.515000
-0.613000
-0.809000
-0.962000
-0.815000
-0.735000
-0.895000
-0.784000
-0.447000
-3.00000E-02
0.478000
1.30000
1.52100
1.21400
0.638000
0.135000
-8.60000E-02
-6.10000E-02
2.50000E-02
-4.90000E-02
-4.90000E-02
0.386000
1.03000
1.25700
1.19600
0.858000
0.239000
-7.30000E-02
-0.245000
-0.355000
-0.527000
-0.711000
-0.643000
-0.386000
8.60000E-02
0.748000
1.57000
1.64300
1.07900
0.564000
0.295000
0.111000
-1.20000E-02
9.80000E-02
0.190000
0.399000
0.552000
0.773000
0.822000
0.773000
0.705000
0.963000
1.14000
1.06700
0.687000
0.362000
9.20000E-02
-0.233000
-0.380000
-0.564000
-0.821000
-1.01100
-1.19500
-1.25000
-1.33600
-1.44600
-1.47100
-0.319000
1.13400
1.52100
1.26300
0.724000
0.196000
-0.349000
-0.717000
-0.932000
-0.993000
-0.956000
-0.987000
-0.889000
-1.10900
-1.23200
-1.22600
-1.15800
-1.10300
-1.18300
-1.25600
-1.27500
-1.39100
-1.38500
-1.35500
-1.27500
-1.15800
-0.815000
0.239000
1.82700
1.22600
0.460000
-7.90000E-02
-0.509000
-0.735000
-0.637000
-0.417000
-0.251000
-3.00000E-02
0.166000
0.209000
0.
-0.220000
-0.447000
-0.637000
-0.840000
-1.00500
-0.919000
-0.613000
1.89400
2.45200
1.86400
1.11600
0.356000
0.
-0.202000
-0.312000
-0.564000
-0.772000
-0.821000
-0.882000
-0.950000
-1.07900
-1.15200
-1.25600
-1.14000
-1.07900
-1.18300
-1.01100
-0.245000
2.78300
2.41600
1.79000
1.25700
0.963000
1.00600
1.33700
1.66800
1.64900
1.52100
1.19600
0.920000
0.564000
0.258000
1.90000E-02
-0.190000
-0.368000
-0.460000
-0.502000
-0.478000
-0.423000
0.558000
2.15800
2.36600
2.01100
1.72300
1.22000
0.742000
0.601000
0.209000
2.50000E-02
-0.220000
-0.643000
-0.803000
-0.821000
-0.925000
-0.968000
-1.10900
-1.19500
-1.23200
-1.39100
-1.54500
-1.50200
-0.760000
1.03000
1.77200
1.57000
1.04200
0.393000
-7.30000E-02
-0.460000
-0.637000
-0.637000
-0.564000
-0.576000
-0.717000
-0.895000
-0.741000
-0.319000
0.221000
0.852000
1.12200
1.14700
0.773000
0.282000
-1.20000E-02
-0.245000
-0.263000
-0.220000
-0.269000
-0.380000
-0.490000
-0.515000
-0.239000
0.564000
1.80300
2.79600
2.33000
1.09800
0.319000
4.90000E-02
-0.184000
-0.306000
-0.515000
-0.735000
-0.858000
-0.968000
-0.815000
-0.711000
-0.662000
-0.668000
-0.404000
0.
0.221000
0.662000
1.36700
1.66200
1.33100
0.699000
0.123000
-4.90000E-02
0.264000
1.05500
2.92400
4.15700
2.55000
1.31800
0.638000
0.313000
0.221000
7.40000E-02
-0.165000
-0.300000
-0.423000
-0.539000
-0.650000
-0.662000
-0.662000
-0.741000
-0.882000
-0.797000
-0.190000
2.14600
2.27500
2.00500
1.49000
1.30000
1.15300
0.711000
0.344000
0.117000
-0.276000
-0.368000
-0.478000
-0.637000
-0.766000
-0.778000
-0.993000
-1.18900
-1.32400
-1.37900
-1.57500
-1.58100
-1.58100
-0.404000
0.687000
0.901000
0.926000
0.754000
0.466000
0.417000
0.233000
-0.276000
-0.496000
-0.276000
-0.122000
-0.208000
-0.245000
-7.30000E-02
-7.90000E-02
-0.153000
-0.220000
-0.282000
-0.515000
-0.613000
-0.521000
-0.423000
0.711000
1.36100
1.51400
1.31800
1.03000
0.497000
0.135000
-8.60000E-02
-0.196000
-0.343000
-0.570000
-0.662000
-0.674000
-0.772000
-0.987000
-1.07900
-0.901000
0.564000
1.95000
1.43500
0.957000
0.656000
0.264000
1.30000E-02
-0.306000
-0.502000
-0.588000
-0.631000
-0.668000
-0.870000
-0.993000
-0.919000
-0.840000
-0.613000
-3.00000E-02
2.52600
2.42800
1.64300
0.797000
-4.90000E-02
-0.466000
-0.748000
-0.784000
-0.815000
-0.760000
-0.668000
-0.631000
-0.650000
-0.674000
-0.386000
-0.227000
-6.70000E-02
4.30000E-02
4.90000E-02
2.50000E-02
-3.00000E-02
-0.153000
-0.263000
-4.90000E-02
0.393000
0.895000
1.36700
1.22600
0.803000
0.331000
-6.00000E-03
-0.159000
5.50000E-02
0.393000
0.705000
0.822000
0.515000
7.40000E-02
-0.245000
-0.533000
-0.674000
-0.797000
-0.919000
-1.07900
-1.27500
-1.33000
-1.20700
-1.02300
0.527000
2.30500
2.25000
1.57000
0.668000
-1.20000E-02
-0.368000
-0.478000
-0.423000
-0.288000
-0.208000
-0.220000
-0.282000
-0.368000
-0.490000
-0.631000
-0.760000
-0.882000
-0.760000
-0.423000
0.386000
3.37800
4.22400
2.72200
1.45900
0.711000
0.460000
0.344000
0.405000
0.435000
0.478000
0.478000
0.319000
7.40000E-02
-0.178000
-0.355000
-0.527000
-0.735000
-0.938000
-1.07300
-1.12800
-1.10300
-1.01700
0.282000
1.32400
1.52100
1.36700
1.07900
0.957000
0.662000
0.435000
0.350000
0.386000
0.258000
-4.90000E-02
-0.257000
-0.135000
-7.30000E-02
-6.00000E-03
0.129000
-1.80000E-02
-0.159000
-0.227000
-0.325000
-0.398000
-0.619000
-0.723000
1.33700
2.11500
2.54400
2.10300
1.83900
1.49600
1.06700
0.638000
0.442000
0.295000
0.166000
1.90000E-02
-0.128000
-0.147000
-0.184000
-0.196000
-0.312000
-0.349000
-0.368000
-0.331000
-0.417000
-0.490000
-0.619000
-0.766000
-0.809000
-0.478000
0.478000
1.99900
1.90700
1.36700
0.914000
0.613000
0.393000
0.135000
1.90000E-02
9.20000E-02
-0.110000
-0.282000
-0.429000
-0.515000
-0.613000
-0.889000
-0.999000
-0.956000
-0.895000
-0.968000
-1.11500
-1.18300
-1.10900
-1.01100
-0.637000
0.123000
2.83200
2.33600
1.80900
1.22000
0.699000
0.282000
0.172000
2.50000E-02
-1.04000E-01
-0.245000
-0.441000
-0.564000
-0.539000
-0.545000
-0.625000
-0.711000
-0.913000
-0.907000
-0.588000
-3.00000E-02
1.68600
2.47100
2.13400
1.50200
0.920000
-1.20000E-02
-0.711000
-0.938000
-1.07300
-1.16400
-1.25000
-1.30500
-1.22600
-0.974000
-0.680000
-0.392000
-9.80000E-02
0.245000
0.975000
1.83900
2.45200
2.35400
1.80300
1.25100
0.730000
0.368000
0.166000
4.90000E-02
-0.294000
-0.686000
-1.03000
-1.08500
-1.10900
-1.09100
-1.15200
-1.36700
-1.50200
-1.68600
-1.74700
0.147000
0.981000
0.540000
0.393000
0.166000
-0.208000
-0.233000
-0.417000
-0.496000
-0.717000
-0.864000
-0.895000
-0.625000
-0.159000
0.423000
0.681000
0.828000
0.999000
0.957000
0.785000
0.405000
9.80000E-02
-0.122000
-0.220000
-0.380000
-0.417000
6.80000E-02
2.42200
2.12700
1.75300
1.31200
1.03000
0.828000
0.583000
0.313000
0.221000
-3.70000E-02
-0.233000
-0.325000
-0.521000
-0.711000
-0.748000
-0.748000
-0.858000
-0.938000
-1.08500
-1.20100
-1.38500
-1.28700
-1.29900
-1.37900
-1.18300
0.889000
1.19000
1.27500
1.05500
0.926000
0.693000
0.417000
8.00000E-02
-0.269000
-0.490000
-0.441000
-0.594000
-0.840000
-0.723000
-0.821000
-1.26300
-1.15200
-0.913000
-0.956000
-1.15200
-1.21400
-1.03000
-0.521000
1.98000
1.98000
1.76600
1.39800
1.17700
1.17700
1.33100
1.45900
1.45900
1.32400
0.736000
1.04000E-01
-0.325000
-0.600000
-0.760000
-0.870000
-0.932000
-0.999000
-0.913000
-0.699000
-0.269000
0.472000
3.02200
2.52000
1.74100
0.999000
0.417000
0.160000
-4.90000E-02
-0.122000
0.196000
0.613000
0.809000
0.809000
0.546000
0.239000
-1.04000E-01
-0.325000
-0.490000
-0.637000
-0.741000
-0.791000
-0.729000
-0.484000
-0.208000
0.356000
1.57000
2.98000
2.69100
1.95000
0.938000
0.233000
-0.159000
-0.417000
-0.564000
-0.741000
-0.907000
-0.974000
-0.895000
-0.650000
-0.245000
0.123000
0.558000
1.22000
1.74100
1.64300
1.05500
0.319000
-0.300000
-0.656000
-0.864000
-0.919000
-0.932000
-0.987000
-0.833000
-0.153000
1.23200
2.58700
3.11400
2.74000
2.07200
1.34900
0.638000
6.80000E-02
-0.239000
-0.282000
-0.245000
-0.300000
-0.374000
-0.447000
-0.466000
-0.404000
-0.331000
-0.380000
-0.496000
-0.349000
1.50200
1.88800
1.90100
2.15800
1.55100
0.975000
0.607000
0.319000
0.724000
0.613000
0.264000
-5.50000E-02
-0.423000
-0.539000
-0.625000
-0.760000
-0.870000
-1.03000
-1.01100
-1.13400
-1.25600
-1.16400
1.14000
1.77800
2.05400
1.99300
1.34900
1.01800
1.03000
0.626000
0.344000
0.141000
4.90000E-02
-4.90000E-02
-0.361000
-0.355000
-0.343000
-0.368000
-0.545000
-0.784000
-0.882000
-0.944000
-1.04200
-1.10300
-1.10900
-0.932000
0.865000
1.06700
1.25100
1.12200
1.09800
0.877000
0.564000
0.350000
9.80000E-02
-0.110000
-0.184000
-0.196000
-0.447000
-0.521000
-0.637000
-0.619000
-0.723000
-0.858000
-1.03600
-1.12200
-1.20700
-1.15200
-1.15200
-1.03000
-0.453000
1.39800
1.57000
1.19600
0.558000
4.30000E-02
-0.233000
-0.343000
-0.294000
0.215000
1.08500
2.36600
1.97400
1.15300
0.509000
9.20000E-02
-0.202000
-0.116000
-4.90000E-02
-7.30000E-02
2.50000E-02
2.50000E-02
-0.122000
-0.349000
-0.545000
-0.625000
-0.551000
-0.600000
-0.490000
4.90000E-02
1.06100
3.35300
2.62400
1.61900
0.809000
0.307000
-0.190000
-0.564000
-0.784000
-0.950000
-1.01700
-0.968000
-0.932000
-0.956000
-1.04800
-1.06000
-1.15200
-1.25000
-1.16400
-0.870000
-3.00000E-02
1.55100
1.44100
0.797000
0.209000
-0.202000
-0.490000
-0.766000
-0.864000
-0.803000
-0.472000
-3.70000E-02
0.147000
0.196000
0.460000
0.908000
1.30600
1.41000
1.10400
0.527000
0.111000
-7.90000E-02
-0.417000
-0.754000
-0.956000
-1.00500
-1.03000
-1.00500
-0.846000
0.515000
1.93100
1.35500
0.920000
0.797000
0.589000
0.141000
-0.171000
-0.570000
-0.619000
-0.699000
-0.864000
-0.907000
-0.981000
-1.12800
-1.20100
-1.23800
-1.32400
-1.42200
-1.37300
1.14000
2.01700
1.54500
1.69200
1.20200
1.01800
0.675000
0.368000
0.313000
0.485000
0.540000
0.613000
0.515000
0.233000
-6.10000E-02
-0.233000
-0.374000
-0.374000
-0.447000
-0.668000
-0.895000
-0.981000
-0.968000
0.485000
1.88800
2.55000
2.39700
1.58200
1.32400
1.05500
0.895000
0.386000
-5.50000E-02
-0.306000
-0.306000
-0.208000
-0.245000
-0.466000
-0.668000
-0.686000
-0.643000
-0.784000
-0.993000
-0.962000
-0.968000
-1.09100
-1.09700
-1.07900
-1.12200
-1.15800
-1.04800
-0.147000
1.87600
2.01100
1.61200
1.22600
0.711000
0.227000
-4.90000E-02
-0.245000
-0.417000
-0.441000
-0.429000
-0.423000
-0.178000
0.546000
1.22600
1.69200
1.47100
0.809000
0.319000
5.50000E-02
-7.30000E-02
-0.135000
-0.233000
-0.515000
-0.711000
-0.662000
-0.662000
-0.717000
-0.680000
-0.625000
-0.613000
-0.159000
1.09800
3.45200
3.37800
2.50100
1.55700
0.914000
0.711000
0.858000
0.901000
0.901000
1.06700
1.13400
1.09100
0.785000
0.515000
0.368000
4.90000E-02
-0.325000
-0.625000
-0.735000
-0.846000
-0.932000
-0.981000
-0.889000
-0.447000
1.62500
1.65500
1.54500
1.36700
1.05500
0.534000
0.215000
-2.40000E-02
-9.20000E-02
-0.294000
-0.539000
-0.852000
-0.717000
-0.840000
-0.993000
-1.09100
-1.16400
-1.20100
-1.31200
-1.34800
-1.34800
-0.594000
0.816000
1.36100
0.852000
0.527000
0.491000
7.40000E-02
-0.325000
-0.337000
-0.545000
-0.717000
-0.619000
-0.833000
-0.944000
-0.815000
-0.545000
-0.631000
-0.417000
-7.30000E-02
0.282000
1.43500
3.21200
2.86900
1.61200
0.871000
0.521000
4.90000E-02
-0.294000
-0.398000
-0.429000
-0.490000
-0.472000
-0.533000
-0.570000
-0.582000
-0.515000
-0.380000
-9.80000E-02
0.540000
1.88200
4.37100
3.28600
1.85200
1.06700
0.540000
0.491000
0.485000
0.485000
0.282000
-1.20000E-02
-0.306000
-0.380000
-0.392000
-0.417000
-0.588000
-0.833000
-0.974000
-1.01700
-1.01700
-0.962000
-0.784000
0.337000
2.01100
1.58800
1.50800
1.14000
0.809000
0.417000
0.196000
8.00000E-02
-0.128000
-0.374000
-0.404000
-0.478000
-0.686000
-0.895000
-1.07900
-1.10900
-1.12800
-1.07900
-1.21400
-1.38500
-1.25000
-0.901000
1.47100
1.45900
1.25100
0.803000
0.601000
0.258000
0.196000
0.209000
-5.50000E-02
-0.276000
-0.423000
-0.355000
-0.220000
-0.122000
-0.294000
-0.349000
-0.128000
4.30000E-02
-0.110000
-0.220000
-6.70000E-02
-6.10000E-02
-0.178000
-0.220000
-0.269000
1.14700
2.67300
3.13300
2.18300
1.65500
1.40400
0.938000
0.491000
0.362000
0.282000
0.258000
8.60000E-02
-7.90000E-02
-0.276000
-0.447000
-0.337000
-0.404000
-0.368000
-0.404000
-0.398000
-0.417000
-0.398000
-0.227000
-0.276000
-0.276000
0.307000
2.09700
2.80800
2.55000
2.17600
1.93700
1.58800
1.34900
0.883000
0.368000
0.331000
0.172000
-0.128000
-0.521000
-0.735000
-0.588000
-0.417000
-0.613000
-1.01700
-1.18300
-1.20700
-1.10900
-1.26300
-1.49500
-1.63600
-1.53200
-0.527000
0.650000
0.754000
0.852000
0.613000
0.411000
0.344000
0.319000
0.141000
-0.368000
-0.711000
-0.882000
-1.04200
-1.05400
-1.07900
-1.33600
-1.30500
-1.42800
-1.47700
-1.48300
-1.34800
-1.09100
-0.122000
2.56900
1.79000
0.975000
0.319000
4.30000E-02
-0.147000
-0.135000
0.123000
0.239000
0.337000
0.239000
0.184000
0.209000
0.209000
0.239000
0.337000
0.687000
1.40400
2.04800
1.95000
1.41000
0.926000
0.540000
0.141000
-0.153000
-0.306000
-0.380000
-0.135000
1.30000
2.12100
2.64800
2.25000
1.83300
1.21400
0.871000
0.724000
0.454000
0.123000
-3.00000E-02
-6.00000E-03
-0.171000
-0.772000
-0.748000
-0.551000
-0.760000
-0.956000
-0.987000
-0.882000
-0.956000
0.760000
1.72900
1.50800
1.65500
0.987000
0.767000
0.705000
0.374000
-6.10000E-02
-0.441000
-0.392000
-0.570000
-0.784000
-0.784000
-0.778000
-0.919000
-1.00500
-1.11500
-1.21400
-1.18300
-1.25600
-1.29300
-1.27500
-1.09100
-0.821000
-0.502000
0.190000
1.54500
1.19600
0.767000
0.472000
0.399000
0.160000
3.70000E-02
9.20000E-02
0.295000
0.497000
0.552000
0.374000
7.40000E-02
-0.184000
-0.368000
-0.619000
-0.864000
-1.15800
-1.28700
-1.22600
-1.26300
-1.40400
-1.58100
-1.60000
-1.31800
0.803000
1.01200
0.908000
0.534000
9.80000E-02
-0.178000
-0.509000
-0.932000
-1.10900
-1.05400
-0.956000
-0.932000
-0.815000
-0.545000
-0.116000
0.834000
1.15300
0.877000
0.478000
0.288000
4.30000E-02
-1.80000E-02
0.123000
-2.40000E-02
-7.30000E-02
6.00000E-03
0.497000
1.52700
2.80800
3.07800
2.23200
1.37300
0.687000
4.90000E-02
-0.349000
-0.453000
-0.466000
-0.625000
-0.846000
-0.889000
-0.907000
-1.03600
-1.20100
-1.16400
-1.26300
-1.32400
-0.521000
1.03600
1.45900
1.18300
0.650000
0.270000
-1.80000E-02
-0.515000
-0.797000
-0.815000
-0.797000
-0.919000
-1.09100
-1.14600
-0.968000
-0.656000
-0.349000
-0.417000
-0.515000
-0.650000
-0.692000
-0.735000
-0.643000
-0.245000
0.699000
3.09600
1.76600
0.773000
9.80000E-02
-0.300000
-0.545000
-0.668000
-0.809000
-0.895000
-0.864000
-0.827000
-0.876000
-0.864000
-0.741000
-0.484000
-0.135000
0.196000
0.258000
0.141000
-7.90000E-02
-0.128000
0.135000
0.858000
1.93100
2.68500
2.66100
2.04800
1.42200
0.914000
0.454000
8.60000E-02
-0.184000
-0.343000
-0.417000
-0.521000
-0.631000
-0.711000
-0.864000
-1.09100
-1.25000
-1.37300
-1.39700
-1.33000
-0.815000
1.16500
1.74100
1.44700
1.06700
0.834000
0.509000
0.380000
0.319000
0.166000
-0.159000
-0.331000
-0.398000
-0.490000
-0.368000
-0.263000
-0.227000
-0.141000
-0.110000
-9.80000E-02
-0.196000
-0.417000
-0.545000
-0.466000
-0.122000
1.32400
3.44500
2.06000
1.47100
0.901000
0.417000
4.90000E-02
6.00000E-03
-0.171000
-0.368000
-0.564000
-0.735000
-0.692000
-0.840000
-1.01100
-1.07900
-1.17700
-1.23800
-1.26900
-1.39100
-1.39100
-1.04200
-0.588000
0.478000
2.29300
1.95600
1.26900
0.736000
0.858000
1.77800
3.24300
2.93000
1.95600
1.34300
0.834000
0.534000
0.166000
-0.147000
-0.306000
-0.368000
-0.453000
-0.496000
-0.509000
-0.533000
-0.846000
-1.11500
-1.25000
-1.16400
-0.987000
0.203000
1.31800
1.47800
1.42200
1.11600
0.846000
0.466000
0.386000
9.80000E-02
-0.153000
-0.251000
-0.404000
-0.613000
-0.723000
-0.833000
-0.840000
-0.987000
-1.18900
-1.16400
-1.09100
-1.01700
-0.981000
-0.741000
-0.196000
0.950000
1.47100
1.60600
1.92500
2.15200
1.83900
1.14700
0.693000
0.374000
0.215000
0.141000
-0.110000
-0.466000
-0.607000
-0.527000
-0.374000
-0.386000
-0.674000
-0.974000
-0.981000
-0.932000
-0.662000
1.42900
2.29900
1.74100
1.04900
0.442000
8.60000E-02
-0.135000
-0.355000
-0.570000
-0.760000
-0.741000
-0.515000
0.160000
2.52600
3.33500
2.05400
1.34900
0.773000
0.362000
0.147000
-6.10000E-02
-0.257000
-0.441000
-0.466000
-0.570000
-0.803000
-0.944000
-0.944000
-0.772000
0.295000
1.54500
1.68600
1.25100
1.02400
0.822000
0.448000
0.160000
0.160000
2.50000E-02
-0.178000
-0.386000
-0.607000
-0.650000
-0.625000
-0.797000
-1.10300
-1.07900
-1.15800
-0.815000
1.30600
2.09700
2.20700
1.20200
1.20200
0.858000
0.613000
0.344000
4.30000E-02
-0.312000
-0.515000
-0.269000
-3.70000E-02
-0.368000
-0.741000
-0.778000
-0.797000
-0.907000
-0.944000
-0.882000
-0.858000
-0.791000
-0.619000
0.319000
2.14600
1.99900
1.43500
1.07900
0.828000
0.754000
0.852000
1.31800
2.48900
2.90600
2.44000
1.54500
0.852000
0.448000
2.50000E-02
-0.220000
-0.122000
-0.147000
-0.300000
-0.319000
-2.40000E-02
1.47100
2.93000
2.80800
2.31700
1.85200
1.32400
0.975000
0.901000
0.803000
0.576000
0.564000
0.454000
0.123000
-5.50000E-02
7.40000E-02
-3.00000E-02
-0.404000
-0.551000
-0.539000
-0.613000
-0.692000
-0.490000
1.05500
1.99900
1.92500
1.98600
1.91300
1.52700
1.22000
0.889000
0.681000
0.607000
0.399000
0.135000
-8.60000E-02
-0.361000
-0.515000
-0.545000
-0.423000
-0.650000
-0.766000
-0.968000
-1.04200
-0.987000
-1.23200
-1.10900
0.619000
1.28800
1.49600
1.25100
1.05500
0.828000
0.607000
0.337000
0.227000
8.60000E-02
-0.159000
-0.368000
-0.447000
-0.539000
-0.619000
-0.772000
-0.821000
-0.919000
-1.15200
-1.28700
-1.23200
-1.20700
-1.33000
-1.30500
-1.01100
1.87600
2.75900
2.44000
1.69200
1.15300
0.785000
0.491000
0.141000
-0.245000
-0.490000
-0.539000
-0.539000
-0.472000
-0.662000
-0.766000
-0.821000
-0.981000
-1.03000
-1.11500
-1.26300
-1.50200
-1.45300
-1.47100
-1.09700
2.61200
1.37300
1.85200
1.38600
0.901000
0.607000
0.460000
0.527000
0.515000
0.258000
0.135000
0.117000
0.141000
0.190000
0.154000
-0.196000
-0.502000
-0.797000
-1.15200
-1.25000
-0.889000
-0.680000
-0.527000
-0.159000
1.01800
3.02900
3.25500
2.05400
1.01200
0.337000
-6.00000E-03
-0.116000
-0.233000
-0.539000
-0.809000
-0.741000
-0.466000
-0.374000
-0.441000
-0.502000
-0.711000
-1.04200
-1.20100
-1.31800
-1.35500
-1.45300
-1.44600
-1.16400
-0.539000
0.521000
1.78400
1.55700
0.901000
0.699000
0.724000
1.03000
1.47100
1.58800
1.14700
0.423000
-0.128000
-0.404000
-0.527000
-0.613000
-0.668000
-0.656000
-0.643000
-0.619000
-0.551000
-0.607000
-0.711000
-0.846000
-0.987000
-1.18300
-1.37900
-1.41600
1.04000E-01
1.41000
1.44700
0.895000
0.950000
0.852000
0.607000
9.80000E-02
-0.600000
-0.944000
-0.895000
-1.12800
-1.10900
-1.09700
-1.44000
-1.42800
-1.39700
-1.38500
-1.52600
-1.59400
-1.59400
-1.69800
-1.35500
1.19000
1.36100
1.27500
0.779000
0.190000
-0.300000
-0.613000
-0.766000
-0.711000
-0.797000
-0.674000
-0.343000
0.141000
0.411000
0.374000
-1.20000E-02
-0.208000
-0.319000
-0.417000
-0.594000
-0.588000
-0.521000
-0.276000
0.423000
2.33000
2.90600
1.76600
0.846000
0.264000
-9.80000E-02
-0.337000
-0.490000
-0.662000
-0.637000
-0.368000
0.319000
1.36700
2.66700
2.99800
1.90100
0.699000
1.30000E-02
-0.368000
-0.545000
-0.711000
-0.717000
-0.668000
-0.668000
-0.368000
0.527000
2.49500
2.15200
1.67400
1.25100
0.871000
0.435000
0.147000
1.30000E-02
-0.196000
-0.300000
-0.294000
-0.447000
-0.607000
-0.637000
-0.809000
-1.07300
-1.22600
-1.25000
-1.33000
-1.35500
-1.43400
-1.54500
-1.45900
2.50000E-02
0.779000
0.546000
0.337000
1.04000E-01
-0.220000
-0.453000
-0.527000
-0.527000
-0.515000
-0.490000
-0.300000
0.313000
0.871000
0.540000
0.209000
0.245000
0.288000
0.534000
0.742000
0.632000
0.264000
8.60000E-02
-7.30000E-02
-0.257000
-0.319000
-0.410000
-0.539000
-0.668000
-0.545000
-0.355000
-1.20000E-02
0.711000
1.61200
2.07800
2.10300
2.01100
2.34200
2.56300
2.37900
1.90100
1.46500
1.07300
0.644000
0.319000
0.184000
0.209000
0.215000
9.20000E-02
-3.00000E-02
-0.178000
-0.374000
-0.613000
-0.650000
-0.723000
-0.907000
-0.907000
-0.711000
1.19600
1.86400
1.55700
1.28800
1.09100
0.626000
0.344000
0.295000
-6.00000E-03
-0.208000
-0.269000
-0.417000
-0.760000
-0.858000
-0.760000
-0.741000
-1.03600
-1.09100
-1.20100
-1.37300
-1.29900
-0.331000
0.687000
0.730000
0.705000
0.301000
7.40000E-02
-3.70000E-02
-0.184000
-0.625000
-0.944000
-0.650000
-0.699000
-0.515000
-0.276000
0.135000
0.871000
1.06700
0.950000
0.828000
0.975000
1.50200
2.12700
2.21900
1.81500
1.17700
0.540000
9.80000E-02
-0.147000
-0.392000
-0.668000
-0.766000
-0.784000
-0.821000
-0.711000
-0.809000
-0.784000
-0.735000
-0.410000
1.36100
1.79600
1.27500
0.601000
0.141000
-6.00000E-03
-0.245000
-0.472000
-0.343000
1.54500
2.02300
2.09700
1.80300
1.42200
0.852000
0.534000
0.399000
0.350000
8.60000E-02
-0.202000
-0.196000
-0.460000
-0.754000
-0.840000
-0.729000
-1.03600
-1.16400
-1.14000
-1.23800
-1.07900
1.07300
1.63700
0.914000
0.491000
0.380000
3.70000E-02
0.282000
0.368000
-6.00000E-03
-0.619000
-0.913000
-0.784000
-0.551000
-0.625000
-0.797000
-0.735000
-0.889000
-1.03600
-1.03600
-0.913000
-0.502000
2.19500
2.71000
1.59400
1.41600
0.975000
0.546000
-0.159000
-0.674000
-0.852000
-0.674000
-0.944000
-0.858000
-0.840000
-0.864000
-0.864000
-0.643000
0.760000
3.26100
2.46500
1.39200
0.570000
-5.50000E-02
-0.435000
-0.699000
-0.797000
-0.772000
-0.760000
-0.699000
-0.840000
-0.889000
-0.913000
-0.778000
-0.478000
0.466000
2.47700
2.18300
1.32400
0.337000
-0.300000
-0.502000
-0.509000
-0.441000
4.90000E-02
1.05500
3.82500
2.89400
1.54500
0.834000
0.540000
0.454000
7.40000E-02
-0.343000
-0.662000
-0.889000
-0.925000
-0.833000
-0.809000
-0.870000
-0.981000
-0.895000
1.31800
2.15200
2.18300
1.71700
1.17700
0.908000
0.478000
0.172000
-0.122000
-0.276000
-0.374000
-0.410000
-0.619000
-1.06000
-0.981000
-0.772000
-1.03000
-1.12800
-1.15800
-1.13400
-1.13400
-0.895000
-9.80000E-02
2.64800
2.74000
1.96200
1.58200
0.999000
0.583000
0.460000
0.368000
6.20000E-02
-0.306000
-0.545000
-0.723000
-0.723000
-0.797000
-0.864000
-0.974000
-1.04800
-1.12200
-1.10300
-0.791000
-0.294000
0.558000
2.59300
2.72200
1.45900
0.699000
0.368000
0.123000
-2.40000E-02
-0.220000
-0.392000
-0.472000
-0.545000
-0.656000
-0.699000
-0.588000
-0.521000
-0.564000
-0.613000
-0.619000
-0.613000
-0.404000
0.123000
1.58200
3.69100
2.72200
1.34300
0.491000
2.50000E-02
-0.349000
-0.686000
-0.797000
-0.760000
-0.711000
-0.772000
-0.852000
-0.833000
-0.797000
-0.858000
-0.944000
-0.993000
-0.987000
-0.919000
-0.705000
-9.80000E-02
1.75300
3.32300
2.90600
1.99900
1.26300
0.760000
0.466000
0.325000
0.129000
-8.60000E-02
-0.220000
-0.343000
-0.490000
-0.821000
-1.10300
-1.32400
-1.45300
-1.52000
-1.60600
-1.58100
-1.59400
-1.55100
-1.34200
-5.50000E-02
0.908000
0.803000
0.368000
8.60000E-02
-0.135000
-0.282000
-0.637000
-0.840000
-0.938000
-1.06000
-1.11500
-1.06000
-1.14000
-0.925000
0.748000
1.32400
1.41600
0.730000
-6.00000E-03
-0.478000
-0.748000
-0.846000
-0.907000
-0.956000
-1.08500
-1.08500
-1.03600
-0.760000
-0.515000
-0.171000
0.417000
1.33700
1.89400
1.69200
0.950000
0.411000
0.172000
3.70000E-02
-1.80000E-02
-0.135000
-0.122000
-0.178000
-0.263000
-0.325000
-0.374000
-0.184000
-0.208000
-0.441000
-0.594000
-0.791000
-0.711000
-0.300000
0.613000
2.06600
2.96100
1.75300
0.699000
7.40000E-02
-0.374000
-0.741000
-0.962000
-1.10300
-1.14000
-0.974000
-0.809000
-0.662000
-0.515000
-0.478000
-0.423000
-0.239000
0.301000
1.11000
1.53300
1.19000
0.699000
0.534000
0.460000
0.515000
0.632000
0.662000
0.460000
0.147000
2.50000E-02
-8.60000E-02
-0.251000
-0.466000
-0.619000
-0.778000
-0.870000
-0.956000
-1.23800
-1.47100
-1.47100
-0.349000
1.00600
1.27500
0.993000
0.736000
0.442000
-3.70000E-02
-0.269000
-0.490000
-0.613000
-0.717000
-0.613000
-0.619000
-0.159000
0.270000
8.60000E-02
-0.171000
-0.178000
-0.263000
-0.484000
-0.938000
-1.00500
-0.944000
-1.00500
-0.564000
1.77200
1.95600
1.56300
0.987000
0.558000
0.307000
0.209000
3.70000E-02
-0.122000
-0.294000
-0.423000
-0.594000
-0.692000
-0.784000
-0.895000
-1.05400
-1.12800
-1.12800
-1.07900
-1.01100
0.227000
1.83300
1.31200
0.834000
0.552000
0.552000
0.405000
0.754000
3.32900
3.38400
2.34200
1.60600
0.981000
0.589000
0.411000
0.215000
0.117000
-5.50000E-02
-0.196000
-0.325000
-0.392000
-0.466000
-0.594000
-0.674000
-0.662000
-0.521000
1.31800
2.18300
2.26800
1.75300
1.61900
1.29400
0.914000
0.435000
9.80000E-02
-3.00000E-02
-1.80000E-02
-0.269000
-0.417000
-0.515000
-0.827000
-0.840000
-0.987000
-1.28100
-1.20700
-1.22000
-1.28700
-1.48300
-1.41000
-0.447000
1.52100
0.730000
0.337000
0.460000
0.736000
0.442000
2.50000E-02
-0.319000
-0.564000
-0.484000
-0.692000
-0.932000
-1.10300
-1.11500
-1.09100
-1.20100
-1.18300
-1.16400
-0.741000
0.288000
1.90700
1.50800
0.711000
0.111000
-0.251000
-0.509000
-0.515000
-0.276000
0.166000
0.638000
1.21400
1.87600
1.81500
1.12800
0.491000
9.20000E-02
8.00000E-02
0.325000
0.576000
0.564000
0.552000
0.515000
0.503000
0.417000
1.04000E-01
-0.245000
-0.410000
-0.600000
-0.735000
-0.600000
-0.269000
0.448000
2.02300
3.37800
2.45800
1.50800
0.632000
0.227000
4.90000E-02
-2.40000E-02
0.
0.123000
9.20000E-02
-1.80000E-02
-0.190000
-0.276000
-0.306000
-0.355000
-0.478000
-0.735000
-0.901000
-0.987000
-0.594000
1.66800
1.86400
1.68000
0.969000
0.160000
-0.380000
-0.686000
-0.882000
-1.10900
-1.40400
-1.52600
-1.40400
-1.38500
-1.53800
-1.03000
0.123000
1.87600
1.27500
0.564000
-0.178000
-0.674000
-0.956000
-1.22600
-1.32400
-1.10300
-0.791000
-0.245000
0.773000
1.55700
1.26300
0.626000
0.209000
-6.10000E-02
-0.269000
-0.545000
-0.833000
-0.815000
-0.337000
1.02400
4.05800
2.63600
1.38600
0.466000
0.141000
-3.00000E-02
-0.300000
-0.582000
-0.815000
-0.919000
-0.870000
-0.784000
-0.723000
-0.686000
-0.870000
-0.907000
-0.521000
2.27500
3.43300
3.28600
2.15800
1.37300
0.803000
0.485000
0.362000
0.399000
0.307000
0.147000
-4.90000E-02
-0.233000
-0.380000
-0.545000
-0.766000
-1.01100
-1.15200
-1.15200
-1.06600
-1.10300
-1.26300
-1.20100
-0.515000
1.22000
0.944000
1.45300
1.12200
1.01200
0.767000
0.564000
0.356000
0.307000
6.80000E-02
-0.153000
-0.392000
-0.570000
-0.741000
-0.772000
-0.876000
-0.932000
-1.10300
-1.17700
-1.28100
-1.33000
-1.34800
-1.50200
-1.52000
-1.26300
0.
0.724000
1.12200
0.975000
0.681000
0.276000
-2.40000E-02
-0.276000
-0.392000
-0.502000
-0.723000
-0.723000
-0.570000
-0.490000
-0.564000
-0.423000
-0.325000
0.325000
1.26300
1.90100
1.69200
0.920000
0.466000
0.196000
4.90000E-02
-0.245000
-0.435000
-0.490000
-0.398000
-0.331000
-0.233000
4.90000E-02
0.589000
1.76000
2.89400
3.18800
1.98600
1.12200
0.644000
0.258000
8.60000E-02
-0.220000
-0.368000
-0.300000
-0.227000
-0.263000
-0.208000
-7.90000E-02
2.50000E-02
0.307000
0.662000
1.17100
1.58800
1.73500
1.49600
0.926000
0.423000
0.196000
0.258000
0.754000
3.08400
3.09000
2.77100
2.10300
1.44100
0.852000
0.411000
-0.110000
-0.478000
-0.723000
-0.833000
-0.840000
-0.962000
-1.01100
-1.20100
-1.26300
-1.28700
-1.20100
-1.23800
0.239000
0.828000
1.41600
1.04900
0.914000
0.773000
0.576000
0.123000
-0.110000
-0.269000
-0.423000
-0.668000
-0.741000
-0.797000
-1.15800
-1.28700
-1.25000
-1.29900
-1.42800
-1.45300
-1.52600
0.117000
0.393000
1.03000
0.865000
1.01800
0.779000
0.331000
0.123000
-1.04000E-01
-0.196000
-0.466000
-0.551000
-0.668000
-0.784000
-0.981000
-0.821000
-1.01100
-1.26300
-1.30500
-1.39100
-1.39700
-1.37300
-1.12800
-0.502000
0.981000
3.48800
2.86900
1.81500
1.07300
0.687000
0.491000
0.491000
0.454000
0.233000
6.20000E-02
6.20000E-02
0.239000
0.264000
0.141000
-0.171000
-0.306000
-0.429000
-0.643000
-0.729000
-0.711000
-0.564000
0.828000
2.06000
2.37300
2.17600
1.72900
1.31200
1.04200
0.858000
0.632000
0.399000
0.111000
-8.60000E-02
-0.282000
-0.269000
-0.386000
-0.619000
-0.711000
-0.692000
-0.797000
-0.809000
-0.956000
-1.18300
-1.25600
-1.20700
-1.12800
-0.766000
1.05500
1.38000
1.44700
1.36100
1.04200
0.736000
0.196000
-0.202000
-0.392000
-0.447000
-0.558000
-0.729000
-0.895000
-1.01700
-1.08500
-1.17700
-1.29900
-1.60000
-1.41600
-1.57500
-1.58100
-1.41000
-1.23200
-0.441000
1.93100
2.15800
1.91900
1.44100
1.03000
0.675000
0.368000
3.70000E-02
-0.245000
-0.496000
-0.570000
-0.668000
-0.717000
-0.772000
-0.932000
-1.09100
-1.04200
-0.962000
-0.987000
-0.889000
-0.809000
-0.760000
-0.515000
-2.40000E-02
0.901000
2.55000
2.22600
1.30000
0.705000
0.429000
8.60000E-02
-0.135000
-0.374000
-0.625000
-0.668000
-0.423000
-1.04000E-01
1.04000E-01
0.129000
2.50000E-02
-0.110000
-8.60000E-02
0.123000
0.166000
4.90000E-02
-0.147000
-0.269000
-0.159000
-0.110000
0.221000
1.36700
3.01000
2.21300
1.30000
0.717000
0.374000
-1.20000E-02
-0.343000
-0.551000
-0.637000
-0.735000
-1.03000
-1.20700
-1.29900
-1.38500
-1.44600
-1.44600
-1.39700
-1.26300
-0.643000
2.93700
2.62400
1.53900
0.730000
0.209000
-0.135000
-0.319000
-0.429000
-0.490000
-0.545000
-0.607000
-0.668000
-0.705000
-0.650000
-0.637000
-0.588000
-0.263000
0.485000
1.88200
2.93000
1.64900
0.803000
0.331000
2.50000E-02
-2.40000E-02
0.166000
0.386000
0.944000
1.90100
2.52600
1.83900
0.944000
0.435000
0.196000
-6.00000E-03
-0.202000
-0.319000
0.160000
1.99900
2.58700
2.69100
2.52600
2.33600
1.71700
1.31800
0.950000
0.711000
0.478000
0.190000
1.90000E-02
4.90000E-02
4.30000E-02
-0.165000
-0.306000
-0.306000
-0.392000
-0.502000
-0.643000
-0.637000
-0.717000
-0.588000
0.736000
1.97400
1.96200
1.98600
1.74100
1.24500
0.767000
0.534000
0.478000
0.478000
0.478000
0.190000
-0.300000
-0.374000
-0.116000
-0.368000
-0.472000
-0.784000
-0.925000
-0.821000
-0.882000
-0.987000
-1.18300
-1.18900
-1.24400
-1.43400
-1.41000
-1.22600
0.356000
1.04900
0.889000
0.950000
0.730000
0.368000
0.184000
-4.90000E-02
-0.466000
-0.564000
-0.447000
-0.619000
-0.735000
-0.809000
-0.913000
-0.846000
-0.686000
-0.343000
1.69200
1.64900
1.23900
0.760000
0.233000
-0.184000
-0.447000
-0.570000
-0.594000
-0.570000
-0.650000
-0.907000
-1.04800
-0.919000
-0.840000
-0.447000
2.47100
1.74100
1.37300
0.993000
0.773000
0.417000
-5.50000E-02
-0.478000
-0.460000
-0.423000
-0.368000
-0.331000
-0.417000
-0.441000
-0.539000
-0.509000
-0.349000
-0.208000
-0.282000
-0.233000
8.60000E-02
0.785000
1.69200
2.30500
2.22600
1.53900
0.675000
0.282000
0.196000
0.135000
0.264000
0.239000
0.123000
5.50000E-02
8.00000E-02
7.40000E-02
6.20000E-02
0.344000
2.18900
2.64200
2.31100
1.63700
1.00600
0.319000
2.50000E-02
-7.30000E-02
-0.251000
-0.447000
-0.686000
-0.895000
-0.932000
-1.07300
-1.31200
-1.39700
-1.18300
2.20700
1.93700
1.86400
1.75300
1.73500
0.993000
0.442000
0.190000
2.50000E-02
-0.220000
-0.509000
-0.729000
-0.913000
-0.993000
-0.999000
-0.981000
-1.03000
-1.17700
-1.42800
-1.55100
-1.48300
0.969000
1.92500
1.95000
1.58800
1.17700
1.39800
0.779000
0.583000
0.509000
0.233000
-6.00000E-03
-0.220000
-0.325000
-0.447000
-0.515000
-0.594000
-0.576000
-0.797000
-0.956000
-1.00500
-1.14000
-1.29900
-1.28100
-1.22600
-1.09100
-0.650000
0.527000
0.368000
0.736000
1.07900
0.883000
0.656000
0.564000
0.233000
0.111000
-4.90000E-02
-0.282000
-0.613000
-0.833000
-0.809000
-0.674000
-0.570000
-0.748000
-0.981000
-1.04200
-1.01100
-1.03600
9.80000E-02
1.95000
2.40300
2.51400
1.96200
1.02400
0.239000
-0.202000
-0.435000
-0.600000
-0.625000
-0.502000
-0.202000
-0.374000
-0.269000
0.141000
3.68400
4.08300
3.51900
3.02900
2.17000
1.41000
0.828000
0.344000
9.80000E-02
0.196000
0.258000
0.270000
-0.135000
-0.147000
-7.90000E-02
-4.30000E-02
-0.447000
-0.717000
-0.846000
-0.895000
-0.833000
-0.919000
-1.05400
-1.13400
0.325000
1.43500
1.44100
1.38600
1.41000
1.10400
0.638000
0.337000
6.80000E-02
-6.10000E-02
-0.220000
-0.417000
-0.564000
-0.619000
-0.840000
-1.06000
-0.999000
-1.03000
-1.11500
-1.26300
-1.23800
0.344000
1.37300
0.675000
0.521000
0.442000
0.442000
0.417000
0.196000
9.20000E-02
-1.04000E-01
-0.343000
-0.502000
-0.460000
-0.343000
-0.306000
-0.466000
-0.619000
-0.809000
-0.889000
-0.815000
-0.864000
-0.846000
-0.662000
-0.233000
0.313000
0.999000
1.41600
1.18300
0.908000
0.767000
0.760000
0.626000
0.393000
0.344000
0.288000
6.80000E-02
-0.257000
-0.453000
-0.515000
-0.576000
-0.735000
-0.815000
-0.840000
-0.833000
-0.858000
-0.784000
-0.723000
-0.631000
-0.300000
0.166000
0.564000
0.754000
0.748000
0.632000
0.785000
1.24500
1.34900
1.12200
0.693000
0.331000
0.147000
-7.30000E-02
-0.319000
-0.570000
-0.741000
-0.827000
-0.895000
-0.797000
-0.760000
-0.840000
-0.821000
-0.717000
-0.545000
-0.135000
0.356000
0.644000
0.583000
0.344000
0.117000
4.30000E-02
0.239000
0.540000
0.834000
0.773000
0.368000
0.129000
2.50000E-02
-0.178000
-0.374000
-0.269000
-1.20000E-02
0.209000
0.331000
0.288000
6.80000E-02
-9.80000E-02
-0.251000
-0.392000
-0.441000
-0.306000
0.650000
2.15200
2.28100
1.45300
0.650000
0.172000
-0.147000
-0.331000
-0.594000
-0.692000
-0.729000
-0.766000
-0.803000
-1.09100
-1.31200
-1.33600
-1.32400
-1.33000
-1.44600
-1.54500
-1.47100
-1.31200
-0.748000
2.40300
2.10900
1.24500
0.460000
0.154000
8.60000E-02
6.20000E-02
7.40000E-02
8.60000E-02
0.245000
0.386000
0.264000
6.80000E-02
-0.110000
-3.70000E-02
4.90000E-02
7.40000E-02
-7.30000E-02
-0.361000
-0.594000
-0.748000
-0.821000
-0.809000
-0.809000
-0.625000
0.393000
1.51400
1.85800
1.34300
0.797000
0.307000
-2.40000E-02
-0.251000
-0.472000
-0.717000
-0.993000
-1.24400
-1.26900
-1.11500
-1.15800
-1.27500
-1.20700
-0.827000
1.73500
1.78400
0.748000
-2.40000E-02
-0.472000
-0.766000
-0.840000
-0.913000
-0.870000
-0.392000
0.650000
2.58100
1.71100
0.828000
0.245000
1.30000E-02
1.30000E-02
0.141000
0.405000
0.816000
1.50800
2.18900
2.56300
2.74700
2.81400
2.50100
1.78400
1.04900
0.705000
0.515000
0.258000
2.50000E-02
-4.90000E-02
-0.251000
-0.545000
-0.680000
-0.613000
-0.637000
-0.784000
-0.932000
-0.938000
-0.735000
1.43500
1.33700
1.61900
1.32400
0.797000
0.540000
0.534000
0.546000
0.344000
7.40000E-02
-0.257000
-0.392000
-0.386000
-0.294000
-0.619000
-0.711000
-0.662000
-0.907000
-1.03000
-1.25600
-1.42800
-1.27500
-1.22000
0.319000
1.79000
1.26900
1.17100
0.950000
0.828000
0.521000
0.282000
0.123000
3.70000E-02
1.30000E-02
2.50000E-02
0.215000
0.558000
0.595000
0.307000
4.90000E-02
-7.90000E-02
0.
0.117000
9.80000E-02
-2.40000E-02
-0.220000
-0.171000
7.40000E-02
0.442000
1.41600
4.16900
3.28600
2.04800
1.20200
0.822000
0.613000
0.288000
4.30000E-02
-0.227000
-0.404000
-0.404000
-0.441000
-0.613000
-0.662000
-0.631000
-0.784000
-0.797000
-0.797000
-0.858000
-0.981000
-1.03000
-0.705000
1.93700
2.53800
1.78400
1.72900
1.61900
1.19000
0.736000
0.460000
0.239000
8.00000E-02
-0.128000
-0.294000
-0.331000
-0.515000
-0.588000
-0.570000
-0.735000
-0.846000
-0.864000
-0.993000
-1.10300
-1.03000
-1.07900
-1.13400
0.313000
2.58100
2.82000
2.08500
1.56300
0.993000
0.386000
-1.04000E-01
-0.300000
-0.410000
-0.539000
-0.613000
-0.711000
-0.833000
-1.01100
-1.07300
-1.02300
-1.04200
-1.21400
-1.36100
-1.23800
1.41600
2.07800
1.70400
1.33100
0.993000
1.13400
1.00600
0.681000
0.252000
-0.178000
-0.484000
-0.637000
-0.637000
-0.711000
-0.778000
-0.987000
-1.08500
-1.30500
-1.17100
-1.03000
-0.993000
-8.60000E-02
1.25100
1.78400
1.37300
1.37300
1.41600
1.26300
0.797000
0.258000
9.80000E-02
6.80000E-02
0.190000
0.184000
-0.135000
-0.429000
-0.613000
-0.613000
-0.643000
-0.662000
-0.784000
-0.858000
-0.938000
-0.797000
1.05500
2.52600
2.93700
2.59300
2.08500
1.44700
1.03000
0.785000
0.527000
0.344000
-7.30000E-02
-0.300000
-0.349000
-0.447000
-0.558000
-0.760000
-0.809000
-0.968000
-1.03000
-1.14600
-1.30500
-1.42800
-1.39700
-1.39700
0.503000
1.85200
0.920000
0.908000
0.852000
0.681000
0.417000
0.129000
-0.233000
-0.404000
-0.294000
4.30000E-02
0.472000
1.09800
1.13400
0.926000
0.638000
0.111000
-0.159000
-0.466000
-0.613000
-0.643000
-0.668000
-0.864000
-0.882000
-0.404000
1.28100
3.45800
2.25600
1.00600
0.239000
-0.276000
-0.564000
-0.662000
-0.717000
-0.668000
-0.564000
-0.496000
-0.294000
6.80000E-02
0.546000
0.668000
0.417000
-4.90000E-02
-0.417000
-0.502000
-0.423000
-0.392000
-0.472000
-0.472000
1.30000E-02
1.38600
3.18800
2.13400
0.999000
0.215000
-0.110000
-0.355000
-0.613000
-0.784000
-0.919000
-1.00500
-1.03600
-0.974000
-0.895000
-0.784000
-0.699000
-0.594000
-0.429000
-2.40000E-02
0.730000
1.29400
1.43500
1.16500
2.03500
2.66100
3.01600
2.44000
1.71700
1.12200
0.619000
0.196000
-1.80000E-02
-8.60000E-02
-0.196000
-0.423000
-0.613000
-0.760000
-0.889000
-0.846000
-0.852000
-0.919000
-1.26300
-1.39700
-1.28100
-1.20700
2.20700
1.94400
2.98600
2.61200
1.88800
1.09100
0.515000
0.166000
4.90000E-02
-0.128000
-0.349000
-0.588000
-0.809000
-0.907000
-0.962000
-1.01100
-1.03600
-1.12200
-1.25600
-1.33600
-1.37300
-1.44600
-1.51400
-1.44600
0.141000
1.44100
1.97400
1.28800
0.993000
0.675000
0.215000
-1.04000E-01
-0.165000
-0.257000
-0.343000
-0.809000
-0.809000
-0.864000
-1.10300
-1.01100
-1.01100
-1.10900
-0.319000
2.30500
2.50100
1.82700
1.39200
0.583000
-2.40000E-02
-2.40000E-02
-8.60000E-02
-0.417000
-0.791000
-0.815000
-0.882000
-0.876000
-1.01100
-1.11500
-1.12800
-1.00500
0.693000
1.83900
2.18300
1.89400
1.26300
0.809000
0.478000
0.215000
-4.90000E-02
-0.122000
-0.276000
-0.521000
-0.570000
-0.631000
-0.662000
-0.674000
-0.784000
-0.925000
-1.08500
-1.07300
-1.09100
-0.944000
-0.423000
1.34300
1.64300
1.20200
0.852000
0.491000
8.00000E-02
-6.10000E-02
-0.294000
-0.392000
-0.251000
1.53900
2.22600
1.88800
1.50800
1.06700
0.589000
0.221000
0.
-0.153000
-0.300000
-0.404000
-0.576000
-0.760000
-0.870000
-0.858000
-0.938000
-1.03600
-1.25600
-1.16400
-1.05400
-0.772000
2.45200
3.15700
2.76500
1.83900
1.03000
0.380000
6.20000E-02
-4.90000E-02
-0.122000
-0.337000
-0.619000
-0.735000
-0.766000
-0.784000
-0.907000
-1.10900
-1.22600
-1.21400
-1.31800
-1.39700
0.331000
0.601000
1.11600
1.09800
1.09800
0.668000
0.411000
1.90000E-02
-0.233000
-0.551000
-0.650000
-0.741000
-0.889000
-1.10900
-1.20700
-1.23800
-1.16400
-1.22600
-1.57500
-1.63600
-1.33000
0.865000
1.79600
1.10400
1.00600
0.858000
0.386000
-0.294000
-0.582000
-0.619000
-0.600000
-0.527000
-0.490000
-0.527000
-0.594000
-0.717000
-0.662000
-0.600000
-0.502000
4.90000E-02
1.31200
3.08400
1.95600
1.02400
0.362000
5.50000E-02
-0.214000
-0.441000
-0.613000
-0.564000
-0.619000
-0.735000
-0.607000
-0.319000
-0.141000
-0.331000
-0.539000
-0.791000
-0.717000
-0.116000
1.64300
3.74000
2.59900
1.70400
1.19600
0.828000
0.540000
0.270000
0.135000
3.70000E-02
1.30000E-02
8.00000E-02
9.20000E-02
-5.50000E-02
-0.147000
-0.208000
-0.410000
-0.674000
-0.895000
-0.925000
-0.692000
0.540000
2.67300
2.75900
1.76000
1.24500
0.779000
0.399000
5.50000E-02
-0.220000
-0.410000
-0.637000
-0.797000
-0.962000
-0.864000
-0.607000
-0.766000
-0.944000
-0.981000
-0.791000
-0.650000
-0.643000
-0.128000
1.01200
1.63700
1.37300
0.822000
0.190000
-0.202000
-0.319000
-0.128000
0.166000
0.178000
0.478000
1.14000
1.88200
2.20100
2.18300
1.82100
1.22000
0.650000
0.172000
-0.233000
-0.441000
-0.558000
-0.643000
-0.784000
-0.944000
-0.944000
-0.907000
-0.956000
-1.01100
-1.20700
-1.37900
-1.29900
-0.380000
1.22600
1.39800
1.05500
0.932000
0.264000
-0.178000
-0.472000
-0.600000
-0.453000
-0.711000
-0.987000
-0.981000
-0.938000
-0.925000
-1.09700
-1.20100
-1.23800
-1.03000
0.295000
1.98000
1.55700
0.901000
0.313000
2.50000E-02
-0.269000
-0.441000
-0.349000
-0.319000
-0.349000
-0.257000
-0.208000
-2.40000E-02
1.30000E-02
0.258000
0.515000
0.834000
0.987000
1.10400
0.871000
0.552000
0.405000
0.245000
-0.276000
-0.521000
-0.349000
-7.30000E-02
0.344000
1.12800
1.91300
2.07800
1.68600
1.12200
0.834000
0.478000
1.04000E-01
-0.178000
-0.331000
-0.472000
-0.594000
-0.637000
-0.545000
-0.551000
-0.723000
-0.858000
-0.919000
-0.882000
-0.717000
-0.539000
8.00000E-02
1.57000
2.67300
2.02300
1.12800
0.485000
4.90000E-02
-0.227000
-0.404000
-0.668000
-0.637000
-0.502000
-0.551000
-0.527000
-0.441000
-0.539000
-0.741000
-0.692000
-0.214000
0.760000
1.90700
1.72900
0.711000
-6.00000E-03
-0.337000
-0.600000
-0.895000
-1.16400
-1.28700
-1.27500
-0.251000
1.52700
1.91300
1.31800
0.344000
-0.257000
-0.576000
-0.723000
-0.643000
-0.496000
-0.288000
0.123000
1.19600
1.88800
1.17700
0.368000
-0.165000
-0.570000
-0.680000
-0.662000
0.184000
1.99900
2.48900
2.20100
1.83900
1.39800
1.18300
0.791000
0.589000
7.40000E-02
-0.319000
-0.343000
-0.251000
-0.368000
-0.447000
-0.680000
-0.760000
-0.748000
-0.895000
-0.932000
-1.03000
-1.05400
0.141000
1.40400
1.96200
1.76600
1.42200
1.30000
0.981000
0.638000
0.754000
0.435000
0.166000
8.60000E-02
-3.70000E-02
-0.306000
-0.343000
-0.294000
-0.276000
-0.466000
-0.699000
-0.809000
-0.889000
-1.03000
-1.10900
-0.987000
-1.06000
-1.33000
-1.11500
0.576000
1.33700
1.28800
0.963000
0.632000
0.227000
0.111000
-0.116000
-0.257000
-0.594000
-0.570000
-0.594000
-0.570000
-0.674000
-0.858000
-1.05400
-1.06600
-1.13400
-1.27500
-1.32400
-1.30500
-1.15800
-0.846000
0.
1.64300
1.31200
0.491000
-0.269000
-0.576000
-0.521000
-0.355000
0.393000
2.03500
3.16300
2.04200
0.920000
0.252000
4.90000E-02
0.135000
0.190000
8.00000E-02
-0.227000
-0.410000
-0.233000
-0.135000
-0.245000
-0.227000
-0.202000
-0.263000
-0.245000
-6.70000E-02
0.282000
1.22600
2.61200
2.99200
2.20100
1.36100
0.650000
9.80000E-02
-0.153000
-0.153000
-0.300000
-0.349000
-0.423000
-0.533000
-0.723000
-0.576000
0.337000
2.74000
2.71600
1.55700
0.576000
-4.90000E-02
-0.460000
-0.650000
-0.760000
-0.840000
-1.03000
-1.25000
-1.32400
-1.21400
-1.16400
-1.15800
-0.981000
1.22000
2.88800
2.28100
1.32400
0.589000
0.190000
-3.00000E-02
-0.165000
-0.239000
-0.269000
-0.306000
-0.319000
-0.429000
-0.692000
-1.03600
-1.22000
-1.30500
-1.36100
-1.36100
-1.30500
-1.25600
-1.28100
-1.34200
-1.37300
-1.20100
0.478000
2.24400
2.15200
1.22000
0.423000
-0.196000
-0.472000
-0.576000
-0.662000
-0.784000
-0.901000
-0.938000
-0.840000
-0.864000
-1.14000
-1.31800
-1.25600
-1.28100
-1.27500
-1.27500
-1.10300
4.90000E-02
1.95000
1.44700
0.748000
-2.40000E-02
-0.502000
-0.809000
-1.05400
-1.12800
-1.16400
-1.04200
-0.619000
2.28100
2.17600
1.74100
1.00600
0.282000
-0.153000
-0.619000
-0.864000
-0.907000
-0.901000
-0.840000
-0.772000
-0.735000
-0.466000
-0.147000
0.491000
1.34300
1.85200
1.97400
2.03500
1.92500
1.64900
0.999000
0.319000
-0.122000
-0.564000
-0.551000
-0.570000
-0.558000
-0.128000
2.07800
2.27500
1.90100
1.63100
1.30000
0.822000
0.288000
6.80000E-02
7.40000E-02
-0.306000
-0.447000
-0.650000
-0.766000
-0.864000
-0.889000
-0.901000
-1.10300
-1.28700
-1.44600
-1.35500
-1.13400
-1.06600
-0.460000
1.93100
1.62500
0.914000
0.282000
-7.30000E-02
-0.220000
-0.196000
-0.214000
-3.00000E-02
0.576000
1.04900
1.21400
0.975000
0.736000
0.509000
0.460000
0.448000
0.503000
0.515000
0.454000
0.190000
-0.153000
-0.325000
-0.398000
-0.417000
-0.502000
-0.613000
-0.662000
0.901000
1.78400
2.17600
1.65500
1.05500
0.497000
0.184000
8.60000E-02
-2.40000E-02
-0.116000
-0.374000
-0.460000
-0.637000
-0.821000
-0.895000
-0.711000
-0.637000
-0.858000
-1.08500
-0.950000
-0.932000
-0.846000
-0.821000
-0.539000
1.87600
1.78400
1.66800
1.20800
1.08500
0.564000
0.184000
-3.70000E-02
-0.171000
-0.564000
-0.717000
-0.656000
-0.754000
-0.919000
-0.870000
-0.907000
-1.05400
-1.13400
-0.901000
-0.374000
2.52000
2.96700
2.19500
1.34900
0.724000
0.190000
-0.153000
-0.251000
-0.361000
-0.558000
-0.558000
-0.527000
-0.564000
-0.588000
-0.398000
0.325000
2.32400
2.38500
1.87600
1.39800
0.957000
0.564000
0.215000
5.50000E-02
-2.40000E-02
-2.40000E-02
-0.306000
-0.527000
-0.539000
-0.711000
-0.815000
-0.735000
-0.613000
-0.827000
-0.748000
0.344000
1.31200
1.81500
1.34300
0.999000
0.748000
0.478000
0.209000
-1.20000E-02
-0.288000
-0.398000
-0.447000
-0.545000
-0.668000
-0.735000
-0.809000
-0.993000
-0.968000
-0.686000
-0.410000
1.71100
2.72200
2.19500
1.56300
0.895000
0.393000
4.30000E-02
-0.141000
-0.227000
-0.349000
-0.355000
-0.306000
-0.208000
-8.60000E-02
8.00000E-02
0.779000
2.22600
3.39600
2.21900
1.45900
0.993000
0.699000
0.435000
0.166000
-7.90000E-02
-0.220000
-0.257000
-0.306000
-0.502000
-0.594000
-0.668000
-0.705000
-0.699000
-0.441000
1.48400
2.40300
1.86400
1.44700
1.22600
0.834000
0.491000
0.147000
-0.135000
-0.233000
-0.220000
-0.202000
-0.349000
-0.539000
-0.827000
-0.944000
-1.09100
-1.12800
-1.11500
-1.27500
-1.39700
-1.39100
-1.17100
0.675000
1.42200
0.969000
1.10400
0.534000
0.239000
4.30000E-02
1.30000E-02
-0.325000
-0.545000
-0.613000
-0.699000
-0.784000
-0.876000
-1.02300
-1.10300
-1.17100
-1.30500
-1.41600
-1.52000
-1.42200
0.466000
1.03600
1.83900
1.35500
0.724000
0.209000
-0.135000
-0.368000
-0.490000
-0.423000
-0.417000
-0.509000
-0.607000
-0.699000
-0.662000
-0.539000
-0.662000
-0.870000
-0.545000
0.264000
3.45200
3.15100
2.13400
1.20200
0.564000
0.258000
4.30000E-02
-5.50000E-02
2.50000E-02
0.178000
0.184000
0.
-8.60000E-02
-4.90000E-02
-1.20000E-02
-4.90000E-02
-4.90000E-02
0.668000
1.75300
1.34300
1.42200
1.20200
0.871000
0.509000
0.117000
-7.90000E-02
-0.171000
-0.135000
-0.227000
-0.453000
-0.576000
-0.778000
-0.913000
-1.03600
-0.882000
1.02400
0.938000
0.981000
1.11600
0.797000
0.632000
0.534000
0.319000
-0.153000
-0.410000
-0.545000
-0.607000
-0.625000
-0.711000
-0.889000
-0.925000
-0.956000
-0.950000
-0.882000
-0.870000
-0.815000
-0.398000
0.920000
3.08400
2.18300
1.51400
0.993000
0.656000
0.325000
4.90000E-02
-6.10000E-02
-0.178000
-0.398000
-0.539000
-0.509000
-0.361000
-0.509000
-0.723000
-0.699000
-0.662000
-0.717000
-0.741000
-0.754000
-0.631000
-0.319000
0.380000
1.92500
3.07800
1.80300
0.828000
0.337000
7.40000E-02
-0.128000
-0.306000
-0.429000
-0.588000
-0.637000
-0.766000
-0.815000
-0.784000
-0.699000
-0.797000
-0.999000
-1.20100
-1.25000
-1.16400
-0.913000
-0.545000
-3.00000E-02
1.44100
1.87000
1.29400
0.515000
0.147000
0.196000
0.656000
1.55100
2.72200
2.38500
1.04200
0.135000
-0.306000
-0.441000
-0.521000
-0.711000
-1.06000
-1.20100
-1.01700
-0.944000
-1.05400
-1.10900
-1.03600
0.288000
0.877000
0.993000
0.846000
0.724000
0.356000
-0.128000
-0.392000
-0.447000
-0.619000
-0.656000
-0.938000
-1.15200
-1.21400
-1.29900
-1.15200
-1.01100
-0.668000
1.80900
1.48400
0.920000
0.552000
0.123000
-9.20000E-02
-0.312000
-0.398000
-0.263000
0.221000
0.736000
1.10400
1.22600
1.32400
1.68600
1.81500
1.34300
0.724000
0.331000
8.60000E-02
-9.80000E-02
-0.214000
-0.441000
-0.619000
-0.699000
-0.533000
-0.128000
1.37300
2.83200
2.45200
2.20100
1.55700
0.816000
0.466000
0.209000
0.
-0.282000
-0.502000
-0.564000
-0.711000
-0.840000
-0.882000
-0.858000
-0.932000
-1.12800
-1.20100
-1.26900
-1.30500
-1.12200
-0.692000
2.52000
2.72200
2.50100
1.93100
1.71100
1.45300
1.30000
1.09800
0.748000
0.356000
-3.70000E-02
-0.398000
-0.692000
-0.864000
-0.876000
-0.901000
-0.981000
-1.03000
-1.07900
-1.13400
-1.24400
-1.40400
-1.40400
-0.337000
1.05500
1.01800
0.711000
0.656000
0.662000
0.509000
8.00000E-02
-0.331000
-0.656000
-0.699000
-0.809000
-0.919000
-0.962000
-1.22000
-1.29900
-1.26900
-1.36100
-1.36100
-1.40400
-1.61200
-1.59400
-1.37900
0.576000
1.39800
1.01200
0.785000
0.386000
0.141000
-0.374000
-0.600000
-0.637000
-0.453000
-0.233000
0.356000
1.55700
2.37300
2.00500
1.24500
0.650000
0.301000
3.70000E-02
-0.147000
-0.325000
-0.509000
-0.527000
-0.637000
-0.686000
-0.472000
-0.141000
1.88800
1.92500
2.26800
1.95600
1.29400
0.730000
0.429000
0.282000
8.60000E-02
-0.153000
-0.441000
-0.723000
-0.784000
-0.827000
-0.821000
-0.919000
-0.968000
-0.858000
-0.717000
-0.502000
-0.202000
0.583000
1.54500
1.44700
1.27500
1.39800
2.25000
2.96700
2.33000
1.70400
1.34900
0.932000
0.515000
0.
-0.319000
-0.521000
-0.570000
-0.490000
-0.600000
-0.613000
-0.490000
-0.300000
-0.300000
-0.404000
-0.386000
-6.00000E-03
2.36600
2.08500
2.52600
2.17600
1.34300
1.06700
0.999000
0.675000
0.393000
-2.40000E-02
-0.319000
-0.343000
-0.374000
-0.558000
-0.833000
-0.968000
-1.04200
-1.15200
-1.20700
-1.20700
-1.31800
-1.46500
-1.55700
-1.49500
1.36100
1.22600
1.42200
1.08500
1.22600
0.773000
0.748000
0.638000
0.307000
-0.122000
-0.521000
-0.668000
-0.558000
-0.699000
-0.895000
-0.956000
-1.08500
-1.25000
-1.08500
-0.840000
-1.16400
-1.22600
-1.22600
-1.22600
-0.766000
2.29900
2.89400
2.39100
1.45900
0.883000
0.527000
9.80000E-02
-0.128000
-0.343000
-0.435000
-0.441000
-0.502000
-0.674000
-0.809000
-0.705000
-0.846000
-0.882000
-0.784000
-0.496000
1.93100
2.14600
1.98600
1.59400
0.975000
0.613000
0.460000
0.147000
4.90000E-02
-0.184000
-0.294000
-0.294000
-0.466000
-0.760000
-0.827000
-0.846000
-0.833000
-0.772000
0.245000
1.82700
2.25000
2.15200
1.91300
1.31800
0.938000
0.650000
0.466000
0.258000
9.20000E-02
-5.50000E-02
-0.178000
-0.263000
-0.527000
-0.772000
-1.00500
-0.956000
-1.00500
-1.10900
-1.20700
-1.28700
-1.33000
-1.23800
-0.858000
1.19600
2.88800
2.52000
1.90700
1.08500
0.527000
0.258000
0.
-0.276000
-0.521000
-0.643000
-0.564000
-0.447000
-0.447000
-0.674000
-0.784000
-0.846000
-0.962000
-1.10300
-1.01100
-0.417000
1.83900
3.36000
2.23200
1.22000
0.491000
-7.90000E-02
-0.558000
-0.760000
-0.864000
-0.944000
-0.944000
-0.956000
-0.987000
-1.08500
-1.19500
-1.29900
-1.23800
-0.686000
2.85700
2.96700
1.95600
1.00600
0.325000
7.40000E-02
-6.10000E-02
-7.30000E-02
-0.122000
-0.196000
-0.368000
-0.496000
-0.619000
-0.699000
-0.809000
-0.981000
-1.12800
-1.25000
-1.34800
-1.30500
-1.04800
0.999000
1.23900
0.871000
0.957000
0.779000
0.190000
-0.276000
-0.392000
-0.484000
-0.852000
-0.711000
-0.705000
-0.895000
-1.18300
-1.28100
-1.13400
-0.600000
1.49600
0.760000
0.515000
0.491000
0.215000
-0.214000
-0.870000
-1.03000
-1.05400
-1.00500
-0.932000
-0.496000
2.61800
2.39700
1.69200
1.22600
0.638000
0.147000
-0.220000
-0.496000
-0.766000
-0.981000
-0.974000
-0.846000
-0.797000
-0.760000
-0.858000
-1.00500
-1.06000
-0.962000
-0.760000
-0.171000
1.21400
2.61800
2.15200
1.28100
0.442000
-5.50000E-02
-0.294000
-0.184000
-0.110000
0.
0.221000
0.552000
0.687000
0.773000
0.963000
1.44700
1.81500
1.59400
1.05500
0.632000
0.245000
-7.90000E-02
-0.171000
-0.184000
-0.245000
-0.319000
-0.466000
-0.545000
-0.484000
0.773000
2.96700
3.24900
2.17000
1.19600
0.460000
7.40000E-02
-0.208000
-0.637000
-0.821000
-0.821000
-0.858000
-0.889000
-0.889000
-0.938000
-0.981000
-1.10900
-1.17700
-1.33600
-1.39700
-1.18300
1.46500
1.83900
1.64300
0.969000
0.540000
-3.70000E-02
-0.220000
-0.447000
-0.815000
-0.895000
-0.968000
-1.05400
-1.12800
-1.32400
-1.26900
-0.827000
-0.797000
-0.981000
-0.723000
-0.674000
-0.686000
-0.392000
-0.128000
4.30000E-02
0.368000
0.527000
0.626000
0.920000
0.975000
0.877000
0.773000
0.662000
0.497000
0.233000
8.60000E-02
0.172000
0.215000
0.172000
0.270000
0.337000
0.454000
0.429000
0.380000
0.258000
0.111000
0.117000
0.215000
8.60000E-02
0.123000
0.209000
0.184000
0.270000
0.920000
2.99800
2.52600
1.98600
1.52100
1.23900
0.846000
0.460000
0.117000
-9.80000E-02
-0.153000
-0.263000
-0.319000
-0.417000
-0.478000
-0.564000
-0.815000
-0.938000
-1.07300
-1.26300
-1.21400
-1.25000
-1.21400
-2.40000E-02
1.20200
1.33100
1.41600
1.34300
0.932000
0.540000
0.233000
9.20000E-02
-3.00000E-02
-0.276000
-0.570000
-0.735000
-0.711000
-0.895000
-0.956000
-1.05400
-1.22600
-1.22600
-0.962000
-0.533000
1.61900
1.80300
1.05500
0.319000
-0.171000
-0.122000
0.166000
1.51400
3.71500
2.46500
1.47100
0.895000
0.515000
0.362000
0.264000
0.215000
0.166000
8.60000E-02
6.20000E-02
-4.90000E-02
-0.196000
-0.276000
-0.361000
-0.404000
-0.527000
-0.735000
-0.907000
-0.791000
1.12200
2.36000
2.07800
1.83300
1.33100
0.871000
0.515000
0.386000
0.288000
0.166000
-0.227000
-0.570000
-0.674000
-0.699000
-0.748000
-0.833000
-0.974000
-1.03600
-1.10900
-1.23800
-1.43400
-1.28700
-1.30500
-1.18300
1.41600
0.926000
-7.90000E-02
0.221000
0.344000
0.344000
0.417000
0.129000
-0.349000
-0.392000
-0.417000
-0.588000
-0.833000
-0.895000
-0.932000
-0.907000
-0.827000
-0.741000
-0.613000
-0.502000
-0.319000
0.221000
1.02400
2.39700
2.86300
1.88200
0.760000
0.184000
-0.233000
-0.447000
-0.735000
-0.932000
-0.938000
-0.919000
-1.14600
-1.28700
-1.42200
-1.44600
-1.47100
-1.55100
-1.51400
-1.41600
-1.21400
-0.355000
1.52100
1.48400
1.07300
0.319000
-0.227000
-0.447000
-0.257000
0.245000
1.20200
1.91900
1.47100
0.564000
-7.90000E-02
-0.484000
-0.699000
-0.925000
-1.22000
-1.16400
-0.987000
-0.741000
-0.178000
1.19600
3.00400
2.82000
1.99900
1.17100
0.534000
0.301000
1.04000E-01
-0.178000
-0.349000
-0.398000
-0.343000
-7.90000E-02
0.288000
0.595000
0.969000
1.36100
1.88800
2.17000
2.46500
3.04100
3.16300
1.79600
0.987000
0.282000
-6.10000E-02
-0.190000
-0.227000
-0.178000
-0.178000
-0.220000
-0.355000
-0.466000
-0.662000
-0.938000
-1.08500
-1.09700
-1.02300
-0.895000
-0.392000
1.49600
1.33700
1.06100
1.07900
0.883000
0.638000
0.429000
0.184000
-2.40000E-02
-0.122000
-0.374000
-0.496000
-0.588000
-0.778000
-0.797000
-0.932000
-1.06600
-1.20700
-1.15800
-1.08500
-1.28700
-1.39100
-1.37300
-1.22600
0.472000
1.14700
0.926000
1.00600
0.773000
0.576000
0.258000
1.30000E-02
-1.04000E-01
-0.165000
-0.251000
-0.288000
-0.312000
-0.331000
-0.490000
-0.643000
-0.588000
-0.509000
-0.637000
-0.760000
-0.754000
-0.539000
-0.613000
-0.662000
-0.490000
-4.30000E-02
0.668000
1.36100
1.49600
1.10400
0.858000
0.485000
0.362000
0.717000
1.45900
4.37700
3.34700
2.42800
1.56300
0.840000
0.405000
0.178000
8.60000E-02
8.60000E-02
0.111000
-1.80000E-02
-0.227000
-0.227000
-0.128000
-0.306000
-0.417000
-0.460000
-0.368000
-0.153000
5.50000E-02
1.57600
2.42200
2.24400
1.80300
1.22000
0.834000
0.767000
0.540000
0.233000
6.20000E-02
-0.159000
-0.245000
-0.368000
-0.447000
-0.460000
-0.576000
-0.809000
-0.907000
-1.01700
-1.09100
-1.26300
-1.03600
0.435000
1.25100
1.05500
0.858000
0.613000
0.239000
-0.171000
-0.441000
-0.325000
-0.502000
-0.748000
-0.932000
-0.974000
-1.06000
-1.10300
-1.10900
-1.07900
-1.06000
-0.956000
-0.331000
1.36100
1.88800
1.29400
1.14700
0.950000
0.503000
0.344000
0.111000
-8.60000E-02
-0.202000
-0.368000
-0.447000
-0.613000
-0.766000
-0.870000
-1.00500
-0.938000
-0.864000
-0.705000
-0.380000
0.147000
0.834000
1.01200
0.730000
0.546000
0.589000
0.724000
0.993000
1.58200
1.61200
1.37300
1.07300
0.687000
0.368000
0.209000
-0.135000
-0.392000
-0.564000
-0.637000
-0.754000
-0.723000
-0.735000
-0.784000
-0.729000
-0.460000
0.141000
1.71700
2.25600
0.993000
0.282000
-0.196000
-0.441000
-0.619000
-0.889000
-0.938000
-1.01100
-1.09100
-0.944000
-0.319000
1.36700
1.90700
0.871000
0.141000
-8.60000E-02
-0.110000
-0.288000
-0.472000
-0.680000
-0.864000
-0.962000
-0.981000
-1.04200
-1.08500
-1.13400
-1.10900
-0.938000
-0.619000
-4.30000E-02
0.944000
1.83900
1.58800
0.889000
0.478000
0.221000
-7.30000E-02
-0.319000
-0.515000
-0.686000
-0.741000
-0.643000
-0.662000
-0.797000
-0.882000
-0.962000
-0.987000
-1.01100
-0.741000
0.172000
2.01100
2.53800
1.39800
0.564000
0.203000
0.325000
0.503000
0.613000
0.822000
1.00600
1.01200
0.803000
0.448000
0.178000
3.70000E-02
-9.80000E-02
-0.178000
-0.245000
-0.288000
-0.245000
-0.135000
0.233000
3.36000
2.68500
2.56900
2.22600
1.79600
1.16500
0.871000
0.515000
0.417000
0.264000
-4.90000E-02
-0.178000
-0.147000
-0.282000
-0.319000
-0.588000
-0.766000
-0.938000
-0.962000
-1.20100
-1.31200
-1.31200
-1.27500
-1.34800
-1.27500
-0.858000
1.05500
1.36100
1.56300
1.14700
0.809000
0.589000
0.319000
6.00000E-03
-0.147000
-0.159000
-0.202000
-0.233000
-0.349000
-0.441000
-0.306000
-0.208000
-6.10000E-02
-0.171000
-0.233000
-0.251000
-0.447000
-0.429000
-0.576000
-0.809000
-0.944000
-0.662000
0.785000
1.46500
1.67400
1.20200
0.650000
0.368000
4.30000E-02
-0.202000
-0.404000
-0.355000
-0.380000
-0.674000
-0.932000
-0.889000
-0.815000
-0.993000
-1.18900
-1.17100
-1.18300
-1.07900
-0.791000
-0.251000
1.85200
1.70400
1.03000
0.466000
0.245000
0.288000
0.411000
0.675000
0.932000
1.17700
1.36700
1.54500
2.00500
2.78300
2.18300
1.06700
0.417000
2.50000E-02
-0.349000
-0.668000
-0.797000
-0.919000
-0.993000
-1.01100
-0.987000
-0.778000
-0.809000
-0.907000
-0.981000
-1.09100
-0.846000
-9.80000E-02
2.61800
2.14000
1.65500
1.17700
0.779000
0.871000
1.30600
1.88800
2.14600
1.63100
0.809000
0.135000
-0.349000
-0.594000
-0.705000
-0.778000
-0.895000
-0.895000
-0.833000
-0.889000
-1.01100
-1.20700
-1.36100
-1.25000
-0.944000
1.02400
2.45200
2.37300
1.49600
0.552000
6.20000E-02
-0.245000
-0.392000
-0.521000
-0.699000
-0.821000
-0.833000
-0.809000
-0.809000
-0.938000
-1.12200
-1.22600
-1.28700
-1.37900
-1.31200
-1.34200
-1.29900
-1.05400
-0.484000
0.969000
2.23200
1.95600
1.34900
1.13400
1.39200
1.48400
1.21400
0.724000
0.190000
-0.227000
-0.453000
-0.662000
-0.846000
-0.981000
-1.01700
-1.01100
-0.987000
-0.962000
-0.956000
-1.01700
-1.03000
-1.00500
-4.90000E-02
1.53900
1.11600
0.699000
0.429000
0.196000
-0.122000
-0.190000
-0.349000
-0.607000
-0.637000
-0.674000
-0.833000
-0.791000
-0.656000
-0.251000
1.79000
2.51400
1.88800
1.15300
0.485000
-6.70000E-02
-0.441000
-0.619000
-0.723000
-0.882000
-0.637000
-5.50000E-02
2.85100
2.43400
2.78300
2.14600
1.76600
1.40400
0.485000
0.147000
3.70000E-02
-2.40000E-02
-0.110000
-0.171000
-0.202000
-0.349000
-0.502000
-0.674000
-0.797000
-0.705000
-1.00500
-1.01700
-1.01100
-1.03600
-1.29300
-1.32400
-0.968000
1.26300
1.85200
1.44100
1.14700
0.871000
0.380000
0.190000
-0.184000
-0.349000
-0.325000
-0.423000
-0.600000
-0.907000
-0.968000
-0.938000
-0.956000
-0.981000
-1.19500
-1.18900
-0.993000
-0.576000
1.93100
2.20700
1.55100
1.03600
0.442000
-7.30000E-02
-0.257000
-0.294000
-0.202000
-2.40000E-02
0.301000
0.675000
1.06700
1.60600
2.13400
2.06000
1.47100
0.963000
0.515000
0.221000
0.135000
6.00000E-03
-0.165000
-0.196000
-0.251000
-0.276000
-0.441000
-0.600000
-0.637000
-0.754000
-0.882000
-0.864000
-0.662000
1.39800
2.42800
2.52600
1.87600
0.975000
0.276000
-0.116000
-0.374000
-0.699000
-0.699000
-0.833000
-0.784000
-0.545000
-0.613000
-0.827000
-0.913000
-0.993000
-0.919000
-1.03000
-1.07900
-1.08500
-0.852000
-4.30000E-02
1.75300
2.30500
1.61900
0.656000
9.80000E-02
8.00000E-02
0.337000
1.01800
1.88800
1.81500
0.901000
6.20000E-02
-0.545000
-0.925000
-1.12800
-1.26900
-1.34800
-1.25000
-1.00500
-0.178000
2.30500
1.99300
1.36100
0.429000
-0.202000
-0.613000
-0.840000
-1.01100
-1.06000
-0.257000
1.76600
4.41400
3.01000
2.01100
0.999000
0.435000
8.60000E-02
-0.159000
-0.294000
-0.343000
-0.398000
-0.447000
-0.466000
-0.460000
-0.521000
-0.600000
-0.650000
-0.184000
1.63700
1.79000
1.74100
1.44700
0.981000
0.534000
0.172000
7.40000E-02
-5.50000E-02
-0.153000
-0.135000
-0.233000
-0.380000
-0.392000
-0.717000
-0.864000
-1.01100
-1.20100
-1.26300
-1.26300
-1.32400
-1.15800
-0.128000
0.901000
1.34900
1.44700
1.05500
0.632000
0.147000
-0.128000
-0.214000
-0.165000
-0.386000
-0.588000
-0.625000
-0.662000
-0.705000
-0.882000
-0.919000
-0.962000
-1.10300
-1.16400
-1.15200
-1.13400
-1.18900
-0.981000
-0.417000
2.24400
1.97400
1.17700
0.662000
2.50000E-02
-0.245000
-0.331000
-0.527000
-0.741000
-0.741000
-0.570000
-0.349000
-0.349000
-0.355000
-0.269000
-0.196000
-0.349000
-0.398000
-0.300000
-0.214000
-2.40000E-02
0.344000
0.393000
0.386000
0.295000
0.393000
0.662000
0.871000
1.03000
0.993000
0.816000
0.534000
0.166000
1.04000E-01
-0.208000
-0.306000
-0.319000
-0.490000
-0.594000
-0.570000
-0.741000
-0.674000
-0.257000
0.190000
0.687000
1.10400
1.05500
0.705000
0.258000
-8.60000E-02
-0.331000
-0.545000
-0.545000
-0.159000
0.460000
1.23900
1.56300
1.17700
0.632000
0.178000
6.00000E-03
-0.128000
-0.368000
-0.784000
-1.03600
-0.987000
-0.711000
-0.643000
-0.600000
-0.233000
1.81500
2.37900
2.12700
1.32400
0.534000
-0.110000
-0.466000
-0.686000
-0.846000
-1.03000
-1.08500
-1.10900
-1.13400
-1.20100
-1.37300
-1.54500
-1.60000
-1.60000
-1.47700
2.47100
2.95500
2.08500
0.932000
0.337000
-7.30000E-02
-0.227000
-0.306000
-0.306000
-0.263000
-0.122000
2.50000E-02
-5.50000E-02
-0.202000
-0.245000
-0.282000
-0.380000
-0.453000
-0.343000
1.04900
2.17600
1.95000
1.49000
1.14000
0.957000
0.797000
0.435000
4.30000E-02
-0.171000
-0.128000
-0.208000
-0.515000
-0.576000
-0.662000
-0.797000
-0.962000
-1.07900
-1.28700
-1.17700
0.307000
1.66200
1.45900
1.46500
1.16500
0.871000
0.503000
0.147000
-3.70000E-02
-1.04000E-01
-0.276000
-0.460000
-0.521000
-0.699000
-0.858000
-0.932000
-0.981000
-0.962000
-0.962000
-0.619000
1.85200
1.88800
1.79000
1.12200
0.540000
0.380000
8.00000E-02
-0.208000
-0.466000
-0.613000
-0.668000
-0.686000
-0.729000
-0.576000
-0.717000
-0.723000
-0.355000
-0.398000
-0.122000
0.534000
0.803000
0.840000
0.883000
0.521000
9.80000E-02
-5.50000E-02
-0.202000
-0.227000
-0.165000
0.515000
1.20200
1.74100
1.55700
1.10400
0.368000
-9.20000E-02
-0.306000
-0.355000
-0.441000
-0.502000
-0.398000
-0.325000
-0.374000
-0.502000
-0.269000
1.90000E-02
0.123000
0.705000
1.68600
2.27500
2.22600
1.77800
0.871000
0.295000
1.90000E-02
-7.90000E-02
-0.159000
-0.331000
-0.453000
-0.570000
-0.741000
-0.809000
-0.956000
-0.993000
-0.821000
-0.343000
1.77800
2.69100
1.93100
1.04900
0.221000
-0.337000
-0.625000
-0.809000
-0.932000
-0.938000
-0.864000
-0.858000
-0.993000
-1.21400
-1.36100
-1.42200
-1.37300
-1.20700
-0.882000
0.154000
1.92500
1.21400
0.344000
-0.319000
-0.741000
-0.981000
-1.12200
-1.25000
-1.37300
-1.27500
-0.968000
-0.398000
0.393000
1.08500
0.675000
4.90000E-02
-0.441000
-0.662000
-0.766000
-0.882000
-0.925000
-0.907000
-0.748000
-0.392000
0.344000
1.80900
1.71100
0.435000
-0.312000
-0.539000
-0.625000
-0.809000
-1.01100
-1.06600
-0.950000
-0.643000
-0.417000
-0.184000
0.209000
0.540000
0.730000
0.760000
1.00600
1.39800
1.45900
1.14000
0.730000
0.368000
4.90000E-02
-0.227000
-0.410000
-0.588000
-0.760000
-0.864000
-0.907000
-0.864000
-0.729000
-0.380000
4.90000E-02
0.527000
1.19000
1.38000
0.981000
0.534000
0.245000
0.123000
0.245000
0.760000
1.64300
2.42800
2.72200
1.95000
0.883000
0.295000
4.90000E-02
-1.04000E-01
-0.276000
-0.447000
-0.741000
-1.04200
-1.17700
-1.21400
-1.13400
-1.03600
-1.01100
-0.680000
2.52600
2.68500
2.62400
1.83300
0.981000
0.245000
-0.178000
-0.435000
-0.539000
-0.515000
-0.545000
-0.631000
-0.803000
-0.993000
-1.18900
-1.23800
-1.23800
-1.28100
-1.42800
-1.58700
-1.45900
-1.29900
-1.18300
-0.613000
2.33600
1.83300
1.07900
0.282000
-0.208000
-0.441000
-0.515000
-0.545000
-0.558000
-0.607000
-0.613000
-0.429000
-0.110000
0.245000
0.583000
0.589000
0.380000
0.123000
-0.233000
-0.466000
-0.582000
-0.576000
-0.607000
-0.699000
-0.539000
6.20000E-02
0.993000
1.93100
1.87000
0.938000
0.135000
-0.110000
-0.269000
-0.441000
-0.754000
-0.809000
-0.889000
-0.895000
-0.515000
0.429000
2.72200
2.15200
1.14700
0.435000
1.90000E-02
-0.306000
-0.453000
-0.699000
-0.907000
-0.981000
-0.938000
-0.699000
-0.582000
-0.576000
-0.343000
0.356000
1.87000
3.10800
2.30500
1.20200
0.515000
0.503000
0.466000
0.460000
0.509000
0.521000
0.368000
0.111000
-9.80000E-02
-0.300000
-0.392000
-0.447000
-0.607000
-0.864000
-1.06000
-0.993000
-0.686000
1.90000E-02
1.41600
2.91800
2.01700
1.08500
0.319000
-0.128000
-0.300000
-0.374000
-0.472000
-0.521000
-0.331000
9.80000E-02
0.736000
1.32400
1.52100
1.09800
0.417000
-9.80000E-02
-0.380000
-0.699000
-0.987000
-1.15800
-1.20100
-0.938000
1.49000
1.25100
1.52100
1.09100
0.564000
0.460000
0.350000
3.70000E-02
-0.337000
-0.515000
-0.625000
-0.735000
-0.858000
-1.03600
-1.05400
-1.20100
-1.36100
-1.27500
-1.13400
-0.882000
0.190000
2.39100
1.80300
1.07900
0.638000
1.15300
2.81400
3.91100
2.49500
1.30600
0.834000
0.619000
0.485000
0.337000
9.20000E-02
-7.30000E-02
-0.239000
-0.435000
-0.588000
-0.686000
-0.809000
-0.815000
-0.643000
-0.190000
1.37300
1.80300
1.68600
1.41600
0.877000
0.472000
0.380000
0.282000
2.50000E-02
-0.294000
-0.251000
-0.208000
-0.319000
-0.570000
-0.882000
-1.07900
-1.03600
-1.03600
-1.17700
-1.34800
-1.05400
0.282000
1.20200
1.17100
1.12800
1.02400
0.564000
0.111000
-0.153000
-9.20000E-02
-0.276000
-0.484000
-0.656000
-0.613000
-0.699000
-0.772000
-0.895000
-0.962000
-1.19500
-1.29900
-1.36100
-1.40400
0.245000
1.79600
1.22000
1.31800
1.17700
0.773000
0.442000
6.20000E-02
-0.269000
-0.386000
-6.00000E-03
-0.251000
-0.754000
-0.772000
-0.662000
-0.815000
-0.938000
-1.06000
-1.12800
-1.11500
-0.944000
-0.956000
-0.791000
1.54500
3.35300
3.21900
2.06000
1.15300
0.295000
-0.196000
-0.325000
-0.331000
-0.208000
-3.70000E-02
-8.60000E-02
-0.147000
-0.214000
-0.153000
-0.165000
-0.208000
-0.319000
-0.368000
-5.50000E-02
1.71700
2.50700
2.28100
1.85200
1.36100
0.779000
0.374000
0.288000
0.245000
-0.122000
-0.650000
-0.846000
-0.858000
-0.987000
-1.06000
-1.20700
-1.25000
-1.28700
-1.45900
-1.47100
-1.36700
-4.90000E-02
1.05500
1.47100
1.07900
0.491000
-5.50000E-02
-0.594000
-0.717000
-0.239000
1.09100
3.13300
2.23200
1.25700
0.656000
0.196000
-0.208000
-0.539000
-0.668000
-0.833000
-0.938000
-1.01100
-1.06600
-1.09100
-1.06600
-1.01100
-0.956000
-0.729000
0.552000
3.47000
2.51400
1.44700
0.546000
4.90000E-02
-0.122000
-0.245000
-0.343000
-0.398000
-0.484000
-0.564000
-0.729000
-0.938000
-1.04200
-1.16400
-1.22600
-1.22000
-1.02300
-0.680000
-0.190000
0.675000
1.33700
0.926000
0.485000
8.00000E-02
-0.110000
0.117000
1.00600
2.88100
3.03500
1.80900
0.926000
0.460000
0.356000
0.245000
9.80000E-02
0.
-1.20000E-02
1.90000E-02
0.
-0.116000
-0.282000
-0.466000
-0.570000
-0.692000
-0.907000
-1.04200
-1.05400
-0.870000
0.785000
1.96800
1.75300
1.67400
1.11600
0.822000
0.607000
0.288000
0.141000
-0.128000
-0.613000
-0.729000
-0.650000
-0.858000
-0.987000
-1.07300
-1.23800
-1.32400
-1.34800
-1.31800
-1.46500
-1.50200
-1.61800
-1.44000
0.209000
2.07800
2.20700
1.83300
1.22000
1.09800
0.981000
0.785000
0.503000
0.276000
1.90000E-02
-0.227000
-0.533000
-0.846000
-1.06000
-1.07300
-0.999000
-1.12800
-1.16400
-0.895000
-0.515000
4.30000E-02
2.66700
2.36600
1.87600
0.969000
0.147000
-0.343000
-0.711000
-0.821000
-0.821000
-0.637000
-0.122000
2.28100
2.07800
1.64300
1.11600
0.552000
6.80000E-02
-0.368000
-0.564000
-0.625000
-0.852000
-1.11500
-1.10300
-1.03600
-1.13400
-1.15800
-0.981000
0.675000
1.39800
1.34900
1.20200
1.15300
0.644000
0.325000
-4.90000E-02
-0.453000
-0.723000
-0.680000
-0.791000
-0.882000
-1.04800
-1.05400
-1.20100
-1.22600
-1.29900
-1.34800
-1.44600
-1.45300
-1.42200
-1.09100
1.27500
1.58200
1.30000
0.957000
0.411000
-0.239000
-0.564000
-0.791000
-0.901000
-1.03600
-1.04800
-1.02300
-1.16400
-1.00500
-1.03000
-1.01100
-1.08500
-1.01100
-0.607000
-4.90000E-02
0.711000
1.34900
1.12200
0.521000
0.239000
0.344000
0.662000
1.19000
1.41600
1.10400
0.583000
0.172000
-2.40000E-02
-0.245000
-0.447000
-0.349000
7.40000E-02
0.662000
0.858000
0.699000
0.460000
0.319000
0.117000
-4.90000E-02
-7.30000E-02
0.417000
2.55000
3.26100
2.37300
1.77800
0.920000
0.442000
0.190000
-6.10000E-02
-0.398000
-0.631000
-0.545000
-0.539000
-0.600000
-0.656000
-0.711000
-0.827000
-0.938000
-0.925000
-0.944000
-1.14000
-1.10300
-1.15800
-0.956000
-9.80000E-02
3.02900
2.69800
2.09700
1.22600
0.730000
0.656000
0.957000
1.41000
1.76000
1.61200
1.17100
0.742000
0.411000
0.172000
-1.20000E-02
-0.147000
-0.153000
-0.245000
-0.466000
-0.613000
-0.748000
-0.821000
-0.907000
-0.987000
-1.00500
-0.919000
0.319000
1.03000
1.17100
1.07300
0.730000
0.540000
0.258000
8.60000E-02
-0.227000
-0.423000
-0.509000
-0.588000
-0.699000
-0.772000
-0.907000
-0.938000
-1.03000
-1.26900
-1.28700
-1.26300
-1.37900
-1.40400
-1.52600
-1.48300
-1.39100
0.160000
0.957000
0.901000
0.613000
0.601000
0.368000
0.135000
-2.40000E-02
-0.202000
-0.196000
-0.319000
-0.233000
-0.184000
-0.122000
-7.30000E-02
-0.227000
-0.300000
-0.288000
-0.337000
-0.331000
-0.288000
-9.80000E-02
-1.80000E-02
0.380000
1.04200
1.45900
1.81500
2.67300
3.42700
2.94300
2.24400
1.54500
0.895000
0.435000
0.350000
0.337000
0.282000
0.135000
-6.00000E-03
-9.80000E-02
-0.214000
-0.239000
-0.178000
-0.306000
-0.478000
-0.613000
-0.692000
0.239000
1.84500
2.36600
1.87600
1.96200
1.46500
1.12200
0.957000
0.675000
0.515000
0.233000
-0.227000
-0.484000
-0.398000
-0.643000
-0.895000
-0.846000
-0.772000
-0.889000
-1.08500
-1.29900
-1.43400
-1.43400
-1.37300
-1.42800
-1.60000
0.264000
1.12200
0.650000
0.699000
0.429000
0.368000
0.264000
9.20000E-02
-0.116000
-2.40000E-02
0.442000
1.17700
1.02400
0.564000
6.00000E-03
-0.380000
-0.515000
-0.496000
-0.570000
-0.778000
-1.01100
-1.14000
-1.03000
-1.17700
-0.974000
-1.02300
-0.705000
1.20200
1.19000
0.957000
0.583000
0.393000
1.90000E-02
-0.325000
-0.331000
-0.478000
-0.521000
-0.539000
-0.631000
-0.564000
-0.178000
0.368000
0.871000
1.07900
0.754000
0.442000
0.374000
1.90000E-02
-0.128000
0.172000
0.558000
1.36700
1.94400
1.83300
1.31200
0.981000
0.662000
0.540000
0.742000
1.39800
3.90500
3.13900
2.71000
2.15200
1.83300
1.42200
1.05500
0.840000
0.442000
0.196000
1.90000E-02
-0.110000
-0.306000
-0.306000
-0.478000
-0.692000
-0.833000
-0.932000
-0.833000
-0.919000
-1.05400
-1.01700
-0.122000
1.15900
1.51400
1.21400
0.981000
0.797000
0.662000
0.435000
-1.04000E-01
-0.208000
-0.233000
-0.294000
-0.392000
-0.619000
-0.766000
-0.913000
-0.944000
-1.05400
-1.29900
-1.47700
-1.30500
-1.20700
0.515000
1.50800
1.92500
1.49000
1.13400
0.779000
0.797000
0.356000
-1.20000E-02
-0.269000
-0.343000
-0.128000
-0.147000
-0.386000
-0.588000
-0.882000
-0.968000
-0.864000
-0.766000
-0.956000
-1.12800
-1.22600
-1.04200
-0.178000
2.66700
2.12100
1.28800
0.576000
0.
-0.300000
-0.374000
-0.496000
-0.558000
-0.368000
-6.10000E-02
0.754000
1.88200
2.52000
2.08500
1.21400
0.595000
0.172000
-0.128000
-0.276000
-0.165000
0.
-0.141000
-0.368000
-0.686000
-0.852000
-0.833000
-0.453000
0.736000
3.47600
3.69700
2.47700
1.33700
0.552000
0.123000
0.
4.30000E-02
1.90000E-02
3.70000E-02
-8.60000E-02
-0.380000
-0.478000
-0.484000
-0.484000
-0.570000
-0.613000
-0.319000
1.76000
2.17000
1.83300
1.44700
0.908000
0.454000
0.227000
0.166000
1.90000E-02
-0.135000
-0.355000
-0.723000
-0.981000
-0.950000
-0.797000
-0.999000
-1.16400
-0.600000
1.17100
1.36700
1.20200
1.11000
0.736000
0.454000
7.40000E-02
-0.220000
-0.202000
-0.386000
-0.472000
-0.478000
-0.772000
-0.987000
-1.06000
-0.999000
-0.913000
-1.00500
-1.07900
-1.15200
-1.20700
0.154000
1.79000
2.30500
1.86400
1.30000
0.681000
0.178000
-2.40000E-02
-4.90000E-02
-0.159000
-0.368000
-0.423000
-0.398000
-0.460000
-0.478000
-0.527000
-0.637000
-0.668000
-0.717000
-0.760000
-0.502000
0.184000
1.39800
3.10800
2.64800
2.17600
1.70400
1.44100
1.07300
0.852000
0.558000
0.245000
0.233000
0.282000
6.80000E-02
-0.178000
-0.220000
0.
-0.184000
-0.637000
-0.840000
-0.962000
-1.03600
-0.901000
-0.956000
-1.05400
-0.962000
-0.282000
0.742000
1.38000
1.11600
0.932000
0.466000
4.30000E-02
-0.257000
-0.263000
-0.380000
-0.453000
-0.711000
-0.809000
-0.784000
-0.938000
-1.06600
-1.12200
-1.08500
-0.882000
-0.490000
1.99300
2.09100
1.17700
0.460000
-1.20000E-02
-0.337000
-0.509000
-0.533000
-0.650000
-0.509000
-0.392000
-0.269000
-8.60000E-02
0.429000
1.82700
3.11400
1.80900
0.901000
0.233000
-0.147000
-0.349000
-0.398000
-0.509000
-0.699000
-0.784000
-0.748000
-0.741000
-0.791000
-0.962000
-1.15200
-1.25000
-1.16400
-0.699000
2.86300
2.54400
1.83300
1.00600
0.429000
-6.70000E-02
-0.349000
-0.466000
-0.582000
-0.772000
-0.956000
-0.882000
-0.815000
-1.04800
-1.04800
-1.09100
-1.17700
-1.18300
-1.03000
-0.784000
6.20000E-02
2.09700
1.69200
0.877000
6.80000E-02
-0.404000
-0.650000
-0.723000
-0.784000
-0.840000
-0.913000
-0.901000
-0.760000
-0.662000
-0.515000
-0.202000
0.485000
1.80900
2.33000
1.34300
0.435000
-4.90000E-02
-0.288000
-0.460000
-0.539000
-0.545000
-0.613000
-0.741000
-0.864000
-0.968000
-1.05400
-0.840000
-0.447000
0.362000
2.12700
3.34100
1.66200
0.656000
4.90000E-02
-0.214000
-0.361000
-0.576000
-0.760000
-0.889000
-0.987000
-0.962000
-0.944000
-0.858000
-0.619000
6.80000E-02
1.61900
2.48900
1.20200
0.221000
-0.380000
-0.692000
-0.852000
-0.907000
-0.907000
-0.760000
-0.349000
0.245000
1.15300
1.74100
1.45900
0.957000
0.417000
4.30000E-02
-0.251000
-0.435000
-0.404000
-0.147000
7.40000E-02
0.288000
0.773000
1.39800
1.75300
1.69200
1.38600
0.662000
6.80000E-02
-0.269000
-0.502000
-0.625000
-0.686000
-0.741000
-0.791000
-0.925000
-0.944000
-0.907000
-0.791000
-0.741000
-0.527000
0.331000
2.69800
2.04800
1.05500
0.215000
-0.190000
-0.429000
-0.650000
-0.827000
-0.932000
-1.03600
-1.06000
-1.06600
-1.05400
-1.04200
-1.08500
-1.12800
-0.932000
-0.662000
-0.429000
0.129000
0.938000
1.14700
0.865000
0.393000
7.40000E-02
-9.80000E-02
-1.04000E-01
0.141000
0.803000
1.98000
3.07800
2.95500
1.93700
1.17100
0.828000
0.515000
8.60000E-02
-0.202000
-0.331000
-0.423000
-0.613000
-0.729000
-0.870000
-0.907000
-0.962000
-0.907000
1.34300
1.31200
1.25100
1.38600
1.24500
1.13400
1.10400
0.675000
0.417000
0.209000
0.117000
-0.128000
-0.441000
-0.588000
-0.490000
-0.423000
-0.594000
-0.741000
-0.717000
-0.662000
-0.699000
-0.564000
0.754000
1.85800
1.98600
1.95000
1.67400
1.30000
0.877000
0.632000
0.362000
0.209000
-0.159000
-0.398000
-0.545000
-0.570000
-0.711000
-0.852000
-0.968000
-1.06600
-1.12800
-1.00500
-1.03000
-1.17700
-1.55100
-1.58700
-1.48900
-1.47100
0.711000
2.78300
2.80800
2.40300
1.89400
1.53900
1.22000
0.871000
0.527000
0.245000
9.80000E-02
-4.90000E-02
-0.245000
-0.515000
-0.840000
-1.03000
-1.07300
-1.14000
-1.18900
-1.23200
-1.26900
-1.35500
-1.44600
-1.48300
-1.33600
-0.147000
1.32400
1.17700
0.932000
0.576000
0.368000
0.209000
-7.90000E-02
-0.269000
-0.269000
-0.355000
-0.527000
-0.668000
-0.717000
-0.735000
-0.846000
-0.956000
-1.12800
-1.13400
-1.03000
-0.797000
-0.423000
6.20000E-02
1.04900
2.17600
1.84500
1.32400
0.797000
0.319000
-7.30000E-02
-0.312000
-0.325000
-0.312000
-0.306000
-0.343000
-0.251000
-3.00000E-02
0.411000
0.932000
1.26300
1.28800
1.12800
1.10400
1.03000
0.564000
0.135000
4.90000E-02
0.172000
0.245000
0.252000
7.40000E-02
-0.220000
-0.282000
-0.349000
-0.521000
-0.662000
-0.631000
-0.392000
-0.122000
0.264000
0.938000
1.75300
2.08500
1.81500
1.12200
0.466000
6.80000E-02
1.30000E-02
-3.70000E-02
-0.153000
-0.178000
-1.04000E-01
-0.141000
-0.368000
-0.441000
-0.582000
-0.717000
-0.797000
-0.895000
-0.944000
-0.956000
-1.06600
-1.06000
-0.815000
0.196000
2.24400
2.08500
0.852000
0.141000
-0.141000
-0.257000
-0.392000
-0.441000
-0.300000
-0.128000
-0.208000
-0.478000
-0.637000
-0.766000
-0.913000
-0.938000
-0.545000
1.33700
1.74100
1.10400
0.736000
0.742000
0.239000
-0.141000
-0.625000
-1.01700
-1.25600
-1.20700
-1.36700
-1.55700
-1.70400
-1.69800
-1.56900
-1.44000
-0.956000
1.26300
1.34900
1.17700
0.705000
0.215000
-0.135000
-0.306000
-0.417000
-0.460000
-0.398000
-0.423000
-0.490000
-0.502000
-0.404000
-0.374000
-0.515000
-0.582000
8.60000E-02
2.26800
2.02300
1.60000
0.987000
0.435000
1.30000E-02
-0.135000
-0.306000
-0.588000
-0.717000
-0.833000
-0.833000
-0.735000
-0.913000
-0.962000
-0.760000
-0.141000
1.39800
3.98500
3.01600
2.07800
1.38000
1.01800
0.846000
0.638000
0.454000
0.337000
0.166000
-4.90000E-02
-0.312000
-0.447000
-0.545000
-0.717000
-0.962000
-1.10900
-1.14000
-1.20100
-1.12800
-0.803000
0.840000
1.20800
1.33700
1.00600
0.681000
0.362000
3.10000E-02
-1.20000E-02
-0.171000
-0.380000
-0.582000
-0.833000
-0.754000
-0.907000
-1.12800
-1.15200
-1.15200
-1.07900
-0.956000
-0.699000
1.00600
1.14700
0.767000
0.515000
0.135000
-0.325000
-0.447000
-0.447000
0.117000
1.41000
3.31100
2.64800
1.68600
0.754000
0.368000
0.184000
8.60000E-02
-8.60000E-02
-0.392000
-0.600000
-0.631000
-0.674000
-0.692000
-0.619000
-0.570000
-0.625000
-0.772000
-0.968000
-0.981000
-0.938000
-0.723000
-0.319000
1.15300
2.59300
2.20700
1.42200
0.638000
0.307000
0.141000
-4.30000E-02
-0.171000
-0.178000
-0.141000
-0.184000
-0.196000
-0.147000
-0.153000
-0.294000
-0.539000
-0.699000
-0.735000
-0.613000
-0.410000
0.154000
1.99900
1.92500
1.41600
0.926000
0.460000
-0.128000
-0.404000
-0.564000
-0.858000
-1.20100
-1.18900
-1.25000
-1.16400
-0.827000
-1.04000E-01
2.20700
2.08500
1.25100
0.307000
-0.380000
-0.692000
-0.815000
-0.870000
-0.840000
-0.711000
-0.656000
-0.662000
-0.502000
-0.122000
0.295000
0.834000
1.71700
2.74700
1.49600
0.503000
-7.30000E-02
-0.423000
-0.668000
-0.993000
-1.23800
-1.37300
-1.30500
-1.03000
-0.588000
2.35400
2.63600
2.15800
1.27500
0.399000
-0.208000
-0.466000
-0.564000
-0.631000
-0.766000
-0.962000
-1.06600
-0.981000
-1.03000
-1.03600
-1.04800
-1.09100
-1.23800
-1.40400
-1.40400
-1.25600
-0.895000
0.331000
2.90600
2.20700
1.34300
0.576000
4.90000E-02
-0.196000
-0.392000
-0.417000
-0.460000
-0.539000
-0.625000
-0.699000
-0.840000
-0.981000
-1.05400
-1.09100
-1.11500
-1.10900
-1.18300
-1.13400
-0.864000
-0.147000
1.10400
2.13400
1.90700
1.16500
0.675000
0.491000
0.699000
0.901000
0.773000
0.417000
0.111000
-0.135000
-0.319000
-0.349000
-0.319000
-0.386000
-0.429000
-0.453000
-0.441000
2.50000E-02
1.83300
2.49500
1.91900
1.27500
0.613000
0.313000
8.00000E-02
-0.288000
-0.558000
-0.551000
-0.809000
-0.962000
-1.03000
-1.10300
-0.974000
-1.05400
-1.06000
-1.06000
-0.962000
-0.245000
3.11400
2.83200
1.95600
1.12200
0.644000
0.276000
0.
-0.110000
-0.122000
-2.40000E-02
0.172000
0.350000
0.503000
0.386000
9.20000E-02
-0.227000
-0.509000
-0.674000
-0.735000
-0.662000
-0.349000
1.79000
2.35400
1.75300
1.14000
0.828000
0.454000
0.239000
-1.80000E-02
-0.110000
-0.233000
-0.576000
-0.735000
-0.803000
-0.901000
-0.846000
-0.932000
-0.968000
-1.03600
-0.962000
0.619000
1.17700
2.24400
1.91900
1.31800
0.662000
0.276000
-6.00000E-03
-0.171000
-0.392000
-0.545000
-0.760000
-0.913000
-0.919000
-0.858000
-0.827000
-0.956000
-0.993000
-0.846000
0.846000
1.98600
1.89400
1.55100
1.19600
0.767000
0.442000
0.160000
1.30000E-02
-0.122000
-0.184000
-0.122000
0.135000
0.344000
0.466000
0.442000
0.129000
-0.257000
-0.539000
-0.613000
-0.662000
-0.484000
0.135000
4.43800
4.96600
3.30400
2.12700
1.20800
0.846000
0.711000
0.846000
0.828000
0.558000
0.135000
-0.257000
-0.490000
-0.545000
-0.539000
-0.515000
-0.662000
-0.797000
-0.981000
-1.22600
-1.40400
-1.45300
-1.48300
-1.25000
0.331000
1.76600
1.68600
1.45900
1.45900
1.27500
0.957000
0.926000
3.67200
3.05300
2.28100
1.56300
1.19600
0.662000
0.509000
0.417000
0.282000
9.80000E-02
-0.269000
-0.502000
-0.699000
-0.711000
-0.515000
-0.643000
-0.784000
-0.809000
-0.968000
-0.956000
-1.03000
-0.956000
-0.220000
1.23900
1.91900
1.31200
1.02400
1.02400
0.613000
0.129000
-0.159000
-0.116000
-0.184000
-0.447000
-0.717000
-0.711000
-0.846000
-0.981000
-0.962000
-0.938000
-0.962000
-0.950000
-1.11500
-1.17700
-1.08500
-1.17700
7.40000E-02
0.957000
1.19000
1.03000
0.852000
0.521000
0.325000
0.117000
-0.202000
-0.398000
-0.337000
-0.410000
-0.625000
-0.748000
-0.760000
-0.833000
-0.815000
-0.932000
-0.913000
-0.993000
-0.932000
-0.815000
-0.692000
1.90000E-02
2.03500
2.19500
1.93100
1.39800
0.901000
0.564000
0.123000
-7.30000E-02
-0.147000
-0.374000
-0.545000
-0.699000
-0.551000
-0.429000
-0.276000
-4.30000E-02
2.50000E-02
-6.00000E-03
-0.122000
0.
0.264000
0.730000
0.993000
1.03000
0.908000
1.17700
1.80900
1.92500
1.79600
1.34900
0.852000
0.221000
-0.325000
-0.607000
-0.625000
-0.705000
-0.784000
-0.613000
-0.423000
-0.319000
-0.245000
6.80000E-02
0.840000
1.98000
2.28700
1.61900
0.920000
0.448000
1.90000E-02
-0.447000
-0.919000
-1.04200
-1.03000
-0.962000
-0.962000
-0.251000
1.11600
1.79600
1.91300
1.39200
0.969000
0.417000
8.60000E-02
-0.368000
-0.619000
-0.760000
-0.797000
-1.02300
-1.12800
-1.16400
-1.23200
-1.25000
-1.29300
-1.39700
-1.34800
-0.110000
1.17700
1.27500
1.22600
0.675000
0.147000
-0.147000
-0.269000
-0.460000
-0.527000
-0.527000
-0.699000
-0.907000
-1.03600
-1.00500
-1.21400
-1.25000
-1.20700
-1.10900
-0.766000
2.09700
1.74100
1.21400
0.583000
0.154000
-7.30000E-02
0.160000
1.22600
2.82000
3.42700
2.47700
1.49000
0.650000
0.270000
0.111000
9.20000E-02
0.
-2.40000E-02
-0.122000
-0.368000
-0.398000
-0.128000
1.29400
3.51900
3.16300
2.55000
1.98000
1.91300
1.57600
0.969000
0.693000
0.503000
0.632000
0.521000
0.270000
0.172000
0.
-0.184000
-0.282000
-0.404000
-0.570000
-0.754000
-0.858000
-0.864000
-0.760000
-0.619000
1.79000
2.06600
1.76600
1.51400
1.22600
1.16500
0.816000
0.576000
-2.40000E-02
0.117000
-6.00000E-03
0.
-0.325000
-0.319000
-0.392000
-0.527000
-0.594000
-0.705000
-0.907000
-1.04200
-1.03000
-1.20100
-1.35500
-0.668000
1.74100
2.08500
1.79000
1.47100
1.27500
0.901000
0.656000
0.638000
0.711000
0.534000
0.417000
0.583000
0.460000
0.135000
-4.90000E-02
-4.30000E-02
-0.147000
-0.300000
-0.545000
-0.699000
-0.760000
-0.650000
-0.521000
-0.441000
-0.447000
-0.282000
0.319000
2.17600
2.18300
1.60000
1.06700
0.613000
0.368000
9.80000E-02
6.80000E-02
-0.110000
-0.227000
-0.269000
-0.392000
-0.349000
-0.521000
-0.447000
-0.325000
-0.184000
0.270000
0.987000
1.35500
1.12200
0.724000
0.307000
0.245000
1.36700
3.97900
3.48200
2.99200
2.15200
1.53300
1.10400
0.711000
0.656000
0.503000
0.386000
0.166000
-7.90000E-02
-0.349000
-0.539000
-0.600000
-0.662000
-0.784000
-0.882000
-1.06000
-1.15800
-1.28700
-1.25000
-0.202000
1.71700
1.80900
1.52700
1.12800
0.871000
0.656000
0.509000
0.435000
0.233000
7.40000E-02
-1.20000E-02
-0.135000
-0.423000
-0.668000
-0.797000
-1.09100
-1.14000
-1.20700
-1.22000
-1.34200
-1.38500
-1.11500
0.822000
1.64300
1.66800
1.50200
1.41600
0.871000
0.454000
0.337000
1.04000E-01
-0.165000
-0.306000
-0.233000
-0.171000
-0.343000
-0.570000
-0.809000
-0.882000
-1.00500
-1.12800
-1.29300
-1.29900
-1.28700
-1.20700
-1.21400
-0.932000
0.828000
1.14700
0.852000
0.638000
0.319000
6.00000E-03
-0.171000
-9.20000E-02
-0.110000
-0.269000
-0.478000
-0.625000
-0.833000
-0.760000
-0.662000
-0.772000
-0.944000
-0.901000
-0.987000
-0.950000
-0.772000
-0.282000
1.39800
2.30500
2.02900
1.67400
1.52100
1.96200
2.66700
2.17600
1.42200
1.14000
0.724000
0.196000
-0.202000
-0.153000
-5.50000E-02
-6.10000E-02
-0.147000
-0.269000
-0.343000
-0.447000
-0.582000
-0.551000
1.39800
2.39700
2.31100
2.17600
2.24400
1.90100
1.36700
0.883000
0.368000
-7.90000E-02
-0.478000
-0.650000
-0.760000
-0.840000
-0.925000
-1.01100
-0.956000
-1.07900
-1.18300
-1.26900
-1.27500
-1.14000
1.28800
1.85200
2.08500
1.71100
1.14000
0.601000
0.141000
-0.122000
-0.251000
-0.404000
-0.600000
-0.735000
-0.766000
-0.889000
-0.913000
-1.03000
-1.14000
-1.12800
-1.29900
-1.23200
0.632000
0.129000
1.06700
1.00600
0.730000
0.730000
0.448000
0.209000
-0.171000
-0.349000
-0.398000
-0.631000
-0.833000
-1.09100
-1.21400
-1.20100
-1.10900
-1.26300
-1.52000
-1.48300
-0.398000
1.45300
1.06700
1.77800
1.27500
0.932000
0.411000
4.30000E-02
-0.245000
-0.478000
-0.650000
-0.864000
-0.913000
-1.11500
-1.03000
-0.956000
-0.840000
-0.925000
-1.10300
-1.01700
-0.527000
2.55000
2.81400
2.20100
1.79000
1.25100
0.589000
-7.90000E-02
-0.447000
-0.564000
-0.429000
-0.349000
-0.319000
-0.368000
-0.441000
-0.435000
-0.343000
-0.398000
-0.484000
-0.374000
0.166000
1.83900
3.02900
2.62400
1.85800
0.963000
0.374000
0.196000
7.40000E-02
-3.00000E-02
-6.00000E-03
8.00000E-02
0.117000
0.123000
0.190000
0.190000
1.90000E-02
-0.147000
-9.20000E-02
0.147000
0.650000
0.834000
0.828000
0.662000
0.221000
-6.10000E-02
-2.40000E-02
0.264000
0.730000
1.50200
1.97400
1.91300
1.51400
1.02400
0.638000
0.491000
0.307000
-7.30000E-02
-0.300000
-0.386000
-0.466000
-0.551000
-0.674000
-0.833000
-0.864000
-0.833000
-0.919000
-1.00500
-0.907000
-0.784000
-0.760000
-0.429000
0.957000
3.49400
2.93700
1.74700
0.521000
-0.306000
-0.650000
-0.858000
-0.895000
-0.864000
-0.668000
-0.404000
-0.380000
-0.594000
-0.827000
-1.01100
-1.09100
-1.23800
-1.41000
-1.52600
-1.71600
-1.79600
-0.968000
1.28800
1.45300
1.61200
1.37300
0.699000
0.147000
-6.10000E-02
-0.128000
-0.539000
-0.833000
-0.760000
-0.895000
-0.981000
-0.987000
-1.18900
-1.12800
-1.15200
-1.40400
-1.42800
-1.48900
-1.53800
-2.40000E-02
0.809000
1.24500
1.03000
0.754000
0.319000
-2.40000E-02
-0.294000
-0.643000
-0.797000
-0.833000
-0.993000
-1.17700
-1.13400
-0.962000
-0.864000
-0.588000
4.90000E-02
1.25700
1.66200
0.816000
3.70000E-02
-0.331000
-0.368000
-0.349000
-1.20000E-02
2.13400
3.80100
2.34800
1.05500
0.282000
-7.30000E-02
-0.208000
-0.343000
-0.509000
-0.680000
-0.711000
-0.613000
-0.564000
-0.668000
-0.889000
-1.00500
-0.870000
-0.539000
-0.184000
0.491000
1.73500
2.60600
1.97400
0.883000
0.196000
-7.30000E-02
-1.80000E-02
2.50000E-02
-7.30000E-02
-0.276000
-0.343000
-0.147000
0.196000
0.509000
0.717000
0.914000
0.846000
0.760000
0.791000
0.619000
0.331000
0.184000
-7.30000E-02
-0.300000
-0.325000
-0.423000
-0.502000
-0.466000
-0.417000
-0.484000
-0.631000
-0.699000
-0.539000
9.20000E-02
1.55700
3.02900
1.92500
0.748000
0.141000
-1.04000E-01
-0.343000
-0.674000
-0.882000
-0.913000
-0.840000
-0.754000
-0.833000
-0.895000
-0.815000
-0.711000
-0.607000
-0.478000
-0.214000
0.141000
0.515000
0.662000
0.380000
0.221000
0.435000
1.23200
2.56300
3.42100
1.86400
0.693000
8.60000E-02
-0.220000
-0.380000
-0.545000
-0.686000
-0.711000
-0.784000
-0.913000
-1.00500
-0.999000
-0.962000
-1.14000
-1.18300
-1.15200
-1.20700
-1.01700
-0.282000
2.44000
1.78400
0.999000
0.540000
-7.30000E-02
-0.521000
-0.711000
-0.797000
-0.741000
-0.282000
0.724000
1.95600
1.68600
0.662000
-1.20000E-02
-0.294000
-0.398000
-0.435000
-0.668000
-0.932000
-0.907000
-0.766000
-0.643000
-0.643000
-0.588000
-0.319000
0.
1.90000E-02
-0.251000
-0.466000
-0.637000
-0.864000
-0.913000
-0.784000
-0.650000
-0.392000
0.190000
0.809000
1.05500
0.920000
0.736000
0.656000
0.485000
0.196000
-8.60000E-02
-0.220000
-0.294000
-0.521000
-0.674000
-0.809000
-0.840000
-0.938000
-1.05400
-0.901000
-0.650000
-7.90000E-02
0.852000
1.84500
1.44700
0.932000
0.527000
0.301000
3.10000E-02
-0.110000
-0.110000
-1.04000E-01
-3.00000E-02
-1.04000E-01
-0.159000
-8.60000E-02
0.411000
1.34900
2.14600
2.22600
1.87600
1.43500
1.12200
0.834000
0.558000
0.331000
0.117000
-0.128000
-0.343000
-0.355000
-0.478000
-0.760000
-0.882000
-0.932000
-0.625000
0.356000
3.10200
2.47100
1.41600
0.981000
1.42200
2.69100
4.06500
2.98600
1.95000
1.26300
0.816000
0.534000
0.337000
0.184000
-3.70000E-02
-0.239000
-0.466000
-0.619000
-0.717000
-0.784000
-0.882000
-0.974000
-1.01100
-1.01100
-1.04200
-1.12800
-0.925000
0.515000
1.58800
1.42200
1.12800
1.01800
0.852000
0.521000
0.233000
0.
-0.128000
-0.135000
-0.153000
-0.404000
-0.625000
-0.735000
-0.766000
-0.815000
-0.974000
-1.09100
-1.23200
-1.28100
-1.33000
-1.41000
-1.36100
-1.53800
-1.55100
-1.46500
-1.03000
0.601000
0.607000
0.828000
0.607000
0.184000
6.20000E-02
-0.159000
-0.288000
-0.490000
-0.717000
-0.882000
-0.932000
-0.938000
-0.962000
-0.882000
-0.772000
-0.466000
0.999000
1.25700
0.969000
0.503000
6.20000E-02
-0.178000
-0.441000
-0.564000
-0.699000
-0.840000
-0.833000
-0.840000
-0.748000
-0.122000
1.09100
2.91200
2.16400
1.31200
0.773000
0.632000
0.730000
0.901000
1.21400
1.43500
1.39800
1.22000
0.999000
0.803000
0.675000
0.411000
0.221000
6.80000E-02
4.90000E-02
-1.20000E-02
-3.70000E-02
4.90000E-02
0.215000
0.613000
1.25100
2.35400
3.45800
2.85100
1.88200
1.12800
0.785000
0.803000
0.803000
0.650000
0.331000
0.111000
1.90000E-02
-0.110000
-0.282000
-0.319000
-0.392000
-0.545000
-0.846000
-1.06600
-1.04800
-0.981000
-1.09700
-1.12800
-0.735000
0.466000
2.98600
1.90700
0.889000
0.111000
-0.306000
-0.539000
-0.607000
-0.699000
-0.797000
-0.840000
-0.962000
-1.03600
-1.03000
-1.05400
-1.00500
-0.594000
1.12800
2.68500
1.36100
0.429000
1.90000E-02
-0.153000
-0.233000
-0.306000
-0.521000
-0.735000
-0.864000
-0.895000
-0.852000
-0.889000
-0.962000
-1.01100
-1.00500
-0.797000
0.852000
3.32900
3.09000
2.08500
1.38600
0.797000
0.337000
6.20000E-02
-0.208000
-0.306000
-0.171000
-0.202000
-0.331000
-0.380000
-0.490000
-0.570000
-0.797000
-0.938000
-1.01700
-0.956000
-0.932000
-0.962000
-0.974000
-0.882000
1.90100
1.79000
2.32400
1.90700
1.52100
1.26300
1.05500
0.601000
0.435000
0.160000
-0.171000
-0.349000
-0.294000
-0.263000
-0.355000
-0.478000
-0.637000
-0.741000
-0.797000
-0.797000
-0.864000
-0.840000
-0.815000
-0.882000
-0.944000
-0.576000
2.07800
3.01600
2.64800
2.07200
1.47100
1.07900
0.711000
0.184000
-0.178000
-0.441000
-0.668000
-0.741000
-0.741000
-0.784000
-0.968000
-0.981000
-0.907000
-0.840000
-0.895000
-0.502000
1.26300
1.80900
1.31800
1.01800
0.711000
0.270000
2.50000E-02
-0.178000
-0.343000
-0.502000
-0.637000
-0.717000
-0.778000
-0.797000
-0.833000
-0.956000
-1.08500
-0.962000
1.45900
1.83300
1.60600
1.39200
0.926000
0.295000
0.368000
0.662000
2.50000E-02
-0.368000
-0.417000
-0.196000
-0.159000
-0.282000
-0.533000
-0.490000
-0.404000
-0.429000
-0.613000
-0.705000
-0.729000
-0.833000
-0.784000
-0.435000
0.767000
2.76500
2.63600
1.74100
0.822000
0.337000
0.203000
8.60000E-02
-1.20000E-02
-0.202000
-0.227000
-0.171000
-0.190000
-0.135000
-1.20000E-02
-8.60000E-02
-0.398000
-0.686000
-0.993000
-1.05400
-0.956000
-0.833000
-0.625000
-0.245000
0.828000
3.16300
2.29900
1.07300
0.270000
-0.122000
-0.306000
-0.466000
-0.643000
-0.870000
-1.01700
-0.956000
-0.925000
-0.827000
-0.527000
0.295000
2.46500
2.60600
1.56300
0.681000
3.70000E-02
-0.355000
-0.460000
-0.613000
-0.840000
-0.968000
-1.09100
-1.17700
0.632000
3.05900
2.12100
1.57000
1.12200
0.828000
0.435000
-1.20000E-02
-0.233000
-0.417000
-0.570000
-0.404000
-0.539000
-0.692000
-0.729000
-0.741000
-0.705000
-0.797000
-0.827000
-0.686000
0.319000
4.27900
3.13900
1.58800
0.607000
0.184000
0.196000
0.209000
0.
-0.349000
-0.748000
-0.895000
-0.821000
-0.717000
-0.741000
-0.778000
-0.858000
-1.03000
-1.15200
-1.35500
-1.38500
-1.36100
-0.956000
1.14700
1.44700
1.14000
0.895000
0.632000
0.313000
4.90000E-02
-0.269000
-0.294000
-0.196000
-0.251000
-0.668000
-0.797000
-0.981000
-0.956000
-0.925000
-1.00500
-1.00500
-1.08500
-1.17700
-1.06000
-0.876000
-0.417000
1.88800
1.85800
1.36100
0.993000
0.478000
-4.90000E-02
-0.245000
-3.00000E-02
0.417000
0.932000
1.12800
0.736000
0.227000
-8.60000E-02
-0.202000
-0.368000
-0.417000
-0.343000
-0.233000
-7.30000E-02
0.117000
0.374000
0.478000
0.736000
0.883000
0.754000
0.632000
0.466000
0.221000
-5.50000E-02
-4.90000E-02
-0.208000
-0.404000
-0.441000
-0.178000
0.417000
1.78400
2.84500
2.45800
1.55700
0.773000
0.282000
-8.60000E-02
-0.447000
-0.594000
-0.656000
-0.760000
-0.870000
-0.870000
-0.840000
-0.760000
-0.809000
-0.840000
-0.643000
1.04900
2.23800
1.48400
1.00600
0.534000
-7.90000E-02
-0.650000
-1.00500
-1.03000
-1.02300
-1.07300
-1.20100
-1.36100
-1.47700
-1.49500
-1.42800
-1.32400
-0.515000
1.15300
1.12200
0.613000
0.245000
-8.60000E-02
-0.269000
-0.545000
-0.821000
-1.14000
-1.36100
-1.47100
-1.51400
-1.38500
0.895000
1.10400
0.834000
0.307000
0.178000
0.147000
-0.227000
-0.570000
-0.858000
-1.20100
-1.29900
-1.25600
-1.28100
-1.37300
-1.33600
-0.202000
1.51400
1.31800
1.05500
0.527000
6.20000E-02
-0.171000
-0.276000
-0.502000
-0.772000
-0.938000
-0.987000
-0.974000
-0.852000
-0.968000
-0.944000
-0.735000
-0.564000
-0.208000
0.932000
2.31700
2.23800
1.54500
0.932000
0.564000
0.411000
0.485000
0.607000
0.558000
0.258000
-5.50000E-02
-0.202000
-0.245000
-0.257000
-0.453000
-0.741000
-0.447000
-3.00000E-02
0.527000
1.38600
2.01700
2.07800
1.46500
0.858000
0.552000
0.288000
9.20000E-02
6.00000E-03
-0.122000
-0.245000
-0.398000
-0.245000
-4.90000E-02
-3.70000E-02
-0.110000
-0.196000
-0.196000
-9.80000E-02
-2.40000E-02
2.50000E-02
4.90000E-02
4.30000E-02
1.90000E-02
0.135000
0.209000
0.111000
6.80000E-02
0.178000
0.209000
0.209000
0.435000
0.705000
0.675000
0.619000
0.478000
0.362000
0.368000
0.362000
0.331000
0.221000
0.123000
9.80000E-02
-1.80000E-02
-0.171000
-0.269000
-0.361000
-0.521000
-0.662000
-0.760000
-0.735000
-0.619000
-0.398000
0.282000
2.77100
2.48900
1.57000
0.619000
6.00000E-03
-0.410000
-0.650000
-0.821000
-0.882000
-1.00500
-1.01700
-0.932000
-0.662000
-0.570000
-0.882000
-1.09100
-1.14000
-0.913000
-0.202000
2.55000
1.95000
1.07900
0.350000
-0.153000
-0.754000
-1.10300
-1.33000
-1.34800
-1.33000
-1.09100
-0.245000
2.84500
2.17600
1.09800
0.123000
-0.551000
-0.944000
-1.18300
-1.25600
-1.29900
-1.39700
-1.42200
-1.37300
-1.25600
-0.938000
-0.564000
9.80000E-02
0.975000
1.24500
0.987000
0.742000
0.478000
0.196000
0.190000
0.258000
0.282000
0.307000
9.20000E-02
-0.153000
-0.251000
-0.245000
-0.306000
-0.294000
-0.227000
-0.220000
-0.269000
-0.355000
-0.374000
-0.300000
-0.153000
0.147000
0.724000
1.30000
1.49000
1.25100
0.871000
0.466000
6.20000E-02
-0.245000
-0.484000
-0.650000
-0.784000
-0.846000
-0.809000
-0.852000
-0.919000
-0.895000
-0.913000
-0.852000
-0.717000
-0.441000
0.
0.662000
1.57000
1.84500
1.41000
0.846000
0.368000
0.117000
-0.122000
-0.239000
-0.294000
-0.417000
-0.521000
-0.631000
-0.748000
-0.833000
-0.827000
-0.760000
-0.754000
-0.686000
-0.398000
0.215000
1.17100
1.57600
1.22600
0.699000
0.319000
0.141000
0.215000
0.368000
0.368000
0.313000
0.239000
4.30000E-02
-0.276000
-0.466000
-0.570000
-0.594000
-0.662000
-0.551000
-0.184000
0.442000
1.26900
1.57600
1.15300
0.552000
4.30000E-02
-0.300000
-0.472000
-0.613000
-0.723000
-0.827000
-0.809000
-0.699000
-0.551000
-0.196000
0.337000
1.03000
1.64900
1.91300
1.64300
0.889000
0.239000
-0.184000
-0.453000
-0.613000
-0.741000
-0.840000
-0.686000
-0.453000
-0.202000
0.141000
0.411000
0.558000
0.503000
0.405000
0.245000
0.190000
0.675000
1.91300
1.95600
1.39200
0.858000
0.472000
0.233000
0.111000
-5.50000E-02
-0.269000
-0.429000
-0.600000
-0.723000
-0.815000
-0.901000
-1.06000
-1.29900
-1.44600
-1.52000
-1.45900
-1.32400
0.662000
1.43500
0.950000
0.926000
0.564000
8.60000E-02
-0.202000
-0.496000
-0.607000
-0.668000
-0.772000
-0.846000
-0.882000
-0.582000
1.34300
2.20700
1.77800
1.01800
0.540000
0.276000
-6.10000E-02
-0.380000
-0.711000
-0.858000
-0.803000
-0.797000
-0.858000
-0.846000
-0.882000
-0.662000
0.123000
1.97400
2.29900
1.53900
0.987000
0.509000
8.60000E-02
-0.196000
-0.196000
-0.251000
-0.410000
-0.637000
-0.705000
-0.833000
-0.889000
-0.735000
-0.797000
-0.748000
-0.472000
0.337000
2.02300
1.58200
0.957000
0.368000
-0.227000
-0.466000
-0.368000
-5.50000E-02
0.589000
2.06600
4.84300
3.72700
2.42200
1.45300
0.999000
0.846000
0.920000
0.834000
0.405000
-4.30000E-02
-0.337000
-0.502000
-0.551000
-0.441000
-0.374000
-0.521000
-0.833000
-1.18300
-1.27500
-1.19500
-1.28700
-1.32400
-1.14000
0.797000
1.26900
1.45900
1.41000
1.31800
0.828000
0.239000
-0.214000
-0.282000
-0.110000
-0.263000
-0.613000
-0.453000
-0.447000
-0.588000
-0.515000
-0.447000
-0.288000
-0.190000
-0.159000
-1.80000E-02
0.239000
0.693000
1.01200
1.42200
1.56300
1.12800
0.705000
0.264000
-0.147000
-0.441000
-0.741000
-0.741000
-0.686000
-8.60000E-02
1.77800
2.15200
1.95600
1.74700
1.30000
0.895000
0.613000
0.276000
-6.00000E-03
-0.184000
-0.368000
-0.588000
-0.815000
-0.502000
-0.576000
-0.772000
-0.962000
-0.864000
-0.962000
-1.11500
-1.23800
-1.18300
-1.03000
1.10400
2.13400
2.28100
1.87600
1.49000
1.06100
0.576000
0.270000
7.40000E-02
1.90000E-02
-0.171000
-0.349000
-0.502000
-0.674000
-0.741000
-0.741000
-0.833000
-0.944000
-1.01700
-1.14600
-1.27500
-1.29300
-1.44600
-1.33600
0.920000
1.88200
2.10300
1.12200
0.699000
0.797000
0.405000
4.30000E-02
-0.410000
-0.760000
-0.833000
-0.717000
-0.840000
-0.938000
-1.10300
-1.36100
-1.15200
-1.10300
-1.14600
-1.15800
-0.625000
2.32400
2.17600
1.22600
0.196000
-0.331000
-0.588000
-0.613000
-0.484000
-7.30000E-02
0.662000
1.81500
1.86400
0.877000
0.233000
-0.135000
-0.269000
-0.417000
-0.496000
-0.748000
-0.882000
-0.932000
-0.987000
-0.619000
0.258000
1.59400
2.51400
2.08500
1.04900
0.141000
-0.306000
-0.576000
-0.705000
-0.791000
-0.864000
-0.895000
-0.833000
-0.423000
2.50000E-02
0.558000
0.999000
1.00600
0.736000
0.417000
0.282000
0.374000
0.368000
0.319000
0.534000
1.02400
1.33700
1.26300
0.993000
0.632000
0.448000
0.172000
-0.196000
-0.502000
-0.619000
-0.692000
-0.760000
-0.944000
-1.07900
-1.10300
-0.852000
-0.128000
2.99800
3.32900
2.07800
1.03600
0.460000
0.147000
-8.60000E-02
-0.184000
-0.178000
-0.141000
-2.40000E-02
2.50000E-02
4.30000E-02
-1.80000E-02
-0.159000
-0.380000
-0.613000
-0.791000
-0.932000
-1.07900
-1.23800
-1.28700
-1.12800
0.540000
2.37300
1.93700
1.98600
1.54500
0.950000
0.491000
0.160000
-6.10000E-02
-1.04000E-01
-9.80000E-02
-7.90000E-02
-0.147000
-0.349000
-0.551000
-0.662000
-0.766000
-0.981000
-1.13400
-1.12800
-1.20700
-1.29900
-0.981000
1.30000
0.975000
0.754000
0.914000
0.846000
0.993000
0.748000
0.644000
0.515000
0.184000
-0.220000
-0.502000
-0.643000
-0.637000
-0.662000
-0.699000
-0.760000
-0.938000
-0.956000
-0.956000
-0.993000
-1.12800
-1.26900
-1.13400
0.607000
1.26300
1.77800
1.00600
0.828000
0.675000
0.552000
0.393000
0.141000
-0.122000
-0.122000
-0.159000
-0.282000
-0.423000
-0.711000
-0.717000
-0.600000
-0.650000
-0.889000
-1.03600
-1.15200
-1.39700
-1.44600
-1.47100
-0.809000
-0.110000
0.809000
0.724000
3.10000E-02
0.344000
0.374000
0.233000
-0.306000
-0.398000
2.50000E-02
0.662000
1.34900
1.44700
0.926000
0.411000
0.196000
7.40000E-02
-0.122000
-0.202000
9.80000E-02
0.613000
0.736000
0.454000
0.166000
6.80000E-02
-2.40000E-02
-0.110000
-0.122000
0.846000
3.18800
2.32400
1.58200
1.17700
0.638000
0.252000
1.90000E-02
-0.153000
-0.502000
-0.748000
-0.784000
-0.815000
-0.864000
-0.895000
-1.02300
-1.17700
-1.32400
-1.39100
-1.45300
-1.47100
-1.43400
-0.521000
2.83900
2.28100
1.38600
0.564000
0.
-0.343000
-0.594000
-0.723000
-0.846000
-0.846000
-0.858000
-0.876000
-0.907000
-0.932000
-0.938000
-0.932000
-0.827000
-0.417000
0.895000
1.93700
1.48400
0.558000
4.30000E-02
-0.319000
-0.735000
-1.05400
-1.15800
-1.07300
-1.06600
-0.944000
-0.582000
1.44700
1.90700
1.65500
0.871000
0.368000
-0.128000
-0.545000
-0.748000
-0.919000
-1.02300
-1.10300
-1.23200
-1.29900
-1.34800
-1.34800
-1.53200
-1.59400
-1.63600
-1.49500
-1.20100
-0.490000
1.47100
0.975000
0.190000
-0.466000
-0.717000
-0.821000
-0.441000
0.546000
2.59300
1.53300
0.417000
-0.288000
-0.521000
-0.570000
-0.607000
-0.699000
-0.760000
-0.662000
-0.276000
4.90000E-02
0.527000
1.09100
1.06700
0.632000
0.325000
0.184000
7.40000E-02
-0.135000
-0.447000
-0.521000
-0.404000
-0.196000
6.20000E-02
0.687000
1.51400
2.58700
2.66100
1.85200
1.02400
0.466000
0.196000
2.50000E-02
-1.20000E-02
-6.10000E-02
-0.153000
-0.178000
-0.214000
-0.306000
-0.392000
-0.502000
-0.588000
-0.711000
-0.913000
-1.02300
-0.987000
-0.962000
-0.932000
-0.717000
8.00000E-02
3.42100
2.75300
1.63700
0.638000
1.90000E-02
-0.343000
-0.490000
-0.594000
-0.680000
-0.797000
-0.901000
-0.944000
-0.968000
-0.981000
-0.950000
-0.858000
-0.674000
-0.300000
0.325000
1.02400
1.09800
0.724000
0.386000
-2.40000E-02
-0.312000
-0.472000
-0.502000
-0.466000
-0.441000
-5.50000E-02
1.18300
3.15100
2.83200
1.45900
0.589000
6.80000E-02
-0.312000
-0.478000
-0.588000
-0.692000
-0.889000
-1.09700
-1.17700
-1.09100
-1.05400
-1.17100
-1.25600
-1.29900
-1.18900
-0.723000
0.656000
2.37900
1.55100
0.570000
-0.257000
-0.717000
-0.882000
-0.895000
-0.797000
-0.502000
-2.40000E-02
0.681000
1.51400
1.81500
1.35500
0.748000
0.386000
0.264000
0.166000
0.196000
0.405000
0.779000
1.24500
1.53900
1.52100
1.25100
0.858000
0.356000
-7.30000E-02
-0.441000
-0.699000
-0.741000
-0.711000
-0.803000
-0.490000
1.80300
2.03500
1.95600
1.69200
1.36100
0.871000
0.245000
0.
-6.00000E-03
-9.20000E-02
-0.306000
-0.545000
-0.778000
-0.901000
-0.925000
-0.797000
-0.981000
-1.10300
-1.28100
-1.34200
-1.20100
-1.09100
-0.925000
-0.368000
1.77800
1.95000
1.47100
1.26900
1.38000
1.49600
1.60600
1.59400
1.39800
1.09800
0.852000
0.503000
6.20000E-02
-0.202000
-0.343000
-0.319000
-0.484000
-0.711000
-0.833000
-0.858000
-0.889000
-0.821000
0.454000
1.37300
1.36700
1.09800
0.809000
0.601000
0.393000
3.70000E-02
-0.251000
-0.374000
-0.650000
-0.588000
-0.545000
-0.741000
-0.907000
-1.05400
-1.05400
-3.70000E-02
1.17100
1.18300
0.901000
0.576000
0.270000
3.70000E-02
6.80000E-02
-0.227000
-0.588000
-0.821000
-0.760000
-0.858000
-0.637000
-5.50000E-02
2.86300
2.85700
1.71100
1.02400
0.595000
0.374000
0.172000
-0.257000
-0.643000
-0.913000
-0.840000
-0.852000
-0.821000
-0.711000
-0.723000
-0.809000
-1.00500
-1.20100
-1.32400
-1.29900
-1.18300
-0.956000
-7.90000E-02
2.39100
2.12100
1.39800
0.662000
0.172000
-0.171000
-0.319000
-0.306000
-0.325000
-0.251000
-0.165000
-4.90000E-02
3.70000E-02
-3.70000E-02
-4.90000E-02
0.196000
0.601000
0.957000
0.908000
0.589000
0.178000
6.20000E-02
0.154000
0.307000
0.748000
2.38500
2.29900
1.72900
1.34900
1.05500
0.705000
0.448000
0.209000
-3.70000E-02
-0.245000
-0.196000
-0.276000
-0.521000
-0.760000
-0.791000
-0.882000
-1.07300
-1.20100
-1.22600
-1.33600
-1.47100
-1.47100
-1.22000
0.472000
0.957000
0.834000
0.681000
0.472000
0.215000
-1.20000E-02
-4.90000E-02
-0.128000
-0.423000
-0.619000
-0.748000
-0.760000
-0.766000
-0.840000
-0.870000
-0.895000
-0.613000
-0.147000
0.632000
1.98600
2.14600
1.59400
0.981000
0.386000
-5.50000E-02
-0.245000
-0.306000
-0.429000
-0.680000
-0.852000
-0.833000
-0.625000
1.48400
1.28800
1.50200
1.19600
0.895000
0.650000
9.20000E-02
-0.288000
-0.374000
-0.527000
-0.833000
-0.956000
-0.907000
-0.846000
-0.981000
-0.932000
-0.674000
-0.447000
-1.80000E-02
0.711000
1.11600
1.61200
2.20100
2.55000
2.36000
1.43500
0.699000
0.411000
0.154000
0.233000
0.282000
0.190000
1.30000E-02
-7.90000E-02
-0.128000
-0.233000
-0.398000
-0.447000
-0.521000
-0.472000
0.454000
1.81500
1.90100
1.73500
1.31800
0.748000
0.454000
0.386000
4.30000E-02
-0.276000
-0.600000
-0.650000
-0.699000
-0.852000
-0.833000
-0.913000
-0.999000
-1.11500
-1.17100
-1.12200
-1.25600
-1.07900
0.245000
1.23900
0.950000
0.546000
0.184000
-0.110000
-0.245000
-0.386000
-0.564000
-0.668000
-0.410000
0.111000
0.662000
0.883000
0.644000
0.264000
0.
-0.135000
-0.368000
-0.791000
-0.974000
-1.09100
-1.03000
-1.09100
-0.680000
-0.245000
1.96200
2.24400
1.55100
0.730000
0.245000
-0.116000
-0.502000
-0.748000
-0.932000
-1.01700
-0.987000
-0.858000
-0.600000
-0.472000
-0.374000
0.245000
1.73500
2.74700
1.88800
0.987000
0.411000
-5.50000E-02
-0.417000
-0.723000
-0.650000
-0.631000
-0.784000
-0.907000
-0.895000
-0.760000
-0.564000
-0.202000
1.02400
2.90600
2.12100
1.49000
1.05500
0.583000
0.184000
7.40000E-02
0.172000
0.270000
0.435000
0.576000
0.313000
-3.70000E-02
-0.319000
-0.637000
-0.821000
-0.895000
-0.895000
0.515000
1.77200
1.30000
1.54500
1.11600
0.613000
0.337000
0.
-0.368000
-0.674000
-0.858000
-0.932000
-1.09100
-1.20100
-1.15200
-1.10300
-1.35500
-1.44600
-1.22000
-1.17700
-0.784000
0.509000
2.34200
1.80300
0.993000
0.503000
0.215000
0.203000
0.129000
6.20000E-02
1.30000E-02
-2.40000E-02
-7.90000E-02
-6.10000E-02
-3.70000E-02
-0.202000
-0.368000
-0.294000
-0.116000
1.50800
2.44000
1.99900
1.53900
1.47100
0.987000
0.331000
0.
-0.178000
-0.349000
-0.361000
-0.478000
