# Reference: Mase, H. & Kirby, J.T. (1992). Hybrid frequency-domain KdV equation for random wave transformation. Proc. 23rd Int. Conf. Coastal Engineering (ASCE), 474-487.
# Source repo: https://github.com/fengyanshi/FUNWAVE-TVD  commit b4c322e7582035ee19df8e6409a3dfedaff1cb96, path benchmarks/car_mase_kirby/postprocessing/r2d350.dat
# (r2d470.dat also at benchmarks/car_mase_kirby/fft/r2d470.dat, same values to 4e-9, different formatting; it is the record used to drive the FUNWAVE wavemaker)
# Content: MEASURED surface elevation at the gauge in still-water depth h = 35.0 cm (file name r2dNNN = depth in mm; error_series.m: 'fnam(:,...)='r2d350.dat'' with
#   'h=[47 35 30 25 20 17.5 15 12.5 10 7.5 5 2.5]' in comp_mkskew.m and the plot labels 'h=35.0cm' ... 'h= 2.5cm' in comp_series.m).
# Column: (1) eta [cm], one sample per line, no time column.
#   Time step 0.05 s: error_series.m 'data_time=[0:length(gage_m)-1]*0.05;' and fft4wavemaker.m 'sample_frequency=0.05;' (used as the sampling interval, t=[0:..]*sample_frequency).
#   Units cm: fft4wavemaker.m 'scale_fac=0.01;' converts to m for the wavemaker; error_series.m compares std(data) with 'model(:,k-1)=gage(:,2)*100' (model m -> cm).
#   t = 0 at first sample; 15000 samples = 750 s. Time origin relative to wavemaker start is not documented.
# Geometry (FUNWAVE work/input.txt, model setup): 'DEPTH_FLAT = 0.47', 'SLP = 0.05' (1:20 slope), 'Xslp = 10.0' (slope toe at x = 10 m in the model frame), 'DX = 0.04'.
#   Model gauge positions (work/gauges_004.txt, grid index i, x=(i-1)*DX): 250 313 338 363 388 400 413 425 438 450 463 475 for h = 47 35 30 25 20 17.5 15 12.5 10 7.5 5 2.5 cm.
#   In a lab-independent form: gauge distance shoreward of the slope toe = (47 cm - h)/0.05 (follows from the stated depth and slope; lab x-coordinates are not in the repo).
# Waves: irregular; FUNWAVE uses 'PeakPeriod = 1.0' (spectrum details not stated in repo). Regular sampling -> original instrument record.
0.494000
7.80000E-02
-0.460000
-1.04000
-1.61100
-2.11500
-2.45600
-2.61500
-2.59900
-2.37200
-1.86300
-1.16600
-0.292000
0.683000
1.81300
2.77500
3.14000
3.06100
2.52700
1.74100
1.02300
0.431000
-9.00000E-02
-0.574000
-0.935000
-1.33000
-1.81700
-2.24600
-2.74600
-3.13200
-3.22000
-2.97200
-2.20400
-1.14500
0.452000
2.85900
5.02300
4.08100
2.73700
1.62000
0.750000
0.178000
-0.137000
-0.418000
-0.422000
-0.473000
-0.338000
-0.132000
-1.50000E-02
-4.40000E-02
-0.128000
-0.225000
-0.401000
-0.662000
-0.943000
-1.17900
-1.31300
-1.17000
-0.771000
-3.20000E-02
0.994000
2.07700
2.93500
3.03100
2.61100
1.75400
0.813000
4.00000E-02
-0.632000
-1.25400
-1.62000
-2.04800
-2.09000
-1.77100
-1.15300
-0.279000
0.662000
1.60700
2.43500
2.84600
2.80800
2.34600
1.59000
0.754000
-8.60000E-02
-0.968000
-1.75800
-2.22900
-2.72000
-2.99800
-2.87200
-2.17400
-1.23300
7.80000E-02
1.64900
3.05600
3.61500
3.59000
2.87600
1.75000
0.498000
-0.645000
-1.61500
-2.17000
-2.15700
-2.06900
-1.56100
-0.758000
0.162000
1.03600
1.62400
1.58200
1.17400
0.485000
-0.170000
-0.746000
-1.10300
-1.38400
-1.59400
-1.67800
-1.43100
-0.943000
-0.359000
0.250000
0.687000
0.935000
1.17800
1.42200
1.62400
1.62400
1.46000
1.14100
0.578000
-0.145000
-0.897000
-1.47300
-1.83000
-2.07300
-2.17800
-2.18700
-2.08600
-1.69500
-1.13700
-0.523000
4.40000E-02
0.531000
1.02700
1.43000
1.56900
1.42200
1.14900
0.855000
0.586000
0.267000
-8.60000E-02
-0.321000
-0.397000
-0.389000
-0.426000
-0.578000
-0.805000
-1.05200
-1.27900
-1.34700
-1.22900
-1.01900
-0.788000
-0.519000
-5.70000E-02
0.515000
1.20400
1.83400
2.17000
2.04800
1.56100
0.838000
0.128000
-0.544000
-1.11600
-1.45600
-1.55200
-1.46400
-1.18700
-0.821000
-0.422000
-1.10000E-02
0.326000
0.662000
0.918000
1.12000
1.23700
1.17000
0.973000
0.645000
0.267000
-0.221000
-0.792000
-1.25000
-1.53100
-1.63600
-1.51900
-1.04800
-0.317000
0.456000
1.12400
1.60300
1.80900
1.70400
1.36700
0.809000
0.229000
-0.221000
-0.607000
-0.910000
-1.22100
-1.46000
-1.49400
-1.33400
-1.04800
-0.704000
-0.271000
0.157000
0.586000
0.939000
1.19100
1.25800
1.10300
0.817000
0.431000
9.40000E-02
-0.132000
-0.187000
-6.90000E-02
3.10000E-02
6.00000E-03
-0.162000
-0.443000
-0.712000
-0.914000
-0.989000
-0.977000
-0.914000
-0.826000
-0.742000
-0.582000
-0.330000
2.00000E-03
0.414000
0.918000
1.51400
2.23300
2.82100
3.05600
2.66100
1.60300
0.284000
-0.931000
-1.91400
-2.69100
-3.05700
-3.28800
-3.19500
-2.76200
-1.90500
-0.897000
0.187000
1.27100
2.33000
2.98900
2.93900
2.28800
1.37600
0.636000
0.250000
0.229000
0.464000
0.910000
1.11100
0.788000
9.90000E-02
-0.616000
-1.27100
-1.81300
-2.07300
-2.09000
-1.78800
-1.30900
-0.674000
-6.00000E-03
0.573000
0.998000
1.32500
1.47200
1.40500
1.22900
1.03100
0.989000
1.08200
1.13200
0.989000
0.653000
5.70000E-02
-0.540000
-0.952000
-1.18300
-1.18300
-0.985000
-0.620000
-0.204000
9.90000E-02
0.208000
0.166000
9.90000E-02
0.157000
0.317000
0.498000
0.624000
0.720000
0.771000
0.771000
0.712000
0.636000
0.561000
0.464000
0.279000
-5.70000E-02
-0.490000
-0.809000
-0.884000
-0.700000
-0.330000
9.00000E-02
0.426000
0.645000
0.783000
0.952000
1.18700
1.34200
1.30900
1.05700
0.620000
0.149000
-0.263000
-0.565000
-0.729000
-0.847000
-1.03600
-1.29600
-1.48100
-1.49800
-1.35500
-1.10700
-0.788000
-0.326000
0.221000
0.876000
1.54400
2.03100
2.28300
2.19900
1.88800
1.30000
0.447000
-0.553000
-1.55200
-2.30400
-2.71600
-2.95100
-2.95100
-2.78300
-2.15700
-1.42600
-0.561000
0.326000
1.15300
1.75800
2.10300
2.12800
1.86300
1.27500
0.527000
-0.221000
-0.918000
-1.45200
-1.64100
-1.72500
-1.56500
-1.23300
-0.716000
-4.40000E-02
0.569000
1.12400
1.40100
1.29600
0.935000
0.422000
-0.137000
-0.691000
-1.09500
-1.20400
-1.09500
-0.914000
-0.863000
-0.813000
-0.611000
-0.233000
0.254000
0.783000
1.25000
1.58600
1.66200
1.56100
1.30000
0.918000
0.405000
-0.124000
-0.763000
-1.37200
-1.78400
-1.95200
-1.88400
-1.63200
-1.18300
-0.548000
0.246000
1.12800
1.95100
2.60300
2.88800
2.80800
2.28300
1.33400
0.174000
-1.00200
-2.05700
-2.77900
-3.07300
-2.99800
-2.45600
-1.64900
-0.548000
0.624000
1.65700
2.11900
2.06100
1.96000
1.96800
2.14000
2.28300
2.06900
1.19100
-0.422000
-2.03600
-3.14500
-3.87200
-4.04000
-3.68700
-2.89700
-1.67800
-1.03000E-01
1.37600
2.54400
2.84200
2.81300
2.53100
1.97700
1.37200
0.636000
-0.120000
-0.842000
-1.26300
-1.42200
-1.50600
-1.43900
-1.29200
-1.15800
-1.07300
-1.09000
-1.04000
-0.842000
-0.372000
0.309000
1.13600
1.82500
2.13600
2.10300
1.88000
1.35900
0.418000
-0.590000
-1.42200
-1.98900
-2.15700
-1.85500
-1.22500
-0.523000
0.153000
0.771000
1.32500
1.56900
1.33800
0.632000
-0.191000
-0.939000
-1.50600
-1.76300
-1.64500
-1.22900
-0.456000
0.510000
1.50200
2.30000
2.70800
2.73300
2.37600
1.67800
0.788000
-0.195000
-1.31700
-2.33400
-3.01400
-3.36700
-3.28300
-2.98100
-2.22000
-1.31300
-1.90000E-02
1.32500
2.56100
3.22000
3.38000
3.19900
2.33800
1.31300
0.410000
-0.288000
-0.834000
-1.08600
-1.27100
-1.39300
-1.25000
-1.15800
-1.01500
-0.771000
-0.456000
-6.90000E-02
0.300000
0.771000
1.30400
1.87600
2.27500
2.09400
1.54000
0.968000
0.401000
-0.321000
-1.09000
-1.57300
-1.74100
-1.50200
-0.947000
-0.225000
0.506000
1.09400
1.45100
1.61100
1.52700
1.33800
1.05700
0.666000
0.292000
2.00000E-03
-0.191000
-0.384000
-0.456000
-0.405000
-0.321000
-0.246000
-0.132000
2.00000E-03
9.00000E-02
0.178000
0.153000
-6.00000E-03
-0.296000
-0.548000
-0.691000
-0.716000
-0.624000
-0.326000
0.204000
0.977000
1.85900
2.61900
2.85500
2.51900
1.62000
0.569000
-0.464000
-1.48900
-2.32500
-2.83800
-3.22000
-3.41400
-3.38000
-3.09400
-2.43100
-1.58200
-0.561000
0.641000
2.04400
3.23700
3.74100
3.65700
2.85100
1.66600
0.477000
-0.410000
-1.10300
-1.73700
-1.98900
-2.25800
-2.30000
-2.21600
-2.14100
-1.95200
-1.75000
-1.51500
-1.11100
-0.557000
7.30000E-02
0.716000
1.34600
1.72500
1.85500
1.91400
1.98900
1.88000
1.42600
0.590000
-0.254000
-1.01500
-1.62000
-2.03100
-2.23700
-2.22000
-1.89300
-1.27900
-0.565000
0.162000
0.855000
1.39700
1.63200
1.49800
1.24600
0.872000
0.313000
-0.363000
-1.02700
-1.36300
-1.39700
-1.04800
-0.578000
2.00000E-03
0.657000
1.32500
1.71200
1.59900
1.10700
0.426000
-0.233000
-0.796000
-1.18300
-1.31700
-1.23300
-0.876000
-0.439000
-3.60000E-02
0.258000
0.485000
0.645000
0.708000
0.733000
0.771000
0.741000
0.607000
0.372000
0.136000
-5.30000E-02
-0.170000
-0.246000
-0.309000
-0.452000
-0.679000
-0.977000
-1.24600
-1.30900
-0.977000
-0.330000
0.460000
1.19100
1.56900
1.56100
1.33000
0.884000
0.296000
-0.384000
-1.09000
-1.63200
-1.87600
-1.85100
-1.56900
-0.973000
-9.90000E-02
0.918000
1.93500
2.49300
2.35100
1.74600
0.855000
-8.60000E-02
-0.968000
-1.67800
-2.01000
-2.09000
-1.68700
-0.897000
1.03000E-01
0.964000
1.01500
0.317000
-0.456000
-0.910000
-0.914000
-0.511000
0.439000
1.49800
2.33000
2.70300
2.68700
2.42600
1.58600
0.317000
-0.813000
-1.63600
-2.30000
-2.72900
-2.91400
-2.88800
-2.78300
-2.24600
-1.43900
-0.317000
0.872000
2.19100
3.21600
3.75800
3.90100
3.71200
2.55200
1.09000
-0.128000
-1.09500
-1.80900
-2.13200
-2.51900
-2.52700
-2.25800
-1.94300
-1.49400
-0.805000
0.115000
1.14100
2.12400
2.96000
3.40500
3.58600
3.17000
1.87600
0.401000
-0.931000
-2.07300
-2.84200
-2.99300
-3.03500
-2.51500
-1.69100
-0.410000
0.968000
2.17800
2.78300
2.75800
2.43900
1.95100
1.44300
0.771000
2.30000E-02
-0.691000
-1.18300
-1.39300
-1.67000
-1.77100
-1.76300
-1.46000
-0.842000
-6.90000E-02
0.578000
1.05200
1.22900
1.07800
0.733000
0.305000
-3.60000E-02
-0.229000
-0.221000
-6.90000E-02
1.50000E-02
0.149000
0.326000
0.561000
0.699000
0.632000
0.401000
8.60000E-02
-0.216000
-0.405000
-0.435000
-0.351000
-0.208000
-9.00000E-02
-0.116000
-0.384000
-0.809000
-1.26300
-1.62400
-1.78400
-1.63600
-1.25800
-0.721000
-0.128000
0.447000
1.12400
1.85100
2.40100
2.51900
2.25000
1.64500
0.935000
9.40000E-02
-0.821000
-1.60300
-2.01900
-2.23700
-2.17800
-1.96000
-1.51900
-0.947000
-0.376000
2.70000E-02
0.246000
0.363000
0.414000
0.468000
0.540000
0.691000
0.893000
1.12000
1.30400
1.32100
1.02300
0.418000
-0.200000
-0.834000
-1.41000
-1.71600
-1.69900
-1.39300
-0.914000
-0.401000
8.60000E-02
0.590000
1.07800
1.34200
1.25000
0.872000
0.397000
-1.10000E-02
-0.443000
-0.800000
-0.977000
-1.10700
-1.01000
-0.725000
-0.279000
0.157000
0.502000
0.649000
0.531000
0.267000
5.70000E-02
-2.70000E-02
6.00000E-03
0.124000
0.275000
0.443000
0.578000
0.624000
0.531000
0.347000
0.136000
-3.20000E-02
-0.183000
-0.305000
-0.490000
-0.649000
-0.746000
-0.754000
-0.754000
-0.788000
-0.855000
-0.779000
-0.384000
0.267000
1.12400
2.02300
2.77900
3.27500
3.27500
2.87600
1.67000
1.03000E-01
-1.38900
-2.59000
-3.46400
-3.81700
-3.93500
-3.61100
-3.03100
-1.98100
-0.796000
0.628000
2.14000
3.36700
4.25000
4.47600
3.90100
2.47200
0.796000
-0.712000
-1.89700
-2.86300
-3.19500
-3.29200
-3.19500
-2.72500
-1.88900
-0.952000
-4.00000E-02
0.800000
1.49800
1.72000
1.55700
1.30000
0.893000
0.334000
-0.330000
-0.910000
-1.06100
-1.06500
-0.889000
-0.569000
-9.50000E-02
0.347000
0.670000
0.905000
1.00600
0.800000
0.414000
-1.90000E-02
-0.410000
-0.704000
-0.876000
-0.977000
-1.09500
-1.22900
-1.29200
-1.10700
-0.733000
-0.284000
6.90000E-02
0.305000
0.519000
0.754000
1.00600
1.25800
1.49300
1.76200
1.80000
1.55700
0.994000
0.145000
-0.796000
-1.69900
-2.38800
-2.83800
-3.01000
-2.91800
-2.35100
-1.65300
-0.653000
0.548000
1.94300
3.04000
3.54400
3.74500
3.73700
3.12400
1.48500
-0.183000
-1.50200
-2.45200
-2.86300
-2.91800
-2.48500
-1.78400
-0.952000
4.00000E-02
0.855000
1.28800
1.11100
0.804000
0.536000
0.401000
0.393000
0.477000
0.645000
0.800000
1.10300
1.47200
1.54400
1.21200
0.653000
0.124000
-0.321000
-0.658000
-0.897000
-1.15800
-1.40100
-1.48100
-1.41000
-1.13700
-0.658000
-1.10000E-02
0.813000
1.94300
2.96000
3.35900
3.31300
2.46800
1.27500
3.10000E-02
-1.06900
-1.98100
-2.56500
-2.93900
-2.93000
-2.41000
-1.70800
-0.859000
-1.10000E-02
0.657000
1.23300
1.78300
2.38800
2.90900
3.01400
2.52300
1.49300
0.452000
-0.372000
-1.02700
-1.51900
-1.69500
-1.83800
-1.71600
-1.51500
-1.24600
-0.893000
-0.490000
-4.40000E-02
0.380000
0.817000
1.04400
0.893000
0.552000
0.258000
0.141000
0.157000
0.258000
0.397000
0.540000
0.670000
0.859000
1.05700
1.10700
1.02300
0.733000
0.187000
-0.460000
-1.07300
-1.58200
-2.01900
-2.31300
-2.39700
-2.18300
-1.70800
-0.947000
1.90000E-02
0.939000
1.64900
1.99800
2.13200
2.09000
1.90900
1.57300
1.01900
0.338000
-0.254000
-0.851000
-1.41400
-1.97700
-2.33000
-2.41800
-2.25800
-2.02300
-1.59400
-0.905000
-1.90000E-02
0.771000
1.28800
1.47200
1.47200
1.24600
0.825000
0.321000
-3.60000E-02
-0.237000
-0.204000
-0.153000
-9.00000E-02
-3.20000E-02
-2.30000E-02
-6.50000E-02
-0.162000
-0.271000
-0.254000
-0.174000
-0.149000
-0.212000
-0.342000
-0.481000
-0.595000
-0.624000
-0.557000
-0.389000
-9.90000E-02
0.296000
0.788000
1.28800
1.67800
1.74600
1.48500
1.04000
0.460000
-4.00000E-02
-0.494000
-0.830000
-1.00600
-1.17000
-1.24600
-1.22900
-1.17000
-1.19500
-1.28400
-1.23300
-0.922000
-0.338000
0.368000
1.17800
1.97200
2.74500
3.19900
3.15300
2.20400
0.952000
-0.267000
-1.37200
-2.30400
-2.99300
-3.33800
-3.36700
-3.21600
-3.03100
-2.50200
-1.83400
-0.918000
0.149000
1.34600
2.65300
3.74100
4.64400
4.70700
3.27500
1.31300
-0.506000
-2.02300
-3.13200
-3.68700
-3.80400
-3.83800
-3.32500
-2.62400
-1.54800
-0.330000
0.720000
1.49300
1.86700
1.97700
1.90100
1.65700
1.17400
0.569000
0.115000
-1.10000E-02
2.70000E-02
3.60000E-02
-0.124000
-0.170000
-0.183000
-0.111000
-6.90000E-02
-8.60000E-02
-0.111000
-0.149000
-0.158000
-0.166000
-0.116000
-1.90000E-02
3.10000E-02
6.00000E-03
-4.00000E-02
-2.30000E-02
2.70000E-02
0.132000
0.267000
0.443000
0.704000
1.08200
1.54400
2.07300
2.38800
2.31300
1.94700
1.32500
0.502000
-0.431000
-1.45200
-2.37200
-3.04800
-3.43500
-3.45100
-3.13600
-2.26700
-1.08600
0.376000
2.06100
3.91800
5.80000
6.09400
4.17400
2.17000
0.485000
-0.784000
-1.64500
-2.34200
-2.56100
-2.84600
-2.98500
-3.02700
-2.80900
-2.23700
-1.58200
-0.716000
0.426000
1.89300
3.18200
3.49300
3.08200
2.27500
1.59900
1.17000
0.804000
0.321000
-0.120000
-0.435000
-0.876000
-1.35100
-1.44700
-1.48500
-1.55200
-1.58600
-1.56500
-1.29200
-0.826000
-0.296000
0.149000
0.498000
0.880000
1.36700
1.84200
2.11100
2.03100
1.71200
1.30900
0.897000
0.498000
7.30000E-02
-0.418000
-0.805000
-1.06900
-1.26300
-1.47300
-1.64100
-1.76700
-1.78800
-1.72900
-1.54400
-1.12400
-0.380000
0.720000
2.14500
3.17800
2.90100
1.83800
0.817000
3.10000E-02
-0.637000
-1.12400
-1.11100
-0.842000
-0.527000
-0.225000
-0.216000
-0.519000
-0.935000
-1.27500
-1.31300
-1.04400
-0.565000
8.20000E-02
0.767000
1.40500
1.77100
1.88000
1.64900
1.12400
0.317000
-0.637000
-1.60300
-2.40100
-2.88800
-3.03100
-2.85500
-2.28300
-1.66600
-0.775000
0.464000
2.32100
4.27900
4.60700
2.73300
1.09900
-0.170000
-1.09500
-1.77900
-2.17800
-2.25000
-2.09900
-1.74600
-1.43100
-1.00600
-0.557000
-0.120000
0.225000
0.410000
0.431000
0.347000
0.284000
0.233000
0.208000
0.317000
0.720000
1.22500
1.59000
1.45600
0.842000
9.90000E-02
-0.515000
-0.960000
-1.22100
-1.17400
-1.01500
-0.779000
-0.569000
-0.418000
-0.363000
-0.456000
-0.616000
-0.695000
-0.599000
-0.296000
1.00000E-02
0.162000
0.267000
0.452000
0.754000
1.09000
1.21600
1.05700
0.666000
0.212000
-0.250000
-0.695000
-1.08600
-1.37200
-1.42200
-1.21600
-0.851000
-0.326000
0.237000
0.775000
1.20800
1.35900
0.964000
0.246000
-0.414000
-0.868000
-1.07800
-1.03100
-0.737000
-0.288000
0.132000
0.422000
0.548000
0.615000
0.733000
0.750000
0.611000
0.456000
0.485000
0.603000
0.712000
0.712000
0.515000
8.60000E-02
-0.506000
-1.07800
-1.51500
-1.74100
-1.76300
-1.57800
-1.11600
-0.485000
0.132000
0.657000
1.09400
1.38400
1.71200
2.04800
2.24600
1.97700
1.22000
0.338000
-0.460000
-1.12800
-1.57800
-1.69900
-1.79200
-1.79200
-1.65300
-1.35900
-0.922000
-0.401000
0.237000
0.973000
1.67000
2.10300
2.12800
1.77500
1.18300
0.523000
-3.20000E-02
-0.456000
-0.632000
-0.490000
-0.187000
0.208000
0.527000
0.662000
0.431000
2.00000E-03
-0.464000
-0.809000
-1.02700
-1.09500
-0.876000
-0.414000
9.90000E-02
0.527000
0.884000
1.13600
1.34600
1.41800
1.30900
1.13200
0.964000
0.867000
0.716000
0.494000
0.195000
-1.50000E-02
-0.258000
-0.641000
-1.12400
-1.52300
-1.66600
-1.57300
-1.36800
-1.04800
-0.620000
-0.132000
0.334000
0.750000
1.07800
1.21200
1.09000
0.800000
0.565000
0.515000
0.607000
0.750000
0.863000
0.956000
1.00600
0.926000
0.695000
0.330000
-0.166000
-0.847000
-1.53600
-2.06500
-2.26700
-2.16200
-1.74100
-1.14100
-0.225000
0.901000
1.85900
1.78300
1.14100
0.473000
6.00000E-03
-0.254000
-0.153000
0.342000
0.985000
1.39700
1.58200
1.50200
1.29200
0.922000
0.426000
-7.40000E-02
-0.519000
-0.880000
-1.26700
-1.56900
-1.78800
-1.88400
-1.83400
-1.48500
-0.838000
-2.30000E-02
0.817000
1.64900
2.20400
2.36300
2.19900
1.88800
1.47200
1.01500
0.531000
1.00000E-02
-0.637000
-1.12800
-1.54800
-1.81700
-1.97700
-1.82600
-1.47300
-1.01900
-0.561000
-0.124000
0.178000
0.216000
-4.40000E-02
-0.414000
-0.679000
-0.716000
-0.485000
0.111000
0.939000
1.83800
2.42200
2.32500
1.75400
0.867000
-7.40000E-02
-0.998000
-1.74600
-2.38800
-2.77500
-2.99300
-2.82500
-2.17000
-1.40100
-0.624000
4.40000E-02
0.540000
0.842000
0.817000
0.670000
0.569000
0.586000
0.708000
0.981000
1.32100
1.70800
1.84600
1.44700
0.737000
-6.90000E-02
-0.910000
-1.63600
-2.16200
-2.49400
-2.81700
-3.04800
-3.01000
-2.44700
-1.52300
-0.485000
0.464000
1.37200
2.19100
2.73300
2.72900
2.32100
1.83000
1.51900
1.33800
0.926000
0.145000
-0.838000
-1.68300
-2.60300
-3.16200
-3.39700
-3.24600
-2.65700
-1.58600
-0.250000
1.22000
2.50200
3.01000
2.78700
2.02300
1.16600
0.397000
-0.208000
-0.805000
-1.15800
-1.26700
-1.33400
-0.956000
-0.380000
0.284000
1.03600
1.56500
1.56900
1.11100
0.536000
6.50000E-02
-0.271000
-0.355000
-0.179000
3.10000E-02
0.187000
0.187000
-9.00000E-02
-0.607000
-1.03600
-1.29600
-1.37200
-1.27900
-1.02300
-0.456000
0.431000
1.47200
2.43000
2.82900
2.43500
1.24100
6.00000E-03
-0.935000
-1.51900
-1.73700
-1.43500
-1.00600
-0.271000
0.443000
0.989000
1.10700
0.653000
-1.10000E-02
-0.586000
-0.897000
-1.02300
-0.931000
-0.775000
-0.439000
1.50000E-02
0.384000
0.695000
0.905000
0.931000
0.657000
0.305000
1.03000E-01
5.20000E-02
0.208000
0.586000
0.935000
1.12000
1.09900
0.985000
0.859000
0.573000
0.141000
-0.405000
-0.943000
-1.36300
-1.54800
-1.56500
-1.47300
-1.16600
-0.628000
6.10000E-02
0.737000
1.34200
1.72900
1.91400
1.80900
1.50200
1.13200
0.809000
0.632000
0.561000
0.527000
0.510000
0.452000
0.271000
-8.20000E-02
-0.649000
-1.26700
-1.79600
-2.18700
-2.37200
-2.38800
-2.13600
-1.48500
-0.511000
0.683000
2.14900
3.37600
4.20800
4.07300
3.12400
2.11500
1.22000
0.443000
-0.271000
-0.914000
-1.23300
-1.71200
-2.13600
-2.42200
-2.64900
-2.77500
-2.72900
-2.44300
-1.83400
-0.956000
0.242000
1.77900
3.35900
4.59000
5.40100
4.96800
2.88400
0.867000
-0.767000
-2.00200
-2.91800
-3.29600
-3.46800
-3.32100
-2.89700
-2.09000
-1.21200
-0.267000
0.552000
1.20800
1.57800
1.74100
1.65700
1.35500
0.889000
0.452000
0.170000
-0.187000
-0.700000
-1.06100
-1.18700
-1.07300
-0.771000
-0.448000
-0.149000
0.199000
0.410000
0.418000
0.368000
0.212000
-6.00000E-03
-0.309000
-0.645000
-0.905000
-1.09000
-1.14500
-1.01900
-0.784000
-0.443000
-4.00000E-02
0.271000
0.489000
0.502000
0.351000
3.10000E-02
-0.439000
-0.910000
-1.15300
-1.11600
-0.805000
-0.258000
0.384000
1.14100
1.64500
1.72900
1.42600
0.830000
0.107000
-0.628000
-1.26700
-1.71200
-1.99800
-2.20400
-2.29600
-2.27900
-2.06500
-1.50200
-0.796000
-2.30000E-02
0.746000
1.54400
2.25000
2.67800
2.88000
2.79600
2.34600
1.54000
0.628000
-0.204000
-1.02300
-1.71600
-2.26700
-2.69900
-2.91400
-2.94700
-2.63600
-2.05700
-1.27900
-0.456000
0.309000
1.11500
1.97700
2.77500
3.17800
3.05600
2.46800
1.63600
0.758000
-0.111000
-1.01900
-1.76300
-2.10700
-2.38000
-2.27100
-1.96000
-1.41400
-0.704000
0.128000
1.10300
2.19500
2.96000
2.87600
2.08200
1.10700
0.233000
-0.469000
-1.09000
-1.48500
-1.64900
-1.74100
-1.63200
-1.27900
-0.666000
6.10000E-02
0.754000
1.32100
1.74600
1.89700
1.86300
1.72900
1.42600
0.872000
0.237000
-0.393000
-0.897000
-1.20800
-1.33000
-1.21200
-0.968000
-0.548000
4.40000E-02
0.582000
0.918000
0.926000
0.746000
0.569000
0.355000
0.115000
-0.208000
-0.561000
-0.914000
-1.18700
-1.34200
-1.21200
-0.725000
0.124000
1.22500
2.31300
2.99300
3.01000
2.52300
1.54400
0.393000
-0.603000
-1.42600
-1.90500
-1.89700
-1.88400
-1.69100
-1.51500
-1.38900
-1.27900
-1.17400
-1.02700
-0.796000
-0.363000
0.216000
0.956000
1.89700
2.93900
3.51400
3.52300
2.48100
1.07300
-0.216000
-1.22500
-1.88900
-2.23700
-2.29200
-2.37200
-2.19100
-1.87200
-1.45600
-0.939000
-0.405000
0.174000
0.821000
1.43900
1.91800
2.01400
1.63200
0.947000
0.250000
-0.229000
-0.490000
-0.704000
-0.830000
-0.931000
-0.737000
-0.372000
-7.80000E-02
7.30000E-02
0.124000
0.153000
0.178000
0.233000
0.199000
-3.60000E-02
-0.389000
-0.704000
-0.880000
-0.855000
-0.712000
-0.469000
-4.80000E-02
0.519000
1.24100
1.93900
2.43900
2.46000
2.02700
1.21200
0.229000
-0.725000
-1.53100
-2.12000
-2.40100
-2.47700
-2.26700
-1.85100
-1.16200
-0.179000
0.863000
1.74100
2.19900
2.20400
1.94300
1.52700
1.01500
0.502000
9.00000E-02
-0.254000
-0.494000
-0.805000
-1.04000
-1.13200
-0.939000
-0.553000
-6.10000E-02
0.330000
0.599000
0.716000
0.632000
0.426000
0.132000
-0.204000
-0.515000
-0.679000
-0.653000
-0.460000
-6.90000E-02
0.355000
0.771000
1.06500
1.21600
1.22000
1.15300
1.01900
0.842000
0.557000
0.183000
-0.342000
-1.01900
-1.67400
-2.09900
-2.13200
-1.78400
-1.16200
-0.288000
0.687000
1.80900
2.98100
3.44700
2.58200
0.838000
-0.607000
-1.59000
-2.14500
-2.35100
-2.10700
-1.54000
-0.561000
0.389000
1.12800
1.57800
1.80400
1.66600
1.26200
0.674000
8.60000E-02
-0.523000
-1.17400
-1.73300
-2.25400
-2.49800
-2.35900
-1.85500
-1.20000
-0.422000
0.351000
1.07300
1.50200
1.62400
1.63200
1.55700
1.43000
1.25400
1.04000
0.620000
-3.60000E-02
-0.981000
-1.93900
-2.80400
-3.33800
-3.63200
-3.57700
-3.18700
-2.25000
-0.926000
0.632000
2.15300
2.94300
3.14000
2.97700
2.61100
2.00600
1.28300
0.540000
-0.200000
-0.922000
-1.47700
-1.88400
-2.27100
-2.30900
-2.22500
-1.98900
-1.57800
-1.01500
-0.359000
0.334000
1.10700
1.80000
2.31300
2.38000
2.01900
1.46000
0.931000
0.359000
-0.141000
-0.511000
-0.519000
-0.595000
-0.540000
-0.456000
-0.456000
-0.481000
-0.477000
-0.326000
-8.20000E-02
0.237000
0.594000
0.838000
0.956000
0.926000
0.788000
0.582000
0.397000
0.221000
1.50000E-02
-0.250000
-0.506000
-0.679000
-0.653000
-0.401000
2.70000E-02
0.565000
1.14500
1.51000
1.57800
1.40500
1.12800
0.767000
0.397000
-1.10000E-02
-0.439000
-0.750000
-0.893000
-0.918000
-0.914000
-0.897000
-0.931000
-1.05200
-1.16600
-1.12800
-0.876000
-0.389000
0.263000
1.08600
1.97200
2.71600
2.93900
2.54400
1.69100
0.666000
-0.258000
-1.07800
-1.74100
-1.97700
-2.10300
-1.86800
-1.60700
-1.42200
-1.40100
-1.44300
-1.41000
-1.24600
-0.943000
-0.506000
9.00000E-02
0.733000
1.43900
2.13600
2.69900
2.95600
2.85900
2.15300
0.893000
-0.359000
-1.41800
-2.19100
-2.43500
-2.39700
-1.98500
-1.30900
-0.485000
0.195000
0.670000
0.914000
0.956000
0.788000
0.460000
7.30000E-02
-0.342000
-0.662000
-0.876000
-0.943000
-0.893000
-0.683000
-0.342000
1.03000E-01
0.733000
1.74100
2.82100
3.64500
3.80000
2.90900
1.36300
-0.124000
-1.36800
-2.28300
-2.81700
-2.89300
-2.93900
-2.78300
-2.21200
-1.45200
-0.473000
0.502000
1.44300
2.11500
2.42200
2.43900
2.33000
2.18700
1.91400
1.49300
1.07300
0.729000
0.296000
-0.284000
-0.977000
-1.56100
-1.99800
-2.32100
-2.39300
-2.17000
-1.67000
-0.847000
0.216000
1.33800
2.30000
2.73300
2.53100
2.14900
1.51400
0.678000
-0.254000
-1.22500
-2.04400
-2.50200
-2.85500
-2.73700
-2.18700
-1.30500
-4.40000E-02
1.39300
2.80000
3.19500
2.90100
1.81300
0.477000
-0.716000
-1.59000
-2.14100
-2.16600
-1.96000
-1.60300
-1.08600
-0.582000
-0.296000
-0.128000
2.70000E-02
0.120000
0.166000
0.141000
0.149000
5.70000E-02
-6.10000E-02
-0.132000
-4.80000E-02
0.174000
0.435000
0.678000
0.515000
0.212000
2.00000E-03
-0.300000
-0.704000
-0.985000
-1.13700
-1.04400
-0.800000
-0.511000
-0.242000
3.10000E-02
0.384000
0.762000
0.859000
0.691000
0.422000
0.136000
-0.166000
-0.506000
-0.910000
-1.38900
-1.77500
-1.97300
-1.91400
-1.59400
-0.977000
-1.03000E-01
0.956000
2.05600
2.87600
3.07700
2.82500
1.84600
0.620000
-0.490000
-1.40100
-2.04000
-2.25800
-2.43500
-2.23700
-1.86800
-1.41000
-1.01500
-0.721000
-0.380000
5.20000E-02
0.527000
1.06900
1.60700
2.11100
2.41400
2.21600
1.67800
1.04000
0.452000
-0.116000
-0.691000
-1.03100
-1.18300
-1.10700
-0.893000
-0.649000
-0.431000
-0.254000
-4.80000E-02
0.187000
0.485000
0.884000
1.33400
1.79600
2.18700
2.44300
2.38000
2.06900
1.35100
0.309000
-0.750000
-1.71600
-2.48100
-2.93000
-2.98100
-2.47700
-1.56500
-0.263000
1.34600
3.00200
4.22000
4.70700
3.94700
2.38400
0.914000
-0.288000
-1.28800
-2.05700
-2.20800
-2.17400
-1.91800
-1.44700
-0.725000
0.195000
1.10300
1.65700
1.87600
1.72500
1.34200
0.788000
0.216000
-0.342000
-0.813000
-0.989000
-0.897000
-0.607000
-0.380000
-0.305000
-0.389000
-0.355000
-0.292000
-0.267000
-0.221000
-0.137000
-6.00000E-03
6.50000E-02
0.111000
0.107000
8.60000E-02
0.124000
0.174000
0.166000
0.199000
0.330000
0.506000
0.611000
0.582000
0.405000
3.60000E-02
-0.490000
-0.994000
-1.39700
-1.63600
-1.77900
-1.79600
-1.54800
-0.994000
-0.305000
0.300000
0.796000
1.27100
1.84200
2.32500
2.40100
2.05200
1.45600
0.792000
0.136000
-0.481000
-1.04400
-1.47300
-1.80900
-1.96000
-1.93900
-1.74600
-1.38000
-0.817000
-2.70000E-02
0.872000
1.86300
2.84600
3.01900
1.88000
0.115000
-1.31300
-2.16200
-2.70800
-2.71200
-2.26700
-1.45200
-0.237000
1.14100
2.52700
3.20800
3.28700
2.82500
2.01400
1.09400
0.199000
-0.742000
-1.68700
-2.16200
-2.51000
-2.46800
-2.18700
-1.73300
-1.16200
-0.519000
0.124000
0.733000
1.27100
1.62000
1.82100
1.87600
1.84600
1.72000
1.48900
1.17800
0.762000
0.166000
-0.506000
-1.05200
-1.46000
-1.73700
-1.86300
-1.90500
-1.86800
-1.69900
-1.40500
-1.04800
-0.666000
-0.267000
0.246000
0.939000
1.77100
2.81300
3.70300
4.09400
3.06900
1.27100
-0.296000
-1.44700
-2.23700
-2.84600
-3.08200
-3.20800
-3.04800
-2.46800
-1.74600
-0.977000
-0.300000
0.208000
0.540000
0.893000
1.40100
2.19900
3.10700
3.39200
3.22000
2.54800
1.53100
0.300000
-0.884000
-1.84200
-2.52700
-2.90500
-3.26700
-3.24100
-3.05700
-2.43100
-1.52700
-0.460000
0.599000
1.67400
2.55600
3.04000
3.04000
2.64500
1.83800
0.796000
-0.191000
-1.07800
-1.73300
-1.91800
-2.14500
-1.85100
-1.46400
-1.14900
-0.750000
-0.237000
0.271000
0.788000
1.25800
1.64100
1.80900
1.71600
1.46400
0.939000
0.254000
-0.473000
-1.23700
-1.88900
-2.29200
-2.48500
-2.51000
-2.30400
-1.77500
-0.914000
0.157000
1.27100
2.45600
3.04400
3.06500
2.32500
1.33400
0.481000
-0.141000
-0.771000
-1.27900
-1.38000
-1.50600
-1.41800
-1.19100
-0.931000
-0.641000
-0.338000
-5.30000E-02
0.183000
0.439000
0.725000
0.977000
1.15300
1.27500
1.33800
1.40500
1.42200
1.36300
1.15300
0.729000
0.166000
-0.422000
-1.01500
-1.55200
-1.90500
-2.10300
-2.05200
-1.77500
-1.36300
-0.796000
-0.174000
0.565000
1.50200
2.63600
3.64900
4.63200
4.78300
2.92600
0.918000
-0.809000
-2.23700
-3.34200
-3.92600
-4.18200
-4.06500
-3.53500
-2.85500
-1.75000
-0.582000
0.515000
1.53100
2.69100
3.76200
4.94300
5.14900
3.82100
1.97700
0.305000
-1.01900
-2.09900
-2.99300
-3.39700
-3.67400
-3.50200
-3.20800
-2.43500
-1.51500
-0.397000
0.628000
1.46800
1.99300
2.16100
1.98500
1.72900
1.39300
0.981000
0.624000
0.473000
0.363000
9.40000E-02
-0.237000
-0.485000
-0.784000
-1.15800
-1.47700
-1.72500
-1.86300
-1.79600
-1.43900
-0.910000
-0.300000
0.292000
0.918000
1.56900
2.21600
2.70300
2.81700
2.27100
1.09400
-0.271000
-1.46000
-2.28800
-2.80900
-2.85900
-2.94700
-2.84600
-2.44300
-1.77100
-0.876000
0.166000
1.26700
2.29200
2.74100
2.83400
2.74100
2.36700
1.50200
0.435000
-0.477000
-1.25000
-1.80500
-1.96400
-2.17000
-2.13600
-1.96800
-1.68700
-1.36800
-0.998000
-0.506000
0.178000
0.989000
1.77100
2.40500
2.74100
2.69900
2.25000
1.60300
1.07300
0.594000
1.03000E-01
-0.477000
-0.939000
-1.46800
-1.76700
-1.81300
-1.51000
-1.04400
-0.653000
-0.460000
-0.393000
-0.309000
-0.170000
2.30000E-02
0.313000
0.662000
0.897000
1.05200
1.26200
1.69500
2.29200
2.65300
2.43900
1.51400
0.326000
-0.855000
-1.96800
-2.92600
-3.42200
-3.72500
-3.60300
-3.26700
-2.74600
-1.81700
-0.616000
0.779000
2.36700
3.54000
3.77100
3.28700
2.33400
1.40900
0.678000
0.128000
-0.309000
-0.527000
-0.540000
-0.649000
-0.691000
-0.683000
-0.725000
-0.821000
-1.01500
-1.18300
-1.30500
-1.31300
-1.14500
-0.758000
-0.279000
6.10000E-02
0.271000
0.431000
0.489000
0.485000
0.544000
0.720000
0.884000
1.06100
1.32100
1.51000
1.47700
1.38400
1.14900
0.578000
-1.90000E-02
-0.645000
-1.20800
-1.73700
-2.14900
-2.25400
-2.09400
-1.75400
-1.35900
-0.821000
-0.258000
0.212000
0.552000
0.771000
0.863000
0.762000
0.548000
0.389000
0.372000
0.460000
0.561000
0.594000
0.590000
0.519000
0.414000
0.271000
6.50000E-02
-0.233000
-0.599000
-0.947000
-1.18700
-1.36800
-1.35900
-1.10700
-0.708000
-0.279000
4.80000E-02
0.254000
0.296000
0.170000
-1.50000E-02
-0.162000
-0.204000
-0.153000
4.00000E-02
0.380000
0.834000
1.24600
1.47700
1.37600
0.973000
0.435000
-8.60000E-02
-0.578000
-0.964000
-1.17400
-1.17000
-0.893000
-0.439000
-1.10000E-02
0.288000
0.565000
0.842000
0.994000
0.939000
0.737000
0.456000
0.229000
1.90000E-02
-0.233000
-0.485000
-0.666000
-0.708000
-0.624000
-0.372000
3.60000E-02
0.439000
0.750000
0.884000
0.804000
0.653000
0.531000
0.506000
0.565000
0.767000
1.11100
1.41400
1.57800
1.42600
0.897000
9.40000E-02
-0.813000
-1.63600
-2.20800
-2.47300
-2.48900
-2.21600
-1.64100
-0.750000
0.397000
1.88400
3.39200
4.50600
3.82900
2.06500
0.712000
-0.229000
-0.889000
-1.40500
-1.54400
-1.64500
-1.58200
-1.22900
-0.767000
-0.347000
-0.132000
-0.124000
-0.166000
-0.137000
3.10000E-02
0.267000
0.519000
0.607000
0.527000
0.473000
0.674000
0.960000
1.25800
1.11500
0.859000
0.431000
2.70000E-02
-0.410000
-0.809000
-1.20400
-1.63200
-1.91800
-2.06100
-2.12400
-2.15700
-2.01500
-1.56900
-0.674000
0.594000
2.38400
4.34200
5.28300
3.53100
1.57300
-8.60000E-02
-1.41400
-2.33000
-3.05700
-3.33400
-3.36700
-3.09400
-2.42200
-1.59400
-0.737000
4.80000E-02
0.767000
1.54000
2.41800
3.17800
3.51900
3.14900
2.17400
0.985000
-0.246000
-1.34700
-2.42200
-3.17400
-3.58200
-3.77100
-3.58600
-3.16600
-2.03100
-0.456000
1.14900
2.53500
3.34200
3.59000
3.45500
2.76200
1.89700
0.973000
1.03000E-01
-0.746000
-1.56900
-2.07800
-2.66200
-2.94300
-2.96400
-2.62800
-2.14100
-1.62800
-1.06500
-0.326000
0.590000
1.60700
2.54000
2.90100
2.56500
1.84200
1.15700
0.687000
0.468000
0.279000
1.90000E-02
-0.149000
-0.536000
-0.868000
-1.22900
-1.55200
-1.68700
-1.62000
-1.51000
-1.33000
-0.926000
-0.448000
0.166000
0.867000
1.53100
2.00600
2.36300
2.59400
2.50200
1.90500
0.964000
1.90000E-02
-0.838000
-1.50200
-1.83400
-2.02300
-2.01000
-1.74100
-1.14900
-0.342000
0.321000
0.746000
0.998000
1.19500
1.27100
1.16200
0.918000
0.485000
-2.00000E-03
-0.448000
-0.800000
-0.914000
-0.905000
-0.796000
-0.624000
-0.410000
-0.208000
6.00000E-03
0.279000
0.783000
1.45600
2.08600
2.21200
1.70800
0.830000
-0.166000
-1.22500
-2.06900
-2.59000
-2.75000
-2.46400
-1.81300
-0.855000
0.221000
1.27500
2.05600
2.23300
1.93500
1.45600
0.960000
0.477000
2.30000E-02
-0.397000
-0.716000
-0.922000
-1.18300
-1.25000
-1.34200
-1.36300
-1.23700
-0.960000
-0.632000
-0.229000
0.296000
1.00200
1.64500
1.99800
1.93000
1.54000
0.968000
0.351000
-1.03000E-01
-0.405000
-0.574000
-0.767000
-1.10300
-1.36800
-1.41800
-1.22500
-0.855000
-0.490000
-0.254000
-4.00000E-02
0.229000
0.624000
1.09000
1.48500
1.67800
1.57800
1.35500
0.960000
0.305000
-0.494000
-1.27900
-1.74100
-1.86800
-1.69100
-1.35100
-0.863000
-0.179000
0.620000
1.37600
1.71600
1.46800
0.809000
2.70000E-02
-0.708000
-1.16200
-1.26300
-0.872000
-0.313000
0.397000
1.07800
1.48500
1.62800
1.51000
1.13600
0.615000
6.90000E-02
-0.620000
-1.36300
-1.89300
-2.24600
-2.51500
-2.52700
-2.16600
-1.43500
-0.422000
0.670000
1.74600
2.50600
2.78300
2.79200
2.53100
1.96400
1.12400
0.124000
-0.922000
-1.88900
-2.59400
-3.02700
-3.23700
-3.21200
-2.96800
-2.29200
-1.48500
-0.351000
1.07800
2.56900
3.34200
3.07700
2.14900
1.15300
0.296000
-0.397000
-0.910000
-1.12000
-1.01500
-0.763000
-0.233000
0.284000
0.855000
1.35900
1.45600
1.03600
0.279000
-0.536000
-1.32600
-2.03600
-2.34600
-2.35900
-2.02300
-1.45200
-0.599000
0.338000
1.14100
1.68700
2.01000
1.91800
1.69100
1.47700
1.20800
0.872000
0.393000
-1.90000E-02
-0.309000
-0.502000
-0.687000
-1.03100
-1.33800
-1.48900
-1.53600
-1.43500
-1.13200
-0.746000
-0.334000
4.80000E-02
0.368000
0.704000
1.13600
1.71600
2.26200
2.35900
1.90100
1.17400
0.393000
-0.275000
-0.813000
-1.10700
-1.13200
-1.23700
-1.33000
-1.44700
-1.46400
-1.28800
-0.863000
-0.166000
0.687000
1.56100
2.16600
2.22500
1.79600
1.17000
0.607000
0.267000
7.30000E-02
-4.80000E-02
-0.116000
-0.410000
-0.611000
-0.578000
-0.418000
-0.187000
9.90000E-02
0.422000
0.666000
0.515000
6.90000E-02
-0.355000
-0.574000
-0.574000
-0.355000
5.70000E-02
0.565000
1.02700
1.14500
0.947000
0.628000
0.342000
0.124000
6.00000E-03
-4.00000E-02
-1.10000E-02
0.120000
0.460000
0.926000
1.26200
1.27100
0.884000
0.233000
-0.372000
-0.733000
-0.817000
-0.750000
-0.712000
-0.721000
-0.826000
-0.943000
-1.01900
-0.939000
-0.632000
-9.90000E-02
0.582000
1.41400
2.06900
2.22500
1.93000
1.37200
0.733000
9.40000E-02
-0.540000
-1.07300
-1.22900
-1.37200
-1.25400
-0.956000
-0.695000
-0.473000
-0.384000
-0.498000
-0.683000
-0.645000
-0.334000
6.50000E-02
0.305000
0.242000
-2.00000E-03
-0.313000
-0.553000
-0.666000
-0.540000
-3.20000E-02
0.788000
1.86300
3.00600
3.48900
3.13600
1.46400
-0.473000
-2.12800
-3.25400
-4.07300
-4.28300
-4.18200
-3.65300
-3.06900
-1.96800
-0.679000
0.582000
1.66600
2.29600
2.70800
2.93500
2.77100
2.35100
1.67400
0.901000
0.132000
-0.687000
-1.43100
-2.00200
-2.43100
-2.46000
-2.24100
-1.77100
-1.11600
-0.330000
0.519000
1.25400
1.56900
1.33800
0.825000
0.267000
-0.107000
-0.397000
-0.649000
-0.691000
-0.611000
-0.242000
0.237000
0.670000
0.779000
0.527000
5.70000E-02
-0.376000
-0.536000
-0.326000
0.178000
0.880000
1.62000
1.97700
1.63200
0.834000
6.00000E-03
-0.821000
-1.55700
-2.13600
-2.47700
-2.72000
-2.59400
-1.96000
-0.893000
0.300000
1.38800
2.29600
2.85100
2.99300
2.48500
1.58200
0.720000
2.70000E-02
-0.595000
-1.09000
-1.24200
-1.41000
-1.26300
-1.02700
-0.708000
-0.292000
1.03000E-01
0.401000
0.645000
0.872000
0.989000
0.922000
0.624000
4.00000E-02
-0.729000
-1.34700
-1.66600
-1.57300
-1.14900
-0.431000
0.506000
1.47700
2.05200
2.25000
1.94700
1.39300
0.708000
1.90000E-02
-0.637000
-1.10300
-1.17900
-1.27100
-1.14900
-0.922000
-0.620000
-0.225000
0.124000
0.334000
0.418000
0.414000
0.397000
0.405000
0.443000
0.435000
0.405000
0.284000
-2.70000E-02
-0.590000
-1.06500
-1.32100
-1.21200
-0.809000
-0.237000
0.321000
0.998000
1.61100
2.06100
2.21600
1.98100
1.41800
0.657000
-0.116000
-0.939000
-1.75800
-2.44700
-2.96000
-3.03500
-2.67000
-2.01000
-1.12400
-0.149000
0.880000
1.98900
2.81700
3.25400
3.27900
2.58200
1.65700
0.939000
0.418000
-3.60000E-02
-0.578000
-0.897000
-1.46800
-1.88400
-2.25000
-2.48900
-2.48100
-2.11100
-1.38400
-0.452000
0.578000
1.79600
2.88800
3.12400
2.63200
1.80900
1.05200
0.363000
-0.288000
-0.884000
-0.964000
-0.981000
-0.670000
0.145000
1.04000
1.57800
1.28300
0.464000
-0.376000
-1.09500
-1.59400
-1.80000
-1.75800
-1.67800
-1.41800
-0.834000
3.60000E-02
1.14900
2.33400
3.16100
3.42200
3.42200
2.94300
1.98500
0.872000
-0.305000
-1.59900
-2.67800
-3.16600
-3.49300
-3.27900
-2.92600
-2.09000
-1.15300
-0.174000
0.729000
1.48900
1.80000
1.75400
1.66200
1.55700
1.28800
0.788000
0.418000
7.30000E-02
-0.229000
-0.683000
-1.09900
-1.42600
-1.64900
-1.66600
-1.44700
-0.960000
-0.317000
0.229000
0.544000
0.586000
0.393000
4.00000E-02
-0.426000
-0.863000
-1.13200
-1.20400
-1.18700
-1.02700
-0.578000
8.60000E-02
0.825000
1.54800
2.18300
2.40900
2.03500
1.15300
5.20000E-02
-1.04000
-2.01900
-2.80000
-3.21200
-3.61100
-3.63200
-3.25000
-2.18700
-0.523000
1.30000
2.83800
3.47200
3.31300
2.44300
1.51000
0.754000
0.204000
-0.263000
-0.821000
-1.14500
-1.54800
-1.77500
-1.64900
-1.45200
-1.09000
-0.578000
3.10000E-02
0.691000
1.25800
1.48500
1.35900
1.05700
0.725000
0.447000
0.166000
-0.111000
-0.288000
-0.258000
-6.50000E-02
0.120000
0.153000
-3.60000E-02
-0.372000
-0.683000
-0.792000
-0.645000
-0.326000
9.90000E-02
0.645000
1.30000
1.83400
1.87200
1.62800
1.31300
0.926000
0.468000
-2.00000E-03
-0.456000
-0.813000
-1.12400
-1.40100
-1.60300
-1.62800
-1.51500
-1.26300
-0.884000
-0.435000
4.40000E-02
0.548000
1.15300
1.74600
2.25400
2.53500
2.49300
2.07700
1.41400
0.720000
0.115000
-0.363000
-0.700000
-0.935000
-1.12800
-1.25800
-1.37600
-1.50600
-1.68300
-1.80900
-1.75400
-1.45200
-0.981000
-0.439000
0.233000
1.12000
2.04800
2.72900
2.74500
2.33000
1.72500
1.06100
0.300000
-0.414000
-1.04400
-1.52300
-1.89300
-1.96400
-1.75000
-1.29600
-0.565000
0.296000
1.17000
1.75000
1.72500
1.20800
0.485000
-0.212000
-0.968000
-1.68700
-2.14100
-2.21600
-2.15300
-1.85100
-1.35100
-0.561000
0.254000
1.08600
1.95100
2.71600
3.02300
2.54400
1.60700
0.687000
2.70000E-02
-0.494000
-0.859000
-1.06900
-1.17900
-1.48900
-1.69100
-1.92600
-2.19900
-2.32500
-2.18300
-1.81700
-1.27500
-0.431000
0.628000
1.78300
2.83400
3.46800
3.66100
3.51000
2.58600
1.23300
2.70000E-02
-0.964000
-1.97300
-2.55700
-2.95600
-3.01900
-2.73300
-2.13600
-1.21600
5.20000E-02
1.40100
2.41800
2.70300
2.34200
1.59900
0.733000
-3.20000E-02
-0.666000
-0.935000
-0.641000
-0.342000
0.191000
0.733000
1.04400
1.08200
0.813000
0.410000
4.00000E-02
-0.317000
-0.695000
-0.939000
-1.00200
-0.809000
-0.405000
0.183000
0.733000
1.09900
1.17000
1.04000
0.821000
0.502000
9.00000E-02
-0.246000
-0.376000
-0.351000
-0.166000
6.00000E-03
5.70000E-02
-1.10000E-02
-0.124000
-0.132000
-1.90000E-02
0.166000
0.401000
0.586000
0.649000
0.573000
0.456000
0.363000
0.309000
0.191000
-2.00000E-03
-0.254000
-0.460000
-0.536000
-0.490000
-0.305000
-1.10000E-02
0.326000
0.628000
0.712000
0.573000
0.351000
1.03000E-01
-0.221000
-0.557000
-0.813000
-0.964000
-1.09900
-1.08200
-0.897000
-0.624000
-0.216000
0.237000
0.716000
1.08600
1.29600
1.34200
1.35900
1.25000
0.867000
0.191000
-0.578000
-1.25000
-1.71600
-1.96800
-1.94300
-1.70400
-1.43100
-1.21600
-1.03100
-0.855000
-0.632000
-0.338000
-2.70000E-02
0.212000
0.456000
0.758000
1.22900
1.84600
2.37600
2.79200
2.77100
2.09400
0.973000
-0.170000
-1.17900
-2.01500
-2.81300
-3.32100
-3.84600
-4.00600
-3.83000
-3.34600
-2.57300
-1.32100
0.611000
3.24500
3.93400
3.92200
3.58200
2.65300
1.77100
1.26200
1.01900
0.804000
0.372000
-0.313000
-1.09500
-2.02300
-2.87200
-3.33400
-3.58600
-3.52300
-3.15300
-2.29200
-1.20000
0.229000
1.79200
3.07300
3.53500
3.46800
2.93900
2.21200
1.37200
0.510000
-0.221000
-0.876000
-1.33000
-1.62000
-1.98100
-2.12400
-2.12400
-1.80000
-1.27900
-0.557000
0.128000
0.716000
1.19500
1.48500
1.55200
1.47700
1.29200
1.06100
0.884000
0.725000
0.426000
0.166000
-3.60000E-02
-0.300000
-0.704000
-1.06500
-1.33000
-1.51500
-1.52300
-1.33800
-0.889000
-0.267000
0.443000
1.22500
2.01400
2.73700
2.79600
2.17000
1.22000
0.284000
-0.590000
-1.35100
-1.78800
-1.85500
-1.69500
-1.17400
-0.431000
0.258000
0.733000
0.800000
0.510000
9.00000E-02
-0.271000
-0.620000
-0.872000
-0.863000
-0.632000
-0.124000
0.590000
1.46400
2.10700
2.16600
1.72000
0.994000
0.170000
-0.607000
-1.24600
-1.71600
-1.90100
-1.90500
-1.69500
-1.32600
-0.750000
2.30000E-02
0.830000
1.60300
2.05600
2.02700
1.59400
0.905000
0.174000
-0.477000
-0.947000
-1.17400
-1.12400
-0.964000
-0.750000
-0.565000
-0.431000
-0.342000
-0.208000
5.70000E-02
0.447000
0.905000
1.29200
1.39300
1.19500
0.817000
0.401000
-1.10000E-02
-0.397000
-0.649000
-0.746000
-0.687000
-0.586000
-0.490000
-0.414000
-0.351000
-0.258000
-0.137000
5.20000E-02
0.372000
0.821000
1.25800
1.54000
1.47200
1.07300
0.418000
-0.221000
-0.800000
-1.21600
-1.40100
-1.33400
-0.931000
-0.271000
0.494000
1.30000
1.84200
1.82100
1.38400
0.855000
0.401000
0.115000
2.70000E-02
0.120000
0.288000
0.569000
0.788000
0.762000
0.531000
0.178000
-0.330000
-0.943000
-1.51500
-1.83400
-1.80500
-1.50200
-0.905000
-5.30000E-02
0.939000
2.12400
3.23300
3.89200
3.37100
1.58200
-0.204000
-1.66600
-2.65300
-3.17400
-3.03100
-2.60300
-1.77500
-0.548000
0.666000
1.80900
2.52300
2.28300
1.61100
0.809000
0.132000
-0.532000
-1.30000
-1.93100
-2.12000
-2.15700
-1.83000
-1.60300
-1.42600
-1.21200
-0.868000
-0.422000
-6.00000E-03
0.523000
1.13600
1.52300
1.52700
1.29200
0.998000
0.624000
0.145000
-0.372000
-0.826000
-1.02700
-1.14900
-1.17400
-1.25800
-1.35900
-1.46000
-1.54800
-1.67400
-1.79600
-1.77900
-1.51900
-0.968000
-0.229000
0.561000
1.35500
2.05200
2.56500
2.74100
2.58600
2.38400
2.06100
1.33800
0.279000
-0.939000
-2.10300
-3.01900
-3.64000
-4.05600
-4.21200
-3.90100
-3.23700
-2.06900
-0.422000
1.59000
3.53100
4.88000
4.75400
3.79600
2.85900
1.67400
0.473000
-0.569000
-1.47300
-1.99400
-2.33400
-2.64500
-2.76200
-2.69100
-2.48900
-1.97700
-1.09500
-1.10000E-02
1.11100
2.41800
3.67800
4.71200
4.72000
3.39700
1.94300
0.485000
-0.767000
-1.79200
-2.42600
-2.57800
-2.69100
-2.54800
-2.14900
-1.56500
-0.847000
-0.141000
0.439000
1.06100
1.74600
2.51000
3.08600
3.22400
3.01900
2.40100
1.71200
0.947000
4.80000E-02
-0.884000
-1.67000
-1.98900
-2.15700
-2.17000
-1.79600
-1.09000
-0.275000
0.565000
1.27500
1.63200
1.53600
1.08600
0.666000
0.439000
0.309000
0.216000
0.229000
0.288000
0.380000
0.494000
0.523000
0.569000
0.494000
0.342000
3.60000E-02
-0.359000
-0.826000
-1.23700
-1.47700
-1.45200
-1.25800
-0.876000
-0.313000
0.292000
0.851000
1.12000
1.05200
0.809000
0.544000
0.326000
0.195000
6.90000E-02
-0.111000
-0.405000
-0.674000
-0.821000
-0.880000
-0.796000
-0.607000
-0.380000
-0.288000
-0.347000
-0.410000
-0.342000
-9.90000E-02
0.267000
0.771000
1.12400
1.11100
0.691000
6.50000E-02
-0.637000
-1.22900
-1.60700
-1.67000
-1.46800
-0.956000
-0.305000
0.263000
0.699000
0.952000
1.07300
1.09900
1.06100
0.931000
0.573000
5.20000E-02
-0.515000
-0.977000
-1.30500
-1.40100
-1.42600
-1.46800
-1.37600
-0.985000
-0.405000
0.242000
0.926000
1.51400
1.75000
1.58200
1.29200
1.05700
0.800000
0.447000
-6.00000E-03
-0.384000
-0.599000
-0.611000
-0.443000
-0.191000
0.157000
0.540000
0.720000
0.531000
0.128000
-0.334000
-0.809000
-1.20400
-1.36300
-1.20400
-0.931000
-0.679000
-0.372000
6.50000E-02
0.636000
1.29200
1.94300
2.37200
2.40500
2.11500
1.51000
0.678000
-0.263000
-1.25000
-2.03600
-2.45600
-2.59000
-2.39700
-1.95600
-1.25000
-0.557000
-1.90000E-02
0.326000
0.725000
1.11500
1.36300
1.31300
0.956000
0.359000
-0.242000
-0.649000
-0.695000
-0.464000
-0.305000
-0.355000
-0.410000
-0.330000
-0.187000
2.00000E-03
6.90000E-02
4.80000E-02
-6.10000E-02
-0.225000
-0.485000
-0.855000
-1.29600
-1.64900
-1.78800
-1.60300
-1.25800
-0.842000
-0.355000
0.263000
1.07800
1.93500
2.57300
2.84200
2.72000
2.04800
1.06900
-8.20000E-02
-1.14900
-1.97700
-2.66600
-3.13600
-3.48500
-3.49300
-3.19500
-2.51000
-1.40500
1.50000E-02
1.36700
2.43000
2.92600
2.97700
2.66100
2.01900
0.998000
-2.30000E-02
-0.771000
-1.11100
-1.27900
-1.32100
-1.26700
-0.889000
-0.582000
-0.338000
-6.50000E-02
0.258000
0.515000
0.456000
0.246000
-2.00000E-03
-0.296000
-0.553000
-0.670000
-0.586000
-0.225000
0.338000
1.04000
1.50600
1.88400
1.85500
1.52300
0.964000
0.452000
3.60000E-02
-0.410000
-0.821000
-1.02300
-1.10700
-0.943000
-0.599000
-9.90000E-02
0.422000
0.821000
1.05700
1.13200
1.09000
1.01500
0.893000
0.821000
0.838000
0.905000
0.880000
0.699000
0.355000
1.50000E-02
-0.221000
-0.338000
-0.469000
-0.599000
-0.544000
-0.216000
0.267000
0.905000
1.69900
2.49800
2.55600
1.64900
0.443000
-0.683000
-1.62000
-2.17400
-2.26700
-2.14900
-1.56500
-0.653000
0.300000
1.18300
1.90900
2.36300
2.53500
2.56900
2.46400
2.17400
1.52300
0.481000
-0.666000
-1.70800
-2.42600
-2.99800
-3.29200
-3.22000
-2.77500
-1.86800
-0.653000
0.729000
1.90900
2.39700
2.06500
1.32500
0.746000
0.380000
0.132000
-5.70000E-02
6.50000E-02
0.594000
1.15700
1.61100
1.77500
1.41800
0.578000
-0.414000
-1.38400
-2.14100
-2.75800
-3.21200
-3.43500
-3.37200
-3.19100
-2.35100
-1.06100
0.401000
1.80400
2.88000
3.33800
3.24500
2.62400
1.93900
1.19100
0.439000
-0.376000
-1.30900
-1.90100
-2.30400
-2.72900
-2.89700
-2.89700
-2.42200
-1.71600
-0.842000
0.145000
1.10300
1.78300
1.98500
1.76200
1.06900
0.254000
-0.309000
-0.620000
-0.868000
-0.910000
-0.897000
-0.595000
-0.229000
0.162000
0.351000
0.485000
0.552000
0.464000
0.355000
0.153000
-0.120000
-0.422000
-0.721000
-0.956000
-0.956000
-0.704000
-0.317000
6.50000E-02
0.414000
0.548000
0.321000
1.00000E-02
-0.271000
-0.405000
-0.389000
-0.183000
0.199000
0.678000
1.06500
1.14100
0.897000
0.405000
-0.158000
-0.670000
-0.952000
-0.952000
-0.729000
-0.342000
1.03000E-01
0.468000
0.653000
0.691000
0.548000
0.221000
-0.162000
-0.490000
-0.687000
-0.821000
-0.847000
-0.704000
-0.431000
3.10000E-02
0.708000
1.56900
2.38800
2.68700
2.12400
0.989000
-0.120000
-0.989000
-1.62800
-2.03600
-2.11100
-1.79200
-1.17000
-0.334000
0.506000
1.14500
1.25800
0.863000
0.229000
-0.376000
-0.826000
-1.02300
-0.876000
-0.616000
-2.30000E-02
0.657000
1.41400
2.04800
2.09000
1.51900
0.733000
-5.70000E-02
-0.674000
-0.943000
-0.876000
-0.754000
-0.611000
-0.616000
-0.775000
-1.03600
-1.42200
-1.80500
-2.05700
-1.99400
-1.64100
-0.977000
2.00000E-03
1.03600
1.97700
2.55200
2.61900
2.33400
1.88800
1.38800
0.952000
0.477000
-1.50000E-02
-0.632000
-1.22100
-1.92200
-2.46000
-2.80400
-2.69100
-2.22900
-1.53600
-0.645000
0.204000
0.649000
0.704000
0.586000
0.481000
0.481000
0.674000
0.922000
1.31700
1.76200
2.31300
2.63200
2.62400
2.42600
1.78800
0.842000
1.00000E-02
-0.771000
-1.53600
-2.11100
-2.58200
-2.92600
-3.13200
-3.11500
-2.44700
-1.51500
-0.338000
1.05200
2.47200
3.33800
3.52700
3.34600
2.67800
1.95100
1.35900
0.960000
0.758000
0.603000
0.557000
0.191000
-0.527000
-1.17400
-1.75000
-2.36700
-2.78300
-2.90100
-2.72000
-2.14100
-1.26700
-5.30000E-02
1.24100
2.58200
3.32900
3.40500
3.05600
2.15700
1.22500
0.632000
0.313000
-2.30000E-02
-0.469000
-0.826000
-1.19500
-1.40100
-1.69500
-1.84200
-1.73300
-1.34700
-0.767000
-0.225000
0.292000
0.737000
0.905000
0.889000
0.767000
0.557000
0.422000
0.452000
0.468000
0.489000
0.485000
0.397000
6.90000E-02
-0.405000
-0.893000
-1.31300
-1.56100
-1.70400
-1.67000
-1.44300
-0.939000
-0.305000
0.229000
0.716000
1.10300
1.12000
0.939000
0.746000
0.565000
0.410000
0.246000
7.80000E-02
-8.60000E-02
-0.267000
-0.414000
-0.620000
-0.964000
-1.41400
-1.80000
-2.00200
-1.88900
-1.47700
-0.796000
4.00000E-02
0.947000
1.93000
2.72000
3.01000
2.81700
2.08600
1.07300
4.80000E-02
-0.960000
-1.89700
-2.52700
-2.94700
-3.01000
-2.65700
-1.97700
-1.08200
-9.00000E-02
0.825000
1.46000
1.68700
1.52700
1.11500
0.708000
0.489000
0.565000
0.859000
1.32500
1.39700
0.842000
-0.233000
-1.30900
-2.01900
-2.34600
-2.19500
-1.61100
-0.670000
0.456000
1.88000
3.20800
3.58200
2.68200
1.10300
-0.384000
-1.59900
-2.54000
-3.26200
-3.52300
-3.51000
-3.16600
-2.28800
-1.12800
0.544000
2.30900
3.44700
3.97600
3.84600
2.90500
1.88000
0.935000
0.157000
-0.464000
-0.868000
-0.901000
-1.12000
-1.59900
-1.96800
-2.40100
-2.69100
-2.70400
-2.32100
-1.70800
-1.05700
-0.309000
0.540000
1.48500
2.25800
2.58600
2.66100
2.57700
2.28800
1.51400
0.519000
-0.162000
-0.746000
-1.22100
-1.44300
-1.49400
-1.33000
-1.21200
-1.16200
-1.22100
-1.23300
-1.07800
-0.742000
-0.405000
-0.254000
-0.195000
-0.128000
8.60000E-02
0.405000
0.720000
0.956000
1.06100
1.05200
1.10300
1.13600
0.939000
0.384000
-0.397000
-1.14900
-1.68700
-1.98100
-2.05200
-2.00200
-1.71600
-1.12000
-0.376000
0.309000
0.825000
1.24100
1.48500
1.57300
1.65700
1.40100
0.947000
0.485000
8.20000E-02
-0.275000
-0.611000
-0.922000
-1.26300
-1.40500
-1.31300
-1.07300
-0.805000
-0.502000
-0.145000
0.292000
0.897000
1.33400
1.45600
1.32100
1.05700
0.729000
0.464000
0.225000
-2.00000E-03
-0.111000
-8.60000E-02
2.00000E-03
0.115000
0.162000
0.111000
6.00000E-03
-6.10000E-02
-6.90000E-02
4.00000E-02
0.237000
0.447000
0.536000
0.452000
0.334000
0.309000
0.380000
0.498000
0.607000
0.653000
0.468000
3.10000E-02
-0.590000
-1.09000
-1.31300
-1.21200
-0.842000
-0.195000
0.695000
1.89300
3.11100
3.75000
3.74500
2.67400
1.39700
0.120000
-0.964000
-1.81300
-2.17000
-2.37200
-2.42600
-2.21600
-1.88400
-1.49800
-1.01900
-0.380000
0.246000
0.615000
0.737000
0.825000
1.15700
1.70400
2.34600
2.85100
3.03100
2.94300
2.38400
1.35100
0.355000
-0.443000
-1.14500
-1.83400
-2.38000
-3.13600
-3.59000
-3.72900
-3.68200
-3.33000
-2.78300
-1.85500
-0.729000
0.502000
1.88000
3.01400
3.73700
4.06000
4.10200
3.76200
2.60300
0.981000
-0.599000
-1.84200
-2.86300
-3.39300
-3.99300
-4.18700
-3.84200
-3.23700
-2.13200
-0.859000
0.334000
1.37600
2.09800
2.26200
1.97700
1.54800
1.12800
0.729000
0.477000
0.305000
0.162000
0.170000
0.233000
8.20000E-02
-9.50000E-02
-0.347000
-0.771000
-1.05700
-1.09500
-1.00200
-0.817000
-0.628000
-0.477000
-0.309000
-0.237000
-0.288000
-0.372000
-0.431000
-0.418000
-0.309000
-8.20000E-02
0.300000
0.855000
1.56100
2.11900
2.22000
1.57800
0.410000
-0.691000
-1.54400
-2.10300
-2.33000
-2.23300
-1.79200
-1.00600
-7.80000E-02
0.716000
1.10300
0.817000
0.136000
-0.490000
-0.826000
-0.834000
-0.460000
0.157000
0.935000
1.81300
2.36300
2.23300
1.40500
0.342000
-0.544000
-1.31700
-2.00200
-2.32100
-2.37200
-2.02700
-1.48500
-0.855000
-0.149000
0.536000
1.34200
2.17400
2.78300
2.63200
1.90100
0.758000
-0.405000
-1.41000
-2.15700
-2.46000
-2.61100
-2.18300
-1.30500
-8.60000E-02
0.973000
1.77500
2.22500
2.33800
2.15700
1.84600
1.40900
0.788000
8.20000E-02
-0.620000
-1.13200
-1.54400
-1.69100
-1.71600
-1.59900
-1.33800
-0.914000
-0.502000
-0.111000
0.334000
0.771000
1.06100
1.11500
1.12000
1.14100
1.30000
1.49300
1.41800
1.09900
0.582000
2.00000E-03
-0.498000
-0.872000
-1.12800
-1.36300
-1.53600
-1.61100
-1.52300
-1.41400
-1.27100
-1.03600
-0.721000
-0.242000
0.305000
0.876000
1.31700
1.54400
1.67000
1.75800
1.83400
1.80000
1.71200
1.64900
1.49300
1.11500
0.452000
-0.376000
-1.30500
-2.18700
-2.87600
-3.20400
-3.34600
-3.33800
-3.17400
-2.43500
-1.48100
-5.30000E-02
1.57800
3.12400
3.89200
3.97600
3.59800
2.80400
1.81300
0.821000
-4.40000E-02
-0.733000
-1.20800
-1.35900
-1.58200
-1.69900
-1.62000
-1.46800
-1.14900
-0.712000
-0.317000
-5.30000E-02
-1.10000E-02
-0.229000
-0.464000
-0.578000
-0.460000
-3.60000E-02
0.620000
1.48500
2.42600
3.01000
2.73300
1.56500
0.405000
-0.469000
-1.15300
-1.56500
-1.53100
-1.35900
-1.04800
-0.645000
-0.372000
-0.254000
-0.187000
-8.60000E-02
0.111000
0.355000
0.611000
0.670000
0.418000
1.50000E-02
-0.397000
-0.729000
-0.914000
-1.01000
-1.01000
-0.842000
-0.384000
0.317000
1.33000
2.43000
3.17800
3.35900
2.88800
1.81300
0.552000
-0.443000
-1.34200
-2.12000
-2.41800
-2.71600
-2.65700
-2.34600
-1.85500
-1.28400
-0.586000
0.107000
0.628000
0.855000
0.926000
0.889000
0.884000
0.943000
1.10700
1.30900
1.57800
1.85500
1.72500
1.22000
0.544000
-1.10000E-02
-0.624000
-1.35500
-1.91800
-2.36700
-2.59400
-2.51000
-2.18300
-1.66200
-0.893000
2.30000E-02
1.00200
1.93000
2.42200
2.48900
2.25000
1.88000
1.32500
0.569000
-0.242000
-1.04000
-1.63200
-1.99800
-2.04800
-1.62400
-0.683000
0.552000
1.77100
2.36300
1.95100
0.809000
-0.469000
-1.54800
-2.17000
-2.27500
-1.93500
-1.21600
-0.166000
0.779000
1.62800
2.33400
2.73700
2.61500
2.37200
1.99300
1.43000
0.594000
-0.422000
-1.49800
-2.38800
-3.19900
-3.65300
-3.73700
-3.31300
-2.72500
-1.69900
-0.502000
0.855000
2.16600
3.27100
4.09400
4.66500
4.60200
3.24100
1.28300
-0.632000
-2.07300
-3.11500
-3.67000
-3.77900
-3.65700
-3.23700
-2.74100
-1.75800
-0.889000
-4.00000E-02
0.876000
1.61500
2.04800
2.30000
2.43900
2.12400
1.52300
0.884000
0.321000
-0.170000
-0.641000
-0.838000
-0.914000
-0.889000
-0.889000
-0.922000
-1.00600
-1.17000
-1.29600
-1.35100
-1.25000
-0.981000
-0.506000
8.60000E-02
0.737000
1.43500
2.04400
2.23300
1.80900
1.04400
0.296000
-0.187000
-0.372000
-0.275000
1.00000E-02
-1.50000E-02
-0.237000
-0.603000
-1.00200
-1.29600
-1.50600
-1.55200
-1.56900
-1.53600
-1.25400
-0.687000
5.70000E-02
0.729000
1.07800
1.11100
1.05200
1.02700
1.02700
1.05700
1.17400
1.40500
1.64100
1.59000
1.16200
0.523000
-6.90000E-02
-0.708000
-1.29600
-1.85500
-2.34200
-2.72900
-2.99800
-3.02300
-2.75800
-2.10300
-1.25400
-0.359000
0.456000
1.26200
2.09000
2.90100
3.52700
4.09000
3.91300
2.68200
1.16200
-0.221000
-1.27900
-1.98500
-2.11500
-2.27100
-2.18700
-1.89300
-1.62000
-1.35900
-1.04000
-0.725000
-0.422000
-0.237000
-0.225000
-0.284000
-0.183000
7.80000E-02
0.456000
0.922000
1.53600
2.40100
3.21200
3.41300
2.82500
1.57300
0.145000
-1.05700
-1.92600
-2.51500
-2.66200
-2.72900
-2.59000
-2.27900
-1.58200
-0.590000
0.292000
1.03100
1.47200
1.60300
1.66600
1.81300
1.91400
1.79600
1.35100
0.515000
-0.452000
-1.31700
-2.11100
-2.50200
-2.43500
-1.91800
-1.09500
-4.00000E-02
1.10300
2.22000
3.04000
3.29600
2.72000
1.60700
0.414000
-0.683000
-1.68700
-2.39300
-2.51000
-2.57300
-2.32100
-1.87600
-1.04800
6.10000E-02
1.18700
2.13200
2.69500
2.80400
2.52700
1.93900
1.18700
0.498000
-0.137000
-0.788000
-1.24600
-1.43100
-1.48100
-1.24600
-0.952000
-0.712000
-0.611000
-0.536000
-0.401000
-0.254000
-0.149000
5.70000E-02
0.410000
0.952000
1.47700
1.62000
1.36700
1.03100
0.863000
0.720000
0.431000
4.40000E-02
-0.229000
-0.452000
-0.439000
-0.431000
-0.502000
-0.779000
-1.26700
-1.73700
-1.86300
-1.58200
-1.04400
-0.355000
0.552000
1.67000
2.80000
3.32900
3.04000
2.03500
0.804000
-0.288000
-1.13700
-1.77100
-1.97300
-1.88000
-1.43900
-0.805000
-0.187000
0.263000
0.489000
0.498000
0.439000
0.485000
0.519000
0.443000
0.334000
0.141000
-0.263000
-0.796000
-1.04800
-0.905000
-0.586000
-0.254000
0.149000
0.636000
1.12000
1.42200
1.34200
0.889000
0.326000
-0.120000
-0.548000
-0.880000
-1.16200
-1.46800
-1.59400
-1.50600
-1.12800
-0.574000
-0.107000
8.20000E-02
0.128000
0.115000
0.166000
0.237000
0.284000
0.258000
0.242000
0.305000
0.347000
0.233000
1.50000E-02
-0.145000
-0.221000
-0.292000
-0.355000
-0.410000
-0.553000
-0.826000
-1.14100
-1.35500
-1.47300
-1.48500
-1.36800
-1.06900
-0.590000
0.115000
1.04000
2.11500
3.03500
3.30400
2.66100
1.48900
0.250000
-0.708000
-1.44300
-1.96400
-2.12400
-2.09000
-1.63600
-1.02300
-0.372000
0.199000
0.746000
1.19500
1.27100
1.02700
0.586000
0.170000
-0.195000
-0.473000
-0.363000
-5.70000E-02
0.221000
0.515000
0.889000
1.19100
1.47700
1.65300
1.54000
1.17000
0.691000
0.229000
-0.292000
-0.826000
-1.22100
-1.46400
-1.55200
-1.53600
-1.38400
-1.11100
-0.842000
-0.502000
-2.70000E-02
0.502000
1.11500
1.62400
1.85900
1.69500
1.24100
0.720000
0.368000
0.195000
0.187000
0.296000
0.426000
0.355000
0.124000
-0.263000
-0.729000
-1.18300
-1.64500
-2.04800
-2.21200
-2.16600
-1.81300
-1.15300
-0.208000
0.846000
2.04400
3.17800
3.90100
3.79600
2.78700
1.35100
1.90000E-02
-0.939000
-1.66200
-2.25400
-2.43900
-2.57300
-2.46000
-2.14500
-1.51900
-0.725000
0.132000
1.00600
1.72900
1.95100
1.65700
1.23700
0.851000
0.452000
6.50000E-02
-0.263000
-0.410000
-0.384000
-0.242000
1.03000E-01
0.557000
1.04400
1.23300
1.15700
0.901000
0.380000
-0.258000
-0.868000
-1.32600
-1.64900
-1.83400
-1.84200
-1.67000
-1.26700
-0.716000
-0.120000
0.561000
1.42600
2.37600
3.03500
3.17000
2.55600
1.24100
4.80000E-02
-0.800000
-1.30500
-1.56900
-1.52700
-1.40500
-0.876000
-0.338000
-1.10000E-02
-0.141000
-0.494000
-0.880000
-1.12000
-1.10300
-0.691000
-7.80000E-02
0.531000
1.03600
1.37200
1.48100
1.39300
1.19100
0.859000
0.531000
0.254000
-6.00000E-03
-0.174000
-0.263000
-0.372000
-0.557000
-0.679000
-0.754000
-0.872000
-1.05200
-1.17900
-1.22900
-1.19500
-1.05200
-0.847000
-0.616000
-0.405000
-1.03000E-01
0.334000
0.998000
2.58200
5.28700
4.40500
2.48100
1.07300
-0.271000
-1.68300
-2.66600
-3.30000
-3.40900
-3.67800
-3.36300
-2.55700
-1.00200
0.351000
1.90500
3.17400
3.37100
3.09400
2.30900
1.25800
0.233000
-0.523000
-1.26300
-2.07300
-2.27900
-1.81300
-1.17900
-0.674000
-0.313000
0.355000
1.20400
1.88400
2.32100
2.43500
2.33400
1.96400
1.40900
0.733000
0.221000
-0.611000
-1.57300
-2.01500
-2.42200
-2.87600
-2.93500
-2.36300
-1.73700
-0.872000
0.279000
1.57800
2.76600
3.30000
3.30800
2.86300
1.99300
0.952000
-5.30000E-02
-0.910000
-1.53100
-2.13600
-2.19100
-2.57800
-2.67000
-2.44300
-2.08600
-1.31300
-0.305000
0.636000
1.54000
2.24600
2.37200
2.03100
1.41400
0.527000
-0.372000
-1.06100
-1.35500
-1.26700
-1.10700
-0.876000
-0.296000
0.216000
0.628000
1.10300
1.40500
1.32100
0.960000
0.334000
-0.469000
-1.29600
-1.96000
-2.21200
-2.09000
-1.68700
-1.05200
-0.128000
0.998000
1.99800
2.48100
2.54000
2.29600
1.96400
1.52700
1.02300
0.393000
-0.347000
-1.21600
-1.86300
-2.37600
-2.81300
-3.12400
-3.14500
-2.80000
-2.09000
-1.35100
-0.401000
0.788000
2.11900
3.27900
4.04800
4.25000
3.82100
2.69900
1.28800
-0.124000
-1.38000
-2.52300
-3.39700
-3.72500
-4.06100
-3.99800
-3.55200
-3.04000
-2.12800
-1.06100
9.00000E-02
1.30400
2.46800
3.21200
3.47200
3.27100
2.78700
2.38400
1.93000
1.47200
0.733000
-9.00000E-02
-1.02700
-1.80500
-2.50600
-2.90500
-3.04800
-3.07800
-2.88000
-2.30900
-1.62800
-0.838000
-1.10000E-02
0.729000
1.43000
1.99800
2.34600
2.57300
2.65700
2.60700
2.35500
1.70400
0.897000
0.145000
-0.712000
-1.44300
-1.97300
-2.25400
-2.37200
-2.33800
-2.15300
-1.83000
-1.42600
-0.880000
-0.225000
0.519000
1.41400
2.18300
2.57300
2.49800
1.94300
1.36300
0.905000
0.569000
0.300000
4.80000E-02
-0.162000
-0.351000
-0.569000
-0.725000
-0.868000
-0.977000
-0.926000
-0.851000
-0.721000
-0.384000
-3.20000E-02
0.170000
0.199000
0.216000
0.216000
0.191000
0.326000
0.573000
0.872000
1.25800
1.59400
1.69500
1.56500
1.28300
0.750000
7.80000E-02
-0.565000
-1.06100
-1.41400
-1.64900
-1.88900
-1.97700
-1.92200
-1.75000
-1.40100
-0.826000
-0.229000
0.246000
0.657000
0.968000
1.26700
1.57300
1.82100
1.86300
1.66200
1.23700
0.498000
-0.200000
-0.737000
-1.04400
-1.16200
-1.12000
-0.964000
-0.763000
-0.435000
-6.10000E-02
0.157000
0.267000
0.208000
6.00000E-03
-0.342000
-0.796000
-1.10300
-1.22500
-1.23300
-1.09000
-0.725000
-0.111000
0.699000
1.69900
2.71600
3.39200
3.48100
2.73700
1.35900
6.90000E-02
-0.968000
-1.72000
-2.15300
-2.21200
-2.23300
-1.93500
-1.49800
-1.01900
-0.595000
-0.300000
-4.40000E-02
0.204000
0.603000
1.10700
1.52700
1.76200
1.74100
1.43900
0.994000
0.435000
-0.120000
-0.574000
-0.632000
-0.313000
7.80000E-02
0.246000
0.225000
2.00000E-03
-0.422000
-1.03600
-1.41800
-1.62000
-1.78800
-1.86300
-1.75000
-1.38900
-0.767000
1.90000E-02
0.935000
1.95600
2.85100
3.37100
3.23700
2.05600
0.510000
-0.939000
-2.14900
-3.08200
-3.40100
-3.44300
-3.17400
-2.43900
-1.47300
-0.246000
0.947000
2.07700
2.71200
2.42200
1.52700
0.523000
-0.170000
-0.641000
-1.03600
-1.12000
-1.17400
-1.01500
-0.754000
-0.603000
-0.422000
-1.03000E-01
0.275000
0.716000
1.25400
1.80000
1.96800
1.62000
0.897000
0.128000
-0.611000
-1.18700
-1.72900
-2.10700
-2.28800
-2.28300
-1.96000
-1.49400
-0.851000
-2.00000E-03
0.952000
1.92200
2.64500
3.19900
3.15700
2.51400
1.48900
0.426000
-0.611000
-1.41400
-1.77100
-1.83400
-1.69100
-1.28400
-0.792000
-0.313000
-3.20000E-02
0.115000
0.267000
0.258000
0.195000
0.145000
0.145000
0.136000
0.191000
0.250000
0.216000
0.115000
0.149000
0.431000
0.918000
1.41400
1.77500
1.94700
1.47700
0.599000
-0.342000
-1.22500
-1.87600
-2.18300
-2.05200
-1.38000
-0.431000
0.426000
1.00200
1.22900
1.13600
1.19100
1.42600
1.67000
1.63600
1.09000
8.60000E-02
-1.06500
-2.04000
-2.69100
-2.96800
-2.94300
-2.29200
-1.29200
0.195000
2.10300
3.98900
5.34600
4.53500
2.54400
0.846000
-0.414000
-1.20000
-1.77900
-1.91800
-2.00200
-1.77500
-1.48900
-1.14900
-0.721000
-0.258000
1.03000E-01
0.351000
0.506000
0.552000
0.443000
0.389000
0.376000
0.548000
0.897000
1.56900
2.50200
3.05600
2.95100
2.69500
1.25400
-0.553000
-2.09900
-2.99300
-3.55600
-3.69900
-3.46000
-2.77900
-1.72000
-0.469000
0.842000
2.40500
3.53500
3.66100
2.79600
1.33800
-4.00000E-02
-1.07800
-1.77900
-2.16600
-2.10300
-2.10300
-1.80000
-1.12400
-0.183000
0.607000
1.26200
1.67800
1.56100
1.17800
0.582000
6.10000E-02
-0.359000
-0.637000
-0.737000
-0.884000
-1.05200
-1.08600
-1.09000
-0.914000
-0.620000
-0.204000
0.250000
0.603000
0.746000
0.741000
0.481000
0.153000
-0.137000
-0.506000
-0.725000
-0.775000
-0.784000
-0.817000
-0.847000
-0.700000
-0.330000
-2.00000E-03
0.107000
9.00000E-02
0.208000
0.624000
1.31700
1.91800
2.06100
1.88400
1.40900
0.636000
-0.288000
-1.11600
-1.85500
-2.49400
-2.86700
-3.01900
-3.00200
-2.80900
-2.17800
-1.35100
-0.229000
1.08600
2.61500
3.84200
4.26600
3.89200
2.47700
0.733000
-0.838000
-1.98100
-2.84600
-3.12800
-3.21200
-3.05200
-2.27900
-1.32100
-0.107000
0.985000
1.88000
2.30000
1.98100
1.33800
0.590000
-9.00000E-02
-0.805000
-1.30000
-1.50600
-1.51500
-1.04400
-0.456000
0.191000
0.830000
1.42200
1.76700
1.61100
1.24600
0.796000
0.170000
-0.506000
-1.06500
-1.33400
-1.41000
-1.06900
-0.456000
0.174000
0.695000
1.05200
1.28800
1.26200
0.960000
0.510000
0.132000
-0.204000
-0.410000
-0.443000
-0.553000
-0.616000
-0.620000
-0.599000
-0.498000
-0.267000
-4.40000E-02
0.149000
0.397000
0.691000
0.994000
1.24100
1.40900
1.35100
1.15700
0.800000
0.321000
-0.242000
-0.863000
-1.40100
-1.71600
-1.80000
-1.79200
-1.74600
-1.53100
-0.998000
-0.309000
0.338000
0.897000
1.34200
1.88400
2.05600
1.83000
1.46400
1.00200
0.422000
-1.50000E-02
-0.321000
-0.439000
-0.456000
-0.553000
-0.721000
-1.01500
-1.33800
-1.66200
-1.86800
-1.91800
-1.83400
-1.56500
-1.00200
-0.216000
0.733000
1.76700
2.75400
3.20300
3.15700
2.41400
1.30400
0.212000
-0.771000
-1.67000
-2.19500
-2.31300
-2.21200
-1.80000
-1.32100
-0.687000
7.30000E-02
0.754000
1.20800
1.29200
1.16600
0.973000
0.800000
0.699000
0.565000
0.515000
0.594000
0.788000
0.813000
0.561000
0.342000
0.246000
0.170000
1.00000E-02
-0.200000
-0.380000
-0.670000
-1.01900
-1.32100
-1.40100
-1.04800
-0.477000
0.221000
1.14100
2.13600
2.90500
3.08600
2.80000
1.91800
0.783000
-0.242000
-1.25400
-2.13600
-2.47300
-2.54800
-2.35900
-2.12800
-1.79600
-1.21600
-0.405000
0.456000
1.35900
2.19100
2.76200
2.94700
2.73700
1.97200
0.893000
-0.116000
-0.893000
-1.39700
-1.62000
-1.80500
-1.75400
-1.31700
-0.670000
-6.10000E-02
0.187000
-1.10000E-02
-0.410000
-0.893000
-1.30000
-1.36800
-0.939000
-0.221000
0.821000
1.94700
2.72900
2.34600
1.15700
-4.00000E-02
-0.897000
-1.38000
-1.65700
-1.51500
-1.26300
-0.700000
-0.120000
0.363000
0.817000
1.12800
1.20800
0.994000
0.603000
0.149000
-0.309000
-0.716000
-0.998000
-1.17000
-1.17900
-1.06900
-0.809000
-0.498000
-0.229000
6.10000E-02
0.389000
0.674000
0.842000
0.922000
0.846000
0.720000
0.460000
0.162000
-9.00000E-02
-0.267000
-0.271000
-0.225000
-0.137000
-7.80000E-02
-1.03000E-01
-0.166000
-0.359000
-0.746000
-1.10700
-1.27100
-1.24600
-1.12800
-0.901000
-0.561000
-7.40000E-02
0.615000
1.47200
2.00200
1.96000
1.64500
1.19100
0.611000
-2.00000E-03
-0.616000
-1.09000
-1.39300
-1.61500
-1.70400
-1.53100
-1.09500
-0.456000
0.305000
1.01900
1.38800
1.32100
0.964000
0.502000
0.141000
6.00000E-03
-6.00000E-03
6.90000E-02
0.111000
6.50000E-02
1.50000E-02
-1.10000E-02
7.30000E-02
0.183000
0.258000
0.229000
7.80000E-02
-0.124000
-0.338000
-0.590000
-0.809000
-0.905000
-0.826000
-0.620000
-0.309000
0.187000
0.809000
1.40900
1.88800
2.25000
2.43000
2.26700
1.62400
0.607000
-0.452000
-1.46000
-2.25400
-2.75800
-2.96400
-2.96400
-2.77900
-2.21600
-1.29600
-8.20000E-02
1.05700
2.03100
2.50200
2.22500
1.52300
0.867000
0.473000
0.300000
0.334000
0.351000
0.275000
-2.70000E-02
-0.267000
-0.519000
-0.838000
-1.18300
-1.46000
-1.56900
-1.38000
-0.834000
4.80000E-02
1.13600
2.21200
2.33800
1.26700
-0.128000
-1.33800
-2.12000
-2.56100
-2.49800
-2.16600
-1.43500
-0.359000
0.779000
1.75000
2.48900
2.93900
3.11900
3.01900
2.30400
1.18700
-4.40000E-02
-1.25400
-2.19500
-2.83400
-3.22500
-3.30000
-3.23700
-2.90500
-2.05200
-1.02300
6.00000E-03
1.05700
2.14000
3.04000
3.45100
3.25400
2.45600
1.41400
0.468000
-0.132000
-0.599000
-0.851000
-0.935000
-1.06500
-0.889000
-0.746000
-0.700000
-0.742000
-0.742000
-0.523000
-0.246000
2.30000E-02
0.330000
0.750000
1.15700
1.49300
1.66200
1.56100
1.37600
1.02300
0.624000
0.120000
-0.452000
-1.00600
-1.24200
-1.20800
-0.994000
-0.632000
-6.50000E-02
0.447000
0.830000
1.02700
0.926000
0.653000
0.258000
-0.153000
-0.565000
-0.813000
-0.931000
-0.947000
-0.893000
-0.842000
-0.687000
-0.254000
0.410000
1.19900
1.82500
2.27100
2.56500
2.30000
1.07300
-0.574000
-1.85900
-2.69500
-3.17800
-3.28300
-3.06500
-2.09000
-0.876000
0.351000
1.46000
2.31700
2.44700
1.98900
1.30400
0.691000
0.233000
-0.179000
-0.607000
-0.687000
-0.611000
-0.506000
-0.225000
-0.183000
-4.40000E-02
0.107000
0.204000
0.326000
0.292000
0.124000
-0.216000
-0.498000
-0.637000
-0.637000
-0.532000
-0.288000
6.50000E-02
0.494000
0.867000
1.17000
1.17000
0.926000
0.494000
8.60000E-02
-0.363000
-0.742000
-0.792000
-0.658000
-0.511000
-0.351000
-0.216000
1.90000E-02
0.250000
0.309000
0.237000
0.128000
4.00000E-02
3.60000E-02
0.128000
0.199000
0.149000
1.50000E-02
-1.03000E-01
-2.70000E-02
0.111000
0.284000
0.263000
-5.70000E-02
-0.578000
-1.02700
-1.27900
-1.33000
-1.22900
-1.01500
-0.586000
1.00000E-02
0.624000
1.16200
1.55200
1.76200
1.56900
1.47200
1.36700
1.00200
0.422000
-0.443000
-1.46000
-2.32100
-2.98500
-3.27900
-3.20400
-2.67400
-1.72000
-0.645000
0.456000
1.38000
1.89700
2.06500
2.17400
2.40900
2.69100
2.51400
1.78300
0.737000
-0.237000
-1.05200
-1.75000
-2.37600
-2.64500
-2.83800
-2.89700
-2.77100
-2.35100
-1.86800
-1.31300
-0.658000
4.00000E-02
0.817000
1.80900
2.63200
3.09400
3.21200
3.02700
2.50200
1.71200
0.825000
-5.70000E-02
-0.880000
-1.49400
-1.99400
-2.65300
-3.01000
-3.12400
-2.86700
-2.25000
-1.63600
-0.947000
-0.166000
0.641000
1.39700
2.09800
2.83800
3.15300
2.60300
1.32100
8.60000E-02
-0.784000
-1.37600
-1.77100
-1.76700
-1.46400
-0.716000
0.275000
1.43500
2.27100
2.32100
1.70800
0.670000
-0.271000
-0.910000
-1.40500
-1.64100
-1.75400
-1.63600
-1.23300
-0.695000
-0.162000
0.368000
0.855000
1.26700
1.66200
1.67400
1.31300
0.834000
0.414000
6.90000E-02
-0.216000
-0.456000
-0.599000
-0.817000
-0.926000
-0.847000
-0.527000
-5.70000E-02
0.355000
0.695000
0.973000
1.25800
1.29200
1.13600
0.649000
2.30000E-02
-0.637000
-1.20000
-1.59900
-1.81300
-1.81700
-1.58200
-1.12800
-0.557000
0.136000
0.952000
1.78300
2.41800
2.55200
2.37600
2.14000
1.87200
1.42200
0.691000
-0.107000
-0.863000
-1.41400
-1.96800
-2.33000
-2.70800
-2.85500
-2.65300
-2.16600
-1.38400
-0.208000
1.20800
2.76600
3.72900
3.85000
3.31700
2.32500
1.36300
0.557000
-3.20000E-02
-0.599000
-0.859000
-0.989000
-1.19500
-1.36300
-1.59400
-1.72000
-1.65300
-1.34700
-0.968000
-0.506000
6.00000E-03
0.519000
1.15700
1.72900
1.97700
1.82500
1.50600
1.23700
0.905000
0.674000
0.351000
0.136000
-0.111000
-0.242000
-0.300000
-0.443000
-0.721000
-0.977000
-1.12400
-1.17000
-1.21600
-1.19100
-1.05200
-0.863000
-0.611000
-0.426000
-6.90000E-02
0.468000
1.17800
1.90500
2.50200
2.70800
2.42600
1.69100
0.851000
0.208000
-0.397000
-1.07300
-1.67400
-2.12000
-2.54400
-2.70400
-2.82100
-2.64900
-2.11500
-1.51000
-0.775000
6.50000E-02
0.838000
1.49300
1.99800
2.43500
2.72900
2.76600
2.46400
1.75000
0.725000
-0.330000
-1.33000
-1.96800
-2.26200
-2.52700
-2.61100
-2.43500
-2.16200
-1.73700
-1.13200
-0.490000
0.115000
0.594000
0.935000
1.06100
0.952000
0.842000
0.720000
0.628000
0.603000
0.687000
0.771000
0.720000
0.590000
0.464000
0.111000
-0.426000
-0.981000
-1.53100
-2.06900
-2.38800
-2.44700
-2.28300
-1.93500
-1.36300
-0.611000
0.162000
0.918000
1.71200
2.27500
2.27500
1.77100
1.08200
0.481000
-4.80000E-02
-0.523000
-0.674000
-0.456000
-0.246000
-3.60000E-02
6.00000E-03
-0.107000
-0.359000
-0.695000
-1.03600
-1.25400
-1.19500
-1.00200
-0.691000
-0.296000
0.162000
0.628000
0.985000
1.07300
0.926000
0.607000
0.225000
-5.30000E-02
-0.158000
-6.10000E-02
0.178000
0.531000
0.939000
1.32500
1.43500
1.12400
0.527000
-0.221000
-1.03600
-1.70800
-2.24100
-2.57800
-2.48900
-2.03100
-1.22100
-0.237000
0.754000
1.69500
2.35500
2.63200
2.64900
2.49800
2.08200
1.43000
0.636000
-0.120000
-0.889000
-1.36800
-1.67000
-1.70400
-1.50200
-1.17900
-0.666000
-6.10000E-02
0.368000
0.620000
0.901000
1.19900
1.42200
1.53100
1.44700
1.14100
0.662000
0.183000
-0.242000
-0.515000
-0.645000
-0.645000
-0.569000
-0.401000
-6.50000E-02
0.384000
0.846000
1.10700
1.06900
0.750000
0.288000
-0.195000
-0.641000
-1.02700
-1.19500
-1.20400
-1.13200
-1.04800
-0.821000
-0.326000
0.426000
1.25800
1.99800
2.51000
2.59000
1.98900
0.918000
-0.183000
-1.13200
-1.98500
-2.80900
-3.13600
-3.26200
-3.19100
-2.52700
-1.55200
-0.410000
0.624000
1.49300
1.97200
2.19900
2.40900
2.82900
3.35500
3.60700
3.17800
1.17400
-1.01000
-2.72500
-3.92600
-4.72000
-4.87100
-4.54400
-3.84600
-2.91400
-1.57800
-0.221000
1.10700
2.37600
3.38800
3.97200
4.18700
3.85900
2.88000
1.65300
0.586000
-0.418000
-1.41800
-2.16200
-2.57800
-3.04800
-3.14100
-2.82500
-2.28800
-1.63200
-0.679000
0.397000
1.47200
2.35900
2.82100
2.50200
1.72900
0.838000
0.157000
-0.296000
-0.611000
-0.637000
-0.426000
0.166000
0.712000
0.943000
0.704000
0.326000
-1.10000E-02
-0.208000
-0.309000
-0.242000
-0.271000
-0.338000
-0.439000
-0.523000
-0.515000
-0.380000
-0.183000
-6.00000E-03
0.195000
0.204000
0.178000
8.20000E-02
-2.00000E-03
-4.40000E-02
4.40000E-02
0.229000
0.405000
0.515000
0.481000
0.317000
0.242000
0.317000
0.418000
0.599000
0.699000
0.674000
0.464000
0.120000
-0.233000
-0.582000
-0.868000
-1.21600
-1.53100
-1.65300
-1.54400
-1.31700
-1.01000
-0.624000
-0.187000
0.208000
0.666000
1.29600
1.87600
2.21600
2.09400
1.53100
0.905000
0.263000
-0.288000
-0.813000
-1.40100
-1.90100
-2.43500
-2.57300
-2.29600
-1.73300
-1.08200
-0.351000
0.380000
1.09400
1.67800
2.00200
2.04800
1.95600
1.64100
1.22900
0.632000
-0.124000
-0.943000
-1.58200
-1.91800
-2.14500
-2.21200
-2.22900
-2.03100
-1.56900
-0.876000
-1.50000E-02
0.821000
1.62000
2.24600
2.54800
2.59000
2.34600
2.02700
1.59900
1.11500
0.603000
0.187000
-0.309000
-0.914000
-1.62800
-2.13600
-2.48900
-2.68700
-2.80900
-2.75000
-2.35900
-1.77100
-0.956000
5.70000E-02
1.22500
2.53500
3.57700
3.98100
3.87600
3.23700
2.15300
0.985000
-6.00000E-03
-0.922000
-1.88400
-2.43900
-2.88000
-2.79600
-2.56100
-2.27500
-2.02700
-1.61500
-1.16200
-0.641000
-6.10000E-02
0.431000
0.935000
1.51400
2.08600
2.48500
2.56900
2.50200
2.27900
1.64100
0.783000
3.60000E-02
-0.754000
-1.51500
-2.12000
-2.61500
-2.84200
-2.74600
-2.22500
-1.41800
-0.372000
0.821000
2.06500
3.01400
3.14000
2.74100
1.94300
0.910000
-0.296000
-1.38000
-2.08600
-2.25400
-2.47300
-2.54400
-2.30000
-1.89700
-1.39300
-0.792000
-0.120000
0.515000
1.25800
2.14500
2.99300
3.36700
3.39700
2.91400
1.40900
-0.372000
-1.86800
-2.86700
-3.46000
-3.71200
-3.63200
-3.26200
-2.54800
-1.60300
-0.662000
0.162000
0.750000
1.03100
1.20800
1.29200
1.40100
1.57800
1.77100
1.84200
1.80900
1.76200
1.47700
0.510000
-0.452000
-1.26300
-1.94300
-2.34200
-2.44300
-2.24600
-1.85900
-1.30500
-0.632000
-2.00000E-03
0.418000
0.708000
0.800000
0.846000
0.884000
0.851000
0.846000
0.922000
1.03600
1.20400
1.32100
1.24600
0.872000
0.355000
-7.80000E-02
-0.464000
-0.842000
-1.12800
-1.22100
-1.17000
-1.00600
-0.754000
-0.502000
-1.03000E-01
0.351000
0.830000
1.17000
1.29200
1.17000
0.834000
0.523000
0.401000
0.258000
0.199000
0.347000
0.733000
1.17000
1.37200
1.19100
0.704000
0.233000
-0.237000
-0.817000
-1.38400
-1.68700
-1.57800
-1.19500
-0.582000
0.166000
0.931000
1.48500
1.69900
1.54000
1.27900
0.981000
0.695000
0.519000
0.485000
0.607000
0.628000
0.489000
0.246000
-9.00000E-02
-0.536000
-0.943000
-1.12800
-0.947000
-0.477000
4.40000E-02
0.515000
0.855000
1.00600
0.880000
0.569000
0.128000
-0.414000
-1.01500
-1.48500
-1.75000
-1.75000
-1.31300
-0.405000
0.708000
1.96400
2.80800
2.80400
1.81700
0.628000
-0.355000
-1.12800
-1.82600
-2.29600
-2.34200
-2.42200
-2.25800
-1.76300
-1.02700
-0.187000
0.527000
1.01500
1.25000
1.10300
0.691000
8.20000E-02
-0.498000
-0.834000
-0.910000
-0.695000
-0.426000
-0.128000
7.30000E-02
0.237000
0.334000
0.225000
-3.60000E-02
-0.536000
-1.03100
-1.51000
-1.80900
-1.81700
-1.55700
-1.13700
-0.704000
-0.116000
0.548000
1.10700
1.27500
1.12800
0.779000
0.477000
0.347000
0.372000
0.414000
0.544000
0.603000
0.468000
3.10000E-02
-0.700000
-1.42200
-1.88900
-2.09900
-2.06900
-1.64900
-0.851000
9.90000E-02
0.947000
1.33800
1.19100
0.884000
0.624000
0.506000
0.578000
0.846000
1.06900
1.03600
0.540000
-0.116000
-0.725000
-1.09500
-1.22500
-1.01000
-0.708000
-0.229000
0.342000
1.03600
1.56100
1.79600
1.59400
0.973000
0.115000
-0.733000
-1.55200
-2.20800
-2.48100
-2.52300
-2.18700
-1.45600
-0.317000
1.24600
3.25400
5.32100
5.64400
3.34200
1.30900
-0.376000
-1.68700
-2.56100
-3.08200
-3.16200
-3.00200
-2.32100
-1.60300
-0.863000
-0.149000
0.716000
1.77100
2.97200
3.93000
4.53900
3.98900
2.48100
0.884000
-0.540000
-1.75000
-2.84200
-3.38000
-3.77500
-3.61500
-3.23300
-2.46000
-1.52300
-0.246000
0.989000
2.14500
3.04000
3.38000
3.19900
2.61500
2.04000
1.42200
0.754000
0.242000
-0.229000
-0.729000
-1.26700
-1.62800
-1.58200
-1.58200
-1.54800
-1.33800
-0.985000
-0.561000
-0.174000
0.120000
0.334000
0.485000
0.569000
0.611000
0.662000
0.573000
0.498000
0.699000
0.943000
1.24100
1.44300
1.41400
1.40500
1.05200
0.464000
-0.284000
-0.922000
-1.34700
-1.69900
-1.98100
-2.19500
-2.17400
-1.75400
-1.22500
-0.641000
8.20000E-02
0.956000
1.70400
2.21200
2.36300
2.20400
1.85900
1.38000
0.855000
0.435000
0.263000
0.263000
0.162000
-6.50000E-02
-0.405000
-0.809000
-1.27100
-1.72500
-1.93500
-1.86300
-1.56900
-1.12400
-0.506000
0.250000
1.17400
2.12400
2.75000
2.78700
2.21200
1.43900
0.821000
0.435000
0.149000
-9.00000E-02
-0.179000
-0.435000
-0.691000
-0.876000
-1.04400
-1.21200
-1.35100
-1.42200
-1.38400
-1.21600
-0.943000
-0.599000
-0.195000
0.221000
0.729000
1.40500
2.16100
2.83400
3.14000
2.94700
2.01000
0.897000
-0.174000
-1.10700
-1.86800
-2.35100
-2.76700
-3.07800
-3.20800
-3.22900
-3.12400
-2.64100
-1.96800
-1.08200
0.115000
1.49800
2.81700
3.53100
3.56500
2.97200
1.77900
0.523000
-0.527000
-1.31700
-1.75400
-1.48100
-1.20800
-0.813000
-0.582000
-0.637000
-0.897000
-1.23300
-1.64500
-2.01000
-2.25400
-2.44700
-2.39300
-2.02300
-1.20000
-9.90000E-02
1.24600
2.95600
4.41800
4.52700
3.64000
2.33800
1.02700
-0.111000
-1.12800
-2.04400
-2.56900
-3.07800
-3.30000
-3.21600
-2.98100
-2.35500
-1.75000
-1.19500
-0.628000
-0.107000
0.254000
0.607000
1.04400
1.56100
1.91400
2.03100
1.98900
1.90900
1.79600
1.45600
0.893000
0.326000
-0.590000
-1.52300
-2.14100
-2.51000
-2.63200
-2.45600
-2.01900
-1.27900
-0.389000
0.347000
0.880000
1.18700
1.27900
1.17400
0.939000
0.666000
0.426000
0.178000
-6.00000E-03
-2.70000E-02
0.149000
0.531000
1.09900
1.53600
1.47200
0.985000
0.267000
-0.464000
-1.16200
-1.71600
-1.99400
-2.09000
-1.87600
-1.40100
-0.553000
0.468000
1.57800
2.50200
2.75000
2.51000
1.82500
1.09400
0.494000
-2.70000E-02
-0.498000
-0.683000
-0.784000
-0.750000
-0.481000
-0.326000
-0.271000
-0.153000
-6.90000E-02
5.70000E-02
0.296000
0.531000
0.607000
0.540000
0.426000
0.372000
0.435000
0.468000
0.489000
0.489000
0.481000
0.401000
0.284000
0.157000
8.20000E-02
9.90000E-02
0.107000
6.10000E-02
-0.120000
-0.271000
-0.321000
-0.330000
-0.410000
-0.557000
-0.683000
-0.763000
-0.830000
-0.826000
-0.750000
-0.632000
-0.279000
0.254000
0.767000
1.17800
1.35900
1.30900
1.17400
1.11500
1.18700
1.29600
1.23700
1.02700
0.691000
0.149000
-0.624000
-1.41800
-2.10700
-2.71200
-3.20800
-3.35900
-3.29200
-2.87600
-1.85100
-0.611000
0.767000
2.27100
3.32100
3.54800
3.57300
3.47600
2.99800
2.05600
0.956000
-2.70000E-02
-0.897000
-1.55200
-1.89700
-2.21200
-2.17000
-2.06900
-1.80000
-1.39300
-0.855000
-0.401000
-0.174000
1.50000E-02
0.254000
0.645000
1.26200
2.01000
2.99300
5.22800
4.09000
1.83000
-4.40000E-02
-1.53100
-2.58200
-3.22000
-3.36700
-3.20800
-2.52700
-1.41000
-0.355000
0.519000
1.37600
2.12400
2.71600
2.88400
2.71600
2.01900
0.792000
-0.523000
-1.80000
-2.73700
-3.16600
-3.34200
-3.34200
-2.97200
-1.84200
-0.557000
0.653000
1.54400
1.97200
1.90900
1.57300
1.16200
0.670000
0.300000
7.30000E-02
-0.254000
-0.477000
-0.716000
-0.847000
-0.914000
-1.03100
-1.06100
-1.06100
-0.910000
-0.515000
-0.250000
-9.00000E-02
-3.20000E-02
4.00000E-02
0.204000
0.401000
0.603000
0.779000
0.691000
0.389000
3.60000E-02
-0.376000
-0.691000
-0.653000
-0.473000
-0.300000
-4.40000E-02
0.254000
0.678000
0.968000
1.16600
1.22500
1.25000
1.17000
0.960000
0.573000
1.90000E-02
-0.700000
-1.36300
-1.89700
-2.19500
-2.26200
-2.21200
-1.88900
-1.43500
-0.712000
0.187000
1.11500
2.05600
2.75800
3.12800
3.00600
2.53500
1.73300
0.872000
9.90000E-02
-0.674000
-1.36300
-1.79200
-2.25000
-2.63600
-2.83800
-2.76700
-2.42200
-1.95200
-1.27100
-0.544000
0.178000
1.00200
1.88000
2.55200
2.88800
2.81300
2.16600
1.06900
1.90000E-02
-0.855000
-1.47700
-1.80500
-1.85100
-1.71600
-1.54800
-1.32100
-0.989000
-0.477000
0.136000
0.804000
1.30400
1.30900
0.964000
0.557000
0.342000
0.330000
0.288000
0.284000
0.199000
0.115000
0.191000
0.263000
6.10000E-02
-0.292000
-0.737000
-1.09900
-1.16200
-0.960000
-0.607000
-0.183000
0.195000
0.628000
1.10700
1.42600
1.63600
1.55200
1.20400
0.632000
4.40000E-02
-0.376000
-0.624000
-0.725000
-0.750000
-0.809000
-0.746000
-0.595000
-0.523000
-0.674000
-0.910000
-1.08200
-0.977000
-0.422000
0.363000
1.18700
1.97700
2.51400
2.77100
2.83800
2.38400
1.35100
0.107000
-1.09900
-2.09000
-2.70800
-2.95100
-3.12800
-3.12000
-2.56500
-1.75800
-0.716000
0.431000
1.53100
2.41800
2.78700
2.56500
1.93000
1.20400
0.439000
-0.313000
-1.06100
-1.48100
-1.34700
-1.12800
-0.683000
-0.342000
2.70000E-02
0.368000
0.691000
0.922000
0.947000
0.645000
0.120000
-0.464000
-0.931000
-1.20800
-1.29600
-1.24600
-1.05200
-0.821000
-0.578000
-0.258000
0.187000
0.712000
1.19500
1.47700
1.67000
2.04800
2.27900
1.97700
1.14900
0.115000
-0.868000
-1.76700
-2.33000
-2.44300
-2.25800
-1.92200
-1.36800
-0.603000
0.300000
1.24100
1.91800
1.94300
1.63600
1.18300
0.720000
0.342000
6.50000E-02
-0.187000
-0.330000
-0.511000
-0.485000
-0.267000
-2.00000E-03
0.233000
0.271000
6.00000E-03
-0.469000
-0.750000
-0.830000
-0.674000
-0.372000
3.10000E-02
0.641000
1.35900
1.69100
1.50600
0.838000
-1.90000E-02
-0.889000
-1.50600
-1.81700
-1.77500
-1.48500
-0.897000
-9.90000E-02
0.771000
1.67800
2.35900
2.25800
1.56900
0.632000
-0.191000
-0.926000
-1.51500
-1.80900
-2.05200
-1.75400
-1.19100
-0.578000
0.149000
0.910000
1.62800
2.19900
2.60300
2.66100
2.29600
1.19100
-0.237000
-1.53100
-2.27100
-2.46000
-2.23700
-1.75400
-0.973000
1.90000E-02
0.956000
1.52700
1.40100
0.952000
0.410000
4.00000E-02
-0.216000
-0.418000
-0.338000
-0.233000
6.10000E-02
0.565000
1.17000
1.57300
1.47700
0.956000
0.216000
-0.456000
-0.985000
-1.31700
-1.34700
-1.27500
-1.06100
-0.813000
-0.515000
-0.124000
0.237000
0.422000
0.401000
0.292000
0.250000
0.208000
4.80000E-02
-4.80000E-02
-0.141000
-0.233000
-0.376000
-0.460000
-0.422000
-0.363000
-0.359000
-0.384000
-0.330000
-0.183000
4.80000E-02
0.309000
0.569000
0.859000
1.06500
1.12000
0.943000
0.615000
0.183000
-0.300000
-0.775000
-1.12000
-1.37200
-1.60300
-1.80500
-1.90100
-1.84200
-1.56500
-1.06900
-0.309000
0.666000
1.88400
2.95100
3.59800
3.77900
3.53500
2.91400
2.01000
0.901000
-0.317000
-1.64500
-2.85100
-3.57300
-4.26200
-4.56500
-4.51000
-3.95600
-3.08200
-1.41400
0.603000
2.67000
4.05600
4.63200
4.52300
3.82500
2.69900
1.54400
0.607000
-0.187000
-1.02700
-1.60300
-1.91000
-2.19100
-2.23300
-2.26200
-2.28800
-2.09400
-1.64900
-1.09900
-0.544000
7.80000E-02
0.804000
1.62800
2.40100
2.88000
2.84600
2.38000
1.69900
0.683000
-0.405000
-1.26300
-1.69900
-1.64100
-1.47300
-1.09900
-0.586000
-1.50000E-02
0.246000
0.418000
0.603000
0.594000
0.426000
0.157000
-0.284000
-0.779000
-1.07800
-1.19500
-1.17000
-0.985000
-0.679000
-0.187000
0.426000
1.02700
1.34600
1.38400
1.29200
1.31700
1.31300
1.33800
0.968000
0.363000
-0.296000
-1.07300
-1.88400
-2.50600
-2.82500
-2.87200
-2.62800
-2.01500
-1.09000
0.115000
1.51000
2.66100
2.60700
1.58200
0.464000
-0.216000
-0.653000
-0.889000
-0.691000
-0.204000
0.229000
0.615000
0.901000
0.725000
0.250000
-0.296000
-0.725000
-0.943000
-0.918000
-0.649000
-0.191000
0.372000
1.02300
1.54400
1.71200
1.50200
1.09400
0.649000
0.178000
-0.246000
-0.674000
-1.01000
-1.42600
-1.64900
-1.64500
-1.47300
-1.13200
-0.611000
0.149000
0.952000
1.85100
2.55200
3.01900
3.03100
2.68200
1.96000
1.02300
6.00000E-03
-1.04000
-1.97700
-2.41400
-2.71200
-2.71200
-2.54400
-2.11500
-1.44700
-0.758000
6.10000E-02
0.956000
1.80900
2.56500
3.01900
2.99300
2.55600
1.59900
0.468000
-0.431000
-1.16600
-1.76300
-1.76300
-1.55700
-0.960000
6.50000E-02
1.35100
2.40500
2.68200
2.04000
0.884000
-0.317000
-1.34700
-2.06900
-2.33000
-2.20400
-1.83800
-1.09900
-0.229000
0.603000
1.21600
1.40900
1.45100
1.25400
1.08600
0.926000
0.611000
0.216000
-0.137000
-0.439000
-0.771000
-1.09900
-1.46800
-1.65300
-1.63600
-1.49800
-1.21600
-0.733000
-0.149000
0.363000
0.825000
1.01000
1.02300
0.914000
0.620000
9.40000E-02
-0.410000
-0.796000
-1.02700
-1.27500
-1.52300
-1.73300
-1.77100
-1.51900
-0.956000
-0.263000
0.519000
1.27500
1.66200
1.77500
1.50600
0.931000
0.271000
-0.363000
-0.876000
-1.14900
-1.30500
-1.43500
-1.43500
-1.31300
-1.17000
-0.842000
-0.389000
2.00000E-03
0.246000
0.489000
0.565000
0.586000
0.653000
0.569000
0.330000
0.128000
4.40000E-02
1.50000E-02
-1.90000E-02
-8.20000E-02
-6.90000E-02
1.50000E-02
6.10000E-02
9.40000E-02
0.204000
0.275000
0.338000
0.393000
0.502000
0.733000
0.998000
1.12000
0.977000
0.603000
8.20000E-02
-0.473000
-1.02300
-1.51900
-1.80500
-1.85100
-1.71600
-1.34700
-0.687000
0.162000
1.16600
2.16100
2.89300
3.22400
2.94700
2.17400
1.35500
0.683000
6.10000E-02
-0.561000
-1.05700
-1.24600
-1.38000
-1.27100
-1.01500
-0.737000
-0.481000
-0.212000
-0.128000
-0.313000
-0.691000
-1.01500
-1.14900
-0.914000
-0.405000
0.422000
1.84600
3.79600
6.95900
5.22000
2.73300
0.615000
-1.12400
-2.45600
-3.46400
-3.93900
-4.20800
-3.83800
-3.18300
-2.18300
-0.935000
0.351000
1.72000
2.99300
3.59000
3.67400
3.19500
2.22000
1.12400
3.10000E-02
-0.994000
-1.90500
-2.32500
-2.81300
-2.86700
-2.47300
-1.76700
-0.582000
0.590000
1.88400
3.18700
3.59800
2.88000
1.64500
0.695000
7.30000E-02
-0.490000
-1.00600
-1.22100
-1.31700
-1.39700
-1.39700
-1.42200
-1.33400
-1.14900
-0.922000
-0.649000
-0.170000
0.485000
1.03100
1.28300
1.35100
1.32100
1.20800
0.905000
0.603000
0.258000
-0.195000
-0.779000
-1.39300
-1.77900
-2.07300
-2.15700
-1.90100
-1.38000
-0.565000
0.393000
1.20400
1.76700
2.24600
2.36700
1.96400
1.17400
0.128000
-0.838000
-1.84700
-2.57800
-2.90900
-3.04800
-2.85900
-2.24600
-1.20400
5.70000E-02
1.46400
2.75000
3.19100
3.14000
2.70300
1.77900
0.699000
-0.212000
-1.09000
-1.78800
-2.07800
-2.30400
-2.13600
-1.88900
-1.60700
-1.26700
-0.880000
-0.363000
0.284000
1.01500
1.71200
2.21600
2.59400
2.89700
2.88400
2.46800
1.66600
0.662000
-0.380000
-1.46000
-2.35900
-2.84600
-3.27500
-3.28800
-2.99300
-2.19500
-1.09500
0.128000
1.37200
2.31300
2.66600
2.47700
1.94700
1.30900
0.704000
0.208000
1.00000E-02
-7.40000E-02
2.30000E-02
0.145000
0.317000
0.309000
0.199000
-7.40000E-02
-0.536000
-0.956000
-1.31700
-1.56900
-1.76300
-1.80900
-1.68300
-1.43500
-0.792000
0.162000
1.27100
2.44700
3.39700
3.78300
3.32500
2.00600
0.636000
-0.544000
-1.60300
-2.42200
-2.68700
-2.90500
-2.94300
-2.87600
-2.59400
-1.77100
-0.830000
0.132000
1.07800
2.03100
2.75400
3.04400
2.88400
2.07700
0.935000
-4.80000E-02
-0.901000
-1.59900
-2.12800
-2.24100
-2.35900
-2.14900
-1.91800
-1.59000
-0.960000
-0.120000
0.809000
1.85100
2.44700
2.27900
1.62000
0.859000
4.80000E-02
-0.691000
-1.09500
-1.13700
-0.880000
-0.897000
-0.746000
-0.624000
-0.439000
-0.128000
0.124000
0.195000
0.124000
1.00000E-02
-8.20000E-02
-1.90000E-02
0.254000
0.611000
1.09900
1.52300
1.76200
1.70800
1.48100
1.04000
0.216000
-0.826000
-1.82600
-2.56900
-2.94700
-3.03100
-2.88800
-2.17000
-0.939000
0.603000
2.31700
3.44700
3.50600
3.00200
2.13200
1.14100
0.233000
-0.473000
-1.02700
-1.25800
-1.36800
-1.36800
-1.04000
-0.662000
-0.271000
2.30000E-02
0.149000
0.300000
0.489000
0.464000
0.288000
1.50000E-02
-0.237000
-0.305000
-0.288000
-0.153000
0.330000
1.08600
1.69100
1.91400
1.83800
1.39300
0.729000
4.40000E-02
-0.506000
-0.947000
-1.40100
-1.71200
-1.64500
-1.27500
-0.767000
-0.363000
2.30000E-02
0.422000
0.725000
0.859000
0.956000
1.13200
1.26200
1.35100
1.36700
1.29600
1.04400
0.708000
0.292000
-0.170000
-0.775000
-1.44300
-2.02300
-2.38400
-2.41000
-2.25800
-1.77900
-0.956000
0.132000
1.32500
2.44700
3.01900
3.00200
2.38000
1.47700
0.494000
-0.481000
-1.33000
-1.96800
-2.20400
-2.22500
-1.85500
-1.36800
-0.704000
6.50000E-02
0.796000
1.46000
1.80000
1.68300
1.12400
0.330000
-0.418000
-1.00600
-1.46000
-1.62800
-1.59900
-1.30000
-0.880000
-0.511000
-0.107000
0.296000
0.708000
0.994000
1.14100
1.15700
0.998000
0.653000
0.313000
2.00000E-03
-0.300000
-0.624000
-0.784000
-0.817000
-0.775000
-0.725000
-0.788000
-0.851000
-0.695000
-0.309000
5.20000E-02
0.199000
0.166000
9.90000E-02
4.80000E-02
0.153000
0.464000
0.935000
1.44300
1.88400
2.22900
2.23700
1.66200
0.586000
-0.481000
-1.41800
-2.14900
-2.55200
-2.83800
-2.78300
-2.27100
-1.55200
-0.679000
0.195000
0.926000
1.51000
1.98100
2.39300
2.72900
2.99800
3.10300
2.95100
1.92200
0.372000
-1.09500
-2.31700
-3.23700
-3.63200
-3.93500
-3.72500
-3.21600
-2.15300
-0.737000
0.910000
2.32100
3.10700
3.40900
3.13200
2.10300
0.809000
-0.271000
-1.04400
-1.50600
-1.29600
-0.876000
-0.195000
0.523000
1.22000
1.39700
1.06500
0.536000
4.80000E-02
-0.321000
-0.582000
-0.792000
-0.964000
-1.09000
-1.01000
-0.863000
-0.599000
-0.187000
0.292000
0.863000
1.24600
1.32100
1.20400
1.09400
0.910000
0.653000
0.351000
4.80000E-02
-0.212000
-0.536000
-0.922000
-1.18700
-1.22900
-1.17000
-1.03600
-0.851000
-0.578000
-0.174000
0.162000
0.431000
0.506000
0.485000
0.410000
0.397000
0.464000
0.456000
0.389000
0.355000
0.284000
0.132000
-0.204000
-0.590000
-0.800000
-0.721000
-0.443000
-0.208000
-0.120000
-0.187000
-0.313000
-0.548000
-0.746000
-0.632000
-0.309000
6.10000E-02
0.300000
0.321000
9.90000E-02
-0.271000
-0.574000
-0.653000
-0.443000
-6.50000E-02
0.389000
1.09000
1.85500
2.47700
2.76600
2.46400
1.53600
0.422000
-0.536000
-1.39700
-2.05200
-2.40500
-2.76700
-2.84600
-2.81700
-2.42200
-1.90500
-1.21200
-0.405000
0.502000
1.51900
2.40500
2.95100
3.14900
3.11900
2.93500
2.30900
1.57800
0.851000
0.162000
-0.414000
-0.834000
-1.14100
-1.48100
-1.93500
-2.17000
-2.16200
-2.02300
-1.87200
-1.64100
-1.44300
-1.15800
-0.792000
-0.246000
0.548000
1.62000
2.84200
3.69100
3.92200
3.52700
2.61100
1.62800
0.767000
-0.145000
-1.18300
-2.05700
-2.45600
-2.82500
-2.86700
-2.85100
-2.86700
-2.79600
-2.20800
-1.33000
-0.204000
1.02300
2.30000
3.27500
3.77500
3.75800
3.13600
2.13600
0.872000
-0.405000
-1.40500
-2.29200
-2.54800
-2.88400
-2.91800
-2.48900
-1.57800
-0.490000
0.439000
1.30900
1.86700
1.93500
1.68300
1.32100
0.939000
0.536000
0.115000
-0.300000
-0.481000
-0.649000
-0.754000
-0.922000
-0.977000
-0.876000
-0.792000
-0.947000
-1.12000
-1.05200
-0.838000
-0.460000
5.20000E-02
0.628000
1.25800
1.81700
2.26700
2.38000
2.08600
1.27500
0.317000
-0.641000
-1.50600
-2.13600
-2.35100
-2.41400
-2.19100
-1.72900
-1.16200
-0.674000
-0.263000
-5.30000E-02
0.111000
0.305000
0.603000
0.956000
1.28300
1.49800
1.51000
1.38400
1.17000
0.716000
0.321000
0.107000
-2.70000E-02
-0.254000
-0.632000
-1.22100
-1.93900
-2.52700
-2.84600
-2.82500
-2.45600
-1.82600
-0.821000
0.431000
1.70800
2.89300
3.60300
3.93000
3.33400
1.60700
-0.141000
-1.61100
-2.55700
-3.22500
-3.26200
-3.17800
-2.62400
-1.82100
-0.851000
9.40000E-02
0.901000
1.63200
2.14900
2.38400
2.24100
1.87600
1.30000
0.624000
-0.120000
-0.708000
-0.977000
-1.33000
-1.48500
-1.21600
-0.889000
-0.569000
-0.149000
0.275000
0.519000
0.712000
0.889000
0.901000
0.910000
0.825000
0.628000
0.435000
0.233000
0.149000
0.178000
0.254000
0.321000
0.426000
0.611000
0.821000
1.04000
1.14900
1.02300
0.666000
0.178000
-0.351000
-0.674000
-0.792000
-0.884000
-1.04400
-1.17000
-1.21600
-1.05700
-0.817000
-0.368000
0.233000
0.838000
1.52300
2.35500
3.00200
2.75000
1.74600
0.288000
-0.901000
-1.74100
-2.21600
-2.18300
-2.09000
-1.53600
-0.758000
-1.50000E-02
0.338000
0.397000
0.531000
0.599000
0.599000
0.515000
0.338000
0.120000
-0.187000
-0.590000
-0.884000
-0.964000
-0.889000
-0.737000
-0.473000
-0.250000
-4.40000E-02
0.292000
0.855000
1.33400
1.45600
1.35500
1.04800
0.485000
-0.120000
-0.910000
-1.64500
-2.16600
-2.46000
-2.42600
-2.13600
-1.54800
-0.624000
0.410000
1.46800
2.24600
2.39700
1.93500
1.09400
0.250000
-0.338000
-0.733000
-0.788000
-0.393000
-0.166000
6.10000E-02
0.208000
0.166000
-9.50000E-02
-0.515000
-0.830000
-0.964000
-0.952000
-0.947000
-0.784000
-0.330000
0.250000
0.922000
1.60300
2.02700
1.91800
1.52300
0.893000
0.178000
-0.305000
-0.641000
-0.842000
-0.863000
-0.628000
-0.376000
-0.233000
-0.326000
-0.540000
-0.683000
-0.700000
-0.582000
-0.258000
0.187000
0.615000
1.10700
1.57800
1.87200
1.80400
1.33800
0.540000
-0.233000
-0.826000
-1.21200
-1.33800
-1.22500
-0.914000
-0.393000
0.195000
0.783000
1.27900
1.57800
1.67000
1.49300
1.10300
0.594000
9.40000E-02
-0.532000
-1.12400
-1.62400
-1.85900
-1.91800
-1.80900
-1.54400
-1.08600
-0.405000
0.384000
1.25000
2.06500
2.76200
3.15300
3.17800
2.76600
1.90100
0.939000
4.80000E-02
-0.876000
-1.73700
-2.21600
-2.67000
-2.68700
-2.47700
-2.16600
-1.78400
-1.33000
-0.901000
-0.494000
7.80000E-02
0.804000
1.52700
2.12400
2.56100
2.73700
2.33800
1.54000
0.666000
-0.216000
-1.19500
-2.08600
-2.46400
-2.54800
-2.12000
-1.15800
0.212000
1.54800
2.20400
1.76200
0.754000
-0.179000
-0.847000
-1.39300
-1.77100
-1.77500
-1.81300
-1.78400
-1.51500
-0.947000
-0.233000
0.515000
1.27900
1.75000
2.08200
2.25000
2.11900
1.66200
0.960000
0.288000
-0.225000
-0.670000
-0.960000
-1.26300
-1.60300
-1.75400
-1.82100
-1.93900
-1.99400
-1.88400
-1.63200
-1.06100
-1.03000E-01
0.935000
1.87600
2.70800
3.35900
3.57700
3.30000
2.40900
1.30900
0.111000
-1.09900
-2.21600
-2.70400
-2.84200
-2.63600
-2.09900
-1.41800
-0.561000
0.204000
0.754000
1.09000
1.34600
1.56100
1.76700
1.83400
1.69900
1.36300
0.704000
2.00000E-03
-0.607000
-1.08200
-1.40100
-1.46000
-1.09900
-0.511000
0.149000
0.695000
1.00600
0.901000
0.599000
0.263000
-5.70000E-02
-0.334000
-0.405000
-0.279000
-6.10000E-02
0.191000
0.464000
0.666000
0.817000
0.926000
0.939000
0.800000
0.384000
-0.187000
-0.880000
-1.48900
-1.80500
-1.91000
-1.69900
-1.19500
-0.578000
0.153000
0.867000
1.64900
2.25800
2.38800
2.04800
1.39300
0.452000
-0.515000
-1.31700
-1.78800
-2.06500
-2.05200
-1.56100
-0.817000
-2.70000E-02
0.565000
0.851000
0.935000
0.926000
0.804000
0.485000
-2.70000E-02
-0.569000
-1.04000
-1.54400
-1.77900
-1.66600
-1.43100
-0.960000
-0.414000
0.368000
1.46800
2.69900
3.38000
3.12800
2.23700
1.05700
-0.221000
-1.53100
-2.71200
-3.40900
-3.76700
-3.92600
-3.68200
-3.12800
-1.85900
-0.418000
1.18300
2.96000
4.46400
4.28300
3.40900
2.29200
1.27500
0.393000
-0.414000
-1.20000
-1.61100
-1.89700
-2.14500
-2.23700
-2.30400
-2.38400
-2.30000
-1.99800
-1.34700
-0.376000
0.720000
1.94700
3.04000
3.40900
3.35500
3.05200
2.57700
1.81700
0.905000
4.80000E-02
-0.767000
-1.48900
-2.09900
-2.47700
-2.55200
-2.47300
-2.21200
-1.77500
-1.25800
-0.624000
0.128000
0.876000
1.44700
1.71200
1.71200
1.67000
1.69500
1.85900
1.96000
1.81700
1.41800
0.779000
7.30000E-02
-0.733000
-1.45600
-2.03100
-2.32500
-2.30900
-2.03100
-1.57300
-0.876000
6.10000E-02
0.985000
1.74100
2.28800
2.45600
2.30000
1.72900
0.838000
-0.162000
-1.20000
-2.14900
-2.69100
-2.95600
-2.62400
-1.76700
-0.271000
1.96400
4.27900
4.48100
3.37100
2.18300
1.02300
6.50000E-02
-0.758000
-1.50600
-1.95600
-2.15300
-2.32500
-2.45200
-2.55700
-2.59900
-2.49800
-2.16600
-1.67400
-0.947000
1.00000E-02
1.12400
2.30000
3.29200
3.93000
4.03900
3.21600
1.67400
5.20000E-02
-1.37200
-2.35500
-3.12800
-3.23700
-3.33000
-3.12400
-2.56900
-2.00600
-1.29600
-0.490000
0.300000
1.01500
1.56100
1.85900
1.69100
1.30900
0.830000
0.368000
2.30000E-02
-0.149000
-5.70000E-02
2.70000E-02
8.60000E-02
0.166000
0.170000
6.90000E-02
-0.179000
-0.611000
-1.01500
-1.37200
-1.30900
-0.989000
-0.565000
-0.141000
0.309000
0.825000
1.19900
1.34200
1.25000
1.18300
1.10700
0.897000
0.632000
0.464000
0.183000
-0.296000
-0.809000
-1.36300
-1.68700
-1.56900
-1.05200
-0.347000
0.334000
0.809000
0.956000
0.880000
0.754000
0.657000
0.674000
0.788000
0.901000
1.00600
0.947000
0.720000
0.309000
-0.174000
-0.645000
-1.00600
-1.17000
-1.00600
-0.691000
-0.309000
0.263000
0.985000
1.44700
1.44700
1.12400
0.586000
4.00000E-02
-0.532000
-0.905000
-0.998000
-0.826000
-0.574000
-0.338000
-2.00000E-03
0.347000
0.662000
0.901000
0.985000
1.00600
0.939000
0.821000
0.746000
0.720000
0.582000
0.267000
-0.191000
-0.653000
-0.960000
-1.18300
-1.29200
-1.26700
-1.05200
-0.700000
-0.355000
-7.80000E-02
0.166000
0.414000
0.657000
0.834000
1.00600
1.10700
1.09900
0.889000
0.443000
-4.80000E-02
-0.611000
-1.13200
-1.52300
-1.73300
-1.59900
-1.27900
-0.779000
-0.149000
0.531000
1.19100
1.54400
1.39300
0.872000
4.80000E-02
-0.859000
-1.58600
-2.21600
-2.54400
-2.48100
-1.83400
-0.641000
1.16600
3.45100
4.27900
3.14500
1.68300
0.313000
-0.624000
-1.27500
-1.86300
-2.22900
-2.52700
-2.55700
-2.37600
-1.96400
-1.33000
-0.800000
-0.355000
7.30000E-02
0.489000
1.00600
1.62800
2.20400
2.55200
2.43900
1.90500
1.40500
0.817000
0.221000
-0.456000
-1.19500
-1.63200
-2.16600
-2.44300
-2.40100
-2.10300
-1.59900
-0.910000
-0.363000
-8.60000E-02
2.70000E-02
6.90000E-02
6.50000E-02
0.149000
0.443000
1.01500
1.77100
2.51000
3.14900
3.48900
3.43400
2.46000
0.981000
-0.414000
-1.58600
-2.59400
-3.06100
-3.33000
-3.27900
-3.11100
-2.59000
-1.92200
-0.989000
-2.30000E-02
0.947000
1.94700
2.64500
2.87200
2.64900
2.24600
1.70800
1.11100
0.527000
0.132000
-0.120000
-0.275000
-0.578000
-0.712000
-0.712000
-0.523000
-0.145000
0.250000
0.384000
0.359000
0.229000
2.30000E-02
-0.204000
-0.422000
-0.666000
-0.813000
-0.813000
-0.620000
-0.250000
0.187000
0.586000
0.901000
1.09400
1.06100
0.809000
0.506000
0.166000
-6.90000E-02
-0.279000
-0.300000
-0.174000
-0.137000
-0.216000
-0.288000
-0.363000
-0.342000
-0.200000
-1.03000E-01
-6.00000E-03
9.40000E-02
4.80000E-02
-0.263000
-0.746000
-0.968000
-0.897000
-0.746000
-0.691000
-0.574000
-0.330000
-1.90000E-02
0.342000
0.699000
1.13600
1.67000
2.12400
2.28300
2.26700
1.76200
0.767000
-0.309000
-1.23300
-1.98100
-2.55700
-2.79200
-2.54400
-1.95600
-1.20400
-0.204000
0.758000
1.46800
1.71200
1.52700
0.977000
0.313000
-0.187000
-0.464000
-0.422000
-7.80000E-02
0.338000
1.00200
1.78300
2.25400
2.19900
1.69500
1.04800
0.380000
-0.326000
-1.03100
-1.54800
-1.86800
-1.85100
-1.75000
-1.64100
-1.51000
-1.16600
-0.603000
8.20000E-02
0.821000
1.50600
2.10300
2.63600
2.99300
2.73300
2.01900
1.09000
0.191000
-0.653000
-1.39300
-1.97300
-2.36700
-2.62400
-2.66600
-2.40500
-1.80500
-1.06900
-0.267000
0.540000
1.33000
2.01400
2.35900
2.23300
1.67400
0.767000
-0.233000
-1.09000
-1.61500
-1.86800
-1.95600
-1.68700
-1.06500
-0.233000
0.510000
1.05700
1.30900
1.32500
1.15300
0.918000
0.590000
0.166000
-0.221000
-0.565000
-1.03100
-1.51900
-1.95600
-2.35100
-2.54000
-2.37200
-1.92200
-1.11600
-0.107000
0.901000
2.03100
3.04800
3.60300
3.55600
2.58200
1.21200
-4.00000E-02
-1.06100
-1.88400
-2.20800
-2.29200
-2.32500
-2.12400
-1.75000
-1.46400
-1.31300
-1.16200
-1.08600
-1.07800
-1.09500
-0.876000
-0.338000
0.510000
1.76200
3.06500
3.96000
4.34600
2.93900
1.10700
-0.574000
-1.82100
-2.57800
-3.03500
-3.13600
-3.00600
-2.35500
-1.69500
-0.880000
-9.90000E-02
0.510000
0.842000
0.989000
1.19100
1.37200
1.22900
0.737000
2.30000E-02
-0.658000
-1.04400
-1.20000
-0.968000
-0.536000
-4.80000E-02
0.384000
0.653000
0.846000
1.01500
1.09000
0.989000
0.678000
0.368000
0.141000
6.00000E-03
-9.50000E-02
-0.124000
-0.124000
-4.80000E-02
4.80000E-02
1.00000E-02
-0.225000
-0.565000
-0.796000
-0.893000
-0.674000
-0.246000
0.221000
0.552000
0.817000
1.09900
1.50200
1.72000
1.88000
1.94300
1.87600
1.52300
1.06500
0.536000
-0.153000
-0.884000
-1.46800
-1.85500
-2.01500
-2.10300
-1.80900
-1.29600
-0.557000
0.414000
1.59000
2.74100
3.21600
3.35900
2.98100
1.93000
0.540000
-0.628000
-1.61100
-2.38800
-2.69900
-2.69900
-2.12400
-1.40100
-0.435000
0.758000
2.03500
2.94700
3.20800
2.96400
2.06100
1.03600
4.40000E-02
-1.02300
-2.06100
-2.54400
-2.83000
-2.72900
-2.34200
-1.64900
-0.544000
0.687000
1.96800
2.87600
2.88400
2.44700
1.81700
1.14100
0.435000
-0.242000
-0.872000
-1.32600
-1.64500
-1.99800
-2.13600
-2.28800
-2.25400
-2.02300
-1.56900
-0.863000
-1.90000E-02
0.855000
1.70400
2.40100
2.71200
2.62800
2.18700
1.43000
0.485000
-0.452000
-1.37600
-2.05700
-2.29200
-2.40500
-2.23300
-1.98100
-1.68300
-1.31700
-0.746000
-6.00000E-03
0.792000
1.48500
1.81300
1.79600
1.62000
1.22000
0.666000
0.254000
-1.90000E-02
-0.221000
-0.397000
-0.582000
-0.578000
-0.519000
-0.574000
-0.637000
-0.590000
-0.431000
-0.363000
-0.376000
-0.292000
-0.132000
-6.00000E-03
6.00000E-03
8.20000E-02
0.195000
0.347000
0.431000
0.460000
0.506000
0.569000
0.620000
0.762000
0.846000
0.683000
0.174000
-0.452000
-1.00200
-1.41400
-1.66600
-1.76700
-1.56500
-1.13200
-0.611000
4.00000E-02
0.670000
1.17400
1.40500
1.43500
1.26200
0.935000
0.447000
-6.50000E-02
-0.641000
-1.22100
-1.55200
-1.53600
-1.35900
-0.998000
-0.452000
0.204000
0.947000
1.63600
1.87600
1.60300
1.01000
0.233000
-0.624000
-1.27900
-1.58200
-1.68700
-1.68700
-1.44300
-0.943000
-0.200000
0.569000
1.27500
1.71200
1.80900
1.67400
1.39700
0.960000
0.355000
-0.170000
-0.611000
-0.914000
-1.14900
-1.17400
-1.04800
-0.826000
-0.553000
-0.254000
9.00000E-02
0.263000
0.191000
1.50000E-02
-4.80000E-02
3.10000E-02
9.90000E-02
0.162000
0.321000
0.506000
0.725000
0.922000
0.956000
0.855000
0.695000
0.582000
0.380000
1.00000E-02
-0.540000
-1.12000
-1.58200
-1.94300
-2.19500
-2.26200
-2.01500
-1.59400
-0.842000
0.216000
1.47200
2.85100
4.26200
4.90900
3.77100
1.93500
5.70000E-02
-1.54800
-2.56500
-3.37600
-3.76200
-3.90100
-3.49800
-2.83400
-1.79600
-0.700000
0.489000
1.61500
2.53100
3.04000
3.12400
2.77900
2.12800
1.26700
0.363000
-0.397000
-0.918000
-1.17900
-1.51500
-1.71600
-1.68700
-1.48500
-1.09900
-0.485000
0.317000
1.14900
1.49800
1.52700
1.30000
0.767000
0.279000
-3.60000E-02
-0.162000
-0.128000
-2.30000E-02
5.20000E-02
8.60000E-02
0.141000
8.20000E-02
-1.10000E-02
-0.170000
-0.330000
-0.410000
-0.469000
-0.452000
-0.120000
0.351000
0.695000
0.712000
0.590000
0.258000
-0.174000
-0.540000
-0.792000
-0.632000
-0.216000
0.229000
0.536000
0.695000
0.809000
0.825000
0.636000
0.191000
-0.393000
-0.922000
-1.41000
-1.66200
-1.60700
-1.12000
-0.275000
0.662000
1.64100
2.38400
2.80400
2.63600
1.66200
0.431000
-0.590000
-1.37200
-1.93900
-2.13600
-2.28300
-2.11100
-1.53600
-0.847000
-0.137000
0.452000
0.859000
1.11100
1.22500
1.27100
1.23700
1.14500
1.06500
0.821000
0.393000
-0.141000
-0.653000
-1.04800
-1.38000
-1.51500
-1.49400
-1.31300
-1.08600
-0.695000
-9.00000E-02
0.540000
1.16200
1.61100
1.44300
0.905000
0.376000
-9.00000E-02
-0.553000
-0.830000
-0.758000
-0.599000
-0.263000
9.40000E-02
0.342000
0.414000
0.368000
0.284000
0.183000
-3.60000E-02
-0.296000
-0.582000
-0.779000
-0.792000
-0.750000
-0.658000
-0.397000
0.107000
0.754000
1.35500
1.76200
1.83000
1.44300
0.754000
4.80000E-02
-0.679000
-1.22500
-1.41800
-1.30500
-1.15800
-0.876000
-0.490000
1.50000E-02
0.456000
0.737000
0.872000
1.02300
1.15700
1.15300
0.931000
0.578000
0.195000
-0.212000
-0.603000
-0.826000
-0.708000
-0.456000
-0.124000
0.170000
0.296000
0.267000
0.204000
0.166000
0.115000
5.20000E-02
2.70000E-02
1.03000E-01
0.242000
0.317000
0.267000
7.80000E-02
-0.233000
-0.565000
-0.632000
-0.473000
-0.296000
-0.170000
2.30000E-02
0.397000
0.851000
1.07800
0.985000
0.603000
-3.60000E-02
-0.834000
-1.49400
-1.93900
-2.19900
-2.23300
-1.90100
-1.12000
6.00000E-03
1.28300
2.59800
3.13600
2.75800
1.99800
1.02700
4.80000E-02
-0.868000
-1.67000
-2.29200
-2.51900
-2.58200
-2.23700
-1.76700
-1.11100
-0.397000
1.03000E-01
0.414000
0.645000
0.855000
0.989000
0.889000
0.666000
0.330000
0.145000
0.187000
0.334000
0.359000
0.330000
0.258000
0.128000
-0.124000
-0.569000
-1.07300
-1.45600
-1.79200
-2.07300
-2.06500
-1.69500
-1.20800
-0.586000
0.225000
1.13200
1.82100
2.06900
1.78300
1.22900
0.737000
0.267000
-5.30000E-02
-0.309000
-0.296000
-0.250000
-1.90000E-02
0.199000
0.368000
0.384000
0.195000
-0.145000
-0.595000
-0.943000
-0.931000
-0.519000
-1.90000E-02
0.347000
0.695000
1.01900
1.27100
1.40900
1.35900
1.14100
0.750000
0.212000
-0.443000
-1.07300
-1.49400
-1.54800
-1.32600
-0.826000
-4.80000E-02
0.779000
1.66600
2.55200
3.00200
2.67000
1.62000
0.443000
-0.523000
-1.33400
-1.88900
-2.12000
-2.05200
-1.60700
-1.05700
-0.418000
0.229000
0.817000
1.26200
1.54400
1.68300
1.66200
1.49800
1.09400
0.456000
-0.216000
-0.800000
-1.16200
-1.33000
-1.14900
-0.586000
0.120000
0.846000
1.41400
1.66200
1.39300
0.729000
-7.80000E-02
-0.788000
-1.24200
-1.47700
-1.42200
-1.17000
-0.792000
-0.351000
0.195000
0.884000
1.67000
2.45600
2.80400
2.75000
2.23700
1.25400
0.132000
-0.859000
-1.69900
-2.29600
-2.56900
-2.40100
-2.04000
-1.47700
-0.599000
0.376000
1.27500
1.85100
1.95600
1.63200
1.06100
0.435000
-0.149000
-0.666000
-1.03600
-1.07800
-0.981000
-0.561000
9.90000E-02
0.771000
1.34200
1.74100
1.84200
1.46400
0.674000
-0.179000
-1.05200
-1.90100
-2.61500
-3.04800
-3.17400
-3.01900
-2.51500
-1.79200
-0.817000
0.397000
1.88400
3.30400
4.14500
4.12300
3.08200
1.61500
0.216000
-0.939000
-1.88000
-2.63200
-2.87200
-3.08600
-3.04400
-2.68300
-2.15300
-1.54800
-0.674000
0.284000
1.18300
1.85500
2.27100
2.49800
2.56100
2.19100
1.31300
0.452000
-0.141000
-0.620000
-1.12000
-1.48500
-1.56900
-1.42600
-1.22500
-1.06100
-0.964000
-0.847000
-0.649000
-0.473000
-0.137000
0.569000
1.55200
2.80800
3.65700
3.59800
2.44700
0.989000
-0.372000
-1.42200
-2.16200
-2.37600
-2.31700
-1.97700
-1.49800
-1.00600
-0.544000
-0.195000
1.00000E-02
0.195000
0.494000
0.754000
0.914000
0.893000
0.708000
0.456000
0.225000
0.111000
0.199000
0.473000
0.687000
0.947000
1.25400
1.14500
0.557000
-0.254000
-1.20400
-2.06500
-2.69900
-3.04400
-3.16600
-3.20800
-2.88800
-2.13600
-1.16200
6.00000E-03
1.20400
2.53500
3.38000
3.82900
3.71600
2.65300
1.30900
-6.00000E-03
-1.21600
-2.19900
-2.88400
-3.16200
-3.25400
-3.06100
-2.47300
-1.72900
-0.695000
0.389000
1.36700
1.72900
1.36700
0.762000
0.275000
-2.30000E-02
-0.149000
-0.158000
0.132000
0.300000
0.628000
0.910000
0.968000
0.897000
0.607000
0.216000
-0.153000
-0.397000
-0.645000
-0.796000
-0.922000
-0.901000
-0.826000
-0.834000
-0.645000
-0.258000
1.00000E-02
0.191000
0.468000
0.939000
1.51900
2.02300
2.20400
2.05200
1.77900
1.27500
0.586000
-0.204000
-0.901000
-1.35100
-1.62000
-1.67400
-1.43900
-0.859000
-0.221000
0.254000
0.666000
1.03100
1.25400
1.34200
1.22500
0.964000
0.712000
0.599000
0.481000
0.279000
4.00000E-02
-0.204000
-0.229000
-7.80000E-02
5.20000E-02
0.229000
0.561000
0.989000
1.22500
1.13600
0.788000
0.296000
-0.410000
-1.25800
-1.75000
-1.91800
-1.80900
-1.45200
-0.821000
-2.00000E-03
0.842000
1.80000
2.62800
3.03100
2.94700
2.21200
1.06100
-1.90000E-02
-0.901000
-1.62000
-2.16600
-2.34200
-2.25000
-1.84700
-1.30900
-0.742000
-0.212000
0.275000
0.599000
0.548000
0.204000
-0.254000
-0.653000
-0.792000
-0.632000
-0.275000
0.221000
0.960000
1.84600
2.70300
2.82900
2.04400
0.830000
-0.300000
-1.25800
-1.96400
-2.48900
-2.75000
-2.94700
-2.93900
-2.68700
-1.99400
-1.11100
-0.271000
0.531000
1.48500
2.37200
2.75400
2.62400
2.20400
1.59400
1.00200
0.288000
-0.544000
-1.47300
-2.11100
-2.61500
-2.63200
-2.25000
-1.63600
-0.876000
-7.80000E-02
0.653000
1.30900
1.68700
1.57300
1.01000
0.111000
-0.742000
-1.34700
-1.64500
-1.58600
-1.39300
-0.973000
-0.439000
0.183000
0.813000
1.40500
1.92600
2.12800
1.88000
1.27500
0.557000
-5.30000E-02
-0.679000
-1.22500
-1.44300
-1.53100
-1.44700
-1.22900
-0.926000
-0.687000
-0.561000
-0.426000
-0.179000
0.166000
0.485000
0.926000
1.46800
1.93500
2.27100
2.23300
1.94700
1.26700
0.523000
-0.195000
-0.880000
-1.41000
-1.70800
-1.84200
-1.72500
-1.38400
-0.998000
-0.662000
-0.229000
0.351000
1.04800
1.55200
1.70800
1.59000
1.40900
1.07800
0.603000
0.107000
-0.309000
-0.637000
-0.889000
-0.943000
-0.737000
-0.334000
5.70000E-02
0.439000
0.775000
0.943000
0.792000
0.519000
0.166000
-0.275000
-0.679000
-0.956000
-1.16200
-1.20400
-0.876000
-0.296000
0.464000
1.15300
1.52300
1.55700
1.25800
0.771000
0.326000
5.20000E-02
-8.20000E-02
-1.03000E-01
-0.120000
-0.212000
-0.279000
-0.410000
-0.637000
-1.02300
-1.40500
-1.71600
-1.91000
-1.88900
-1.50200
-0.695000
0.494000
2.15700
4.61900
4.86700
2.66100
0.783000
-0.674000
-1.69100
-2.30400
-2.49800
-2.25800
-1.96400
-1.51000
-0.851000
-0.170000
0.443000
0.981000
1.32100
1.38800
1.14100
0.653000
-1.90000E-02
-0.847000
-1.54000
-1.98900
-1.98100
-1.41400
-0.548000
0.477000
1.79200
2.92600
2.93900
2.59400
2.04800
1.35900
0.653000
7.80000E-02
-0.452000
-0.893000
-1.24600
-1.71600
-2.04400
-2.33400
-2.60300
-2.54800
-2.20400
-1.53100
-0.632000
0.347000
1.38000
2.34200
3.02300
3.17400
2.93900
2.48100
2.04400
1.56900
0.964000
0.183000
-0.582000
-1.26300
-1.87200
-2.30900
-2.53600
-2.58600
-2.42200
-1.98500
-1.24600
-0.309000
0.573000
1.35500
1.68300
1.63200
1.39700
1.03100
0.611000
0.296000
0.258000
0.334000
0.368000
0.334000
0.464000
0.590000
0.536000
0.229000
-7.80000E-02
-0.405000
-0.725000
-0.884000
-0.813000
-0.637000
-0.448000
-0.271000
-0.137000
-6.90000E-02
-4.00000E-02
-0.145000
-0.342000
-0.637000
-0.826000
-0.859000
-0.733000
-0.342000
0.263000
0.952000
1.64900
2.25800
2.72000
2.97200
2.64500
1.79200
0.662000
-0.536000
-1.81700
-2.99300
-3.67000
-4.19900
-4.17000
-3.65700
-2.99300
-1.70800
-0.116000
1.69100
3.04400
3.35900
2.85500
2.09000
1.33400
0.674000
0.195000
-3.20000E-02
-6.50000E-02
0.216000
0.418000
0.410000
0.258000
-1.50000E-02
-0.351000
-0.742000
-1.24600
-1.71600
-2.02700
-2.19100
-2.15700
-1.85100
-1.39700
-0.746000
8.60000E-02
0.897000
1.43900
1.72500
1.80400
1.66200
1.49300
1.17000
0.783000
0.359000
0.221000
4.80000E-02
-0.216000
-0.494000
-0.779000
-0.943000
-0.901000
-0.700000
-0.506000
-0.380000
-0.393000
-0.511000
-0.691000
-0.893000
-0.977000
-0.851000
-0.578000
-0.225000
0.254000
0.989000
1.86300
2.41400
2.67400
2.63200
1.84600
0.788000
-8.60000E-02
-0.926000
-1.68700
-2.22500
-2.68700
-2.72500
-2.33800
-1.75800
-1.09000
-0.158000
1.07300
2.23300
2.98900
3.09000
2.51400
1.38800
0.178000
-0.859000
-1.64900
-2.22900
-2.44700
-2.51000
-2.13200
-1.52700
-0.742000
0.115000
0.981000
1.92600
2.82500
3.35900
3.27500
2.37600
1.22900
0.191000
-0.620000
-1.10700
-1.45600
-1.57300
-1.70800
-1.55700
-1.52700
-1.56100
-1.54800
-1.34700
-0.935000
-0.464000
2.70000E-02
0.573000
1.09400
1.60300
2.23300
2.86700
3.35500
3.45500
2.63600
1.25000
-0.145000
-1.39700
-2.22500
-2.75400
-3.04000
-3.02700
-2.82500
-2.40500
-1.91000
-1.20000
-0.405000
0.347000
1.02300
1.51000
1.85900
2.09400
2.06900
1.73300
1.29200
0.998000
0.910000
0.632000
-4.00000E-02
-0.981000
-1.72500
-2.38800
-2.63200
-2.57300
-2.22500
-1.84700
-1.36300
-0.355000
0.712000
1.59400
2.00200
1.87600
1.36300
0.569000
-1.03000E-01
-0.708000
-1.18300
-1.45200
-1.57800
-1.53100
-1.16600
-0.607000
0.195000
1.29200
2.49800
3.24500
3.10300
2.13200
0.846000
-0.359000
-1.37600
-2.27500
-2.74100
-2.92600
-2.76700
-2.21200
-1.56900
-0.670000
0.313000
1.22500
1.83000
2.13200
2.12400
2.05200
1.97700
1.78800
1.37600
0.964000
0.489000
2.00000E-03
-0.721000
-1.35900
-1.75000
-1.98500
-1.85500
-1.48500
-0.805000
-0.124000
0.405000
0.855000
1.40900
2.06100
2.75000
2.96000
2.69100
1.86300
0.813000
-0.212000
-1.23300
-2.05700
-2.37600
-2.48900
-2.33000
-1.78400
-0.952000
7.80000E-02
1.24600
2.41800
3.09000
2.99800
2.15700
1.10300
0.195000
-0.553000
-1.05700
-1.12000
-0.989000
-0.813000
-0.527000
-0.200000
8.60000E-02
0.250000
0.275000
0.174000
-0.107000
-0.418000
-0.607000
-0.737000
-0.960000
-1.17900
-1.15800
-0.863000
-0.242000
0.502000
1.39300
2.14500
2.63200
2.54800
2.15300
1.57300
0.737000
-0.145000
-1.20000
-2.26700
-3.09000
-3.64900
-3.81700
-3.59800
-3.26200
-2.76200
-1.80500
-0.821000
0.166000
1.09000
1.94700
2.80000
3.45100
3.80400
3.71600
2.60300
1.09900
-0.464000
-1.68700
-2.64500
-3.11100
-3.33000
-3.52300
-3.42200
-3.17400
-2.43500
-1.59400
-0.674000
0.208000
1.09900
1.82500
2.27900
2.54000
2.40100
1.98100
1.28300
0.498000
-0.183000
-0.704000
-1.27100
-1.71200
-1.71600
-1.33800
-0.922000
-0.527000
0.115000
0.998000
1.81300
2.24100
1.93500
1.12000
0.250000
-0.473000
-1.02700
-1.37200
-1.33800
-1.37600
-1.10300
-0.574000
8.60000E-02
0.653000
1.13600
1.45600
1.59400
1.45100
1.02300
0.590000
0.233000
6.10000E-02
0.132000
0.195000
0.132000
-1.50000E-02
-0.300000
-0.695000
-1.04800
-1.29600
-1.39700
-1.43900
-1.40100
-1.04800
-0.393000
0.536000
1.54400
2.40100
2.93500
2.80000
1.97200
0.813000
-0.137000
-0.859000
-1.43900
-1.93100
-2.14100
-2.22000
-1.91800
-1.42600
-0.779000
-2.70000E-02
0.683000
1.49300
2.13200
2.21600
1.70800
0.947000
0.170000
-0.595000
-1.23300
-1.69100
-1.87600
-1.89300
-1.45200
-0.805000
2.30000E-02
0.804000
1.49300
1.77500
1.62400
1.16200
0.519000
-9.50000E-02
-0.679000
-1.04800
-0.964000
-0.729000
-0.401000
-1.03000E-01
0.128000
0.288000
0.372000
0.275000
-6.90000E-02
-0.544000
-0.758000
-0.695000
-0.616000
-0.502000
-0.338000
-3.60000E-02
0.338000
0.624000
0.809000
0.960000
0.989000
0.788000
0.422000
2.30000E-02
-0.300000
-0.506000
-0.565000
-0.431000
-0.254000
-0.309000
-0.401000
-0.313000
-0.132000
-3.60000E-02
6.90000E-02
0.187000
0.355000
0.708000
1.06900
1.24100
1.19900
0.926000
0.481000
-4.80000E-02
-0.574000
-0.901000
-1.06900
-1.20000
-1.09900
-0.742000
-0.170000
0.368000
0.754000
1.12400
1.48900
1.68300
1.69500
1.45100
0.910000
0.229000
-0.469000
-1.14500
-1.72500
-2.08600
-2.17000
-2.02300
-1.56100
-0.708000
0.372000
1.49300
2.25000
2.43000
2.06900
1.46400
0.771000
0.149000
-0.456000
-0.918000
-1.12800
-1.27900
-1.20400
-0.943000
-0.599000
-0.124000
0.296000
0.674000
1.04800
1.28300
1.22000
0.825000
0.204000
-0.502000
-1.14500
-1.59000
-1.65300
-1.37600
-0.876000
-0.321000
0.233000
0.720000
1.00200
1.07800
0.943000
0.607000
0.258000
-8.60000E-02
-0.397000
-0.477000
-0.258000
0.174000
0.838000
1.47200
1.80900
1.50600
0.603000
-0.540000
-1.52300
-2.25800
-2.77900
-3.11500
-3.16200
-2.83000
-1.82600
-0.649000
0.725000
2.20400
3.36700
3.77100
3.54000
2.59800
1.59900
0.741000
3.10000E-02
-0.649000
-1.13700
-1.33400
-1.61500
-1.83400
-1.90100
-1.85900
-1.64100
-1.41800
-1.16600
-0.884000
-0.641000
-0.275000
0.195000
0.599000
0.876000
1.01500
1.16200
1.41800
1.78800
2.06100
2.27100
2.11900
1.72900
1.06900
0.246000
-0.754000
-1.56500
-2.10300
-2.38400
-2.63600
-2.71200
-2.60700
-2.21200
-1.62000
-0.817000
7.80000E-02
1.07300
2.04800
2.69500
2.82900
2.73300
2.56100
2.29200
1.85100
1.17400
0.368000
-0.380000
-1.00200
-1.55200
-2.04000
-2.33800
-2.44700
-2.36300
-2.15700
-1.73700
-1.14100
-0.372000
0.460000
1.33800
2.03500
2.33000
2.10300
1.65300
1.14900
0.666000
0.246000
-2.30000E-02
-0.166000
-0.305000
-0.565000
-0.662000
-0.737000
-0.779000
-0.775000
-0.817000
-0.952000
-1.10700
-1.20000
-1.10700
-0.691000
-6.10000E-02
0.544000
1.17000
1.63200
1.75000
1.40100
0.737000
5.70000E-02
-0.599000
-1.16600
-1.54400
-1.61100
-1.30500
-0.784000
-0.107000
0.666000
1.22000
1.17400
0.670000
0.157000
-0.221000
-0.544000
-0.704000
-0.683000
-0.607000
-0.338000
-2.00000E-03
0.288000
0.557000
0.573000
0.418000
6.10000E-02
-0.410000
-0.817000
-1.07300
-1.13200
-1.01000
-0.733000
-0.242000
0.347000
0.918000
1.28300
1.44300
1.35100
1.11500
0.851000
0.523000
0.237000
9.90000E-02
3.10000E-02
-0.128000
-0.376000
-0.586000
-0.754000
-0.994000
-1.17900
-1.31300
-1.30900
-1.07800
-0.683000
-0.204000
0.284000
0.947000
1.75800
2.46000
2.90100
2.75800
2.00600
0.821000
-0.368000
-1.34700
-1.94700
-2.18700
-2.35500
-2.25400
-1.85900
-1.23700
-0.393000
0.418000
1.14900
1.57300
1.68300
1.51400
1.24600
0.905000
0.494000
4.80000E-02
-0.380000
-0.771000
-1.01000
-1.05200
-1.03100
-0.989000
-0.855000
-0.628000
-0.422000
-0.187000
-9.90000E-02
-0.158000
-0.204000
-1.90000E-02
0.242000
0.636000
1.15700
1.71600
2.17000
2.16600
1.56100
0.397000
-0.838000
-1.78800
-2.46800
-2.75800
-2.80900
-2.46800
-1.86300
-0.918000
0.149000
1.12400
1.79600
2.19100
2.37200
2.46800
2.30400
1.84600
1.00200
9.40000E-02
-0.863000
-1.83800
-2.67000
-3.21200
-3.24600
-3.01400
-2.24100
-1.14500
0.292000
1.99300
3.45500
3.92600
3.15700
1.94700
0.788000
-4.40000E-02
-0.733000
-1.40500
-1.58600
-1.66600
-1.53100
-1.20400
-0.805000
-0.561000
-0.464000
-0.338000
-0.132000
0.128000
0.477000
0.809000
1.02700
0.981000
0.641000
0.263000
0.162000
0.330000
0.544000
0.712000
0.800000
0.624000
0.212000
-0.300000
-0.805000
-1.12800
-1.17000
-1.06500
-0.784000
-0.313000
9.90000E-02
0.242000
8.60000E-02
-0.250000
-0.565000
-0.708000
-0.616000
-0.279000
0.124000
0.582000
0.939000
0.939000
0.662000
0.363000
0.229000
0.221000
0.326000
0.620000
0.897000
1.04400
0.767000
0.124000
-0.649000
-1.44700
-2.08600
-2.51500
-2.67800
-2.40100
-1.79600
-0.977000
5.70000E-02
1.12800
2.14500
2.85900
2.98900
2.70800
2.25000
1.68300
1.01900
0.221000
-0.658000
-1.54800
-2.16200
-2.38400
-2.14900
-1.65300
-0.821000
0.267000
1.48500
2.38800
2.34600
1.69100
0.905000
0.208000
-0.275000
-0.679000
-0.847000
-0.788000
-0.590000
-0.246000
3.60000E-02
0.225000
0.313000
0.414000
0.485000
0.569000
0.720000
0.926000
1.15300
1.12000
0.821000
0.317000
-0.246000
-0.851000
-1.29200
-1.45600
-1.27500
-0.809000
-0.263000
7.80000E-02
0.237000
0.401000
0.573000
0.741000
0.821000
0.851000
0.842000
0.779000
0.653000
0.477000
0.246000
-0.200000
-0.775000
-1.30900
-1.76700
-1.98500
-1.83400
-1.20800
-0.200000
0.788000
1.81300
2.64900
2.93500
2.25400
1.02700
-6.90000E-02
-0.826000
-1.30000
-1.41000
-1.21200
-1.26300
-1.09900
-0.884000
-0.590000
-0.242000
0.120000
0.313000
0.208000
-2.30000E-02
-0.275000
-0.351000
-0.267000
-0.137000
-1.10000E-02
0.221000
0.666000
1.15300
1.62400
1.94700
1.62800
0.880000
5.20000E-02
-0.771000
-1.44700
-1.95200
-2.15700
-2.25000
-2.19100
-1.85100
-1.30500
-0.687000
-0.107000
0.279000
0.489000
0.603000
0.687000
0.641000
0.599000
0.708000
1.01000
1.29200
1.24100
0.712000
5.70000E-02
-0.561000
-1.12400
-1.55700
-1.69900
-1.58600
-1.27500
-0.788000
-0.221000
0.166000
0.330000
0.347000
0.271000
0.300000
0.510000
0.783000
0.998000
0.968000
0.771000
0.502000
0.237000
-2.30000E-02
-0.326000
-0.645000
-0.901000
-1.02700
-0.947000
-0.784000
-0.737000
-0.771000
-0.742000
-0.439000
9.40000E-02
0.834000
1.67000
2.39300
2.75400
2.54800
1.92600
1.01900
3.10000E-02
-0.863000
-1.55700
-1.96400
-2.22500
-2.19100
-2.06900
-1.77500
-1.40100
-1.08200
-0.821000
-0.460000
0.107000
0.830000
1.69500
2.48100
2.95600
3.01400
2.47200
1.45100
0.326000
-0.679000
-1.54000
-2.10300
-2.27900
-2.29200
-2.05700
-1.52700
-0.893000
-0.288000
1.03000E-01
0.426000
0.708000
0.981000
1.23700
1.53100
1.80900
1.75400
1.34200
0.704000
4.80000E-02
-0.590000
-1.05700
-1.22100
-1.13200
-0.763000
-0.204000
0.384000
0.931000
1.16200
0.893000
0.351000
-0.237000
-0.813000
-1.19100
-1.32100
-1.13700
-0.649000
0.292000
1.74100
3.45500
4.21600
2.85500
1.50600
0.363000
-0.519000
-1.22900
-1.78400
-2.00200
-2.21200
-2.47700
-2.53600
-2.37200
-1.93100
-1.29600
-0.561000
0.313000
1.30400
2.40100
3.27500
3.60300
3.60700
3.27900
2.31300
1.09000
-0.153000
-1.25000
-2.20800
-2.64500
-2.97700
-3.00600
-2.80900
-2.25800
-1.47300
-0.242000
1.25000
2.82100
3.45100
3.40900
2.49300
0.968000
-0.540000
-1.68300
-2.43900
-2.35900
-1.93100
-1.18300
-0.246000
0.720000
1.72900
2.71200
3.15300
3.34600
3.07300
2.16600
0.880000
-0.380000
-1.46800
-2.35900
-2.86700
-3.36300
-3.41400
-3.23300
-2.88000
-2.20800
-1.53100
-0.742000
0.195000
1.31700
2.25400
3.05200
3.39200
3.34200
2.83400
2.13600
1.62400
0.968000
0.208000
-0.674000
-1.55200
-2.30900
-2.93900
-3.12800
-3.12800
-2.94300
-2.54800
-2.01500
-1.21600
-0.317000
0.452000
1.04800
1.49800
1.80900
2.01000
2.18700
2.19100
2.04800
1.48500
0.590000
-0.271000
-1.09500
-1.81300
-2.22500
-2.32500
-2.02300
-1.43500
-0.910000
-0.422000
-0.195000
-0.208000
-0.208000
-9.90000E-02
3.60000E-02
0.204000
0.292000
0.229000
0.162000
0.136000
0.233000
0.477000
0.708000
0.716000
0.565000
0.456000
0.401000
0.368000
0.309000
0.237000
1.90000E-02
-0.422000
-1.01000
-1.62400
-2.05700
-2.24100
-2.09900
-1.66200
-1.04400
-0.246000
0.523000
1.32100
1.97700
2.52300
2.74500
2.51400
1.80900
0.952000
0.107000
-0.742000
-1.55700
-2.09900
-2.54400
-2.67800
-2.51500
-2.16600
-1.56500
-0.590000
0.683000
2.17800
3.32500
3.53500
2.98500
2.00200
0.977000
7.30000E-02
-0.910000
-1.85100
-2.49400
-2.86300
-3.02700
-2.75800
-2.09900
-1.14900
0.380000
2.06100
3.25800
3.61100
3.53500
2.86300
1.72500
0.431000
-0.758000
-1.69100
-2.27100
-2.22900
-2.07300
-1.65300
-1.17900
-0.641000
-6.50000E-02
0.254000
0.372000
0.561000
0.704000
0.863000
1.04800
1.01500
0.788000
0.435000
6.50000E-02
-0.208000
-0.342000
-0.477000
-0.557000
-0.397000
-3.60000E-02
0.376000
1.08200
1.61500
1.69100
1.14100
0.183000
-0.758000
-1.58600
-2.28300
-2.54800
-2.54000
-2.30400
-1.80900
-0.981000
0.204000
1.66200
3.14900
3.79600
3.79600
3.10300
1.96000
0.809000
-9.50000E-02
-0.800000
-1.50200
-1.78800
-2.19900
-2.45600
-2.64900
-2.85100
-2.73300
-2.19500
-1.43900
-1.90000E-02
2.17400
5.34600
5.85900
4.48100
3.02700
1.64500
0.376000
-0.763000
-1.92200
-2.70800
-3.14500
-3.26200
-3.12000
-2.67800
-1.95600
-1.19500
-0.212000
0.653000
1.50600
2.23700
2.55600
2.39300
1.98900
1.39300
0.985000
0.599000
0.309000
-0.132000
-0.250000
-0.397000
-0.595000
-0.771000
-0.926000
-0.859000
-0.620000
-0.490000
-0.494000
-0.763000
-1.09500
-1.31300
-1.20000
-0.922000
-0.582000
6.50000E-02
0.939000
1.86300
2.42600
2.72400
2.80800
2.52300
1.67000
0.624000
-0.212000
-0.880000
-1.34700
-1.62400
-1.91000
-2.16200
-2.24100
-2.13600
-1.78400
-1.38000
-0.784000
-0.149000
0.330000
0.657000
1.00600
1.30900
1.49300
1.48900
1.43000
1.41400
1.34600
1.06500
0.628000
0.162000
-0.334000
-0.809000
-1.17000
-1.31300
-1.33400
-1.09900
-0.405000
0.389000
1.15700
1.56100
1.61500
1.37200
0.889000
0.157000
-0.679000
-1.41800
-1.88900
-2.25800
-2.38400
-2.23700
-1.65700
-0.477000
0.779000
2.01400
3.29600
4.25000
4.44700
4.01800
2.85100
1.42200
0.115000
-0.977000
-1.96400
-2.40100
-2.53600
-2.43500
-2.28800
-2.06100
-1.63200
-1.29200
-1.12400
-1.06100
-0.939000
-0.595000
-7.80000E-02
0.510000
1.20800
1.96800
2.82900
3.58200
4.44700
4.47200
3.59400
2.22500
0.645000
-1.01900
-2.62800
-3.86300
-4.48900
-4.89200
-4.85900
-4.56500
-3.93900
-3.06500
-1.61500
-0.187000
1.22000
2.56100
3.52300
4.16600
4.18700
3.56900
2.54400
1.28800
-0.149000
-1.51500
-2.55700
-3.09900
-3.25000
-3.27100
-2.87200
-2.05700
-1.22900
-0.439000
0.107000
0.431000
0.569000
0.422000
0.284000
0.250000
0.216000
0.326000
0.372000
0.368000
0.313000
0.250000
-4.00000E-02
4.40000E-02
0.141000
5.20000E-02
-0.137000
-0.473000
-0.792000
-1.08600
-1.41800
-1.51900
-1.51000
-1.48900
-1.51000
-1.40500
-1.01500
-0.426000
0.275000
1.04800
1.58600
2.01000
2.19100
1.90900
1.18700
0.435000
-0.153000
-0.649000
-1.02300
-1.23300
-1.52700
-1.59900
-1.49400
-1.30000
-1.10700
-0.943000
-1.00600
-0.985000
-0.792000
-0.561000
-0.149000
0.489000
1.30900
2.03100
2.48100
2.52300
2.25400
1.95100
1.58200
1.04800
0.342000
-0.494000
-1.31700
-2.06500
-2.55700
-2.93500
-3.08600
-2.80400
-2.22500
-1.70800
-0.893000
0.191000
1.36300
2.64000
3.59400
4.09800
4.08600
3.64500
2.66100
1.28800
-0.137000
-1.29600
-2.16200
-2.54000
-2.91400
-2.94700
-2.84600
-2.52300
-2.00200
-1.11600
-1.50000E-02
1.01900
1.96000
2.64500
3.04000
3.00600
2.49300
1.79200
1.15300
0.657000
0.216000
-0.389000
-1.14100
-1.77100
-2.22500
-2.38000
-2.25400
-1.79200
-0.994000
-0.200000
0.389000
0.981000
1.44300
1.99800
2.42200
2.29600
1.71600
0.893000
9.90000E-02
-0.498000
-0.931000
-1.25000
-1.31700
-1.36300
-1.27900
-1.04800
-0.750000
-0.376000
6.90000E-02
0.586000
1.14900
1.40100
1.28800
1.06100
0.762000
0.569000
0.460000
0.363000
0.195000
-2.30000E-02
-0.313000
-0.590000
-0.733000
-0.796000
-0.788000
-0.603000
-0.267000
6.50000E-02
0.250000
0.342000
0.372000
0.359000
0.393000
0.569000
0.632000
0.544000
0.464000
0.334000
0.183000
5.20000E-02
-7.40000E-02
-0.170000
-0.170000
-9.50000E-02
1.50000E-02
0.124000
0.254000
0.405000
0.536000
0.401000
-6.00000E-03
-0.658000
-1.29200
-1.55200
-1.44700
-1.04400
-0.490000
0.263000
1.10300
1.76700
1.91400
1.55200
1.07800
0.599000
0.242000
-5.30000E-02
-0.372000
-0.532000
-0.687000
-0.838000
-0.855000
-0.905000
-0.977000
-1.06100
-1.08200
-1.03100
-0.834000
-0.557000
-0.351000
-0.208000
-0.116000
6.90000E-02
0.393000
0.931000
1.58200
2.27900
2.51400
2.14000
1.39300
0.435000
-0.595000
-1.66200
-2.57300
-3.05200
-3.32100
-3.30000
-3.19900
-2.81300
-1.91800
-1.06100
-4.00000E-02
1.06500
2.15300
3.00200
3.35900
2.81300
1.83000
0.817000
2.30000E-02
-0.574000
-0.960000
-1.06100
-1.25800
-1.26700
-1.15800
-0.943000
-0.813000
-0.746000
-0.611000
-0.460000
-0.288000
-6.10000E-02
3.60000E-02
1.90000E-02
1.50000E-02
4.80000E-02
0.132000
0.317000
0.498000
0.599000
0.683000
0.855000
1.12400
1.07800
0.851000
0.561000
0.199000
-0.137000
-0.342000
-0.578000
-0.767000
-0.876000
-0.805000
-0.590000
-0.435000
-0.410000
-0.481000
-0.607000
-0.742000
-0.779000
-0.578000
-0.166000
0.380000
1.15700
1.99800
2.84200
3.18200
2.55200
1.11100
-0.372000
-1.51500
-2.30400
-2.81300
-2.86300
-2.63200
-1.96800
-0.947000
0.170000
1.22000
1.97700
2.17400
1.80900
1.08200
0.246000
-0.490000
-1.06900
-1.47700
-1.42200
-1.23700
-0.611000
0.300000
1.09000
1.56100
1.49300
0.981000
0.267000
-0.372000
-0.809000
-0.960000
-0.926000
-0.637000
-0.233000
0.225000
0.502000
0.439000
0.145000
-0.158000
-0.338000
-0.473000
-0.557000
-0.460000
-0.250000
-0.166000
-1.50000E-02
7.30000E-02
1.90000E-02
-8.60000E-02
-3.20000E-02
0.271000
0.825000
1.50200
1.97700
1.89300
1.25400
0.313000
-0.540000
-1.21200
-1.56100
-1.51900
-1.40100
-1.12400
-0.750000
-0.275000
7.80000E-02
0.221000
0.216000
0.183000
0.174000
0.263000
0.439000
0.678000
0.985000
1.23300
1.25000
1.11100
1.03100
0.893000
0.620000
0.351000
8.60000E-02
-0.229000
-0.494000
-0.742000
-0.859000
-0.905000
-0.813000
-0.469000
-6.90000E-02
0.225000
0.443000
0.565000
0.632000
0.683000
0.737000
0.670000
0.498000
0.263000
1.03000E-01
7.30000E-02
0.216000
0.393000
0.578000
0.691000
0.670000
0.557000
0.435000
0.313000
0.246000
0.288000
0.334000
0.309000
0.115000
-0.149000
-0.389000
-0.469000
-0.456000
-0.363000
-0.233000
-0.149000
-4.40000E-02
6.50000E-02
0.162000
0.195000
0.237000
0.279000
0.317000
0.384000
0.376000
0.380000
0.363000
0.359000
0.464000
0.666000
0.809000
0.729000
0.376000
-0.187000
-0.868000
-1.48500
-1.88400
-2.07800
-2.01000
-1.72900
-1.22500
-0.641000
-1.03000E-01
0.309000
0.712000
1.24100
1.81300
2.27900
2.27100
1.47200
0.195000
-1.01000
-2.05200
-2.92200
-3.38400
-3.46800
-3.07800
-2.01000
-0.515000
1.07800
2.72900
3.76200
2.98900
1.43500
2.00000E-03
-1.14900
-1.82100
-2.18700
-2.12800
-1.96400
-1.58600
-0.943000
-0.267000
0.351000
0.914000
1.18700
1.30000
1.39300
1.28300
0.821000
0.128000
-0.553000
-1.05200
-1.43900
-1.68700
-1.65300
-1.46800
-1.25800
-0.901000
-0.376000
0.246000
1.05700
1.95600
2.71600
3.08600
3.18700
2.83800
2.09800
1.26200
0.389000
-0.515000
-1.65700
-2.80000
-3.72000
-4.42600
-4.67800
-4.28700
-3.38000
-2.11500
-0.342000
2.07700
4.35900
5.92200
6.00100
4.69100
3.02700
1.42600
3.10000E-02
-0.918000
-1.75400
-2.21600
-2.38800
-2.50600
-2.46000
-2.17800
-1.72500
-1.28800
-0.817000
-0.216000
0.296000
0.809000
1.21600
1.48500
1.58200
1.59000
1.40900
1.27900
1.06900
0.699000
0.258000
1.00000E-02
-0.204000
-0.448000
-0.632000
-0.687000
-0.716000
-0.641000
-0.490000
-0.330000
-0.208000
-0.183000
-0.170000
-0.233000
-0.309000
-0.384000
-0.456000
-0.586000
-0.637000
-0.595000
-0.439000
-0.191000
1.03000E-01
0.368000
0.464000
0.292000
0.145000
3.10000E-02
-7.80000E-02
-0.246000
-0.410000
-0.628000
-0.632000
-0.410000
-0.174000
2.70000E-02
0.199000
0.267000
0.275000
0.309000
0.347000
0.368000
0.183000
-0.296000
-0.847000
-1.21600
-1.41000
-1.51500
-1.55200
-1.45200
-1.10300
-0.557000
-1.90000E-02
0.397000
0.968000
1.55700
2.01400
2.27500
2.19900
2.02700
1.59900
0.956000
0.250000
-0.347000
-0.800000
-1.17400
-1.56500
-1.81700
-1.77500
-1.46800
-1.14900
-0.847000
-0.469000
0.149000
0.851000
1.55700
2.21200
2.68700
2.62800
2.32100
1.68300
0.838000
0.174000
-0.305000
-0.725000
-0.779000
-0.695000
-0.456000
-0.221000
-0.124000
-5.70000E-02
0.178000
0.422000
0.477000
0.410000
0.330000
0.305000
0.405000
0.573000
0.687000
0.834000
0.884000
0.687000
0.418000
6.10000E-02
-0.393000
-0.863000
-1.19500
-1.44700
-1.65700
-1.60300
-1.27900
-0.704000
6.50000E-02
1.05700
2.14900
3.01000
3.37600
3.35900
2.68200
1.70800
0.561000
-0.405000
-1.27900
-2.12400
-2.64500
-3.01400
-3.00200
-2.73300
-2.02300
-0.968000
9.40000E-02
0.964000
1.51900
1.35900
0.641000
-4.40000E-02
-0.506000
-0.767000
-0.880000
-0.464000
0.212000
1.44300
2.84200
3.75400
3.92600
3.27100
1.96800
0.468000
-0.968000
-2.14500
-2.93900
-3.36300
-3.96800
-4.32900
-4.26200
-3.93900
-3.48100
-2.65700
-1.22900
0.464000
2.19500
3.62800
4.29200
4.15700
3.20300
1.90900
0.708000
-0.170000
-0.935000
-1.42600
-1.59400
-1.83000
-2.22000
-2.43100
-2.40100
-2.23300
-1.86800
-1.26300
-0.443000
0.254000
0.918000
1.47700
1.75400
1.67000
1.27100
0.611000
3.60000E-02
-0.582000
-1.14900
-1.60300
-1.85100
-1.68300
-1.41400
-1.04800
-0.565000
-6.90000E-02
0.115000
0.368000
0.590000
0.657000
0.754000
0.695000
0.464000
0.326000
0.330000
0.292000
0.204000
1.90000E-02
-0.183000
-0.313000
-0.380000
-0.321000
-0.145000
9.00000E-02
0.153000
-2.00000E-03
-0.330000
-0.708000
-1.05200
-1.37600
-1.43100
-1.04400
-0.380000
0.397000
1.43900
2.56100
3.42600
3.99700
3.99300
2.39300
0.452000
-1.21200
-2.42600
-3.19900
-3.21600
-2.99300
-2.24600
-1.50600
-0.695000
0.132000
0.897000
1.50200
1.78800
1.83400
1.71600
1.54400
1.39300
1.14900
0.712000
0.288000
5.70000E-02
0.124000
0.195000
5.70000E-02
-0.216000
-0.284000
-0.305000
-0.368000
-0.376000
-0.309000
-0.137000
4.00000E-02
0.225000
0.460000
0.767000
1.09900
1.29200
1.40100
1.48900
1.31300
0.670000
-0.221000
-1.08200
-1.73700
-2.17800
-2.37600
-2.38800
-2.02300
-1.23300
-0.153000
1.00600
2.30000
3.51000
4.63200
5.71600
3.60300
0.914000
-1.25000
-2.79600
-3.77500
-4.55600
-4.80800
-4.71600
-4.22400
-3.25800
-1.86800
-0.137000
1.65700
3.19500
4.22900
4.65300
4.08100
2.52700
1.00200
-0.250000
-1.21200
-1.81700
-2.09400
-2.01000
-2.02300
-2.06500
-2.00200
-1.86800
-1.59900
-1.07800
-0.359000
0.267000
0.771000
1.19500
1.49800
1.59000
1.49300
1.40900
1.30000
1.15300
0.674000
-3.20000E-02
-0.641000
-1.08600
-1.51000
-1.77100
-1.84200
-1.80900
-1.62000
-1.31700
-0.897000
-0.355000
0.242000
0.788000
1.19900
1.33000
1.34600
1.22500
1.00200
0.611000
6.10000E-02
-0.426000
-0.737000
-0.910000
-0.947000
-0.897000
-0.830000
-0.670000
-0.305000
1.50000E-02
0.221000
0.384000
0.620000
0.821000
0.792000
0.758000
0.695000
0.389000
6.00000E-03
-0.544000
-0.981000
-1.28800
-1.49400
-1.54800
-1.29600
-0.695000
0.111000
1.09400
2.35100
3.30800
3.60700
3.33800
2.22000
0.821000
-0.464000
-1.48900
-2.36700
-2.82100
-3.22000
-3.23700
-2.86300
-1.88900
-0.842000
0.502000
1.97200
2.91400
3.01900
2.56500
1.82500
1.04000
0.292000
-0.523000
-1.27100
-1.56900
-1.76700
-1.73300
-1.46800
-0.935000
-0.397000
-8.60000E-02
8.20000E-02
0.229000
0.405000
0.653000
0.897000
1.04400
1.01900
0.783000
0.288000
-0.288000
-0.796000
-1.25800
-1.48100
-1.46400
-1.30000
-0.998000
-0.586000
-3.60000E-02
0.666000
1.38400
1.64900
1.43500
0.855000
0.271000
-9.00000E-02
-0.359000
-0.582000
-0.700000
-0.901000
-1.14100
-1.30900
-1.21200
-0.960000
-0.679000
-0.342000
6.90000E-02
0.494000
0.872000
1.15700
1.39700
1.45600
1.39300
1.08200
0.565000
-9.90000E-02
-0.779000
-1.14500
-1.23700
-1.10300
-0.847000
-0.553000
-0.271000
2.00000E-03
6.10000E-02
6.10000E-02
0.132000
0.250000
0.376000
0.498000
0.662000
0.804000
0.846000
0.889000
0.918000
0.683000
0.174000
-0.473000
-1.04400
-1.38400
-1.42600
-1.22900
-0.817000
-9.90000E-02
0.678000
1.39700
1.73300
1.68700
1.35500
0.825000
0.237000
-0.338000
-0.910000
-1.33800
-1.51000
-1.28800
-0.658000
0.141000
0.935000
1.60300
1.84600
1.55200
0.687000
-0.158000
-0.775000
-1.07300
-1.17900
-0.998000
-0.914000
-0.809000
-0.658000
-0.431000
-7.40000E-02
0.414000
1.12000
1.83800
2.40100
2.44700
1.81700
0.771000
-0.313000
-1.32100
-2.01500
-2.42200
-2.50600
-2.13600
-1.46800
-0.746000
-2.00000E-03
0.653000
1.13200
1.25400
1.20400
0.956000
0.578000
0.250000
-2.70000E-02
-0.158000
-1.03000E-01
3.10000E-02
0.204000
0.162000
-0.137000
-0.607000
-0.935000
-1.01500
-0.779000
-0.368000
6.00000E-03
0.233000
0.363000
0.296000
5.20000E-02
-0.187000
-0.372000
-0.448000
-0.511000
-0.485000
-0.321000
-9.00000E-02
0.111000
0.267000
0.426000
0.569000
0.632000
0.498000
0.279000
9.00000E-02
-4.40000E-02
-0.149000
-0.141000
5.20000E-02
0.317000
0.393000
0.174000
-0.116000
-0.405000
-0.473000
-0.313000
-0.116000
1.00000E-02
3.10000E-02
3.10000E-02
-1.90000E-02
-0.107000
-0.166000
-0.174000
-0.145000
-2.00000E-03
0.170000
0.435000
0.863000
1.31700
1.68700
1.70400
1.34200
0.704000
3.10000E-02
-0.544000
-0.918000
-1.15800
-1.27900
-1.24600
-0.981000
-0.746000
-0.448000
2.70000E-02
0.687000
1.40100
1.89300
1.90100
1.51900
0.846000
0.136000
-0.443000
-0.771000
-0.788000
-0.448000
0.242000
1.27100
2.48900
1.72000
0.300000
-0.968000
-1.93900
-2.40100
-2.40500
-1.85100
-0.985000
0.128000
1.23700
2.04800
2.32500
2.14000
1.65700
0.985000
0.292000
-0.300000
-0.826000
-1.18700
-1.39300
-1.59400
-1.46400
-1.22900
-0.830000
-0.334000
0.149000
0.544000
0.699000
0.632000
0.313000
-5.70000E-02
-0.485000
-0.725000
-0.662000
-0.380000
-1.50000E-02
0.263000
0.464000
0.557000
0.414000
9.90000E-02
-0.355000
-0.838000
-1.22500
-1.44700
-1.41400
-1.11100
-0.679000
-0.141000
0.355000
0.750000
0.939000
0.897000
0.632000
0.363000
0.199000
0.107000
-0.120000
-0.519000
-1.06100
-1.52300
-1.65700
-1.48500
-1.01500
-0.368000
0.401000
1.27500
1.90500
2.04400
1.73700
1.20800
0.557000
1.90000E-02
-0.326000
-0.363000
-1.03000E-01
4.80000E-02
-6.00000E-03
-0.342000
-0.847000
-1.38000
-1.77500
-1.88000
-1.72000
-1.23300
-0.405000
0.678000
1.97700
3.34600
4.32500
4.79100
3.12400
0.905000
-0.863000
-2.19500
-3.03500
-3.33800
-3.27900
-2.90500
-1.92200
-0.905000
0.107000
0.792000
1.26200
1.43000
1.43500
1.38400
1.32500
1.17800
0.825000
0.384000
-6.10000E-02
-0.393000
-0.553000
-0.721000
-0.956000
-1.19500
-1.29600
-1.18300
-0.964000
-0.506000
0.288000
1.25000
2.19500
2.90900
2.93900
2.08200
0.666000
-0.683000
-1.66600
-2.43500
-2.87600
-3.04800
-2.93000
-2.33000
-1.53100
-0.305000
0.956000
2.11100
2.75000
2.85900
2.40900
1.63200
0.716000
-0.132000
-0.851000
-1.33800
-1.42200
-1.35100
-0.788000
-9.00000E-02
0.389000
0.594000
0.561000
0.422000
0.284000
0.149000
2.70000E-02
7.30000E-02
0.279000
0.557000
0.586000
0.292000
-0.141000
-0.611000
-1.01000
-1.27900
-1.38900
-1.12400
-0.561000
-3.20000E-02
0.603000
1.39300
2.29200
2.88400
2.88800
2.35100
1.46800
0.582000
-0.204000
-1.06900
-1.79200
-2.23700
-2.61100
-2.67800
-2.47300
-2.09400
-1.54000
-0.897000
-0.258000
0.351000
0.989000
1.59000
1.97700
2.25400
2.46800
2.44300
2.04400
1.35500
0.607000
-0.170000
-0.960000
-1.55200
-1.86300
-1.91000
-1.83000
-1.55200
-1.03600
-0.368000
0.355000
1.01900
1.46800
1.60700
1.30400
0.678000
1.50000E-02
-0.523000
-0.796000
-0.998000
-1.18300
-1.27900
-0.884000
-0.187000
0.397000
0.809000
0.989000
1.04400
0.931000
0.691000
0.536000
0.477000
0.527000
0.733000
0.952000
1.07800
1.00600
0.712000
0.216000
-0.414000
-1.06900
-1.65700
-2.08600
-2.35900
-2.46000
-2.43500
-2.19900
-1.68300
-1.00600
-0.254000
0.599000
1.80000
3.19900
4.56500
4.80000
2.84200
0.981000
-0.405000
-1.43500
-2.07300
-2.20800
-2.00200
-1.75800
-1.54000
-1.38400
-1.31700
-1.29600
-1.21200
-1.15300
-1.08200
-0.847000
-0.338000
0.120000
0.418000
0.628000
0.859000
1.12800
1.49300
1.82500
1.72500
1.22900
0.552000
-0.166000
-0.813000
-1.04000
-1.19100
-1.34200
-1.41400
-1.35500
-1.15300
-0.821000
-0.418000
-0.145000
-1.10000E-02
3.60000E-02
2.00000E-03
0.178000
0.351000
0.401000
0.393000
0.363000
0.435000
0.548000
0.611000
0.531000
0.279000
-4.80000E-02
-0.271000
-0.330000
-0.300000
-0.191000
-6.00000E-03
0.187000
0.288000
0.195000
-0.132000
-0.452000
-0.527000
-0.338000
-4.40000E-02
0.212000
0.582000
0.947000
1.16600
1.15700
0.935000
0.657000
0.300000
-1.03000E-01
-0.498000
-0.620000
-0.641000
-0.725000
-0.569000
-0.162000
0.178000
0.330000
0.334000
0.250000
0.162000
0.111000
0.128000
0.221000
0.401000
0.620000
0.935000
1.22000
1.12800
0.603000
-0.137000
-0.884000
-1.38400
-1.56900
-1.53100
-1.43900
-0.973000
-0.397000
6.10000E-02
0.443000
0.905000
1.25800
1.28300
0.855000
0.284000
-0.111000
-0.279000
-0.208000
0.254000
0.943000
1.64500
2.00600
1.65700
0.683000
-0.401000
-1.37200
-2.09900
-2.67000
-2.94700
-2.88800
-2.27900
-1.46400
-0.389000
0.523000
1.24100
1.57800
1.69100
1.74100
1.71600
1.77500
1.77900
1.63600
1.41400
1.17000
0.943000
0.544000
-1.10000E-02
-0.754000
-1.50200
-2.04000
-2.40500
-2.65700
-2.52300
-2.18300
-1.73700
-1.24600
-0.792000
-0.275000
0.271000
0.859000
1.46400
2.03100
2.46800
2.67000
2.54800
2.14500
1.41800
0.662000
6.10000E-02
-0.443000
-0.964000
-1.49400
-2.04400
-2.39700
-2.65300
-2.73700
-2.67000
-2.33800
-1.85100
-1.17000
-0.292000
0.607000
1.55200
2.45600
3.21200
3.47200
3.18700
2.19900
1.04800
5.20000E-02
-0.847000
-1.68300
-2.06500
-2.18700
-1.96800
-1.59400
-1.15800
-0.599000
-9.50000E-02
0.288000
0.523000
0.582000
0.439000
0.233000
6.10000E-02
-6.00000E-03
-2.30000E-02
-3.60000E-02
-5.30000E-02
4.80000E-02
0.355000
0.582000
0.788000
1.02300
1.06500
0.783000
0.347000
-0.162000
-0.544000
-0.620000
-0.490000
-0.267000
0.149000
0.624000
0.889000
0.842000
0.464000
-0.271000
-1.12800
-1.83400
-2.30000
-2.39300
-2.15700
-1.49400
-0.439000
0.977000
2.91800
5.84600
4.85500
2.82100
1.03100
-0.426000
-1.49400
-2.23700
-2.62400
-2.66200
-2.39300
-1.96800
-1.40500
-0.590000
0.145000
0.624000
0.960000
1.25800
1.49300
1.52700
1.25400
0.750000
0.216000
-5.30000E-02
-0.162000
-0.208000
-0.149000
-7.80000E-02
1.50000E-02
-1.90000E-02
-0.132000
-0.435000
-0.691000
-0.742000
-0.582000
-0.225000
0.174000
0.452000
0.485000
0.372000
0.221000
-2.30000E-02
-0.296000
-0.544000
-0.712000
-0.679000
-0.515000
-0.305000
-2.00000E-03
0.271000
0.439000
0.502000
0.552000
0.620000
0.641000
0.573000
0.473000
0.284000
0.166000
6.10000E-02
-4.80000E-02
-0.170000
-0.321000
-0.590000
-0.826000
-0.935000
-0.830000
-0.574000
-0.221000
6.50000E-02
0.221000
0.363000
0.515000
0.704000
0.830000
0.754000
0.548000
0.351000
0.174000
0.124000
0.128000
2.70000E-02
-9.90000E-02
-0.153000
-1.03000E-01
-7.40000E-02
-7.40000E-02
-0.158000
-0.305000
-0.380000
-0.410000
-0.250000
-4.80000E-02
5.20000E-02
0.132000
0.149000
0.136000
0.136000
-2.00000E-03
-0.179000
-0.393000
-0.645000
-0.796000
-0.859000
-0.893000
-0.868000
-0.620000
-0.204000
0.250000
0.628000
1.05700
1.52300
1.89700
2.01400
1.79600
1.24600
0.426000
-0.515000
-1.48100
-2.40500
-2.96800
-3.23700
-3.25000
-3.04400
-2.22000
-1.15300
0.157000
1.70800
3.22400
3.58200
2.77500
1.40500
0.187000
-0.746000
-1.40500
-1.66600
-1.33000
-0.838000
-0.216000
0.410000
1.09000
1.37600
1.17400
0.716000
0.187000
-0.305000
-0.767000
-1.09500
-1.25400
-1.34700
-1.02700
-0.574000
2.30000E-02
0.376000
0.330000
0.401000
0.443000
0.351000
0.246000
0.128000
9.90000E-02
0.174000
0.368000
0.531000
0.548000
0.489000
0.502000
0.452000
0.431000
0.498000
0.540000
0.435000
0.115000
-0.321000
-0.763000
-1.24200
-1.67000
-1.95200
-1.96000
-1.56900
-0.788000
9.40000E-02
1.02300
1.87200
2.24600
2.19500
1.85500
1.34200
0.578000
-0.254000
-0.981000
-1.44300
-1.71200
-1.83000
-1.56500
-0.947000
-0.158000
0.804000
2.01900
2.97200
3.28700
2.75000
1.58200
0.300000
-0.658000
-1.38000
-1.91400
-2.04000
-2.01500
-1.56100
-1.04000
-0.490000
0.145000
0.792000
1.28800
1.49300
1.36300
1.02700
0.607000
0.317000
0.157000
-6.00000E-03
-7.40000E-02
-4.00000E-02
9.40000E-02
0.359000
0.725000
1.13200
1.55700
1.80400
1.57300
0.889000
-6.90000E-02
-1.13200
-2.02300
-2.62000
-2.91400
-2.92600
-2.46000
-1.83800
-0.981000
0.153000
1.40900
2.72900
3.62400
3.87600
3.41800
2.25800
0.931000
-0.300000
-1.30500
-2.11500
-2.47700
-2.74100
-2.60700
-2.09000
-1.51900
-0.855000
-8.20000E-02
0.603000
1.08600
1.15300
1.03600
0.813000
0.586000
0.347000
0.174000
5.20000E-02
-2.30000E-02
-0.120000
-0.313000
-0.649000
-0.918000
-0.939000
-0.809000
-0.582000
-0.275000
0.141000
0.540000
0.716000
0.653000
0.468000
0.229000
9.40000E-02
-9.90000E-02
-0.401000
-0.670000
-0.910000
-1.07800
-1.16600
-1.12800
-1.07800
-0.901000
-0.490000
0.162000
0.985000
1.94700
3.09800
3.91300
2.59400
0.884000
-0.616000
-1.94300
-2.75800
-3.23700
-3.17400
-2.92600
-2.30400
-1.18700
0.195000
1.52300
2.43000
2.47200
2.16600
1.59400
0.867000
8.60000E-02
-0.405000
-0.737000
-0.792000
-0.578000
-0.330000
7.80000E-02
0.334000
0.485000
0.645000
0.699000
0.674000
0.792000
0.796000
0.838000
0.834000
0.548000
0.141000
-0.401000
-0.901000
-1.36800
-1.78800
-2.01900
-1.95200
-1.60700
-1.24200
-0.729000
-2.30000E-02
0.754000
1.45100
2.12800
2.89300
3.04000
2.95600
2.35900
1.35100
0.162000
-0.926000
-1.93100
-2.78300
-3.16600
-3.40100
-3.36300
-3.19500
-2.62400
-1.62400
-0.469000
0.699000
1.76700
2.44300
2.66100
2.43900
1.89700
1.14100
0.393000
-0.242000
-0.813000
-1.15800
-1.04400
-1.07800
-0.767000
-0.414000
5.20000E-02
0.456000
0.603000
0.468000
2.30000E-02
-0.540000
-0.901000
-1.09900
-1.19500
-1.06900
-0.603000
6.10000E-02
0.750000
1.40100
1.87600
1.76700
1.01900
5.70000E-02
-0.842000
-1.58200
-2.06500
-2.00600
-1.71200
-1.14500
-0.254000
0.846000
2.01000
3.01400
3.34600
2.70300
1.54000
0.389000
-0.578000
-1.46800
-2.25000
-2.60700
-2.97700
-2.96400
-2.53600
-1.85100
-1.06900
-2.70000E-02
1.17000
2.51400
3.40500
3.47600
2.64500
1.40500
0.246000
-0.586000
-1.27500
-1.51500
-1.45600
-1.42600
-0.964000
-0.393000
6.50000E-02
0.359000
0.414000
0.296000
0.136000
1.90000E-02
-0.195000
-0.246000
-1.50000E-02
0.313000
0.817000
1.22500
1.56100
1.70400
1.43500
0.851000
0.334000
-1.90000E-02
-0.490000
-0.947000
-1.18300
-1.31700
-1.41400
-1.24600
-0.826000
-0.275000
0.313000
0.939000
1.48500
1.90100
1.96400
1.59000
1.05200
0.477000
4.80000E-02
-0.309000
-0.645000
-0.855000
-1.04400
-1.01000
-0.851000
-0.578000
-0.233000
7.80000E-02
0.216000
0.191000
7.30000E-02
-0.132000
-0.212000
-5.30000E-02
7.30000E-02
0.355000
0.792000
1.21200
1.40900
1.25800
0.733000
5.20000E-02
-0.645000
-1.26300
-1.70800
-1.87600
-1.72900
-1.20800
-0.616000
1.50000E-02
0.687000
1.26200
1.54800
1.74600
1.67800
1.37600
0.922000
0.229000
-0.674000
-1.48100
-1.99400
-2.20400
-2.20800
-1.92200
-1.41400
-0.590000
0.376000
1.27100
1.67400
1.59400
1.33000
1.06500
0.729000
0.405000
8.60000E-02
-0.179000
-0.288000
-0.363000
-0.300000
-0.237000
-0.120000
-8.60000E-02
-0.208000
-0.443000
-0.754000
-1.00600
-1.24600
-1.40500
-1.22500
-0.721000
9.00000E-02
1.12400
2.14000
2.66600
2.65300
2.31700
1.69500
0.901000
9.40000E-02
-0.716000
-1.48100
-1.95200
-2.39700
-2.50600
-2.17400
-1.61500
-0.876000
-1.90000E-02
0.796000
1.50600
1.90100
1.94700
1.67000
1.21600
0.800000
0.405000
2.00000E-03
-0.372000
-0.586000
-0.712000
-0.620000
-0.418000
-0.305000
-0.296000
-0.368000
-0.426000
-0.519000
-0.574000
-0.515000
-0.410000
-0.208000
5.20000E-02
0.355000
0.872000
1.47200
1.96000
2.22900
2.19900
1.79600
0.863000
-0.237000
-1.35100
-2.31700
-2.97700
-3.29600
-3.26200
-3.11500
-2.46800
-1.65300
-0.536000
0.746000
2.17800
3.37100
3.91800
3.72900
2.92200
1.94300
1.03100
0.178000
-0.674000
-1.39300
-1.56500
-1.89300
-2.10700
-2.19900
-2.35500
-2.47300
-2.44300
-2.27500
-1.93500
-1.29600
-0.338000
0.947000
2.56500
3.80000
4.61900
4.61100
3.51900
1.83400
0.363000
-0.855000
-1.87600
-2.68300
-2.85100
-3.05200
-3.13600
-2.99300
-2.84200
-2.31300
-1.77100
-1.07300
-0.229000
0.636000
1.57800
2.33800
2.54800
2.22000
1.69500
1.42600
1.20400
1.01500
0.649000
0.120000
-0.313000
-0.910000
-1.32100
-1.55200
-1.56100
-1.50600
-1.43900
-1.25400
-1.02300
-0.700000
-0.389000
-1.90000E-02
0.380000
0.985000
1.69100
2.28300
2.51900
2.37200
1.82500
0.968000
-6.00000E-03
-0.889000
-1.48500
-1.73700
-1.89700
-1.81300
-1.33000
-0.632000
1.00000E-02
0.506000
0.977000
1.04000
0.796000
0.494000
0.372000
0.334000
0.284000
0.183000
6.10000E-02
1.00000E-02
-4.80000E-02
-0.137000
-0.120000
2.30000E-02
0.212000
0.372000
0.502000
0.544000
0.477000
0.330000
0.221000
1.90000E-02
-0.170000
-0.124000
2.30000E-02
1.03000E-01
0.174000
0.136000
1.50000E-02
-0.216000
-0.410000
-0.553000
