# Reference: Mase, H. & Kirby, J.T. (1992). Hybrid frequency-domain KdV equation for random wave transformation. Proc. 23rd Int. Conf. Coastal Engineering (ASCE), 474-487.
# Source repo: https://github.com/fengyanshi/FUNWAVE-TVD  commit b4c322e7582035ee19df8e6409a3dfedaff1cb96, path benchmarks/car_mase_kirby/postprocessing/r2d175.dat
# (r2d470.dat also at benchmarks/car_mase_kirby/fft/r2d470.dat, same values to 4e-9, different formatting; it is the record used to drive the FUNWAVE wavemaker)
# Content: MEASURED surface elevation at the gauge in still-water depth h = 17.5 cm (file name r2dNNN = depth in mm; error_series.m: 'fnam(:,...)='r2d175.dat'' with
#   'h=[47 35 30 25 20 17.5 15 12.5 10 7.5 5 2.5]' in comp_mkskew.m and the plot labels 'h=35.0cm' ... 'h= 2.5cm' in comp_series.m).
# Column: (1) eta [cm], one sample per line, no time column.
#   Time step 0.05 s: error_series.m 'data_time=[0:length(gage_m)-1]*0.05;' and fft4wavemaker.m 'sample_frequency=0.05;' (used as the sampling interval, t=[0:..]*sample_frequency).
#   Units cm: fft4wavemaker.m 'scale_fac=0.01;' converts to m for the wavemaker; error_series.m compares std(data) with 'model(:,k-1)=gage(:,2)*100' (model m -> cm).
#   t = 0 at first sample; 15000 samples = 750 s. Time origin relative to wavemaker start is not documented.
# Geometry (FUNWAVE work/input.txt, model setup): 'DEPTH_FLAT = 0.47', 'SLP = 0.05' (1:20 slope), 'Xslp = 10.0' (slope toe at x = 10 m in the model frame), 'DX = 0.04'.
#   Model gauge positions (work/gauges_004.txt, grid index i, x=(i-1)*DX): 250 313 338 363 388 400 413 425 438 450 463 475 for h = 47 35 30 25 20 17.5 15 12.5 10 7.5 5 2.5 cm.
#   In a lab-independent form: gauge distance shoreward of the slope toe = (47 cm - h)/0.05 (follows from the stated depth and slope; lab x-coordinates are not in the repo).
# Waves: irregular; FUNWAVE uses 'PeakPeriod = 1.0' (spectrum details not stated in repo). Regular sampling -> original instrument record.
-1.59100
-1.62000
-1.38200
-0.700000
0.400000
1.87500
3.38400
4.07600
3.68100
2.47400
0.994000
-0.359000
-1.37700
-2.09200
-2.37000
-2.48700
-2.44800
-2.20000
-1.92700
-1.57600
-1.01200
-0.170000
0.531000
1.09600
1.61200
2.04100
2.28400
2.35200
2.18200
1.88000
1.38300
0.770000
0.127000
-0.384000
-0.812000
-1.15300
-1.39600
-1.46000
-1.52300
-1.57600
-1.49900
-1.37200
-1.19700
-0.827000
-0.277000
0.434000
1.22300
1.94300
2.50800
2.64900
2.36700
1.68500
0.804000
1.50000E-02
-0.637000
-1.13300
-1.31800
-1.42100
-1.58100
-1.65400
-1.62000
-1.47900
-1.29900
-1.00700
-0.559000
2.50000E-02
0.736000
1.56800
2.35700
2.85800
2.77600
2.29400
1.54400
0.687000
-0.111000
-0.871000
-1.48400
-1.79600
-2.05400
-2.31600
-2.30700
-2.23900
-2.13600
-1.94200
-1.64900
-1.13300
-0.286000
0.760000
1.95800
3.00900
3.50600
3.26300
2.59600
1.70000
0.726000
-8.70000E-02
-0.763000
-1.34300
-1.61500
-1.84400
-2.12700
-2.09200
-2.02900
-2.09700
-2.17500
-2.20400
-1.96600
-1.51800
-0.875000
8.80000E-02
1.37900
2.69800
3.42300
3.12100
2.20100
1.14500
0.215000
-0.505000
-1.02100
-1.36200
-1.33800
-1.43000
-1.34800
-1.11400
-0.734000
-0.330000
-9.70000E-02
6.90000E-02
0.278000
0.454000
0.522000
0.424000
0.259000
0.132000
0.127000
0.215000
0.332000
0.264000
6.40000E-02
-9.20000E-02
-9.20000E-02
-6.20000E-02
-0.150000
-0.320000
-0.252000
3.50000E-02
0.215000
0.166000
3.00000E-02
-0.160000
-0.243000
-4.30000E-02
0.415000
0.999000
1.60200
2.07500
2.15300
1.63700
0.702000
-0.286000
-1.08500
-1.84400
-2.64300
-3.14400
-3.30500
-3.31400
-3.01700
-2.36500
-1.52800
-4.00000E-03
2.05500
3.84200
3.62800
2.48800
1.34000
0.317000
-0.457000
-1.01200
-1.35300
-1.27500
-1.19700
-1.11900
-1.06500
-0.929000
-0.578000
-2.80000E-02
0.566000
1.11100
1.52900
1.50000
1.00900
0.239000
-0.549000
-1.22100
-1.66900
-1.84400
-1.88800
-1.63500
-1.12900
-0.340000
0.639000
1.81700
2.79000
3.30600
3.18900
2.57600
1.57800
0.366000
-0.720000
-1.65400
-2.29700
-2.59900
-2.77900
-2.64300
-2.34600
-2.01000
-1.48400
-0.632000
0.254000
1.02800
1.74400
2.21100
2.19200
1.83600
1.20300
0.590000
0.137000
1.10000E-02
9.80000E-02
9.80000E-02
-5.30000E-02
-0.325000
-0.432000
-0.549000
-0.681000
-0.768000
-0.827000
-0.924000
-0.836000
-0.540000
-0.228000
0.181000
0.658000
1.03800
1.20300
1.15000
0.965000
0.741000
0.473000
0.220000
1.10000E-02
-0.208000
-0.355000
-0.393000
-0.374000
-0.418000
-0.505000
-0.476000
-0.325000
-0.199000
-3.30000E-02
0.239000
0.473000
0.702000
0.877000
0.984000
0.955000
0.770000
0.493000
0.166000
-0.150000
-0.393000
-0.569000
-0.885000
-1.28400
-1.41100
-1.25500
-0.817000
-0.116000
0.746000
1.66100
2.37200
2.36700
1.77300
0.936000
0.215000
-0.364000
-0.812000
-1.10400
-1.31800
-1.62000
-1.66400
-1.61500
-1.47900
-1.20600
-0.836000
-0.320000
0.381000
1.17400
1.80700
1.96800
1.78700
1.45200
0.965000
0.410000
-4.30000E-02
-0.350000
-0.588000
-0.793000
-1.09400
-1.25000
-1.38700
-1.58100
-1.59600
-1.35300
-0.987000
-0.544000
-4.80000E-02
0.376000
0.736000
0.999000
1.15000
1.29600
1.49100
1.66600
1.71000
1.54400
1.14000
0.639000
0.181000
-0.208000
-0.569000
-1.12900
-1.77100
-2.14100
-2.25800
-2.37500
-2.39900
-2.19000
-1.66900
-0.958000
-6.20000E-02
0.994000
2.15300
3.00900
3.23300
2.80500
1.89500
0.872000
8.40000E-02
-0.486000
-0.987000
-1.32300
-1.55700
-1.79600
-1.75700
-1.61100
-1.26000
-0.773000
-0.452000
-7.20000E-02
0.351000
0.712000
0.848000
0.726000
0.415000
0.113000
-9.00000E-03
0.152000
0.493000
0.785000
1.02300
1.11100
1.14000
1.11600
0.970000
0.619000
0.181000
-0.267000
-0.617000
-0.841000
-0.963000
-0.934000
-0.768000
-0.428000
4.50000E-02
0.580000
1.11600
1.56400
1.67100
1.44700
0.916000
0.293000
-0.282000
-0.700000
-0.948000
-1.07500
-1.03600
-0.783000
-0.452000
-0.150000
9.30000E-02
0.254000
0.269000
0.118000
-4.80000E-02
-0.150000
-0.170000
-2.30000E-02
0.269000
0.731000
1.30100
1.77300
1.77300
1.32500
0.517000
-0.282000
-0.963000
-1.45500
-1.75700
-1.82500
-1.84400
-1.88800
-1.84900
-1.56700
-1.13800
-0.593000
-9.20000E-02
0.278000
0.580000
0.892000
1.20300
1.52500
1.65600
1.50000
1.11100
0.570000
-4.00000E-03
-0.627000
-1.26500
-1.81000
-2.22400
-2.43800
-2.36000
-2.16100
-1.84900
-1.23600
-0.389000
0.468000
1.15500
1.40800
1.22300
0.901000
0.658000
0.546000
0.507000
0.454000
0.200000
-0.131000
-0.656000
-1.18200
-1.49900
-1.63000
-1.47900
-1.07000
-0.340000
0.561000
1.54900
2.21600
2.09400
1.37400
0.420000
-0.335000
-0.856000
-1.19700
-1.33300
-1.41600
-1.41600
-1.22100
-0.754000
-0.135000
0.517000
1.14500
1.69500
2.05500
2.11800
1.87000
1.31000
0.570000
-0.208000
-0.939000
-1.49900
-1.77100
-1.77100
-1.61500
-1.24100
-0.627000
8.80000E-02
0.785000
1.42700
1.89000
2.06000
1.95800
1.70000
1.31000
0.863000
0.361000
-0.199000
-0.798000
-1.25000
-1.58100
-1.75700
-1.75200
-1.48900
-1.03600
-0.306000
0.707000
1.87500
2.86800
3.36000
3.28200
2.79500
1.84100
0.726000
-0.223000
-0.987000
-1.59100
-1.86400
-2.32100
-2.46200
-2.40400
-2.24800
-1.98500
-1.37700
-0.481000
0.765000
2.42000
4.11900
4.53800
3.38900
1.81200
0.429000
-0.549000
-1.26000
-1.97600
-2.21400
-2.29200
-2.23400
-2.05800
-1.73200
-1.38200
-0.905000
-0.301000
0.356000
0.848000
1.23200
1.59300
1.83600
1.75800
1.44200
0.926000
0.264000
-0.369000
-0.832000
-1.14300
-1.16300
-1.14300
-0.822000
-0.613000
-0.549000
-0.389000
-0.165000
1.00000E-03
-4.80000E-02
-0.277000
-0.501000
-0.617000
-0.613000
-0.491000
-0.277000
2.00000E-02
0.293000
0.536000
0.872000
1.26200
1.45600
1.29600
0.916000
0.527000
0.254000
0.147000
-4.80000E-02
-0.359000
-0.598000
-0.734000
-0.851000
-1.04600
-1.28400
-1.47900
-1.63500
-1.67400
-1.43000
-0.919000
7.90000E-02
1.84600
5.18500
4.58200
2.46900
0.809000
-0.505000
-1.46000
-2.12200
-2.52600
-2.66200
-2.63300
-2.31200
-2.00000
-1.41100
-0.651000
0.312000
1.46100
2.54200
2.96100
2.29400
1.13500
0.113000
-0.496000
-0.822000
-1.16800
-1.34300
-1.44000
-1.23600
-0.992000
-0.900000
-0.773000
-0.578000
-0.345000
1.50000E-02
0.527000
1.11100
1.46100
1.65600
1.56400
1.23700
0.765000
0.220000
-0.228000
-0.549000
-0.642000
-0.802000
-0.978000
-1.08000
-1.10900
-1.08000
-1.05600
-1.20200
-1.24100
-0.997000
-0.613000
-0.174000
0.390000
0.955000
1.27600
1.38800
1.48600
1.51500
1.42700
1.22800
1.01800
0.746000
0.488000
0.254000
-7.70000E-02
-0.442000
-0.651000
-0.788000
-1.02600
-1.41600
-1.88800
-2.20000
-2.43300
-2.29700
-1.99500
-1.32300
-0.160000
1.46600
3.84700
5.55500
4.69400
2.99500
1.40300
5.00000E-02
-1.07000
-1.89800
-2.24800
-2.37000
-2.44800
-2.46200
-2.42800
-2.10700
-1.67900
-1.31400
-0.720000
7.90000E-02
1.01300
1.98700
2.58100
2.51800
2.10900
1.57300
0.955000
0.410000
-9.70000E-02
-0.437000
-0.700000
-0.700000
-0.574000
-0.452000
-0.423000
-0.228000
5.40000E-02
0.171000
0.108000
-4.00000E-03
-0.126000
2.00000E-02
0.395000
0.765000
1.02300
1.12100
1.01800
0.775000
0.463000
0.171000
-8.20000E-02
-0.282000
-0.564000
-0.836000
-0.919000
-0.676000
-0.325000
-4.00000E-03
0.288000
0.605000
0.785000
0.838000
0.712000
0.390000
2.50000E-02
-0.462000
-0.773000
-0.992000
-1.15300
-1.25000
-1.20600
-0.944000
-0.462000
6.90000E-02
0.570000
1.10600
1.54400
1.56800
1.16400
0.522000
-0.160000
-0.856000
-1.46900
-1.81000
-1.70300
-1.46400
-1.24100
-0.910000
-0.462000
9.80000E-02
0.605000
1.01800
1.18900
0.994000
0.527000
2.00000E-02
-0.379000
-0.729000
-1.08000
-1.22100
-1.17200
-0.978000
-0.622000
-0.116000
0.351000
0.858000
1.28600
1.39800
1.19400
0.765000
0.288000
-9.20000E-02
-0.335000
-0.486000
-0.549000
-0.700000
-0.846000
-0.968000
-1.05100
-1.06500
-0.948000
-0.540000
1.03000E-01
0.897000
1.77300
2.70800
3.37000
3.44300
2.74600
1.58300
0.415000
-0.491000
-1.26500
-1.88800
-2.10200
-2.32600
-2.27700
-2.12700
-1.78600
-1.27900
-0.715000
9.30000E-02
1.10600
2.09900
2.63000
2.50300
2.02600
1.55400
1.29100
1.09600
0.824000
0.483000
-4.00000E-03
-0.593000
-1.24500
-1.95600
-2.38000
-2.56500
-2.45800
-2.03900
-1.27900
-0.150000
1.34400
3.39900
5.25800
3.55000
1.61200
0.123000
-0.968000
-1.64000
-2.17500
-2.20000
-2.23900
-2.02400
-1.77100
-1.47400
-1.06500
-0.423000
0.278000
0.999000
1.68000
2.25500
2.64400
2.79000
2.52300
1.84100
0.843000
-0.106000
-0.900000
-1.43500
-1.72200
-2.02900
-2.16100
-2.12200
-1.82500
-1.67400
-1.27900
-0.715000
-4.00000E-03
0.901000
1.68500
2.00200
1.72400
1.11100
0.463000
-0.111000
-0.637000
-1.04600
-0.851000
-0.593000
-3.30000E-02
0.434000
0.716000
0.872000
1.02300
1.17900
1.15500
0.809000
0.239000
-0.359000
-0.953000
-1.51800
-1.93700
-2.15100
-2.26800
-2.28700
-2.23900
-1.95600
-1.35300
-0.540000
0.385000
1.14500
1.44200
1.38300
1.19800
0.974000
0.843000
0.726000
0.454000
2.50000E-02
-0.466000
-0.895000
-1.25000
-1.58600
-1.77100
-1.88300
-1.87800
-1.88300
-1.76600
-1.27900
-0.617000
0.108000
0.741000
1.13000
1.15000
0.867000
0.536000
0.278000
8.40000E-02
-0.131000
-0.398000
-0.666000
-0.905000
-1.18700
-1.28400
-1.32800
-1.23100
-0.793000
-0.189000
0.463000
1.13000
1.57800
1.55900
1.09600
0.420000
-0.184000
-0.622000
-0.817000
-0.851000
-0.812000
-0.642000
-0.379000
-6.70000E-02
9.80000E-02
0.108000
3.00000E-02
-9.00000E-03
4.50000E-02
0.278000
0.561000
0.765000
0.940000
1.18400
1.46100
1.61700
1.44200
0.940000
0.273000
-0.345000
-0.749000
-1.06500
-1.31800
-1.35700
-1.18700
-0.875000
-0.447000
7.40000E-02
0.507000
0.901000
1.17400
1.29600
1.25700
1.22300
1.33500
1.44200
1.51000
1.56800
1.62200
1.53400
1.10100
0.395000
-0.335000
-0.968000
-1.45000
-1.84900
-2.15100
-2.22900
-2.13600
-1.84400
-1.33800
-0.569000
0.639000
2.33800
4.45000
5.43400
4.24600
2.45400
0.897000
-0.243000
-1.00700
-1.77600
-2.12200
-2.37500
-2.52100
-2.44300
-2.17000
-1.72200
-1.15300
-0.423000
0.454000
1.45600
2.51300
3.32600
3.20400
2.13800
0.809000
-0.325000
-1.11400
-1.73200
-1.95600
-1.69300
-1.42100
-0.788000
0.225000
1.34900
2.37200
2.57600
2.01600
1.14000
0.283000
-0.369000
-0.885000
-1.31400
-1.41600
-1.52300
-1.46400
-1.31800
-1.15300
-0.880000
-0.408000
0.293000
1.11600
1.93800
2.56200
2.67300
2.20600
1.47100
0.639000
-4.80000E-02
-0.690000
-1.40600
-1.96100
-2.29200
-2.50600
-2.38900
-2.08300
-1.74200
-1.35300
-0.807000
-0.208000
0.303000
0.775000
1.24200
1.72900
2.16200
2.41500
2.23000
1.58800
0.648000
-0.247000
-1.03600
-1.58100
-1.96600
-2.22900
-2.36500
-2.37500
-2.47200
-2.30200
-1.82500
-1.12400
-0.238000
0.828000
1.89000
2.54200
2.51800
1.94300
1.08200
0.166000
-0.598000
-1.18700
-1.63500
-1.77100
-1.89800
-1.80500
-1.46400
-1.06500
-0.617000
-6.20000E-02
0.507000
0.897000
0.974000
0.814000
0.595000
0.434000
0.356000
0.356000
0.424000
0.541000
0.673000
0.746000
0.707000
0.473000
-5.30000E-02
-0.744000
-1.39600
-1.88800
-2.24300
-2.46200
-2.37500
-2.09700
-1.53300
-0.540000
0.785000
2.55200
4.21200
4.51900
3.28200
1.74400
0.342000
-0.715000
-1.47400
-2.15600
-2.38000
-2.50600
-2.48200
-2.19500
-1.72700
-1.24100
-0.627000
0.113000
0.775000
1.16900
1.32500
1.23700
1.07700
0.824000
0.493000
0.181000
0.137000
0.415000
0.712000
0.897000
0.936000
0.780000
0.590000
0.356000
0.191000
0.186000
0.171000
5.90000E-02
-0.150000
-0.569000
-1.02600
-1.37700
-1.57600
-1.49900
-1.31400
-1.01200
-0.350000
0.507000
1.71400
2.95100
3.37400
2.82000
1.98200
1.22300
0.716000
0.249000
-0.160000
-0.359000
-0.617000
-1.10400
-1.50300
-1.78100
-1.84900
-1.65900
-1.23600
-0.559000
0.191000
1.12100
2.12800
2.76100
2.56600
1.77300
0.877000
0.220000
-0.204000
-0.476000
-0.540000
-0.335000
-0.194000
-7.70000E-02
-9.70000E-02
-8.70000E-02
-1.90000E-02
-4.30000E-02
-0.160000
-0.208000
-0.194000
-0.155000
-8.70000E-02
-2.80000E-02
1.10000E-02
3.00000E-02
-1.40000E-02
-6.20000E-02
6.00000E-03
0.210000
0.585000
0.974000
1.22800
1.23200
1.09600
0.843000
0.493000
-5.80000E-02
-0.617000
-0.973000
-1.21100
-1.52800
-1.80500
-1.88300
-1.73700
-1.58100
-1.44000
-1.11400
-0.564000
5.90000E-02
0.921000
2.01100
2.87800
2.97500
2.45900
1.50000
0.468000
-0.428000
-1.17200
-1.68800
-1.92200
-2.28200
-2.43300
-2.47200
-2.29700
-2.08300
-1.80500
-1.39600
-0.832000
-5.30000E-02
1.02300
2.33800
3.64200
4.19700
3.62300
2.32300
0.921000
-0.335000
-1.35700
-2.16500
-2.62800
-2.90100
-3.17800
-3.20700
-3.00300
-2.47700
-1.76100
-0.836000
0.269000
1.36400
2.46400
3.32100
3.54000
2.77100
1.38300
0.127000
-0.778000
-1.42100
-1.88300
-1.68800
-1.49400
-1.20200
-0.632000
-2.80000E-02
0.488000
0.936000
1.04300
0.892000
0.575000
0.181000
-0.170000
-0.471000
-0.608000
-0.525000
-0.301000
4.00000E-02
0.439000
0.926000
1.44700
1.86500
2.28900
2.39100
2.12300
1.32500
0.303000
-0.632000
-1.31800
-1.78600
-2.12200
-2.37000
-2.39400
-2.29700
-1.96100
-1.25000
-0.228000
0.979000
2.39100
3.59400
4.08500
3.97300
3.32100
2.51300
1.54400
0.381000
-0.725000
-1.59100
-2.14600
-2.53100
-3.12900
-3.39700
-3.57700
-3.65000
-3.44100
-2.93500
-2.20900
-1.01700
0.955000
3.93400
5.41400
4.40700
2.38100
0.765000
-0.345000
-0.997000
-1.55200
-1.73200
-1.77100
-1.83900
-1.88800
-1.82500
-1.64000
-1.28400
-0.953000
-0.681000
-0.510000
-0.540000
-0.530000
-0.384000
-0.150000
0.181000
0.600000
1.00900
1.22800
1.31500
1.35400
1.31000
1.15500
0.863000
0.337000
-0.272000
-0.798000
-1.20600
-1.45000
-1.46000
-1.41600
-1.41600
-1.40600
-1.25500
-0.992000
-0.681000
-0.320000
0.142000
0.570000
0.824000
0.940000
0.906000
0.799000
0.682000
0.488000
0.108000
-0.384000
-0.832000
-1.24100
-1.51300
-1.56200
-1.35700
-1.10900
-0.749000
-0.350000
0.118000
0.648000
1.19400
1.59300
1.52500
1.16400
0.585000
-1.90000E-02
-0.613000
-1.04600
-1.25000
-1.28900
-1.30900
-1.34300
-1.43000
-1.49900
-1.51800
-1.31800
-0.812000
-3.30000E-02
0.955000
2.18200
3.21400
3.36000
2.70800
1.55900
0.337000
-0.647000
-1.30900
-1.61100
-1.52300
-1.53700
-1.53700
-1.63500
-1.72700
-1.80500
-1.64900
-1.20200
-0.642000
2.00000E-02
0.819000
1.83100
2.81500
3.13100
2.40100
1.15500
3.50000E-02
-0.739000
-1.23100
-1.50800
-1.44000
-1.36200
-0.793000
1.03000E-01
0.989000
1.53400
1.60700
1.26200
0.527000
-0.311000
-1.02600
-1.52300
-1.78600
-1.64900
-1.41600
-0.681000
0.527000
1.87000
2.62000
2.30800
1.54900
0.853000
0.356000
4.50000E-02
-0.131000
-0.277000
-0.330000
-0.432000
-0.301000
-9.70000E-02
4.00000E-02
0.230000
0.517000
0.824000
0.989000
0.911000
0.566000
7.90000E-02
-0.428000
-0.715000
-0.715000
-0.442000
-2.30000E-02
0.322000
0.668000
0.911000
0.994000
0.974000
0.838000
0.668000
0.497000
0.522000
0.824000
1.30100
1.56800
1.38300
0.858000
0.244000
-0.311000
-0.856000
-1.22100
-1.46900
-1.58100
-1.43500
-1.09400
-0.510000
0.137000
0.974000
1.85600
2.45400
2.69300
2.51800
2.01100
1.17900
0.351000
-0.213000
-0.778000
-1.25500
-1.44000
-1.57200
-1.36700
-1.12400
-1.05100
-1.05600
-0.968000
-0.836000
-0.661000
-0.325000
0.181000
0.687000
0.999000
1.25200
1.46100
1.57800
1.36400
0.741000
-2.80000E-02
-0.763000
-1.33800
-1.72200
-1.84400
-1.91200
-1.75200
-1.46000
-1.05100
-0.583000
-0.262000
-0.140000
-0.150000
-0.228000
-0.282000
-0.291000
-0.350000
-0.452000
-0.413000
-0.121000
0.434000
1.04300
1.44700
1.57800
1.47100
1.17900
0.619000
-4.00000E-03
-0.559000
-0.890000
-0.997000
-1.11400
-1.34300
-1.59600
-1.69800
-1.64000
-1.48400
-1.29900
-1.07500
-0.666000
-0.131000
0.390000
0.833000
1.17400
1.38800
1.39800
1.27100
0.979000
0.605000
0.312000
0.176000
0.113000
9.30000E-02
5.00000E-02
1.50000E-02
1.50000E-02
-4.00000E-03
-0.150000
-0.544000
-1.05100
-1.44000
-1.55700
-1.38700
-1.11900
-0.734000
-0.238000
0.254000
0.799000
1.25700
1.45200
1.49500
1.44700
1.34000
1.11600
0.760000
0.449000
0.283000
8.80000E-02
-0.174000
-0.442000
-0.583000
-0.627000
-0.744000
-0.992000
-1.24100
-1.46000
-1.44000
-1.17700
-0.783000
-0.320000
0.220000
0.833000
1.41700
1.82200
1.84600
1.61700
1.34400
1.16900
1.12500
1.11600
0.994000
0.527000
-0.179000
-1.07000
-1.87800
-2.46700
-2.80300
-2.71600
-2.38900
-1.92200
-1.26500
-0.277000
0.877000
1.90900
2.28400
2.05000
1.52500
0.965000
0.551000
0.346000
0.356000
0.522000
0.867000
1.11100
1.09100
0.819000
0.303000
-0.364000
-1.00200
-1.45000
-1.79100
-2.04400
-2.12200
-2.04900
-1.88300
-1.52800
-0.890000
5.90000E-02
1.17400
2.20100
2.82400
2.85400
2.53700
1.99200
1.44700
0.950000
0.415000
-0.174000
-0.802000
-1.28900
-1.79100
-1.97600
-2.08800
-2.11700
-2.02900
-1.80500
-1.40600
-0.817000
-2.80000E-02
0.789000
1.40300
1.59800
1.44700
1.25200
1.28100
1.67100
2.12800
2.30300
1.98700
1.03300
-9.20000E-02
-1.02100
-1.64900
-2.01500
-2.21400
-2.28200
-2.21400
-1.92700
-1.54700
-0.905000
-0.106000
0.780000
1.85600
2.84900
3.24800
1.90400
0.273000
-0.880000
-1.50800
-1.95600
-1.96100
-1.58600
-1.26500
-0.666000
9.30000E-02
0.712000
1.03300
1.04300
0.945000
0.901000
0.926000
0.921000
0.746000
0.269000
-0.393000
-0.983000
-1.38200
-1.72200
-1.99500
-2.07800
-1.91200
-1.59100
-1.07000
-0.379000
0.308000
0.838000
1.36900
1.70500
1.75800
1.53400
1.04300
0.395000
-0.218000
-0.681000
-0.997000
-1.12900
-1.12400
-0.754000
-0.223000
0.366000
0.833000
0.906000
0.614000
0.142000
-0.418000
-0.866000
-1.05600
-0.958000
-0.832000
-0.496000
1.00000E-03
0.507000
0.867000
1.06700
0.970000
0.765000
0.556000
0.463000
0.468000
0.600000
0.887000
1.29600
1.40300
1.11600
0.405000
-0.413000
-1.18700
-1.84900
-2.35500
-2.47200
-2.24300
-1.82500
-1.09900
-0.228000
0.634000
1.29100
1.64600
1.77300
1.70000
1.60700
1.54900
1.50500
1.40800
1.25200
1.01800
0.775000
0.429000
-6.70000E-02
-0.632000
-1.16300
-1.62500
-1.97100
-2.25300
-2.42300
-2.39400
-2.08300
-1.39100
-0.170000
1.58300
3.92900
4.26000
3.27700
2.48400
1.89000
1.44200
1.10600
0.731000
0.308000
-0.126000
-0.481000
-1.04600
-1.70800
-2.28200
-2.62800
-2.76400
-2.83200
-2.77400
-2.52100
-1.94200
-1.03100
0.293000
2.15300
4.48900
5.72100
3.85600
2.07500
0.600000
-0.452000
-1.20200
-1.70300
-1.79100
-1.94600
-2.09700
-2.20400
-2.19500
-2.08800
-1.91200
-1.54700
-1.07000
-0.496000
0.181000
0.945000
1.70000
2.05000
1.87500
1.34400
0.746000
0.157000
-0.311000
-0.725000
-0.963000
-1.08500
-1.17200
-1.30900
-1.36700
-1.15800
-0.700000
-0.131000
0.658000
1.60200
2.38600
2.39100
1.69500
0.561000
-0.622000
-1.60600
-2.29700
-2.42800
-2.36000
-2.11200
-1.42100
-0.544000
0.351000
1.11100
1.52500
1.32000
0.843000
0.376000
0.123000
0.152000
0.351000
0.648000
1.00400
1.04800
0.979000
0.746000
0.366000
-5.80000E-02
-0.525000
-0.992000
-1.24100
-1.29900
-1.29900
-1.27900
-1.28900
-1.34300
-1.38200
-1.14800
-0.661000
-0.126000
0.561000
1.48600
2.52300
3.24800
3.25300
2.56200
1.43200
0.191000
-0.793000
-1.59100
-2.23400
-2.56500
-2.94900
-2.92000
-2.72500
-2.44300
-2.09200
-1.47400
-0.686000
0.113000
1.14000
2.35700
2.98000
2.69800
1.74400
0.726000
-3.30000E-02
-0.530000
-0.963000
-1.23600
-1.28400
-1.39100
-1.25500
-0.929000
-0.637000
-0.462000
-0.233000
0.118000
0.595000
1.13000
1.62200
2.03100
2.19600
1.99200
1.40300
0.488000
-0.515000
-1.39100
-1.95100
-2.18500
-2.31200
-2.30200
-1.90700
-1.30400
-0.564000
0.210000
1.09600
1.95800
2.51800
2.64900
2.42500
1.96800
1.41300
0.848000
0.308000
-0.384000
-0.885000
-1.15800
-1.10900
-1.01700
-0.836000
-0.325000
0.157000
0.512000
0.863000
1.15000
1.16900
0.916000
0.439000
-0.106000
-0.549000
-0.715000
-0.763000
-0.734000
-0.350000
0.342000
1.07700
1.75300
2.36200
2.78100
2.77100
2.44500
1.75800
0.936000
0.118000
-0.671000
-1.31800
-1.68800
-2.20000
-2.49200
-2.47700
-2.24800
-1.96600
-1.54200
-0.871000
-9.20000E-02
0.804000
1.77300
2.57100
3.16500
3.14600
2.40100
1.29100
0.264000
-0.544000
-1.18700
-1.63500
-1.79100
-2.03900
-2.03900
-1.89300
-1.70800
-1.44500
-1.03600
-0.447000
9.80000E-02
0.488000
0.794000
1.01800
1.10600
0.989000
0.775000
0.468000
0.225000
1.50000E-02
-0.150000
-0.374000
-0.642000
-0.963000
-1.25500
-1.46900
-1.52800
-1.45500
-1.25000
-0.827000
-0.316000
9.80000E-02
0.283000
0.200000
1.50000E-02
-0.228000
-0.510000
-0.846000
-1.04100
-1.03100
-0.856000
-0.559000
-0.131000
0.493000
1.17400
1.62200
1.67100
1.28100
0.527000
-0.282000
-0.944000
-1.53300
-2.04900
-2.36000
-2.29200
-2.04400
-1.65400
-1.11900
-0.393000
0.376000
1.05700
1.55400
1.77300
1.69500
1.59800
1.42200
1.04800
0.493000
-3.30000E-02
-0.403000
-0.656000
-1.03600
-1.39100
-1.56200
-1.47900
-1.29900
-0.968000
-0.296000
0.580000
1.49100
2.12300
1.92900
1.16900
0.376000
-0.208000
-0.564000
-0.666000
-0.350000
-0.106000
0.210000
0.570000
0.960000
1.26700
1.36400
1.24700
1.01300
0.653000
0.215000
-0.286000
-0.754000
-1.06000
-1.22100
-1.28400
-1.22600
-0.934000
-0.403000
0.191000
0.765000
1.21300
1.53400
1.60700
1.38300
0.814000
0.132000
-0.423000
-0.783000
-0.885000
-0.686000
-0.330000
6.90000E-02
0.439000
0.736000
0.843000
0.785000
0.658000
0.483000
0.254000
-1.90000E-02
-0.442000
-0.900000
-1.31800
-1.50300
-1.49900
-1.23600
-0.642000
0.215000
1.43200
2.95600
4.29000
4.33400
3.25300
1.77300
0.235000
-0.973000
-1.93200
-2.58400
-2.82800
-3.10000
-3.13400
-2.95900
-2.63800
-2.09200
-1.25500
-2.80000E-02
1.42700
2.74200
3.42300
3.33100
2.81500
2.05000
1.25200
0.678000
0.225000
-0.252000
-0.613000
-0.783000
-1.14800
-1.30400
-1.41600
-1.64000
-1.74700
-1.79100
-1.79600
-1.51800
-0.983000
-0.106000
1.04300
2.40100
3.38400
3.09700
1.92900
0.721000
-0.150000
-0.773000
-1.25000
-1.26500
-1.09000
-1.03100
-0.729000
-0.301000
-4.80000E-02
3.50000E-02
7.40000E-02
0.137000
0.249000
0.312000
0.283000
0.249000
0.142000
-4.30000E-02
-0.306000
-0.530000
-0.613000
-0.681000
-0.759000
-0.773000
-0.578000
-0.208000
5.40000E-02
0.137000
0.283000
0.497000
0.614000
0.629000
0.765000
0.892000
0.936000
0.780000
0.410000
-0.218000
-1.02600
-1.74200
-2.21400
-2.44800
-2.45300
-2.27700
-2.11700
-1.72700
-1.15300
-0.627000
-0.111000
0.390000
0.916000
1.34400
1.67100
2.01100
2.37200
2.42500
1.90900
0.789000
-0.423000
-1.36700
-1.99500
-2.30200
-2.31200
-2.39900
-2.31600
-2.17500
-1.92200
-1.61100
-1.24100
-0.827000
-0.355000
7.90000E-02
0.566000
1.05200
1.51500
1.94300
2.28900
2.33300
1.92900
1.23200
0.551000
4.50000E-02
-0.247000
-0.486000
-0.681000
-0.856000
-0.744000
-0.520000
-0.247000
4.50000E-02
0.317000
0.468000
0.390000
0.176000
-6.70000E-02
-0.247000
-0.306000
-0.286000
-0.213000
-5.80000E-02
0.235000
0.707000
1.24200
1.77800
2.16200
2.24000
2.06500
1.72400
1.30100
0.789000
0.259000
-0.199000
-0.603000
-0.992000
-1.48900
-2.07300
-2.51100
-2.75000
-2.63300
-2.20000
-1.49900
-0.535000
0.789000
2.71200
5.24400
5.18500
3.01900
1.20300
-0.204000
-1.08500
-1.57200
-1.72700
-1.79600
-1.66400
-1.44000
-1.14800
-0.788000
-0.432000
6.40000E-02
0.561000
0.955000
1.18900
1.37400
1.48100
1.46600
1.29100
0.979000
0.570000
0.176000
-0.204000
-0.617000
-0.948000
-1.27900
-1.46400
-1.43000
-1.31400
-0.885000
-0.306000
0.259000
0.687000
1.08600
1.36900
1.54900
1.55900
1.48100
1.33500
1.00900
0.541000
-1.90000E-02
-0.690000
-1.32300
-1.86400
-2.19500
-2.33100
-2.40900
-2.48200
-2.14600
-1.41100
-0.408000
0.785000
2.08000
2.63500
2.05000
0.897000
-0.350000
-1.33300
-1.81500
-2.11700
-2.03900
-1.88800
-1.43000
-0.593000
0.342000
1.15900
1.52000
1.44700
1.08600
0.566000
0.118000
-0.189000
-0.389000
-0.632000
-0.885000
-1.24100
-1.30900
-1.22600
-0.963000
-0.661000
-0.437000
-0.228000
6.00000E-03
0.132000
0.191000
0.200000
0.225000
0.390000
0.770000
1.26200
1.75800
2.06000
2.04100
1.63200
0.799000
-0.179000
-1.14300
-1.82500
-2.36000
-2.58900
-2.57000
-2.33600
-1.92700
-1.28900
-0.277000
1.12500
2.65400
3.47200
3.33100
2.50300
1.43200
0.454000
-0.208000
-0.608000
-0.939000
-1.03100
-1.24500
-1.34300
-1.22100
-0.929000
-0.569000
-0.140000
0.420000
1.14000
1.89500
2.45000
2.57100
2.21100
1.50000
0.760000
0.215000
-0.126000
-0.423000
-0.403000
-0.535000
-0.622000
-0.690000
-0.822000
-1.01700
-1.04600
-0.958000
-0.910000
-0.700000
-0.252000
0.264000
0.877000
1.56800
2.09400
2.26500
1.98200
1.34400
0.566000
-0.243000
-0.929000
-1.43500
-1.64900
-1.89300
-1.74700
-1.46000
-1.09400
-0.437000
0.531000
1.52500
2.33300
2.91700
2.82400
2.07500
0.936000
-0.131000
-1.00200
-1.61100
-1.89800
-1.93700
-1.94600
-1.88300
-1.66900
-1.14300
-0.510000
0.278000
1.38300
2.53200
3.21400
2.93100
1.89500
0.619000
-0.384000
-0.958000
-1.09900
-0.700000
-0.160000
0.303000
0.882000
1.34000
1.46100
0.955000
4.00000E-02
-0.846000
-1.48400
-1.86400
-1.92700
-1.88800
-1.71300
-1.27000
-0.613000
8.40000E-02
0.755000
1.29100
1.56800
1.67500
1.80200
1.71000
1.34900
0.755000
3.50000E-02
-0.613000
-1.07000
-1.30400
-1.45500
-1.53300
-1.35700
-1.05600
-0.729000
-0.462000
-0.194000
0.108000
0.376000
0.493000
0.502000
0.385000
0.118000
-0.257000
-0.608000
-0.793000
-0.846000
-0.861000
-0.783000
-0.491000
-7.70000E-02
0.458000
1.13500
1.66100
1.98200
1.91900
1.39300
0.566000
-0.247000
-0.948000
-1.59100
-2.12200
-2.44800
-2.76400
-2.97800
-2.93500
-2.57900
-1.99000
-0.910000
0.736000
2.72700
4.48900
4.73800
3.33600
1.58300
0.113000
-0.953000
-1.75700
-2.36000
-2.46200
-2.66200
-2.75900
-2.58400
-2.14600
-1.73200
-1.24500
-0.457000
0.434000
1.25200
1.78700
1.93400
1.81200
1.61700
1.46100
1.54400
1.82600
2.14800
1.97200
1.28600
0.303000
-0.681000
-1.55700
-2.16500
-2.64300
-2.87100
-2.90500
-2.75500
-2.45300
-1.99500
-1.20200
0.123000
1.69500
3.22800
3.93400
3.88100
3.45200
2.65400
1.63200
0.566000
-0.393000
-1.29400
-1.80000
-1.94200
-2.04900
-2.14600
-2.09200
-1.84400
-1.52300
-0.905000
-4.30000E-02
0.794000
1.66600
2.39600
2.71200
2.44000
1.75800
0.950000
0.205000
-0.350000
-0.778000
-1.05600
-1.14300
-1.33800
-1.21600
-1.12900
-0.856000
-0.476000
-3.80000E-02
0.405000
0.989000
1.73900
2.43000
2.79500
2.53200
1.64600
0.483000
-0.501000
-1.27900
-2.09700
-2.51100
-2.66700
-2.52100
-2.17500
-1.79600
-1.10900
-7.70000E-02
1.05200
2.30300
3.05300
2.91700
2.08900
1.05700
0.235000
-0.165000
-0.403000
-0.578000
-0.598000
-0.754000
-1.13300
-1.44500
-1.70300
-1.75200
-1.68400
-1.41600
-0.919000
-0.179000
0.780000
1.78700
2.67800
2.91200
2.50300
1.75300
0.936000
0.269000
-0.428000
-1.02600
-1.14300
-1.23600
-1.35300
-1.42600
-1.47900
-1.43000
-1.24500
-1.00700
-0.666000
-0.174000
0.444000
1.08200
1.62700
1.93800
2.10400
2.14800
2.07000
1.82200
1.30600
0.595000
-0.126000
-0.817000
-1.59100
-2.23900
-2.63800
-3.04200
-3.38700
-3.47500
-3.41700
-3.05100
-2.45800
-1.37200
0.449000
3.19400
6.47600
5.68700
3.43300
1.38800
-0.286000
-1.50300
-2.32600
-2.79300
-2.97400
-3.20700
-3.32400
-3.32400
-3.02700
-2.61800
-2.10200
-1.27500
-2.30000E-02
1.43700
2.95600
3.92500
3.56400
2.45400
1.16900
5.00000E-02
-0.812000
-1.43500
-1.84400
-1.77100
-1.81000
-1.58600
-1.26000
-0.948000
-0.588000
-0.267000
7.40000E-02
0.478000
0.955000
1.44700
1.87500
2.12800
2.05000
1.80700
1.42200
0.940000
0.424000
-8.70000E-02
-0.535000
-0.822000
-1.09400
-1.33300
-1.44000
-1.37700
-1.18200
-0.832000
-0.452000
-8.20000E-02
0.166000
0.634000
1.47600
2.52700
3.44300
3.75900
3.22400
2.00200
0.458000
-0.948000
-2.09700
-2.91500
-3.14900
-3.39200
-3.22200
-2.86200
-2.63800
-2.17500
-1.31800
-0.150000
0.824000
1.65600
2.37200
2.72700
2.73700
2.40100
1.70000
0.940000
0.269000
-0.277000
-0.666000
-0.953000
-1.12400
-1.36700
-1.39100
-1.41100
-1.45500
-1.38200
-1.20600
-0.948000
-0.588000
-0.316000
-0.111000
0.235000
0.799000
1.53900
2.31300
2.84400
2.81500
2.36700
1.61200
0.901000
0.342000
-0.116000
-0.520000
-0.754000
-0.997000
-1.37700
-1.72700
-1.92700
-2.06300
-2.09200
-1.95600
-1.80000
-1.60100
-1.34800
-0.783000
9.80000E-02
1.17900
2.33800
3.26300
3.65200
3.43800
2.58100
1.42200
0.312000
-0.622000
-1.32300
-1.60100
-1.58100
-1.86400
-1.84900
-1.74200
-1.36200
-0.841000
-0.345000
5.40000E-02
0.230000
0.196000
0.108000
4.00000E-02
-3.80000E-02
-0.170000
-0.398000
-0.686000
-0.910000
-0.822000
-0.369000
0.439000
1.29100
2.13800
2.88800
2.84900
2.07000
0.911000
-0.165000
-1.00200
-1.56200
-1.82000
-1.88300
-1.92200
-1.75700
-1.70800
-1.55700
-1.09400
-0.418000
1.03000E-01
0.356000
0.483000
0.585000
0.585000
0.478000
0.303000
0.269000
0.493000
0.824000
1.02800
1.12500
0.979000
0.721000
0.371000
-4.00000E-03
-0.442000
-0.812000
-0.900000
-0.656000
-0.306000
5.90000E-02
0.264000
0.264000
0.147000
-3.30000E-02
-0.316000
-0.574000
-0.700000
-0.661000
-0.408000
4.50000E-02
0.434000
0.590000
0.648000
0.736000
0.780000
0.673000
0.458000
0.152000
-0.170000
-0.423000
-0.530000
-0.462000
-0.301000
-0.126000
0.113000
0.390000
0.595000
0.678000
0.673000
0.575000
0.342000
9.30000E-02
-4.80000E-02
-1.01000E-01
-0.150000
-0.282000
-0.408000
-0.471000
-0.476000
-0.350000
-0.170000
-0.140000
-0.247000
-0.320000
-0.223000
5.90000E-02
0.541000
1.11600
1.62700
1.96300
2.00200
1.73400
1.16400
0.400000
-0.398000
-1.12900
-1.54700
-1.74700
-1.74700
-1.68400
-1.71300
-1.50800
-0.968000
-0.345000
0.278000
0.853000
1.33500
1.57300
1.65600
1.66100
1.58800
1.43700
1.12100
0.643000
0.225000
-8.70000E-02
-0.457000
-0.929000
-1.38700
-1.75200
-1.87300
-1.96100
-1.99500
-1.80500
-1.41600
-0.836000
5.90000E-02
1.14500
2.28900
3.10700
3.09700
2.27400
1.18400
0.137000
-0.695000
-1.30400
-1.62000
-1.48400
-1.49400
-1.47400
-1.31400
-0.778000
-1.90000E-02
0.653000
0.955000
0.746000
0.351000
5.90000E-02
5.00000E-02
0.273000
0.600000
1.11600
1.71000
2.14300
2.15700
1.77800
0.843000
-0.204000
-1.03600
-1.71800
-2.31600
-2.67700
-2.88600
-2.77900
-2.30200
-1.34800
5.90000E-02
1.94300
4.50900
5.93000
3.93900
1.86000
0.157000
-1.11400
-1.86900
-2.43300
-2.68600
-3.11000
-3.25600
-3.18300
-3.07600
-2.86700
-2.36500
-1.53300
-0.286000
1.45600
3.48600
4.84500
4.40200
2.95100
1.48600
0.230000
-0.705000
-1.48400
-2.07300
-2.24800
-2.35000
-2.29200
-2.15100
-2.13100
-2.18000
-2.08300
-1.78600
-1.36700
-0.598000
0.356000
1.52900
2.89700
3.88600
3.86600
2.34200
0.658000
-0.569000
-1.37700
-2.01000
-2.20000
-1.92700
-1.72700
-1.49400
-1.19700
-0.910000
-0.583000
-0.320000
-0.252000
-0.369000
-0.442000
-0.316000
-2.30000E-02
0.371000
0.838000
1.14500
1.35400
1.29100
1.02300
0.619000
0.137000
-0.428000
-0.944000
-1.17700
-1.10400
-1.12400
-1.18700
-1.14800
-0.856000
-0.559000
-0.272000
8.40000E-02
0.463000
0.794000
0.906000
0.770000
0.478000
1.03000E-01
-0.208000
-0.442000
-0.627000
-0.778000
-0.866000
-0.783000
-0.832000
-0.807000
-0.549000
-0.116000
0.566000
1.39300
1.90900
1.96300
1.57300
0.838000
0.147000
-0.379000
-0.875000
-1.46900
-1.80500
-1.93200
-1.77600
-1.36200
-0.661000
0.235000
1.28600
2.20600
2.61500
2.33300
1.69500
0.974000
0.303000
-0.223000
-0.588000
-0.890000
-1.06500
-1.42600
-1.51800
-1.57200
-1.52300
-1.24100
-0.841000
-0.165000
0.741000
1.71400
2.51800
2.84900
2.50300
1.83600
1.06200
0.303000
-0.418000
-1.00700
-1.29900
-1.43500
-1.57600
-1.49900
-1.17700
-0.807000
-0.403000
4.50000E-02
0.512000
0.970000
1.28600
1.40300
1.29100
1.14500
0.999000
0.760000
0.468000
0.137000
1.50000E-02
3.00000E-02
6.40000E-02
-1.40000E-02
-0.355000
-0.725000
-0.919000
-0.924000
-0.905000
-0.793000
-0.588000
-0.330000
5.90000E-02
0.731000
1.46100
1.86000
1.70500
1.21300
0.678000
0.235000
-0.135000
-0.325000
-0.140000
1.10000E-02
0.123000
0.269000
0.371000
0.327000
0.127000
-0.252000
-0.671000
-0.987000
-1.09400
-1.06500
-0.963000
-0.700000
-0.369000
0.142000
0.809000
1.51500
2.15700
2.59100
2.74600
2.62000
2.26000
1.66100
0.824000
-0.140000
-1.07000
-1.80000
-2.38500
-2.77400
-3.06600
-3.22700
-3.12000
-2.66700
-1.93200
-0.875000
0.493000
2.01600
3.23800
3.44300
2.55200
1.23700
0.108000
-0.598000
-1.06000
-1.31800
-1.15800
-0.963000
-0.720000
-0.408000
-5.80000E-02
0.264000
0.376000
0.278000
5.90000E-02
-0.165000
-0.398000
-0.627000
-0.861000
-1.05600
-1.06500
-0.992000
-0.875000
-0.622000
-0.223000
0.264000
0.901000
1.59800
2.13800
2.46400
2.24000
1.40800
0.288000
-0.666000
-1.43500
-2.08800
-2.50100
-2.71600
-2.71100
-2.44300
-2.02900
-1.39600
-0.564000
0.566000
1.79200
2.71200
2.81500
2.38600
1.56400
0.614000
-0.184000
-0.807000
-1.12900
-1.11900
-0.929000
-0.841000
-0.505000
-0.257000
-0.165000
-0.204000
-0.423000
-0.656000
-0.832000
-0.875000
-0.749000
-0.505000
3.50000E-02
0.804000
1.72900
2.46400
2.57600
1.97700
0.872000
-0.140000
-0.793000
-1.18200
-1.25000
-1.01200
-0.768000
-0.481000
-0.296000
-0.150000
2.50000E-02
0.200000
0.371000
0.468000
0.458000
0.376000
0.210000
-1.40000E-02
-0.174000
-0.330000
-0.486000
-0.535000
-0.466000
-0.262000
0.113000
0.629000
1.20300
1.62700
1.74400
1.52000
1.15500
0.785000
0.483000
0.186000
-4.80000E-02
-0.267000
-0.501000
-0.705000
-0.822000
-0.997000
-1.25500
-1.24500
-1.06000
-0.807000
-0.540000
-0.238000
0.152000
0.556000
0.838000
1.01300
1.19800
1.43700
1.64100
1.65600
1.42200
0.955000
0.424000
1.50000E-02
-0.286000
-0.647000
-1.01200
-1.27900
-1.46900
-1.60100
-1.60600
-1.45000
-1.25000
-0.992000
-0.651000
-0.184000
0.346000
0.843000
1.13500
1.15500
1.03800
0.858000
0.682000
0.570000
0.648000
0.960000
1.35900
1.51000
1.26700
0.614000
-0.165000
-0.978000
-1.62500
-2.02400
-2.20000
-2.43800
-2.62300
-2.67700
-2.47700
-2.15100
-1.47400
-0.447000
0.789000
2.08000
3.08200
3.53000
3.34500
2.46400
1.01300
-0.428000
-1.49900
-2.15600
-2.48700
-2.57400
-2.57400
-2.27700
-1.88800
-1.33800
-0.481000
0.531000
1.68000
2.62500
2.62000
1.71400
0.507000
-0.423000
-1.05600
-1.44500
-1.49900
-1.32800
-1.10900
-0.866000
-0.651000
-0.316000
0.161000
0.858000
1.76300
2.47900
2.49800
1.64100
0.634000
-7.20000E-02
-0.520000
-0.759000
-0.817000
-0.651000
-0.569000
-0.540000
-0.598000
-0.695000
-0.885000
-1.15800
-1.40100
-1.37200
-0.948000
-0.189000
0.799000
2.02600
2.98000
2.84400
2.02600
1.05700
0.239000
-0.413000
-0.841000
-1.06000
-0.871000
-0.705000
-0.481000
-0.252000
-0.145000
-0.111000
-2.30000E-02
0.108000
0.322000
0.551000
0.590000
0.502000
0.371000
0.196000
3.50000E-02
-0.150000
-0.413000
-0.695000
-0.944000
-1.03100
-0.875000
-0.476000
0.200000
1.15500
2.23000
2.99000
2.72700
1.23200
-0.208000
-1.24100
-1.84400
-2.18000
-2.10200
-1.85900
-1.40100
-0.754000
6.00000E-03
0.746000
1.23200
1.38300
1.14500
0.619000
-1.90000E-02
-0.598000
-1.05100
-1.22600
-1.13800
-0.788000
-0.301000
0.200000
0.527000
0.721000
0.867000
1.05700
1.33000
1.64600
1.58300
1.20300
0.527000
-0.204000
-1.00700
-1.72700
-2.26300
-2.64700
-2.76400
-2.53500
-2.01900
-1.22100
-0.184000
1.02800
2.25500
2.90200
3.00900
2.87300
2.49800
1.90400
1.14500
0.351000
-0.466000
-1.25500
-1.72700
-2.02900
-2.19500
-2.27700
-2.29700
-2.12200
-1.83000
-1.41100
-0.773000
0.176000
1.30600
2.46400
3.34000
3.37400
2.56600
1.35900
0.254000
-0.389000
-0.763000
-0.987000
-0.695000
-0.496000
-0.335000
-0.204000
-0.155000
-0.238000
-0.423000
-0.642000
-0.875000
-1.07000
-1.13800
-0.968000
-0.588000
-0.189000
0.113000
0.346000
0.643000
0.979000
1.27100
1.52500
1.66100
1.69500
1.60200
1.28600
0.760000
0.108000
-0.540000
-1.07500
-1.47900
-1.95100
-2.28700
-2.40400
-2.38900
-2.28700
-2.06800
-1.61100
-0.812000
0.332000
1.81200
3.30100
4.42600
3.68600
1.87000
0.269000
-0.895000
-1.76100
-2.38900
-2.39900
-2.31200
-2.07300
-1.51800
-0.729000
0.205000
0.955000
1.33000
1.15500
0.682000
0.210000
-0.194000
-0.564000
-0.676000
-0.520000
-0.267000
3.50000E-02
0.449000
0.838000
1.01300
0.984000
0.921000
0.863000
0.814000
0.712000
0.517000
0.147000
-0.364000
-0.880000
-1.27900
-1.64900
-1.95100
-2.05400
-1.79100
-1.29900
-0.715000
6.40000E-02
1.02800
1.98200
2.41100
2.24000
1.90900
1.35900
0.648000
-0.111000
-0.875000
-1.47900
-1.88300
-2.30700
-2.35000
-2.10700
-1.66900
-1.00200
5.40000E-02
1.30600
2.51300
3.00900
2.77100
2.08000
1.04300
-3.80000E-02
-0.953000
-1.64500
-2.05400
-2.27300
-2.48700
-2.34600
-1.90300
-1.07500
0.157000
1.34900
2.12800
2.20600
1.91400
1.56400
1.30600
1.10100
0.906000
0.716000
0.609000
0.648000
0.575000
0.332000
-3.30000E-02
-0.515000
-0.910000
-1.14300
-1.34800
-1.60100
-1.67400
-1.61500
-1.61500
-1.52800
-1.16300
-0.530000
0.259000
1.06700
1.90400
2.64900
3.18500
2.90700
2.06000
1.08600
0.346000
-0.179000
-0.642000
-0.924000
-0.983000
-1.25500
-1.45500
-1.55200
-1.57600
-1.51800
-1.46000
-1.26000
-0.812000
-0.179000
0.415000
0.950000
1.38300
1.59800
1.49100
1.22300
0.863000
0.590000
0.449000
0.527000
0.712000
0.687000
0.493000
0.181000
-4.30000E-02
-0.135000
-0.116000
1.00000E-03
0.157000
0.356000
0.551000
0.629000
0.624000
0.575000
0.322000
-0.150000
-0.695000
-1.20200
-1.54700
-1.61500
-1.43000
-0.992000
-0.398000
0.337000
1.25200
2.18200
2.74200
2.80500
2.56200
2.14800
1.52500
0.707000
-0.311000
-1.40100
-2.35500
-2.86700
-3.31400
-3.40200
-3.28500
-3.02200
-2.57000
-1.83900
-0.846000
0.424000
1.68500
2.53200
2.77100
2.52700
1.85600
1.05200
0.376000
-0.150000
-0.627000
-0.963000
-1.05100
-1.26000
-1.43000
-1.41600
-1.41600
-1.29900
-1.11900
-0.861000
-0.564000
-0.252000
0.108000
0.556000
1.01800
1.43700
1.67100
1.55400
1.15900
0.624000
6.40000E-02
-0.520000
-1.07500
-1.45000
-1.62500
-1.48900
-1.20600
-0.832000
-0.384000
0.152000
0.668000
1.03300
1.32500
1.36400
1.05700
0.376000
-0.432000
-1.11400
-1.51800
-1.58600
-1.46000
-1.12900
-0.501000
0.317000
1.03300
1.30600
1.14000
0.648000
0.123000
-0.277000
-0.627000
-0.953000
-1.07500
-1.14800
-1.02100
-0.656000
-0.189000
0.346000
0.916000
1.36400
1.54400
1.42700
0.979000
0.434000
-5.30000E-02
-0.501000
-0.817000
-0.934000
-0.788000
-0.442000
-1.40000E-02
0.342000
0.639000
0.741000
0.561000
0.186000
-0.150000
-0.345000
-0.496000
-0.681000
-0.749000
-0.705000
-0.476000
-4.30000E-02
0.590000
1.53400
2.63900
3.33100
3.02900
2.06000
0.916000
-1.40000E-02
-0.681000
-1.12900
-1.29900
-1.29900
-1.28900
-1.21100
-1.20600
-1.21600
-1.19700
-1.21100
-1.21100
-0.997000
-0.413000
0.585000
1.97700
3.46200
4.19200
3.86100
2.78100
1.52500
0.410000
-0.413000
-1.03100
-1.51300
-1.58100
-1.78100
-1.97100
-2.02400
-1.97100
-1.93700
-1.86400
-1.78600
-1.75700
-1.51800
-0.968000
-5.30000E-02
1.35900
3.11200
4.49900
4.70800
3.41800
1.86000
0.434000
-0.725000
-1.56200
-2.35500
-2.69100
-3.01700
-3.22700
-3.14900
-2.91500
-2.53500
-2.02900
-1.46000
-0.583000
0.600000
1.91400
3.04300
3.50600
3.09200
2.14300
1.02300
0.123000
-0.462000
-0.851000
-1.03100
-1.09000
-1.26000
-1.15800
-1.13300
-1.07500
-0.851000
-0.642000
-0.632000
-0.574000
-0.316000
0.230000
0.970000
1.75300
2.40600
2.75600
2.54200
1.74900
0.619000
-0.296000
-1.06000
-1.76100
-2.01500
-2.15600
-1.99000
-1.71800
-1.32300
-0.963000
-0.535000
1.10000E-02
0.614000
1.16400
1.43200
1.37400
1.05200
0.556000
0.161000
-3.30000E-02
-1.01000E-01
-5.80000E-02
5.00000E-02
0.191000
0.220000
-3.30000E-02
-0.564000
-1.10900
-1.51800
-1.75200
-1.86400
-1.72700
-1.31800
-0.681000
0.303000
1.34900
1.84100
1.63200
0.960000
0.157000
-0.447000
-0.754000
-0.851000
-0.690000
-0.335000
-0.223000
-0.213000
-0.213000
-0.282000
-0.403000
-0.491000
-0.525000
-0.447000
-9.70000E-02
0.312000
0.551000
0.483000
0.293000
0.166000
0.137000
0.210000
0.327000
0.439000
0.434000
0.293000
5.90000E-02
-0.291000
-0.715000
-1.14300
-1.40100
-1.42100
-1.27000
-0.948000
-0.374000
0.405000
1.41700
2.45900
3.18500
2.70800
1.27100
-5.30000E-02
-1.00700
-1.67400
-2.02400
-1.83900
-1.53300
-0.987000
-0.306000
0.527000
1.40300
2.04100
2.12300
1.77800
1.14500
0.449000
-0.135000
-0.515000
-0.637000
-0.559000
-0.403000
-0.179000
1.10000E-02
6.90000E-02
1.00000E-03
-7.20000E-02
-0.126000
-6.70000E-02
9.80000E-02
0.351000
0.721000
1.11600
1.55400
1.92900
1.98700
1.75300
1.27100
0.716000
0.161000
-0.277000
-0.574000
-0.768000
-0.895000
-0.861000
-0.744000
-0.661000
-0.588000
-0.476000
-0.243000
6.40000E-02
0.395000
0.785000
1.10100
1.29600
1.26200
1.07700
0.697000
0.278000
-8.20000E-02
-0.301000
-0.398000
-0.403000
-0.345000
-0.135000
7.90000E-02
0.215000
0.420000
0.648000
0.882000
1.07200
1.15000
1.14000
1.02300
0.819000
0.493000
-3.30000E-02
-0.749000
-1.37200
-1.75200
-1.96100
-2.05800
-2.14100
-2.12200
-1.69800
-0.924000
0.108000
1.69000
5.06900
4.18300
2.90200
1.24700
-7.20000E-02
-0.948000
-1.47400
-2.17500
-2.41400
-2.56000
-2.41400
-1.92200
-1.47400
-1.10900
-0.729000
-0.369000
-0.204000
-5.30000E-02
0.215000
0.400000
0.527000
0.789000
1.15500
1.70000
2.09900
2.08400
1.80200
1.23700
0.536000
-0.247000
-1.06000
-1.69800
-2.20900
-2.42300
-2.52100
-2.61300
-2.48700
-2.02900
-1.38200
-0.535000
0.712000
2.24500
3.52100
3.90500
3.27200
2.40600
1.40800
0.269000
-0.851000
-1.79100
-2.26300
-2.44300
-2.75900
-3.13400
-3.07600
-2.95900
-2.62300
-1.84400
-0.520000
1.53400
4.56200
5.99800
4.14400
2.51800
1.11600
-2.30000E-02
-0.851000
-1.75200
-2.26800
-2.41900
-2.60400
-2.70100
-2.68600
-2.50600
-2.07300
-1.53300
-0.866000
-0.131000
0.682000
1.77300
2.61000
2.88800
2.70300
2.21100
1.57800
0.789000
6.90000E-02
-0.578000
-1.18200
-1.50300
-1.91700
-2.03900
-2.02900
-1.82500
-1.53300
-1.26500
-0.827000
-0.170000
0.585000
1.12100
1.47600
1.68500
1.57800
1.11100
0.434000
-0.199000
-0.642000
-0.812000
-0.895000
-0.856000
-0.501000
-4.30000E-02
0.278000
0.293000
0.127000
-0.121000
-0.437000
-0.647000
-0.763000
-0.798000
-0.666000
-0.369000
2.50000E-02
0.278000
0.420000
0.449000
0.332000
0.196000
3.50000E-02
-7.20000E-02
-5.30000E-02
5.90000E-02
0.254000
0.264000
0.191000
4.50000E-02
-0.140000
-0.544000
-0.934000
-1.08000
-1.08000
-0.832000
-0.491000
-3.80000E-02
0.439000
0.799000
1.12500
1.19400
0.877000
0.361000
-0.272000
-0.861000
-1.21100
-1.37200
-1.17700
-0.720000
-0.228000
0.273000
0.901000
1.51500
1.76300
1.52000
1.08200
0.609000
9.30000E-02
-0.442000
-0.861000
-1.13800
-1.20600
-1.17700
-0.978000
-0.773000
-0.798000
-0.983000
-1.10400
-1.09000
-0.754000
-0.208000
0.434000
1.09100
1.59300
1.98200
1.98200
1.58300
1.03300
0.410000
-0.170000
-0.637000
-0.851000
-0.968000
-1.00700
-0.973000
-0.895000
-0.715000
-0.442000
-1.40000E-02
0.230000
0.166000
2.00000E-02
-0.170000
-0.335000
-0.423000
-0.496000
-0.476000
-0.418000
-0.223000
0.142000
0.746000
1.40300
1.94300
2.19600
1.88000
1.17400
0.356000
-0.272000
-0.651000
-0.948000
-1.40600
-1.82500
-1.86400
-1.65400
-1.40100
-1.18200
-0.910000
-0.481000
9.80000E-02
0.751000
1.49100
2.18200
2.61000
2.44000
1.73900
0.780000
1.10000E-02
-0.403000
-0.715000
-0.871000
-1.03100
-0.822000
-0.379000
2.00000E-02
0.244000
0.434000
0.575000
0.507000
0.293000
2.00000E-02
-0.277000
-0.520000
-0.729000
-0.739000
-0.496000
1.10000E-02
0.809000
1.81700
2.64400
2.99500
2.69800
2.05000
1.25700
0.444000
-0.272000
-0.992000
-1.53700
-1.90700
-2.38900
-2.59400
-2.61300
-2.51100
-2.12200
-1.40600
-0.272000
1.13500
2.39600
2.96600
2.90200
2.55700
1.91900
1.05700
0.166000
-0.588000
-1.22600
-1.71300
-1.83400
-1.89300
-1.64000
-1.25500
-0.856000
-0.359000
0.161000
0.536000
0.824000
1.05200
1.15000
0.984000
0.653000
0.161000
-0.413000
-0.875000
-1.04100
-0.895000
-0.598000
-1.01000E-01
0.527000
1.03300
1.23700
1.05700
0.697000
0.278000
-0.213000
-0.720000
-1.13800
-1.32800
-1.46400
-1.44000
-1.32300
-0.968000
-0.379000
0.200000
0.697000
1.02800
1.23700
1.26200
1.04300
0.595000
2.50000E-02
-0.525000
-0.817000
-0.910000
-0.924000
-0.900000
-0.598000
-0.252000
5.00000E-02
0.273000
0.590000
0.804000
0.838000
0.673000
0.264000
-0.277000
-0.812000
-1.27000
-1.46400
-1.49900
-1.51800
-1.30400
-0.871000
-0.325000
0.288000
1.03300
1.90400
2.48800
2.75100
2.58100
1.95300
1.17900
0.454000
-0.228000
-0.822000
-1.37700
-1.73200
-2.12200
-2.38500
-2.61800
-2.56500
-2.33600
-2.12200
-1.69300
-1.04100
-0.267000
0.785000
2.16200
3.44800
3.88100
3.07800
1.89500
0.687000
-0.267000
-0.973000
-1.46900
-1.65900
-1.78600
-1.65400
-1.25500
-0.836000
-0.447000
-0.170000
-0.199000
-0.413000
-0.666000
-0.885000
-1.02100
-0.939000
-0.554000
9.80000E-02
0.994000
2.07500
3.08200
3.41300
2.77100
1.65600
0.410000
-0.637000
-1.51300
-2.15600
-2.43300
-2.68200
-2.54000
-2.44800
-2.16500
-1.58600
-0.798000
0.312000
1.59800
2.60500
2.86800
2.50300
1.75300
0.682000
-0.311000
-1.02600
-1.56200
-1.79600
-1.84900
-1.48900
-0.983000
-0.121000
1.07700
2.10900
2.38600
2.04500
1.26200
0.415000
-0.208000
-0.515000
-0.681000
-0.564000
-0.408000
-8.20000E-02
1.03000E-01
5.90000E-02
-0.184000
-0.369000
-0.320000
-0.247000
-0.111000
0.308000
0.897000
1.37400
1.57300
1.53400
1.24200
0.731000
0.215000
-0.204000
-0.505000
-0.574000
-0.627000
-0.486000
-0.174000
5.00000E-02
0.191000
0.259000
0.259000
0.157000
7.90000E-02
-3.80000E-02
-0.208000
-0.423000
-0.462000
-0.510000
-0.496000
-0.340000
-0.106000
0.346000
1.03300
1.69500
2.00700
1.79700
0.999000
0.181000
-0.330000
-0.632000
-0.827000
-0.846000
-0.929000
-0.948000
-0.846000
-0.802000
-0.856000
-0.929000
-1.06500
-1.23100
-1.27500
-1.12900
-0.832000
-0.364000
0.308000
1.16400
1.77300
1.81200
1.45600
0.882000
0.366000
2.50000E-02
-0.252000
-0.389000
-0.389000
-0.165000
-0.150000
-0.238000
-0.496000
-0.788000
-0.934000
-1.02600
-1.17200
-1.42100
-1.54700
-1.51800
-1.32300
-0.968000
-0.296000
0.731000
2.27900
4.25600
5.17100
3.77400
1.95800
0.366000
-0.798000
-1.35300
-1.75200
-1.68800
-1.56700
-1.32300
-1.10900
-0.978000
-0.841000
-0.715000
-0.578000
-0.486000
-0.428000
-0.359000
-0.199000
0.142000
0.760000
1.61700
2.65900
3.50600
3.73500
3.06300
2.08400
0.989000
0.176000
-0.418000
-0.885000
-0.987000
-1.18700
-1.21600
-1.03600
-0.924000
-0.910000
-0.968000
-1.03100
-1.03100
-1.09000
-1.15800
-0.987000
-0.598000
0.181000
1.37900
2.95100
4.69400
4.80600
3.06800
1.33000
-0.150000
-1.09900
-1.69800
-2.14100
-2.38900
-2.52600
-2.53100
-2.40400
-2.07300
-1.57200
-1.14300
-0.768000
-0.320000
0.137000
0.726000
1.39800
1.87500
1.95300
1.71000
1.28600
0.848000
0.327000
-0.111000
-0.413000
-0.442000
-0.437000
-0.622000
-0.983000
-1.24100
-1.41600
-1.48400
-1.48400
-1.49900
-1.39100
-1.04600
-0.574000
3.50000E-02
0.658000
1.32500
1.77300
1.77800
1.22300
0.415000
-0.262000
-0.895000
-1.37200
-1.52300
-1.47400
-1.58100
-1.59100
-1.28400
-0.759000
-0.208000
0.142000
0.283000
0.200000
7.40000E-02
-6.70000E-02
-0.165000
-0.194000
-0.111000
5.00000E-02
0.308000
0.624000
0.819000
0.707000
0.395000
-0.131000
-0.695000
-1.26000
-1.69300
-2.01500
-2.17000
-2.09700
-1.83900
-1.35300
-0.530000
0.381000
1.34000
2.07500
2.13800
1.77300
1.33500
0.926000
0.546000
0.166000
-0.208000
-0.617000
-1.03100
-1.43000
-1.72700
-1.88300
-1.84400
-1.81000
-1.58100
-1.18700
-0.564000
0.181000
0.999000
1.66100
1.92900
1.70500
1.23200
0.746000
0.322000
3.50000E-02
-0.150000
-0.296000
-0.413000
-0.540000
-0.286000
0.200000
0.877000
1.59300
2.15300
2.43500
2.40100
2.06000
1.30600
0.283000
-0.715000
-1.54700
-2.13100
-2.54500
-2.77400
-2.66700
-2.35000
-2.01000
-1.29900
-0.228000
1.15000
2.78500
4.45500
5.25800
4.69900
3.34500
1.90400
0.580000
-0.408000
-1.28400
-1.88800
-2.15600
-2.41900
-2.68600
-2.81800
-2.95400
-2.83700
-2.51100
-2.02900
-1.25500
-0.359000
0.965000
2.38100
3.09700
2.82400
2.19200
1.32500
0.561000
0.152000
6.00000E-03
0.152000
0.566000
0.721000
0.590000
0.337000
-6.20000E-02
-0.608000
-1.10900
-1.39100
-1.56200
-1.51300
-1.16300
-0.686000
-0.126000
0.371000
0.848000
1.33500
1.70000
1.82600
1.59800
1.10100
0.531000
0.166000
-6.20000E-02
-0.252000
-0.340000
-0.535000
-0.613000
-0.647000
-0.564000
-0.432000
-0.350000
-0.213000
-8.20000E-02
-4.30000E-02
6.00000E-03
-4.30000E-02
-3.80000E-02
0.176000
0.697000
1.27600
1.72900
1.77300
1.39300
0.712000
-4.00000E-03
-0.715000
-1.34300
-1.85900
-2.09200
-2.14100
-1.80500
-1.45500
-1.08500
-0.593000
-5.80000E-02
0.458000
0.824000
0.838000
0.716000
0.507000
0.215000
-2.80000E-02
-0.150000
-0.179000
-0.282000
-0.476000
-0.739000
-0.812000
-0.695000
-0.442000
-7.70000E-02
0.361000
0.741000
0.921000
0.755000
0.337000
-0.106000
-0.505000
-0.773000
-0.832000
-0.734000
-0.690000
-0.720000
-0.875000
-1.11400
-1.29400
-1.30900
-1.03100
-0.608000
-0.155000
0.303000
0.828000
1.52500
2.15700
2.45400
2.33300
1.96800
1.52500
1.07700
0.570000
-3.30000E-02
-0.729000
-1.26000
-1.76600
-2.15100
-2.38900
-2.48200
-2.55000
-2.53100
-2.34600
-1.94200
-1.31800
-0.491000
0.624000
2.05500
3.83700
5.09300
5.03500
3.63700
2.08000
0.663000
-0.428000
-1.26000
-1.76600
-1.84400
-1.93200
-2.01900
-2.13100
-2.16100
-2.03400
-1.76100
-1.35700
-0.992000
-0.549000
7.40000E-02
0.843000
1.77800
2.71200
3.43300
4.02200
4.37700
3.91500
2.41500
0.609000
-0.910000
-1.83400
-2.53100
-2.80300
-3.16300
-3.12500
-3.18300
-3.02200
-2.61300
-2.01500
-0.939000
0.566000
1.95800
2.98500
3.22400
2.83900
2.09900
1.20800
0.454000
2.50000E-02
-0.247000
-0.364000
-0.121000
-0.194000
-0.311000
-0.316000
-0.403000
-0.384000
-0.184000
5.90000E-02
0.176000
0.142000
7.90000E-02
8.40000E-02
8.40000E-02
4.00000E-02
-0.165000
-0.486000
-0.695000
-0.593000
-0.277000
1.50000E-02
0.390000
0.877000
1.36400
1.66600
1.58300
1.16400
0.600000
5.40000E-02
-0.632000
-1.31400
-1.83900
-2.03900
-1.95100
-1.75200
-1.60600
-1.33300
-0.846000
-0.218000
0.278000
0.668000
0.892000
0.887000
0.765000
0.531000
0.269000
7.40000E-02
-6.70000E-02
-0.116000
-0.126000
-0.243000
-0.598000
-0.910000
-1.04600
-1.08000
-1.04100
-0.905000
-0.676000
-0.442000
-0.267000
-8.20000E-02
0.273000
0.697000
0.926000
0.804000
0.424000
-3.30000E-02
-0.578000
-1.03100
-1.23600
-1.22600
-1.18200
-1.04100
-0.642000
-4.00000E-03
0.551000
0.809000
0.843000
0.892000
1.11600
1.40800
1.68500
1.72400
1.40300
0.609000
-0.374000
-1.29400
-2.03900
-2.59400
-3.07600
-3.40700
-3.33400
-2.92000
-2.19500
-0.861000
1.26200
4.51900
5.10300
3.68100
2.35200
1.14500
0.239000
-0.364000
-0.822000
-0.934000
-0.827000
-0.763000
-0.617000
-0.530000
-0.525000
-0.622000
-0.836000
-1.05100
-1.09000
-0.944000
-0.686000
-0.282000
0.273000
0.936000
1.71400
2.47900
2.99500
3.16000
3.09700
2.88300
2.41500
1.54400
0.585000
-0.262000
-0.958000
-1.40600
-1.66900
-1.83900
-1.98500
-2.14100
-2.19000
-1.98000
-1.52800
-0.968000
-0.311000
0.390000
1.23200
2.00200
2.63500
3.12100
3.51600
3.44800
2.90200
1.88000
0.785000
-6.20000E-02
-0.861000
-1.49900
-1.62500
-1.88800
-1.93700
-1.86900
-1.61100
-1.23100
-0.910000
-0.544000
-7.70000E-02
0.371000
0.746000
0.940000
0.999000
0.950000
0.760000
0.468000
0.196000
2.00000E-02
-5.30000E-02
-7.20000E-02
6.90000E-02
0.410000
0.916000
1.44200
1.57300
1.27100
0.619000
-0.170000
-0.910000
-1.38200
-1.46900
-1.23600
-1.01700
-0.827000
-0.729000
-0.666000
-0.540000
-0.393000
-0.243000
-0.233000
-0.359000
-0.549000
-0.802000
-1.03600
-1.23100
-1.06000
-0.583000
8.80000E-02
0.945000
1.93400
2.73200
2.67300
2.03100
0.994000
-0.155000
-1.23600
-2.03400
-2.48700
-2.62300
-2.77400
-2.78900
-2.88100
-2.74500
-2.51600
-2.13600
-1.54200
-0.763000
0.210000
1.27600
2.31300
2.84400
2.36700
1.40800
0.385000
-0.345000
-0.802000
-1.27500
-1.50800
-1.57200
-1.64000
-1.41600
-1.22100
-1.07000
-0.963000
-0.905000
-0.822000
-0.841000
-0.948000
-0.715000
-8.20000E-02
0.780000
1.55900
1.89900
1.66600
1.13500
0.639000
0.346000
0.137000
1.10000E-02
-8.20000E-02
-5.80000E-02
-0.267000
-0.520000
-0.910000
-1.27500
-1.38200
-1.38200
-1.45000
-1.20600
-0.403000
0.824000
2.30800
3.27200
2.82400
1.71400
0.712000
0.186000
0.142000
0.385000
0.916000
1.55900
1.91900
1.71900
1.11600
0.308000
-0.486000
-1.20200
-1.73700
-2.12200
-2.24800
-2.29700
-2.13100
-1.75700
-0.939000
0.682000
5.22000
6.29100
5.50200
3.43300
1.56400
2.50000E-02
-0.983000
-1.64000
-2.18000
-2.46200
-2.76900
-2.96400
-2.85200
-2.60400
-2.13600
-1.65900
-0.953000
7.90000E-02
1.30100
2.40100
3.30600
3.49100
3.07800
2.37200
1.58800
0.828000
0.205000
-0.316000
-0.841000
-1.20200
-1.64000
-2.00500
-1.83900
-1.55200
-1.29400
-1.27000
-0.919000
-0.316000
0.322000
0.877000
1.18900
1.29100
1.17900
0.999000
0.765000
0.556000
0.449000
0.814000
1.42200
2.01600
2.11400
1.74900
0.897000
1.10000E-02
-0.807000
-1.52800
-1.90700
-2.02900
-1.92200
-1.75700
-1.55200
-1.34300
-1.13800
-0.968000
-0.807000
-0.613000
-0.247000
0.293000
1.03300
1.76300
2.29400
2.46400
2.21100
1.67100
1.07700
0.755000
0.527000
0.147000
-0.243000
-0.481000
-0.656000
-1.16300
-1.60100
-2.12700
-2.63300
-2.88100
-2.98300
-2.89600
-2.83200
-2.35000
-1.74700
-0.778000
0.244000
1.30600
2.41500
3.16500
3.14100
2.61500
1.82600
1.01300
0.196000
-0.593000
-1.20600
-1.57200
-1.84400
-2.18500
-2.29200
-2.43300
-2.61800
-2.63800
-2.34600
-1.72700
-1.04600
-0.423000
0.118000
0.746000
1.36900
1.88000
2.04500
1.74900
1.18400
0.605000
0.132000
-0.223000
-0.544000
-0.510000
-0.432000
-0.325000
-0.286000
-0.257000
-0.267000
-0.505000
-0.778000
-0.963000
-1.03600
-0.871000
-0.598000
-2.30000E-02
0.760000
1.53900
1.99700
1.82200
1.20800
0.541000
-0.150000
-0.890000
-1.41100
-1.39100
-1.26000
-0.948000
-0.481000
8.40000E-02
0.570000
0.989000
1.45600
2.05500
2.69800
2.79000
1.60200
-6.20000E-02
-1.40100
-2.18500
-2.71600
-2.66200
-2.63800
-2.20900
-1.56700
-0.715000
0.468000
1.79700
2.98000
3.97300
4.06600
3.32100
2.09400
0.755000
-0.228000
-0.817000
-1.36700
-1.50800
-1.63000
-1.54200
-1.43500
-1.55700
-1.50300
-1.07000
-0.428000
0.278000
0.984000
1.89500
2.87300
3.39900
3.10700
2.09400
0.785000
2.50000E-02
-0.515000
-0.812000
-0.642000
-0.447000
-3.80000E-02
0.269000
0.420000
0.415000
0.210000
-8.20000E-02
-0.515000
-0.905000
-1.13800
-1.25500
-1.23600
-0.832000
-0.316000
0.215000
0.877000
1.39300
1.75800
1.82600
1.46600
0.736000
-6.70000E-02
-0.647000
-0.914000
-1.05100
-1.09900
-1.18200
-1.10400
-1.14300
-1.10900
-0.914000
-0.841000
-0.690000
-0.233000
0.278000
0.648000
0.814000
0.673000
0.303000
-0.204000
-0.676000
-0.910000
-0.968000
-0.861000
-0.695000
-0.428000
-9.70000E-02
0.176000
0.259000
0.342000
0.512000
0.570000
0.483000
0.327000
-9.00000E-03
-0.466000
-0.885000
-1.18200
-1.40600
-1.66900
-1.86900
-1.89800
-1.40100
-0.715000
0.186000
1.22800
2.29400
2.87300
2.60000
1.77300
0.682000
-0.243000
-0.871000
-1.34800
-1.40600
-1.43000
-1.22600
-0.895000
-0.593000
-0.423000
-0.325000
-0.364000
-0.345000
-0.252000
-0.155000
-0.160000
-5.30000E-02
0.298000
0.746000
1.25200
1.68000
1.83100
1.54400
1.02300
0.570000
0.269000
5.90000E-02
-0.330000
-0.705000
-1.05100
-1.23600
-1.29900
-1.28900
-1.28900
-1.20600
-1.07000
-0.759000
-0.243000
0.342000
0.960000
1.37900
1.48100
1.29600
0.984000
0.639000
0.337000
-3.30000E-02
-0.213000
-6.20000E-02
0.196000
0.439000
0.653000
0.843000
0.940000
0.785000
0.424000
-0.116000
-0.666000
-1.14300
-1.57200
-1.88800
-2.00000
-1.78100
-1.30400
-0.496000
0.609000
1.78300
2.75100
3.33600
3.17500
2.41100
1.40300
0.400000
-0.364000
-0.948000
-1.58100
-1.74700
-1.83900
-1.63500
-1.25500
-0.827000
-0.481000
-0.257000
-0.135000
2.00000E-02
0.196000
0.361000
0.590000
0.814000
1.10600
1.47600
1.95800
2.45400
2.68800
2.47900
1.80700
0.760000
-0.126000
-0.822000
-1.44000
-1.66400
-1.83400
-1.99000
-2.03900
-1.87300
-1.58100
-1.09000
-0.428000
0.298000
0.999000
1.57300
1.96300
2.11400
1.92900
1.48100
0.887000
0.351000
-8.20000E-02
-0.554000
-0.987000
-1.30400
-1.15800
-0.700000
-0.208000
0.269000
0.770000
1.05700
0.863000
0.235000
-0.564000
-1.21100
-1.66400
-1.96100
-2.05800
-2.04400
-1.68800
-0.944000
0.171000
1.49100
2.71200
3.24800
2.74200
1.63700
0.585000
-0.252000
-0.973000
-1.61100
-2.00000
-2.14600
-2.32100
-2.29700
-2.25800
-2.11200
-1.68400
-1.14300
-0.676000
-0.160000
0.342000
0.799000
1.23200
1.52000
1.41300
0.906000
0.346000
6.40000E-02
-5.80000E-02
-9.70000E-02
-2.80000E-02
0.123000
0.230000
0.142000
-0.140000
-0.418000
-0.632000
-0.778000
-1.02100
-1.30900
-1.55700
-1.70800
-1.61100
-1.27500
-0.817000
-0.252000
0.390000
0.960000
1.55400
2.10900
2.33800
2.07500
1.35900
0.458000
-0.398000
-0.987000
-1.41600
-1.50300
-1.42600
-1.22600
-1.06000
-0.754000
-0.393000
7.40000E-02
0.590000
1.06200
1.40800
1.65600
1.82200
1.72400
1.27600
0.653000
-9.70000E-02
-0.734000
-1.28400
-1.62500
-1.87800
-1.87300
-1.70800
-1.22100
-0.462000
0.712000
4.33400
4.78100
3.38400
1.82200
0.356000
-0.866000
-1.66900
-2.21900
-2.72500
-2.61800
-2.66200
-2.58400
-2.28200
-1.91200
-1.21600
-9.70000E-02
1.26700
2.48800
3.41300
3.76900
3.31600
2.45900
1.40300
0.385000
-0.369000
-0.851000
-1.30900
-1.46900
-1.64900
-1.49400
-1.25500
-1.17700
-1.09900
-0.963000
-0.515000
0.161000
0.979000
1.91900
2.70800
3.00000
2.58100
1.71400
0.833000
1.03000E-01
-0.569000
-0.983000
-0.798000
-0.593000
-0.496000
-0.442000
-0.286000
0.161000
0.716000
1.12500
1.25700
1.04300
0.609000
8.80000E-02
-0.403000
-0.725000
-0.841000
-0.919000
-0.783000
-0.613000
3.50000E-02
0.833000
1.86500
2.72200
3.14100
2.95600
2.24000
1.21800
0.244000
-0.608000
-1.39600
-2.05400
-2.46200
-2.88100
-3.11500
-3.25100
-3.05100
-2.66200
-2.07800
-1.08500
0.551000
2.64900
4.90800
6.19300
4.45000
2.38600
0.648000
-0.647000
-1.53300
-2.18000
-2.31600
-2.48200
-2.57900
-2.85700
-2.92500
-2.79800
-2.80300
-2.80800
-2.54000
-1.88300
-0.763000
0.765000
2.54700
4.22600
5.11200
4.51900
2.80000
1.04300
-0.320000
-1.08500
-1.60100
-2.14100
-2.66700
-2.91000
-2.72000
-2.51100
-2.48700
-2.42300
-2.10200
-1.43000
-0.720000
-8.70000E-02
0.575000
1.29100
1.85100
2.24000
2.40600
2.17200
1.77800
1.37900
1.05700
0.531000
-3.30000E-02
-0.642000
-1.28400
-1.74200
-2.01000
-2.20900
-2.35000
-2.32100
-2.23900
-2.05400
-1.48900
-0.700000
0.118000
0.765000
1.22800
1.54400
1.72400
1.79200
1.76300
1.45200
1.02800
0.395000
-0.189000
-0.686000
-1.00200
-1.30400
-1.41600
-1.15800
-0.880000
-0.754000
-0.763000
-0.686000
-0.661000
-0.720000
-0.778000
-0.768000
-0.530000
-0.111000
0.395000
0.877000
1.28100
1.49100
1.45200
1.32500
1.07700
0.872000
0.707000
0.619000
0.634000
0.488000
9.80000E-02
-0.355000
-0.793000
-1.21100
-1.46400
-1.61500
-1.59600
-1.51800
-1.26000
-1.02600
-0.598000
0.113000
0.566000
1.06200
1.71400
2.23000
2.51800
2.25500
1.62200
0.979000
0.507000
0.293000
0.196000
9.80000E-02
3.50000E-02
2.50000E-02
-3.30000E-02
-0.296000
-0.428000
-0.486000
-0.476000
-0.350000
-0.277000
-0.218000
-0.204000
-0.228000
-0.286000
-0.277000
-0.252000
-0.320000
-9.20000E-02
0.356000
0.984000
1.68000
2.20600
2.33800
2.08400
1.62700
1.09600
0.434000
-0.228000
-0.812000
-1.26500
-1.70300
-2.05400
-2.19000
-2.26800
-2.26300
-2.09700
-1.64500
-1.12900
-0.564000
8.80000E-02
0.863000
1.56800
2.08000
2.20600
1.96800
1.42200
0.741000
0.157000
-0.325000
-0.963000
-1.36700
-1.58100
-1.64000
-1.50800
-1.21600
-0.846000
-0.311000
0.259000
0.551000
0.561000
0.381000
5.90000E-02
-0.272000
-0.457000
-0.418000
-9.20000E-02
0.405000
1.12500
1.69500
1.98700
1.91900
1.59300
0.999000
0.191000
-0.647000
-1.24500
-1.65400
-1.83900
-1.83000
-1.67400
-1.39100
-0.890000
-0.296000
0.312000
0.887000
1.37400
1.57300
1.42700
1.10600
0.605000
0.152000
-0.218000
-0.583000
-0.885000
-1.16300
-1.13800
-0.715000
-4.30000E-02
0.585000
1.39300
2.23000
2.72700
2.50300
1.64100
0.385000
-0.798000
-1.65400
-2.34600
-2.92000
-3.35300
-3.51900
-3.18800
-2.59400
-1.81000
-0.588000
1.17900
3.18500
3.88100
2.84900
1.76800
0.916000
0.269000
-0.233000
-0.690000
-1.15300
-1.35300
-1.53300
-1.59100
-1.48400
-1.20600
-0.914000
-0.788000
-0.637000
-0.364000
3.50000E-02
0.415000
0.658000
0.673000
0.497000
0.312000
0.142000
-2.30000E-02
-0.150000
-0.199000
-0.135000
-6.20000E-02
-0.252000
-0.447000
-0.340000
4.50000E-02
0.444000
0.960000
1.35900
1.34400
0.965000
0.351000
-0.228000
-0.705000
-0.851000
-0.715000
-0.452000
2.00000E-02
0.497000
0.945000
1.11600
0.853000
0.308000
-0.393000
-0.983000
-1.37200
-1.52800
-1.75700
-1.55200
-1.00700
-0.238000
0.794000
2.03100
3.12600
3.73000
3.65200
2.65900
1.34000
6.40000E-02
-0.939000
-1.69800
-2.31600
-2.71600
-3.07100
-3.16800
-3.07100
-2.82800
-2.46200
-1.79600
-0.798000
0.527000
1.93800
3.14100
3.24800
2.52700
1.58800
0.819000
0.283000
-0.199000
-0.744000
-1.02600
-1.18200
-1.18200
-0.992000
-0.725000
-0.350000
0.127000
0.522000
0.687000
0.561000
0.254000
-5.80000E-02
-0.471000
-0.603000
-0.359000
8.80000E-02
0.785000
1.51000
1.87500
1.63200
0.877000
1.10000E-02
-0.778000
-1.35300
-1.82500
-1.98000
-2.09700
-1.94600
-1.53700
-0.739000
0.439000
1.99700
4.28000
3.36000
1.64600
7.90000E-02
-1.03100
-1.62500
-2.20900
-2.42800
-2.32100
-1.99000
-1.39100
-0.564000
0.488000
1.48600
2.11400
2.10900
1.62200
0.731000
-0.296000
-1.17200
-1.96600
-2.57000
-2.62300
-2.52600
-2.09700
-1.43500
-0.301000
0.833000
1.77300
2.24000
2.20600
1.91400
1.58300
1.20300
0.639000
-4.00000E-03
-0.603000
-0.992000
-1.09900
-1.36200
-1.53300
-1.68800
-1.76100
-1.77100
-1.71300
-1.57600
-1.27500
-0.559000
0.317000
1.20300
2.15300
2.72700
2.57100
2.07500
1.45200
0.867000
0.186000
-0.384000
-0.686000
-0.880000
-1.40100
-1.75200
-1.91700
-1.85900
-1.42600
-0.695000
-6.20000E-02
0.882000
2.08400
2.83400
2.79000
2.05000
0.863000
-0.228000
-0.958000
-1.46400
-1.58600
-1.44000
-1.34300
-1.17700
-0.827000
-0.403000
0.259000
1.15900
2.08000
2.53200
2.36700
1.71400
0.765000
-0.189000
-1.04600
-1.69800
-1.85400
-1.75200
-1.30400
-0.544000
0.400000
1.31000
1.93400
2.00200
1.57300
0.746000
-2.30000E-02
-0.651000
-1.04100
-1.25500
-1.27900
-1.29900
-1.11400
-0.686000
0.118000
1.10100
2.03600
2.82900
3.00500
2.16200
0.999000
3.50000E-02
-0.700000
-1.31400
-1.81000
-1.92200
-2.03900
-2.00000
-1.86400
-1.62000
-1.23600
-0.759000
-0.301000
0.312000
1.03800
1.69000
2.05000
2.16200
2.04500
1.72900
1.33500
0.974000
0.648000
0.356000
6.40000E-02
-0.355000
-0.788000
-1.18700
-1.45000
-1.62500
-1.58600
-1.37700
-1.27000
-1.04600
-0.578000
7.90000E-02
0.858000
1.64600
2.12300
2.16700
1.87500
1.42700
0.838000
0.312000
-4.80000E-02
-0.340000
-0.510000
-0.608000
-0.851000
-1.08500
-1.26000
-1.23600
-1.18700
-1.03100
-0.793000
-0.325000
0.171000
0.775000
1.36900
1.75800
1.92900
1.83100
1.49100
0.940000
0.288000
-0.325000
-0.900000
-1.30400
-1.57200
-1.70300
-1.78600
-1.64500
-1.28900
-0.773000
-0.150000
0.600000
1.24200
1.55900
1.45600
1.06200
0.541000
0.191000
7.40000E-02
0.152000
0.371000
0.712000
0.872000
0.833000
0.522000
-4.00000E-03
-0.559000
-1.12400
-1.64000
-1.94600
-2.29700
-2.45300
-2.28700
-1.89800
-1.27900
-0.520000
0.346000
1.47600
2.76600
3.43800
2.96600
1.91400
0.731000
-0.286000
-1.12400
-1.91700
-2.32600
-2.52100
-2.46200
-2.06300
-1.60600
-1.17700
-0.744000
-0.296000
0.235000
0.760000
1.15000
1.33500
1.16400
0.765000
0.200000
-0.267000
-0.622000
-0.778000
-0.759000
-0.690000
-0.496000
-0.145000
0.239000
0.502000
0.605000
0.639000
0.595000
0.488000
0.332000
6.40000E-02
-0.247000
-0.364000
-0.243000
-0.135000
-0.126000
-0.223000
-0.325000
-0.325000
-0.364000
-0.588000
-0.832000
-0.841000
-0.622000
-0.325000
-0.204000
9.30000E-02
0.590000
1.20300
1.64100
1.69500
1.46100
1.07200
0.527000
-9.00000E-03
-0.462000
-0.910000
-1.20200
-1.38200
-1.51800
-1.50800
-1.19700
-0.651000
-0.111000
0.420000
0.901000
1.32000
1.53400
1.35900
0.897000
0.332000
-0.155000
-0.432000
-0.345000
2.50000E-02
0.376000
0.775000
1.09100
1.03300
0.663000
6.90000E-02
-0.598000
-1.10400
-1.43500
-1.52300
-1.34300
-0.856000
1.00000E-03
1.18900
2.50800
2.99500
2.34200
1.31500
0.410000
-0.106000
-0.476000
-0.715000
-0.729000
-0.788000
-0.725000
-0.686000
-0.729000
-0.778000
-0.875000
-0.914000
-0.856000
-0.651000
-0.325000
5.40000E-02
0.400000
0.643000
0.741000
0.712000
0.570000
0.405000
0.395000
0.536000
0.824000
1.12500
1.24200
0.974000
0.400000
-0.291000
-1.01700
-1.66900
-2.11700
-2.30200
-2.41900
-2.48200
-2.35500
-1.86900
-1.28400
-0.627000
0.317000
1.46600
2.41100
2.87800
2.58100
1.68500
0.595000
-0.267000
-0.807000
-0.968000
-1.00700
-1.00700
-0.900000
-0.622000
-0.311000
2.00000E-02
0.400000
0.746000
0.901000
0.804000
0.605000
0.312000
-3.80000E-02
-0.466000
-0.963000
-1.29400
-1.36700
-1.25000
-0.822000
-0.126000
0.780000
1.89000
2.81500
3.25800
3.04300
2.33300
1.39800
0.488000
-0.257000
-0.885000
-1.52800
-1.91200
-2.39900
-2.60400
-2.60400
-2.51100
-2.32600
-1.86900
-1.03600
4.00000E-02
1.21300
2.43000
3.40400
3.77400
3.08700
1.89000
0.605000
-0.510000
-1.39600
-2.10200
-2.39900
-2.67200
-2.69100
-2.39900
-2.02900
-1.46900
-0.637000
0.220000
0.872000
1.13500
0.970000
0.721000
0.527000
0.390000
0.244000
0.166000
6.40000E-02
6.90000E-02
-6.20000E-02
-0.228000
-0.359000
-0.428000
-0.466000
-0.457000
-0.320000
-0.262000
-0.282000
-0.184000
-1.40000E-02
8.80000E-02
7.90000E-02
-1.90000E-02
-0.184000
-0.277000
-0.384000
-0.578000
-0.686000
-0.647000
-0.350000
0.137000
0.585000
0.926000
0.994000
0.833000
0.600000
0.283000
0.205000
0.366000
0.527000
0.624000
0.493000
9.30000E-02
-0.340000
-0.793000
-1.25000
-1.57600
-1.75200
-1.81000
-1.52800
-0.827000
3.50000E-02
0.921000
1.91400
2.60500
2.69300
2.21600
1.38300
0.405000
-0.476000
-1.20200
-1.64900
-1.72700
-1.84900
-1.69300
-1.37200
-0.895000
-0.223000
0.619000
1.40800
1.81700
1.64600
1.12500
0.468000
-8.70000E-02
-0.574000
-0.973000
-1.04600
-1.03600
-0.880000
-0.535000
-0.155000
0.351000
0.721000
0.877000
0.892000
0.843000
0.746000
0.415000
-0.106000
-0.544000
-0.919000
-1.17700
-1.07500
-0.676000
-4.00000E-03
0.658000
1.35900
1.90400
1.89000
1.30600
0.507000
-0.243000
-0.919000
-1.28900
-1.37700
-1.47900
-1.46000
-1.18700
-0.671000
-6.70000E-02
0.585000
1.27100
1.68000
1.64100
1.40800
1.17400
1.02800
0.974000
0.974000
0.955000
0.833000
0.502000
2.50000E-02
-0.462000
-0.900000
-1.34800
-1.73200
-1.94600
-1.94600
-1.93700
-1.68800
-1.15800
-0.501000
0.371000
1.51000
2.82400
3.97300
4.51900
4.31400
3.21900
1.69000
0.161000
-1.00700
-1.92200
-2.50600
-2.72500
-2.94900
-2.90100
-2.62300
-2.33600
-2.13600
-1.92200
-1.49900
-0.875000
-0.194000
0.546000
1.45200
2.40100
3.18000
3.43800
3.12100
2.47400
1.63700
0.780000
0.191000
-0.350000
-0.861000
-1.10400
-1.46400
-1.54200
-1.55700
-1.52300
-1.45000
-1.29900
-1.04600
-0.725000
-0.345000
0.181000
0.833000
1.49500
1.88000
1.80700
1.38300
0.697000
8.40000E-02
-0.267000
-0.540000
-0.812000
-0.890000
-0.846000
-0.681000
-0.457000
-8.70000E-02
0.337000
0.804000
1.14500
1.18400
0.965000
0.551000
3.00000E-02
-0.481000
-0.875000
-1.21100
-1.39600
-1.41600
-1.27900
-1.14300
-0.900000
-0.486000
-4.00000E-03
0.507000
1.00400
1.38800
1.47100
1.31000
0.979000
0.566000
5.00000E-02
-0.564000
-1.08000
-1.34300
-1.35300
-0.973000
-0.423000
0.385000
1.43200
2.29900
2.13300
1.22300
0.137000
-0.822000
-1.50300
-2.05800
-2.30200
-2.28200
-1.95600
-1.62000
-1.32300
-0.817000
1.00000E-03
1.11600
2.52300
3.82200
3.69600
2.21600
0.799000
-0.311000
-1.05100
-1.54700
-1.77100
-1.71800
-1.80500
-1.89300
-1.90300
-1.90300
-1.86400
-1.74700
-1.48900
-1.08000
-0.437000
0.531000
1.83100
3.20400
3.86100
3.49600
2.51800
1.34400
0.157000
-0.846000
-1.75200
-2.17000
-2.35000
-2.44800
-2.25300
-1.90300
-1.61500
-1.26500
-0.768000
-0.355000
-2.80000E-02
0.337000
0.804000
1.42700
2.08400
2.47400
2.31800
1.81200
1.12100
0.478000
1.50000E-02
-0.355000
-0.651000
-0.617000
-0.627000
-0.705000
-0.798000
-0.759000
-0.729000
-0.773000
-0.856000
-0.802000
-0.617000
-0.393000
-0.174000
4.00000E-02
0.293000
0.780000
1.50500
2.33300
3.06300
3.21900
2.73200
1.90400
0.994000
0.215000
-0.428000
-1.03600
-1.32800
-1.64500
-1.80500
-1.89800
-1.77100
-1.52300
-1.34300
-1.29400
-1.06500
-0.637000
-7.20000E-02
0.716000
1.60200
2.50800
3.47700
3.97300
3.59400
2.31300
0.843000
-0.364000
-1.16300
-1.73700
-1.87800
-2.08300
-2.26800
-2.39900
-2.34600
-2.11200
-1.76600
-1.35700
-0.939000
-0.423000
7.90000E-02
0.439000
0.663000
0.872000
1.10100
1.29100
1.31500
1.12100
0.736000
0.230000
-0.233000
-0.622000
-0.817000
-0.944000
-1.09000
-1.22100
-1.31800
-1.38700
-1.32800
-1.22600
-1.07000
-0.885000
-0.802000
-0.690000
-0.496000
-0.247000
1.03000E-01
0.585000
1.10100
1.48100
1.46100
1.27100
1.00900
0.668000
0.288000
-0.194000
-0.705000
-1.03100
-1.20600
-1.41600
-1.61100
-1.61100
-1.38700
-1.12400
-0.720000
-0.204000
0.312000
0.741000
0.867000
0.751000
0.531000
0.239000
3.50000E-02
-4.80000E-02
-3.80000E-02
0.157000
0.400000
0.765000
1.15500
1.36900
1.31000
0.955000
0.449000
-6.70000E-02
-0.583000
-1.02100
-1.35700
-1.59100
-1.72700
-1.66900
-1.42600
-0.953000
-0.272000
0.458000
1.10100
1.66100
1.87500
1.73900
1.47600
1.22800
0.970000
0.692000
0.415000
0.123000
-0.131000
-0.452000
-0.725000
-0.983000
-1.10900
-1.23600
-1.30400
-1.18200
-0.807000
-0.189000
0.570000
1.39300
2.07000
2.33800
2.23000
1.83100
1.13500
0.361000
-0.340000
-0.953000
-1.36700
-1.59600
-1.42100
-0.875000
-0.131000
0.716000
1.45600
1.80200
1.63200
1.07200
0.371000
-0.204000
-0.632000
-0.885000
-0.807000
-0.705000
-0.267000
0.556000
1.57800
2.39600
2.61000
2.26500
1.58800
0.926000
0.405000
6.90000E-02
-0.160000
-0.369000
-0.632000
-1.10900
-1.49900
-1.80500
-1.90300
-1.76600
-1.49400
-0.890000
0.196000
1.84600
3.91500
5.35100
4.95200
3.12100
1.43700
6.40000E-02
-0.905000
-1.71300
-2.33600
-2.73000
-3.01300
-3.12000
-3.18800
-3.14900
-2.91500
-2.62800
-2.12700
-1.32300
-0.106000
1.58300
3.61800
5.04900
4.68900
3.19400
1.69000
0.410000
-0.481000
-1.14300
-1.68800
-1.96100
-2.18500
-2.37000
-2.51100
-2.59900
-2.59900
-2.35000
-1.91700
-1.39100
-0.617000
0.429000
1.50000
2.24000
2.33800
1.77800
0.785000
-0.131000
-0.734000
-1.05100
-1.27900
-1.20600
-1.07000
-0.622000
-0.267000
2.50000E-02
0.288000
0.522000
0.721000
0.760000
0.634000
0.366000
2.50000E-02
-0.262000
-0.540000
-0.851000
-1.09000
-1.22600
-1.18700
-1.11900
-1.08500
-0.944000
-0.734000
-0.588000
-0.496000
-0.408000
-9.70000E-02
0.420000
1.03800
1.45600
1.43700
1.03800
0.385000
-0.252000
-0.690000
-0.861000
-0.890000
-0.676000
-0.520000
-0.174000
0.171000
0.127000
-0.233000
-0.690000
-1.08500
-1.35700
-1.51300
-1.40600
-1.05100
-0.578000
4.00000E-02
0.926000
1.89000
2.57600
2.51800
1.84600
0.838000
-5.80000E-02
-0.759000
-1.28400
-1.59600
-1.66400
-1.66400
-1.37700
-0.919000
-0.452000
1.50000E-02
0.536000
1.12500
1.65100
2.16700
2.59600
2.75600
2.45000
1.79200
0.974000
0.118000
-0.676000
-1.35300
-1.84400
-2.23900
-2.43300
-2.53100
-2.44800
-2.27300
-1.84400
-1.08500
4.50000E-02
1.38300
2.80500
3.81700
3.94400
3.63700
3.01400
2.34200
1.56400
0.648000
-0.286000
-1.12900
-1.54700
-1.83400
-2.15100
-2.25300
-2.17000
-1.94600
-1.65400
-1.40100
-1.21600
-0.793000
-0.277000
0.424000
1.41700
2.54700
3.67600
4.41100
4.13900
3.12600
1.89500
0.765000
-1.01000E-01
-0.895000
-1.47400
-1.52800
-1.69300
-1.66900
-1.68800
-1.92200
-2.01500
-1.84900
-1.44000
-0.798000
-0.116000
0.716000
1.76300
2.84900
3.29700
2.83400
1.96800
1.03300
0.283000
-0.223000
-0.574000
-0.715000
-1.16300
-1.36700
-1.37700
-1.20600
-0.836000
-0.535000
-0.170000
0.225000
0.648000
1.05700
1.39800
1.58800
1.59800
1.42200
1.12100
0.731000
0.303000
-0.145000
-0.559000
-0.953000
-1.40100
-1.81000
-2.04400
-2.17500
-2.23400
-2.18500
-1.90300
-1.28900
-0.267000
1.06200
2.80500
4.74700
4.91800
2.86800
1.06700
-0.413000
-1.53700
-2.35500
-2.93000
-3.09500
-3.24600
-3.38300
-3.49900
-3.32400
-3.08100
-2.70600
-1.97600
-1.04600
2.50000E-02
1.21300
2.20600
2.61000
2.30800
1.77300
1.00400
8.40000E-02
-0.588000
-0.948000
-1.14300
-1.31800
-1.43000
-1.75200
-1.85400
-1.82000
-1.64000
-1.46400
-1.33800
-1.14300
-0.763000
-0.174000
0.458000
0.940000
1.23200
1.27100
1.08600
0.746000
0.439000
0.215000
0.176000
0.351000
0.536000
0.454000
0.152000
-0.228000
-0.530000
-0.739000
-1.03100
-1.27900
-1.28900
-1.21100
-0.958000
-0.510000
0.176000
0.892000
1.28600
1.18400
0.882000
0.609000
0.424000
0.269000
0.171000
0.312000
0.663000
0.974000
1.03800
0.843000
0.575000
0.293000
-1.40000E-02
-0.491000
-1.01200
-1.30900
-1.32300
-1.09400
-0.783000
-0.384000
0.113000
0.507000
0.687000
0.736000
0.726000
0.648000
0.493000
0.303000
0.293000
0.449000
0.624000
0.887000
1.03800
0.940000
0.697000
0.390000
3.00000E-02
-0.428000
-0.817000
-0.905000
-0.832000
-0.725000
-0.267000
0.351000
0.931000
1.33500
1.27600
0.882000
0.395000
6.00000E-03
-0.286000
-0.574000
-0.569000
-0.408000
-0.116000
0.405000
1.11600
1.77800
2.07000
1.92900
1.51000
0.906000
0.273000
-0.325000
-0.890000
-1.23100
-1.39600
-1.51800
-1.55700
-1.36700
-0.929000
-0.423000
0.123000
0.785000
1.41300
1.77300
1.80200
1.60700
1.27100
0.843000
0.449000
8.80000E-02
-0.340000
-0.681000
-0.963000
-1.18200
-1.29900
-1.29900
-1.17200
-0.890000
-0.583000
-0.223000
0.166000
0.444000
0.556000
0.483000
0.200000
-0.174000
-0.496000
-0.651000
-0.671000
-0.462000
4.50000E-02
0.911000
2.01600
2.73700
2.18200
0.892000
-0.374000
-1.35700
-2.00000
-2.37000
-2.51100
-2.60800
-2.39400
-1.81500
-0.783000
0.346000
1.16400
1.47100
1.24700
0.838000
0.429000
0.186000
0.166000
0.200000
0.220000
0.264000
4.00000E-02
-0.116000
-2.80000E-02
0.123000
0.273000
0.337000
0.308000
0.264000
0.171000
4.00000E-02
-0.116000
-0.170000
-0.131000
-0.131000
-0.208000
-0.277000
-0.301000
-0.252000
-0.194000
-8.70000E-02
6.90000E-02
0.239000
0.444000
0.639000
0.789000
0.955000
1.09100
1.08600
0.892000
0.570000
5.40000E-02
-0.540000
-1.09000
-1.46900
-1.71300
-1.90300
-1.80500
-1.24100
1.50000E-02
4.39200
5.45300
4.63000
2.86300
1.23200
-0.184000
-1.27900
-2.02900
-2.71600
-3.05600
-3.36800
-3.58700
-3.51400
-3.30500
-3.00300
-2.43300
-1.58100
-0.272000
1.49100
3.43300
4.44500
4.05600
2.96600
1.82200
0.658000
-0.184000
-0.715000
-1.12400
-1.31800
-1.42100
-1.57600
-1.57600
-1.50800
-1.35300
-1.10400
-0.929000
-0.578000
-0.140000
0.312000
0.858000
1.31000
1.39800
1.22800
0.882000
0.478000
0.244000
0.361000
0.751000
1.07700
1.21300
1.17400
1.19800
1.03300
0.580000
4.50000E-02
-0.540000
-1.00200
-1.30900
-1.81500
-2.09200
-2.00500
-1.64900
-1.12400
-0.705000
-0.355000
0.351000
1.22300
1.92900
2.33300
2.33300
2.02100
1.48600
1.03300
0.566000
0.118000
-0.350000
-0.666000
-1.06500
-1.61100
-1.77600
-1.88800
-2.00500
-2.05400
-1.77100
-1.24100
-0.452000
0.351000
0.965000
1.48600
1.80200
1.89000
1.68000
1.41700
1.11100
0.853000
0.639000
0.405000
0.254000
-5.30000E-02
-0.540000
-0.958000
-1.27900
-1.53700
-1.81000
-2.02900
-2.09200
-2.03900
-1.72700
-1.40600
-1.11400
-0.661000
9.80000E-02
1.14000
2.17700
2.88800
3.05300
2.61500
1.80700
0.984000
0.244000
-0.393000
-0.948000
-1.28900
-1.52800
-1.58600
-1.65400
-1.83900
-2.03900
-2.13100
-2.27300
-2.36000
-2.21400
-1.78600
-1.18700
-0.325000
0.877000
2.45900
4.07600
4.77200
3.43300
1.49100
-6.70000E-02
-1.05600
-1.58600
-2.09200
-2.26800
-2.55500
-2.69100
-2.50100
-2.18500
-1.91700
-1.64900
-1.31800
-0.934000
-0.505000
5.40000E-02
0.663000
1.24700
1.74900
2.21100
2.52300
2.66400
2.68300
2.39600
1.76300
0.897000
0.225000
-0.320000
-0.987000
-1.46900
-1.84900
-2.14100
-2.30700
-2.35000
-2.38900
-2.39900
-2.00000
-1.45000
-0.759000
0.127000
1.37400
2.99000
4.23600
4.10500
2.96100
1.80200
0.575000
-0.681000
-1.47400
-1.60600
-1.29900
-1.08500
-0.798000
-0.393000
6.90000E-02
0.527000
0.824000
0.755000
0.405000
1.50000E-02
-0.282000
-0.437000
-0.457000
-0.165000
0.342000
1.03800
1.78700
2.41500
2.66400
2.15300
1.15900
0.171000
-0.559000
-0.871000
-0.939000
-0.875000
-0.953000
-0.866000
-0.447000
3.00000E-02
0.337000
0.366000
0.220000
2.50000E-02
-0.184000
-0.408000
-0.428000
-0.199000
0.259000
0.707000
0.746000
0.643000
0.585000
0.556000
0.556000
0.444000
1.03000E-01
-0.540000
-1.13300
-1.59100
-1.99500
-2.10200
-1.98500
-1.80500
-1.38200
-0.812000
-2.30000E-02
0.712000
1.35900
1.69500
1.59800
1.23700
0.687000
6.90000E-02
-0.462000
-0.725000
-0.729000
-0.613000
-8.70000E-02
0.609000
1.25700
1.54400
1.34000
0.843000
0.293000
-0.179000
-0.661000
-1.21600
-1.63500
-1.80500
-1.81500
-1.75700
-1.49400
-0.924000
-0.277000
0.410000
1.31500
2.16700
2.71700
2.89700
2.55700
1.98200
1.50000
1.14000
0.731000
0.346000
7.40000E-02
-7.20000E-02
-0.423000
-1.02100
-1.51800
-1.92700
-2.20900
-2.36500
-2.45800
-2.29200
-1.96100
-1.37200
-0.345000
0.858000
2.18200
3.19400
3.57400
3.40400
2.82900
1.72400
0.566000
-0.262000
-0.885000
-1.43000
-1.68800
-2.08800
-2.34600
-2.44800
-2.51100
-2.23900
-1.86900
-1.40600
-0.656000
0.259000
1.22300
2.10900
2.69800
2.61000
1.95800
1.04800
0.230000
-0.442000
-0.997000
-1.39600
-1.41100
-1.62500
-1.54700
-1.35300
-1.09900
-0.666000
-0.208000
0.317000
0.979000
1.59300
2.00700
2.13300
1.94800
1.49500
0.843000
0.132000
-0.418000
-0.851000
-1.18700
-1.58600
-1.99500
-2.19000
-2.16500
-2.21400
-2.04400
-1.61500
-1.07000
-0.174000
1.10100
3.42300
4.98100
2.90700
1.17900
-0.179000
-1.09900
-1.65400
-2.18000
-2.19500
-2.13100
-1.85400
-1.30900
-0.564000
0.118000
0.663000
1.05200
1.35400
1.40800
1.19400
0.746000
0.137000
-0.544000
-1.03600
-1.23600
-1.16300
-0.890000
-0.442000
-3.30000E-02
0.293000
0.673000
0.994000
1.17900
1.17900
1.03800
0.916000
1.01300
1.03300
0.887000
0.624000
0.166000
-0.530000
-1.27000
-1.69800
-1.95100
-2.24300
-2.37500
-2.07800
-1.64000
-1.24100
-0.841000
-0.491000
-0.106000
0.196000
0.541000
1.16900
2.07500
2.77100
2.64400
1.72400
0.590000
-0.486000
-1.56700
-2.37500
-2.76900
-2.90500
-2.86200
-2.66700
-2.33600
-1.86900
-1.32300
-0.374000
0.551000
1.41700
2.05500
2.30300
2.20100
1.78300
1.23700
0.726000
0.259000
-0.140000
-0.749000
-1.21100
-1.56700
-1.77600
-1.89800
-1.75700
-1.33800
-0.768000
-1.90000E-02
0.639000
1.17900
1.52900
1.66100
1.47100
1.13500
0.853000
0.468000
2.00000E-02
-0.379000
-0.559000
-0.744000
-0.997000
-1.15300
-1.15800
-1.05600
-0.973000
-0.603000
-7.70000E-02
0.512000
1.07700
1.39800
1.44700
1.33000
1.20800
1.03300
0.755000
0.483000
0.210000
7.40000E-02
6.00000E-03
-0.106000
-0.369000
-0.535000
-0.588000
-0.617000
-0.676000
-0.763000
-0.798000
-0.768000
-0.637000
-0.247000
0.269000
0.882000
1.58300
2.31800
2.82400
2.70800
2.12300
1.21300
0.390000
-0.238000
-0.900000
-1.32800
-1.50800
-1.84900
-1.88300
-1.82000
-1.59100
-1.25000
-0.768000
-0.301000
0.293000
1.07700
1.70000
1.97700
1.93400
1.61700
1.11600
0.692000
0.351000
8.80000E-02
-0.199000
-0.496000
-0.715000
-0.895000
-0.953000
-0.914000
-0.749000
-0.428000
0.113000
0.785000
1.32000
1.40300
1.03300
0.351000
-0.457000
-1.25000
-1.85900
-2.10700
-2.20400
-2.10200
-1.57600
-0.613000
0.707000
2.17200
3.19900
3.15100
2.34200
1.18400
5.00000E-02
-0.788000
-1.45500
-1.90300
-1.94200
-2.13100
-2.12200
-1.84900
-1.56700
-1.24500
-0.871000
-0.423000
0.137000
0.682000
1.15000
1.47100
1.47600
1.22300
0.731000
0.181000
-0.277000
-0.525000
-0.661000
-0.827000
-0.929000
-1.06500
-1.07500
-0.983000
-0.759000
-0.408000
3.00000E-02
0.468000
0.882000
1.06700
0.984000
0.770000
0.536000
0.322000
0.142000
-0.131000
-0.345000
-0.442000
-0.486000
-0.510000
-0.252000
0.166000
0.590000
0.882000
1.01800
1.02800
0.901000
0.624000
0.244000
-0.145000
-0.428000
-0.617000
-0.656000
-0.578000
-0.496000
-0.311000
3.50000E-02
0.439000
0.824000
1.05700
1.19400
1.21800
1.06700
0.838000
0.702000
0.590000
0.517000
0.424000
0.171000
-0.199000
-0.617000
-0.992000
-1.37200
-1.78100
-1.98000
-1.86400
-1.55700
-1.05600
-0.155000
1.02300
2.34200
3.08200
2.69300
1.42700
8.40000E-02
-0.914000
-1.46900
-1.74200
-1.54700
-1.43500
-0.968000
-0.267000
0.570000
1.36900
1.77300
1.57800
0.906000
0.142000
-0.403000
-0.885000
-1.26500
-1.30400
-1.22600
-0.817000
-0.340000
0.127000
0.570000
0.863000
0.931000
0.780000
0.595000
0.303000
-9.20000E-02
-0.442000
-0.608000
-0.564000
-7.70000E-02
0.561000
1.25700
1.90900
2.42000
2.38100
1.95300
1.29100
0.527000
-0.252000
-0.963000
-1.57200
-1.94200
-2.13600
-2.18500
-2.09700
-1.77100
-1.30900
-0.613000
0.346000
1.40800
2.42000
3.19900
3.41800
3.18900
2.67800
1.99700
1.32500
0.687000
1.50000E-02
-0.647000
-1.12400
-1.61500
-2.20900
-2.63800
-3.02700
-3.24100
-3.36300
-3.23600
-2.71100
-1.90300
-0.681000
1.35400
4.11400
5.73600
5.01000
3.53000
1.98700
0.497000
-0.729000
-1.63500
-2.36000
-2.60800
-2.83200
-2.91500
-2.86700
-2.77400
-2.51100
-2.10200
-1.61500
-1.02600
-0.238000
0.668000
1.61700
2.26500
2.43000
2.20100
1.66100
0.819000
-3.30000E-02
-0.695000
-1.01700
-1.06000
-0.992000
-0.622000
-0.184000
0.235000
0.493000
0.395000
0.147000
-0.213000
-0.627000
-0.895000
-0.890000
-0.725000
-0.613000
-0.617000
-0.559000
-0.447000
-0.496000
-0.622000
-0.686000
-0.695000
-0.501000
-0.267000
9.80000E-02
0.551000
0.945000
1.21800
1.37400
1.38800
1.21300
0.755000
8.40000E-02
-0.642000
-1.19700
-1.60600
-1.92200
-2.13600
-2.26800
-2.12700
-1.61500
-0.836000
9.80000E-02
1.09100
1.97200
2.36200
2.11800
1.19400
9.30000E-02
-0.836000
-1.40100
-1.56700
-1.51300
-1.36700
-1.02600
-0.501000
-7.20000E-02
0.215000
0.527000
0.974000
1.32500
1.42700
1.48600
1.22300
0.809000
0.371000
-0.106000
-0.520000
-0.705000
-0.910000
-1.19200
-1.26000
-1.13300
-0.900000
-0.778000
-0.754000
-0.627000
-0.330000
0.273000
1.12500
1.93800
2.51300
2.79000
2.68300
2.28900
1.60200
1.03300
0.619000
0.327000
2.50000E-02
-0.403000
-1.08000
-1.64500
-2.08300
-2.29700
-2.31600
-2.21400
-1.94200
-1.49400
-0.841000
0.205000
1.60700
3.38900
4.13900
2.60000
1.06700
-0.189000
-1.01200
-1.51800
-1.68400
-1.33300
-0.851000
-0.238000
0.361000
0.721000
0.702000
0.507000
0.283000
6.90000E-02
-9.20000E-02
5.90000E-02
0.322000
0.429000
0.259000
-0.111000
-0.481000
-0.734000
-0.846000
-0.953000
-1.10900
-0.905000
-0.325000
0.424000
1.19400
1.85100
2.34200
2.41500
1.84100
0.814000
-0.131000
-1.05600
-1.68800
-1.88800
-1.79100
-1.68400
-1.41600
-0.725000
0.283000
1.31000
2.02100
2.35200
2.35700
1.88500
1.12100
0.278000
-0.559000
-1.10900
-1.39100
-1.52300
-1.93700
-2.06300
-1.90300
-1.37700
-0.316000
0.877000
1.96800
2.63900
2.49300
1.82200
0.843000
8.80000E-02
-0.330000
-0.452000
-0.525000
-0.476000
-0.505000
-0.632000
-0.651000
-0.695000
-0.807000
-0.934000
-1.00200
-0.973000
-0.763000
-0.491000
-4.00000E-03
0.561000
0.984000
0.974000
0.712000
0.298000
-0.126000
-0.608000
-0.958000
-1.17200
-1.22600
-1.01200
-0.466000
0.322000
1.16400
1.77300
2.06000
1.72900
0.974000
0.225000
-0.369000
-0.958000
-1.41600
-1.40600
-1.38200
-1.30400
-1.24500
-1.30400
-1.25500
-1.15300
-0.958000
-0.666000
-0.369000
0.157000
1.02300
1.95300
2.72200
2.93600
2.60000
1.94800
1.20800
0.546000
3.00000E-02
-0.496000
-0.910000
-1.27000
-1.75700
-1.94600
-1.80500
-1.84400
-1.93700
-1.88300
-1.49400
-0.968000
-0.296000
0.468000
1.40300
2.30800
2.95600
2.87800
2.29400
1.49100
0.731000
0.157000
-0.262000
-0.617000
-0.666000
-0.929000
-1.09400
-1.18700
-1.16800
-0.992000
-0.671000
-0.286000
1.03000E-01
0.629000
1.37400
2.20100
2.91200
3.50600
3.60800
2.04100
0.239000
-1.16300
-2.14600
-2.93000
-3.19300
-3.35300
-3.02700
-2.71600
-2.00000
-0.773000
0.940000
3.05800
4.90800
4.71300
3.31100
1.87500
0.473000
-0.734000
-1.51300
-2.04400
-2.16100
-2.25800
-2.17000
-1.94200
-1.53300
-1.10400
-0.578000
8.80000E-02
0.828000
1.55400
2.03600
2.06000
1.73900
1.21300
0.712000
0.239000
-0.330000
-0.807000
-1.16300
-1.45000
-1.66900
-1.59100
-1.37700
-0.919000
-0.272000
0.322000
0.848000
1.20300
1.21300
1.01800
0.760000
0.497000
0.191000
-5.80000E-02
-0.272000
-0.481000
-0.793000
-1.09400
-1.24100
-1.12900
-0.914000
-0.759000
-0.457000
3.50000E-02
0.434000
0.901000
1.41700
2.07000
2.66900
2.70800
2.11400
0.989000
-0.247000
-1.32800
-2.17000
-2.73000
-3.06600
-3.28500
-3.31000
-3.26100
-2.77900
-1.92200
-0.866000
0.580000
2.37700
4.16800
4.44500
3.26700
1.84100
0.590000
-0.384000
-1.05100
-1.54700
-1.72200
-1.87800
-2.17500
-2.40900
-2.44800
-2.30700
-1.95100
-1.50300
-1.07500
-0.613000
6.90000E-02
0.887000
1.61200
1.95300
1.87000
1.52900
1.21800
0.960000
0.629000
0.230000
-0.126000
-0.423000
-0.720000
-1.22600
-1.67400
-1.99500
-2.11700
-2.04900
-1.63500
-1.10900
-0.466000
0.225000
0.897000
1.42700
1.51500
1.36900
1.13500
0.974000
0.867000
0.741000
0.643000
0.551000
0.424000
0.161000
-0.189000
-0.549000
-0.768000
-0.856000
-1.01200
-1.23600
-1.44500
-1.47400
-1.14300
-0.515000
0.395000
1.69500
3.32600
4.64500
3.97800
2.30300
0.658000
-0.627000
-1.53700
-2.27700
-2.57400
-2.69600
-2.72500
-2.33100
-1.62000
-0.569000
0.794000
2.22100
3.39900
3.43800
2.63900
1.70000
0.863000
0.215000
-0.393000
-0.885000
-1.11900
-1.40100
-1.64500
-1.45500
-1.31400
-1.19200
-0.929000
-0.544000
-6.70000E-02
0.517000
1.15500
1.72400
2.00200
1.95300
1.72900
1.24700
0.702000
0.157000
-0.379000
-0.754000
-0.871000
-0.958000
-1.14300
-1.26500
-1.13300
-0.905000
-0.739000
-0.544000
-0.355000
-0.199000
1.03000E-01
0.483000
0.916000
1.28600
1.54900
1.72400
1.74400
1.68000
1.35400
0.848000
0.249000
-0.437000
-1.10900
-1.66400
-1.97600
-1.97600
-2.00000
-1.84400
-1.33800
-0.734000
-0.121000
0.605000
1.37400
1.90900
1.93800
1.50500
0.755000
6.00000E-03
-0.486000
-0.861000
-1.12900
-1.05600
-1.02100
-0.656000
-0.165000
0.356000
0.678000
0.707000
0.468000
5.00000E-02
-0.574000
-1.29400
-1.89800
-2.14600
-2.04400
-1.64500
-1.07500
-0.369000
0.488000
1.56800
2.45400
2.45900
1.89500
1.04800
0.235000
-0.447000
-1.20600
-1.78100
-2.08300
-2.30700
-2.19500
-1.95100
-1.65400
-1.28900
-0.798000
-0.223000
0.337000
0.843000
1.19400
1.34000
1.22800
0.989000
0.712000
0.449000
0.215000
-7.70000E-02
-0.262000
-0.423000
-0.525000
-0.749000
-0.992000
-0.944000
-0.671000
-0.374000
5.40000E-02
0.551000
1.02800
1.27600
1.21300
0.819000
0.332000
-7.20000E-02
-0.384000
-0.637000
-0.788000
-0.841000
-0.875000
-0.836000
-0.544000
6.90000E-02
0.848000
1.70000
2.49800
2.91700
2.49800
1.50000
0.381000
-0.544000
-1.28400
-1.94200
-2.17500
-2.38500
-2.35500
-2.10700
-1.46400
-0.335000
0.921000
1.96300
2.48400
2.38600
2.04100
1.71000
1.33500
0.853000
0.458000
0.273000
0.322000
0.463000
0.405000
0.132000
-0.189000
-0.603000
-1.04100
-1.44000
-1.57200
-1.42600
-1.18200
-0.963000
-0.822000
-0.574000
5.00000E-02
1.01300
2.17700
3.31600
4.11400
3.88100
2.89300
1.55400
0.249000
-0.720000
-1.33300
-1.70300
-1.96100
-2.27300
-2.33100
-2.25800
-2.23900
-2.02400
-1.48400
-0.793000
-0.131000
0.707000
1.71000
2.54200
2.78500
2.36700
1.58800
0.697000
-0.111000
-0.841000
-1.30400
-1.42600
-1.49900
-1.28400
-0.992000
-0.686000
-0.247000
0.259000
0.716000
0.950000
0.877000
0.595000
0.244000
-0.126000
-0.540000
-0.910000
-1.10900
-1.03100
-0.788000
-0.622000
-0.272000
0.181000
0.575000
0.931000
1.29600
1.61700
1.74900
1.53900
0.843000
-7.70000E-02
-1.02600
-1.81500
-2.43300
-2.79300
-2.99800
-2.80300
-2.15100
-1.33300
-9.20000E-02
1.39800
2.54700
2.55200
1.43200
0.361000
-0.286000
-0.559000
-0.471000
-0.111000
0.468000
0.794000
0.702000
0.463000
0.186000
3.00000E-02
-0.131000
-0.330000
-0.408000
-0.389000
-0.428000
-0.515000
-0.656000
-0.788000
-0.871000
-0.871000
-0.822000
-0.681000
-0.452000
-2.80000E-02
0.458000
1.01800
1.58300
1.92900
2.11800
2.06500
1.84100
1.55900
1.27100
0.999000
0.648000
5.90000E-02
-0.749000
-1.63500
-2.24800
-2.52100
-2.60800
-2.68200
-2.71100
-2.59400
-2.21400
-1.78100
-1.11900
-2.30000E-02
1.15500
2.40100
3.55000
4.54300
4.57700
3.07800
1.51000
7.40000E-02
-0.997000
-1.55200
-2.00000
-2.09700
-2.45300
-2.67700
-2.65700
-2.32100
-1.91200
-1.52800
-1.22100
-1.05600
-0.798000
-0.135000
0.712000
1.58800
2.40100
2.82900
2.67300
2.38100
2.05500
1.81200
1.26700
0.634000
9.30000E-02
-0.423000
-0.968000
-1.57600
-1.88800
-2.18000
-2.39400
-2.35000
-2.18500
-1.73700
-1.09400
-0.199000
0.926000
2.16700
3.06800
3.51100
3.34000
2.62000
1.56800
0.541000
-0.262000
-1.04100
-1.60600
-1.89300
-2.09700
-2.05400
-1.81500
-1.46000
-0.948000
-0.311000
0.385000
1.13500
1.87500
2.49800
2.84400
2.72700
2.04500
1.05200
0.166000
-0.617000
-1.35300
-1.79600
-2.12700
-2.21900
-2.14100
-1.87300
-1.56200
-1.16300
-0.578000
1.00000E-03
0.517000
1.03300
1.64100
2.01100
1.94300
1.68000
1.28600
0.838000
0.332000
-0.272000
-0.871000
-1.24100
-1.35700
-1.56200
-1.45500
-1.27500
-1.12900
-1.01200
-0.919000
-1.05600
-1.23100
-1.15300
-0.885000
-0.457000
0.118000
0.824000
1.62200
2.25500
2.29400
1.71000
0.731000
-0.267000
-1.10900
-1.84900
-2.31200
-2.23400
-2.16500
-1.99000
-1.77600
-1.42100
-0.978000
-0.418000
0.171000
0.687000
1.14500
1.44700
1.41300
1.16900
0.848000
0.590000
0.420000
0.244000
3.00000E-02
-0.267000
-0.661000
-1.03100
-1.40100
-1.83900
-1.93700
-1.70800
-1.34800
-0.846000
-0.272000
0.507000
1.63700
3.02400
4.01700
3.34000
1.99700
0.580000
-0.574000
-1.46400
-2.14100
-2.40900
-2.59900
-2.69600
-2.52600
-2.07800
-1.34300
-0.476000
0.497000
1.50500
2.22600
2.27400
1.76800
0.931000
0.161000
-0.355000
-0.613000
-0.603000
-0.442000
-0.403000
-0.189000
0.118000
0.575000
1.10600
1.54400
1.66600
1.47600
0.901000
0.152000
-0.471000
-0.875000
-1.09900
-1.34300
-1.41100
-1.25000
-1.07500
-0.559000
0.200000
0.877000
1.30600
1.47100
1.50000
1.51000
1.46600
1.34900
1.19800
0.955000
0.634000
0.264000
-0.170000
-0.520000
-0.788000
-0.968000
-0.958000
-0.802000
-0.583000
-0.233000
0.225000
0.731000
1.20300
1.40800
1.27600
0.911000
0.522000
7.90000E-02
-0.325000
-0.632000
-0.744000
-0.715000
-0.549000
-0.218000
0.205000
0.643000
1.08200
1.43700
1.68000
1.50500
1.05700
0.439000
-0.223000
-0.836000
-1.28400
-1.56200
-1.77600
-1.82500
-1.68400
-1.34800
-0.817000
-0.155000
0.663000
1.56400
2.43000
2.62000
2.08000
1.18900
0.273000
-0.432000
-0.968000
-1.35700
-1.43500
-1.56200
-1.58600
-1.52800
-1.42100
-1.21600
-0.871000
-0.471000
-1.40000E-02
0.356000
0.566000
0.566000
0.488000
0.454000
0.512000
0.648000
0.726000
0.619000
0.317000
-8.70000E-02
-0.457000
-0.651000
-0.812000
-0.910000
-0.734000
-0.403000
-6.70000E-02
0.127000
4.00000E-02
-0.325000
-0.695000
-0.919000
-0.997000
-0.905000
-0.661000
-0.174000
0.488000
1.16900
1.62700
1.58300
1.04300
0.269000
-0.389000
-0.856000
-1.04100
-0.910000
-0.574000
4.50000E-02
0.794000
1.51500
1.94800
1.89900
1.43700
0.746000
0.108000
-0.505000
-1.07000
-1.46400
-1.78100
-1.91700
-1.90700
-1.81500
-1.74700
-1.52300
-0.997000
-0.320000
0.493000
1.46600
2.46400
3.06300
3.05300
2.75600
2.32800
1.73400
0.984000
0.142000
-0.715000
-1.55200
-2.14100
-2.67700
-2.98800
-3.21200
-3.23200
-3.03200
-2.51600
-1.79600
-0.744000
0.712000
2.17200
2.90200
2.76600
2.13300
1.25200
0.473000
2.00000E-02
-9.70000E-02
-3.80000E-02
0.191000
0.361000
0.239000
6.40000E-02
-3.80000E-02
-0.160000
-0.204000
-6.70000E-02
0.220000
0.493000
0.531000
0.405000
0.215000
-2.30000E-02
-0.350000
-0.710000
-0.997000
-1.06000
-0.939000
-0.715000
-0.218000
0.673000
1.82200
2.95100
3.70600
3.47200
2.52700
1.42200
0.381000
-0.350000
-0.866000
-1.38200
-1.64500
-2.19500
-2.38900
-2.45800
-2.39900
-2.28200
-1.99500
-1.45000
-0.540000
0.746000
2.40100
3.80300
3.87100
2.82000
1.54900
0.400000
-0.325000
-0.749000
-1.08000
-0.914000
-0.866000
-0.953000
-0.919000
-0.856000
-0.768000
-0.744000
-0.783000
-0.783000
-0.729000
-0.544000
-0.116000
0.522000
1.24700
1.93400
2.34700
2.17700
1.30100
0.254000
-0.583000
-1.18200
-1.72700
-2.12700
-2.39900
-2.35500
-2.08800
-1.55700
-0.875000
-1.40000E-02
0.828000
1.40800
1.43700
1.16400
0.819000
0.458000
0.132000
-0.170000
-0.423000
-0.384000
-0.540000
-0.666000
-0.651000
-0.486000
-0.369000
-0.247000
-0.150000
-7.20000E-02
-0.150000
-0.355000
-0.466000
-0.544000
-0.583000
-0.544000
-0.535000
-0.510000
-0.277000
4.50000E-02
0.449000
1.00400
1.48100
1.63700
1.31000
0.648000
2.50000E-02
-0.442000
-0.778000
-1.09900
-1.21600
-1.27000
-1.18200
-0.910000
-0.525000
-0.155000
8.40000E-02
0.283000
0.429000
0.478000
0.493000
0.473000
0.420000
0.346000
0.244000
0.191000
0.123000
8.40000E-02
0.220000
0.629000
1.22800
1.64600
1.66600
1.27600
0.580000
-0.306000
-1.29900
-2.13600
-2.56500
-2.75500
-2.65200
-2.21900
-1.38700
0.200000
2.96600
6.32900
6.17400
4.22600
2.19200
0.298000
-1.05600
-1.91700
-2.61300
-2.82800
-3.13900
-3.19300
-3.18300
-3.16300
-2.93500
-2.54000
-1.88800
-0.905000
0.624000
2.47400
4.09000
4.50900
4.03700
3.04300
1.91400
0.843000
0.113000
-0.471000
-1.04100
-1.18200
-1.38700
-1.53300
-1.57600
-1.49900
-1.25500
-0.900000
-0.744000
-0.783000
-0.793000
-0.676000
-0.335000
0.205000
0.799000
1.42200
2.05500
2.42000
2.34200
1.99200
1.34400
0.546000
-0.155000
-0.700000
-1.12900
-1.32300
-1.33800
-0.987000
-0.608000
-0.204000
5.90000E-02
0.308000
0.570000
0.765000
0.780000
0.643000
0.410000
4.00000E-02
-0.282000
-0.627000
-0.958000
-1.01700
-0.763000
-0.569000
-0.330000
-0.140000
7.40000E-02
0.259000
0.497000
1.01800
1.82200
2.65900
3.11600
3.04300
2.61500
1.50500
6.40000E-02
-1.11900
-1.92700
-2.53100
-3.02700
-3.55300
-3.75300
-3.74800
-3.59200
-3.25100
-2.54000
-1.65400
-0.428000
1.46600
3.92900
5.81800
4.08500
1.92900
0.176000
-1.13800
-2.03900
-2.75900
-2.71100
-2.51100
-2.20000
-1.92700
-1.52300
-1.18700
-1.00200
-0.802000
-0.578000
-0.267000
0.166000
0.741000
1.19800
1.50500
1.62200
1.56400
1.28100
0.707000
0.118000
-0.476000
-1.05100
-1.41600
-1.54200
-1.61100
-1.52800
-1.34300
-1.02100
-0.549000
-7.20000E-02
0.366000
0.755000
0.970000
0.994000
0.877000
0.653000
0.298000
-1.01000E-01
-0.491000
-0.686000
-0.452000
1.00000E-03
0.468000
0.882000
1.07700
0.746000
0.123000
-0.564000
-1.23100
-1.68400
-1.90700
-1.88300
-1.59100
-0.802000
0.225000
1.16400
1.92900
2.22100
1.89000
1.17400
0.512000
1.03000E-01
-8.70000E-02
-0.350000
-0.320000
-0.476000
-0.496000
-0.457000
-0.286000
5.90000E-02
0.449000
0.799000
0.984000
0.994000
0.887000
0.692000
0.337000
-3.30000E-02
-0.301000
-0.418000
-0.505000
-0.554000
-0.520000
-0.403000
-0.174000
0.108000
0.434000
0.624000
0.726000
0.833000
0.960000
1.17400
1.41700
1.41300
1.16900
0.678000
0.132000
-0.228000
-0.569000
-0.900000
-1.03100
-1.11400
-1.14800
-0.929000
-0.705000
-0.462000
-9.70000E-02
0.288000
0.755000
1.15000
1.35400
1.40800
1.33000
1.15500
0.658000
-2.30000E-02
-0.501000
-0.608000
-0.637000
-0.822000
-0.997000
-0.890000
-0.647000
-0.223000
3.50000E-02
0.127000
0.171000
9.30000E-02
-4.30000E-02
-0.199000
-0.296000
-0.311000
-0.194000
0.123000
0.590000
1.01800
1.34400
1.36900
1.18900
0.974000
0.804000
0.697000
0.629000
0.566000
0.390000
3.00000E-02
-0.520000
-1.04100
-1.51300
-1.85400
-2.07800
-2.16500
-2.20000
-2.11700
-1.82000
-1.28900
-0.184000
1.64600
4.02700
5.58900
4.84500
2.77600
1.06700
-0.228000
-1.17200
-1.96600
-2.31600
-2.35000
-2.25300
-2.21400
-2.08800
-1.67900
-1.14800
-0.651000
-0.379000
-0.184000
-2.30000E-02
0.108000
0.113000
7.90000E-02
0.225000
0.575000
1.17400
2.01100
2.84900
3.44300
3.05800
1.85600
0.400000
-0.637000
-1.29900
-1.97100
-2.31200
-2.55000
-2.57000
-2.31200
-2.03900
-1.75700
-1.55200
-1.39100
-1.07500
-0.549000
9.80000E-02
0.658000
1.11600
1.36900
1.42200
1.30600
1.16900
0.863000
0.424000
6.00000E-03
-0.379000
-0.725000
-1.09400
-1.51800
-1.71300
-1.67900
-1.40600
-0.885000
-0.135000
0.751000
1.69500
2.06500
1.31500
0.142000
-0.880000
-1.49900
-1.79100
-1.77100
-1.61500
-1.21600
-0.515000
0.239000
1.08600
1.81200
2.13300
1.93800
1.45600
0.828000
0.395000
2.50000E-02
-0.379000
-0.564000
-0.578000
-0.544000
-0.442000
-0.355000
-0.194000
-2.80000E-02
9.80000E-02
5.90000E-02
-0.150000
-0.496000
-0.832000
-1.09400
-1.16800
-1.01200
-0.593000
-2.80000E-02
0.619000
1.09600
1.34900
1.41700
1.52900
1.70000
1.70000
1.42700
1.01800
0.405000
-0.272000
-0.846000
-1.18200
-1.33300
-1.50300
-1.80500
-1.86400
-1.75200
-1.54700
-1.20600
-0.598000
0.269000
1.19400
1.83100
1.89900
1.59800
1.20800
0.863000
0.658000
0.483000
0.254000
4.00000E-02
7.90000E-02
0.181000
0.278000
0.220000
9.30000E-02
-0.204000
-0.603000
-0.788000
-0.812000
-0.880000
-1.06500
-1.13800
-1.12400
-1.05100
-0.778000
-0.262000
0.239000
0.853000
1.57800
2.36700
2.96100
3.06300
2.28400
1.09600
-5.80000E-02
-0.973000
-1.58600
-2.08800
-2.60400
-2.79800
-2.70600
-2.38500
-1.92700
-1.21600
-0.165000
1.09600
2.28400
2.70800
2.25500
1.43200
0.566000
-0.131000
-0.598000
-0.861000
-0.744000
-0.778000
-0.661000
-0.277000
0.127000
0.580000
0.974000
1.29600
1.43200
1.32000
1.11600
0.843000
0.624000
0.312000
-1.90000E-02
-0.325000
-0.656000
-1.10400
-1.59100
-1.99000
-2.18000
-2.27700
-2.19000
-1.87300
-1.15300
0.123000
2.12300
4.92700
5.54100
3.91000
2.24500
0.785000
-0.330000
-1.15800
-1.89800
-2.10700
-2.24300
-2.34100
-2.42800
-2.41900
-2.39400
-2.26300
-2.13600
-1.93700
-1.41600
-0.544000
0.405000
1.36400
2.02600
2.36700
2.34200
2.10900
1.39800
0.527000
-7.70000E-02
-0.627000
-1.04600
-1.10400
-1.13300
-1.20600
-1.01200
-0.875000
-0.739000
-0.520000
-0.384000
-0.160000
0.191000
0.658000
1.05200
1.13000
0.785000
0.288000
-0.126000
-0.340000
-0.428000
-0.496000
-0.530000
-0.554000
-0.530000
-0.286000
0.157000
0.507000
0.936000
1.47100
1.95300
2.26500
2.21100
1.78700
0.853000
-0.223000
-1.24500
-2.05400
-2.53500
-2.79800
-2.79800
-2.39400
-1.62500
-0.505000
0.765000
1.90400
2.39100
1.88500
1.09100
0.488000
0.205000
6.40000E-02
2.50000E-02
0.225000
0.585000
0.828000
1.01300
1.01300
0.707000
4.50000E-02
-0.656000
-1.20600
-1.67400
-1.82500
-1.48400
-0.978000
-0.481000
1.50000E-02
0.449000
0.897000
1.32500
1.47600
1.37900
0.989000
0.527000
0.113000
-0.311000
-0.642000
-0.744000
-0.983000
-1.14300
-1.04600
-0.953000
-0.836000
-0.554000
1.00000E-03
0.751000
1.70000
2.45900
2.36200
1.63700
0.624000
-0.320000
-1.02100
-1.61100
-1.78600
-1.89300
-1.77600
-1.55700
-0.856000
0.205000
1.40800
2.73200
3.83700
3.94900
3.13600
1.82200
0.420000
-0.773000
-1.64900
-2.48700
-2.88600
-3.21200
-3.37300
-3.26600
-2.87600
-2.11700
-0.987000
0.434000
2.19200
3.83700
4.22600
3.35500
2.22600
1.08200
0.132000
-0.574000
-1.29400
-1.53300
-1.62000
-1.82500
-1.82500
-1.74700
-1.62000
-1.44500
-1.13800
-0.744000
-0.364000
8.80000E-02
0.580000
0.994000
1.33500
1.53900
1.59800
1.48100
0.999000
0.395000
-0.184000
-0.622000
-0.817000
-0.817000
-1.09400
-1.34800
-1.28900
-1.02600
-1.03600
-1.07000
-0.905000
-0.466000
0.152000
0.716000
0.979000
0.950000
0.595000
0.254000
7.40000E-02
-0.121000
-0.286000
-0.189000
5.90000E-02
0.371000
0.566000
0.614000
0.541000
0.346000
5.40000E-02
-0.199000
-0.330000
-0.496000
-0.661000
-0.875000
-1.08500
-1.04600
-0.783000
-0.320000
0.215000
0.712000
1.04300
1.02800
0.707000
0.346000
8.40000E-02
-0.155000
-0.350000
-0.432000
-0.476000
-0.520000
-0.578000
-0.535000
-0.452000
-0.311000
-0.135000
-1.40000E-02
0.147000
0.415000
0.502000
0.410000
0.205000
-2.80000E-02
-0.359000
-0.768000
-1.11400
-1.25000
-1.19200
-0.807000
-0.340000
0.249000
0.960000
1.54900
1.85100
1.82600
1.52000
1.03300
0.468000
-0.199000
-0.734000
-1.12400
-1.59100
-2.00500
-2.18000
-2.18000
-1.80500
-1.04600
4.50000E-02
1.15000
2.19600
2.66900
2.54700
2.09900
1.42700
0.716000
0.123000
-0.413000
-0.690000
-0.554000
-0.598000
-0.598000
-0.559000
-0.496000
-0.413000
-0.282000
-0.184000
-0.189000
-0.170000
-0.184000
-7.70000E-02
6.90000E-02
0.371000
1.01800
1.87500
2.57600
2.93600
2.74200
2.08400
1.06200
3.50000E-02
-0.822000
-1.51300
-2.02400
-2.33600
-2.57000
-2.64700
-2.58400
-2.33100
-1.73700
-0.695000
0.799000
2.57100
4.27500
4.62600
3.52100
1.87500
0.351000
-0.729000
-1.48900
-2.08300
-2.28700
-2.52600
-2.59400
-2.43300
-2.08800
-1.40100
-0.350000
0.858000
2.13800
3.13100
3.13100
2.29900
1.26700
0.410000
-0.267000
-0.861000
-1.27900
-1.24100
-1.30900
-1.17200
-0.817000
-0.282000
0.273000
0.590000
0.867000
1.09100
1.15000
0.936000
0.502000
2.50000E-02
-0.335000
-0.481000
-0.340000
-2.30000E-02
0.196000
0.298000
0.308000
0.171000
-0.111000
-0.423000
-0.661000
-0.788000
-0.637000
-0.437000
-0.423000
-0.530000
-0.428000
-0.223000
-0.330000
-0.481000
-0.520000
-0.559000
-0.540000
-0.330000
9.30000E-02
0.527000
0.765000
0.716000
0.493000
0.161000
-0.179000
-0.651000
-1.07000
-1.32300
-1.51800
-1.63000
-1.62500
-1.55200
-1.31400
-0.953000
-0.540000
-4.80000E-02
0.478000
0.940000
1.27100
1.38300
1.25200
0.809000
0.186000
-0.423000
-0.944000
-1.45000
-1.76600
-1.96600
-1.98500
-1.86900
-1.71800
-1.33300
-0.763000
-3.30000E-02
1.00400
2.10400
2.47400
2.00200
0.940000
-0.179000
-1.01700
-1.51800
-1.77100
-1.46000
-1.22600
-0.695000
-4.80000E-02
0.619000
1.03300
0.916000
0.507000
6.90000E-02
-0.267000
-0.423000
-0.569000
-0.530000
-0.204000
0.293000
0.721000
0.819000
0.746000
0.629000
0.483000
0.312000
0.235000
0.210000
0.244000
0.200000
1.03000E-01
-2.30000E-02
-0.135000
-0.301000
-0.408000
-0.340000
-0.189000
-0.111000
9.80000E-02
0.332000
0.468000
0.658000
0.989000
1.32000
1.46600
1.33000
0.979000
0.488000
-1.90000E-02
-0.471000
-0.773000
-0.910000
-0.885000
-0.968000
-0.798000
-0.408000
0.283000
1.16400
2.06000
2.50800
2.31300
1.51500
0.527000
-0.218000
-0.661000
-0.832000
-0.569000
-0.330000
0.108000
0.634000
1.08200
1.23200
1.12100
0.824000
0.405000
-4.00000E-03
-0.340000
-0.544000
-0.690000
-0.773000
-0.773000
-0.666000
-0.442000
-4.30000E-02
0.468000
0.974000
1.38800
1.62200
1.81700
1.85100
1.71400
1.43200
0.877000
8.40000E-02
-0.637000
-1.10400
-1.42600
-1.73200
-1.88800
-1.94600
-1.91700
-1.70800
-1.27900
-0.642000
0.127000
0.833000
1.44200
1.95800
2.38100
2.57600
2.27400
1.40800
0.351000
-0.583000
-1.27900
-1.76100
-1.85400
-2.03900
-1.82500
-1.30400
-0.637000
-9.00000E-03
0.385000
0.454000
0.278000
3.50000E-02
-0.160000
-0.330000
-0.476000
-0.515000
-0.481000
-0.306000
5.40000E-02
0.517000
0.858000
1.00400
1.02300
0.824000
0.308000
-0.364000
-0.978000
-1.44500
-1.83000
-2.07300
-1.95600
-1.33800
-0.413000
0.507000
1.16400
1.24700
0.936000
0.531000
0.123000
-0.199000
-0.437000
-0.700000
-0.905000
-1.23600
-1.21100
-0.958000
-0.608000
-0.252000
5.90000E-02
0.273000
0.483000
0.716000
0.882000
0.877000
0.712000
0.517000
0.293000
0.127000
7.40000E-02
0.123000
0.132000
-9.00000E-03
-0.320000
-0.574000
-0.734000
-0.812000
-0.768000
-0.578000
-0.452000
-0.204000
0.235000
0.804000
1.36900
1.79700
2.13300
2.25500
2.04500
1.29600
0.298000
-0.598000
-1.30900
-1.77100
-1.93700
-1.81000
-1.45500
-0.900000
-9.20000E-02
0.804000
1.53900
1.77300
1.51000
0.906000
0.171000
-0.471000
-0.900000
-1.09000
-0.895000
-0.564000
8.40000E-02
1.01800
2.01100
2.61500
2.46400
1.68500
0.721000
-0.184000
-0.948000
-1.54200
-1.96100
-2.14600
-2.19000
-2.11200
-1.93700
-1.55200
-0.939000
-0.140000
0.692000
1.57800
2.27900
2.54200
2.12800
1.31500
0.454000
-0.213000
-0.661000
-0.802000
-0.535000
-0.393000
-3.30000E-02
0.395000
0.775000
0.994000
0.984000
0.726000
0.230000
-0.379000
-0.958000
-1.40600
-1.64000
-1.67400
-1.50800
-1.08000
-0.481000
0.303000
1.40800
2.82400
4.51900
4.62600
2.93600
1.31500
-0.145000
-1.30900
-2.14100
-2.72500
-3.02700
-3.11000
-3.02700
-2.79800
-2.34100
-1.61500
-0.603000
0.643000
1.99700
3.47200
4.69900
4.14400
2.27400
0.595000
-0.535000
-1.19700
-1.85400
-2.11200
-2.19500
-2.27700
-2.24300
-2.06300
-1.80500
-1.53700
-1.19700
-0.783000
-0.238000
0.385000
1.16900
1.95800
2.51300
2.46900
1.91400
1.18900
0.546000
-0.116000
-0.617000
-0.963000
-0.987000
-1.16300
-1.25000
-1.36700
-1.43000
-1.67400
-1.96100
-1.95600
-1.78600
-1.50800
-0.963000
-0.311000
0.439000
1.21800
1.89500
2.15700
1.93800
1.43200
0.770000
0.157000
-0.296000
-0.535000
-0.715000
-0.890000
-1.30400
-1.55700
-1.59600
-1.58600
-1.53300
-1.45500
-1.29400
-1.18700
-0.944000
-0.637000
-0.359000
-7.20000E-02
0.191000
0.712000
1.59300
2.34700
2.85400
2.77100
2.05500
1.06700
-0.111000
-1.16800
-1.92700
-2.42300
-2.58400
-2.86700
-2.92500
-2.72000
-2.18000
-1.39100
-0.247000
1.22300
2.83900
3.76900
3.24800
2.07500
0.858000
-0.150000
-0.827000
-1.13800
-1.02100
-0.608000
-0.223000
0.157000
0.454000
0.478000
0.415000
0.405000
0.361000
0.249000
4.00000E-02
-0.150000
-0.345000
-0.598000
-0.754000
-0.763000
-0.583000
-0.233000
0.273000
1.03800
1.89500
2.57600
2.70800
2.27900
1.33000
0.200000
-0.715000
-1.37700
-1.73200
-1.69300
-1.71300
-1.32300
-0.793000
-0.384000
-4.00000E-03
0.273000
0.488000
0.819000
1.19400
1.56400
1.74900
1.56400
1.12500
0.497000
-5.80000E-02
-0.325000
-0.306000
-0.286000
-5.80000E-02
0.361000
0.731000
0.775000
0.624000
0.278000
-0.150000
-0.564000
-0.836000
-0.856000
-0.832000
-0.676000
-0.457000
-0.194000
-0.116000
-9.70000E-02
-8.20000E-02
-4.80000E-02
8.40000E-02
0.458000
1.17400
2.00700
2.59100
2.77600
2.45000
1.62200
0.488000
-0.603000
-1.48900
-2.22900
-2.60400
-2.75900
-2.58400
-2.30200
-1.94600
-1.51800
-1.06500
-0.442000
0.293000
0.960000
1.40300
1.53900
1.45200
1.31000
1.19400
0.989000
0.682000
0.371000
5.90000E-02
-0.228000
-0.549000
-0.734000
-0.802000
-0.725000
-0.622000
-0.583000
-0.686000
-0.871000
-1.10400
-1.38700
-1.52800
-1.44000
-1.26500
-0.963000
-0.423000
0.415000
1.51500
2.59100
3.30100
3.00500
1.88000
0.356000
-1.03100
-1.95100
-2.51100
-2.57000
-2.55000
-2.27300
-1.87800
-1.27000
-0.291000
0.819000
1.75300
2.10900
1.82200
1.11600
0.264000
-0.457000
-1.03100
-1.37700
-1.41100
-1.39600
-1.03600
-0.486000
0.283000
1.27600
2.26500
2.75100
2.52700
1.78700
0.858000
5.00000E-02
-0.613000
-1.14300
-1.47400
-1.71800
-1.88800
-1.92700
-1.85400
-1.57200
-1.21100
-0.793000
-0.189000
0.566000
1.41300
2.20600
2.71200
2.73200
2.27400
1.36900
0.429000
-0.418000
-1.20200
-1.67900
-1.77100
-1.72200
-1.57600
-1.33300
-0.983000
-0.462000
0.132000
0.605000
0.789000
0.721000
0.570000
0.493000
0.483000
0.585000
0.799000
0.936000
0.877000
0.653000
0.415000
0.171000
-6.20000E-02
-0.174000
-0.247000
-0.403000
-0.627000
-0.880000
-0.895000
-0.681000
-0.243000
0.283000
0.678000
0.838000
0.799000
0.595000
0.361000
0.113000
-9.20000E-02
-0.238000
-0.320000
-0.160000
0.108000
0.570000
1.25200
1.83600
2.03600
1.68000
0.970000
0.176000
-0.471000
-1.01700
-1.50300
-1.70800
-1.74700
-1.67400
-1.52800
-1.30400
-0.968000
-0.384000
0.356000
1.15000
1.85100
2.43500
2.59100
2.32300
1.81700
1.13500
0.346000
-0.466000
-0.934000
-1.05600
-1.03600
-0.900000
-0.749000
-0.798000
-0.759000
-0.613000
-0.403000
-0.131000
9.30000E-02
0.293000
0.468000
0.332000
7.40000E-02
-0.165000
-0.286000
-0.218000
3.00000E-02
0.332000
0.770000
1.18400
1.60700
2.03100
2.49800
2.98000
2.83400
1.30600
-0.325000
-1.62000
-2.47700
-3.06100
-3.30000
-3.44100
-3.46500
-3.30500
-3.11000
-2.78400
-2.14600
-1.16800
0.171000
1.56800
2.87800
3.64200
3.37900
2.39600
1.35400
0.454000
-0.121000
-0.549000
-0.890000
-1.07000
-1.29400
-1.61100
-1.75700
-1.78600
-1.71800
-1.63000
-1.58600
-1.49400
-1.22100
-0.715000
-0.150000
0.327000
0.760000
1.07200
1.15500
1.01800
0.785000
0.600000
0.507000
0.536000
0.512000
0.337000
8.40000E-02
-1.01000E-01
-0.140000
-5.80000E-02
7.90000E-02
0.205000
0.230000
0.142000
5.90000E-02
-5.80000E-02
-0.243000
-0.515000
-0.832000
-1.08500
-1.21100
-1.35300
-1.38200
-0.914000
-0.111000
0.648000
1.52500
2.57100
3.09700
2.86300
2.30300
1.58300
0.785000
5.00000E-02
-0.496000
-0.827000
-0.934000
-1.13300
-1.43000
-1.76100
-2.10700
-2.31600
-2.32100
-2.12700
-1.83400
-1.41100
-0.759000
0.186000
1.44700
2.81500
3.74400
3.60800
2.85800
1.89000
0.936000
0.200000
-0.501000
-1.12400
-1.47900
-1.67400
-1.89800
-1.89800
-1.78600
-1.53300
-1.07500
-0.340000
0.527000
1.15500
1.12500
0.570000
-0.184000
-0.983000
-1.59600
-1.59600
-0.832000
0.142000
1.37900
2.63000
3.25800
2.86800
1.78700
0.687000
-0.150000
-0.798000
-1.38200
-1.78100
-1.88300
-2.00000
-1.86400
-1.62500
-1.27500
-0.749000
-0.145000
0.298000
0.570000
0.736000
0.760000
0.653000
0.502000
0.264000
1.50000E-02
-1.01000E-01
5.90000E-02
0.444000
0.965000
1.45200
1.58300
1.32000
0.697000
-3.80000E-02
-0.798000
-1.26000
-1.27000
-1.17700
-0.875000
-0.369000
0.273000
1.10100
2.01600
2.53700
2.29400
1.66100
0.872000
0.108000
-0.535000
-0.997000
-1.19700
-1.46400
-1.63500
-1.58600
-1.31400
-0.729000
8.40000E-02
1.08200
2.31800
3.68100
4.60600
4.16800
2.56600
1.04300
-0.208000
-1.19700
-2.04400
-2.43800
-2.85700
-3.22700
-3.26600
-3.14900
-2.95900
-2.64700
-2.13100
-1.27900
-7.20000E-02
1.30100
2.61000
3.47700
3.39900
2.69300
1.71900
0.819000
0.210000
-0.194000
-0.515000
-0.812000
-1.04600
-1.44500
-1.57600
-1.71300
-1.86900
-1.91700
-1.91200
-1.87300
-1.77100
-1.58600
-1.11900
-0.350000
0.575000
1.49100
2.14800
2.39100
2.15300
1.66600
1.01300
0.230000
-0.520000
-1.23100
-1.58100
-1.53700
-1.89800
-2.01900
-1.68800
-1.10400
-0.374000
0.176000
0.707000
1.10100
1.29100
1.08600
0.639000
5.90000E-02
-0.544000
-0.929000
-0.968000
-0.734000
-0.690000
-0.525000
3.50000E-02
0.721000
1.21300
1.46600
1.55400
1.51500
1.30600
0.955000
0.609000
0.200000
-0.160000
-0.393000
-0.603000
-0.973000
-1.26000
-1.41100
-1.39600
-1.27000
-1.04100
-0.583000
9.80000E-02
0.955000
2.06000
3.33600
4.38700
3.81700
2.13800
0.517000
-0.763000
-1.72200
-2.33100
-2.49700
-2.60800
-2.42800
-2.19500
-1.74200
-0.987000
4.00000E-02
1.18400
2.29900
3.02900
3.04300
2.35200
1.30100
0.303000
-0.393000
-0.880000
-1.25000
-1.23100
-1.39600
-1.29400
-1.20600
-1.14800
-0.944000
-0.656000
-0.384000
1.00000E-03
0.410000
0.901000
1.43200
1.93400
2.16200
1.94300
1.50000
0.955000
0.346000
-0.247000
-0.763000
-1.23100
-1.62500
-1.91200
-2.03900
-2.13100
-2.00000
-1.59600
-1.12400
-0.535000
0.108000
0.668000
0.999000
1.16400
1.16900
1.15000
1.07700
0.940000
0.775000
0.755000
0.955000
1.23200
1.59300
1.70000
1.34900
0.507000
-0.544000
-1.48900
-2.15600
-2.56500
-3.02200
-3.38300
-3.52400
-3.32400
-2.84700
-2.15600
-1.10900
0.493000
2.57100
4.97600
5.98900
3.92000
1.79700
0.176000
-0.963000
-1.75200
-2.34600
-2.42800
-2.56500
-2.51600
-2.44300
-2.35500
-2.02900
-1.48400
-0.871000
-0.257000
0.317000
0.955000
1.60700
2.08900
2.28400
2.03100
1.52000
0.970000
0.283000
-0.369000
-0.900000
-1.18200
-1.38200
-1.38200
-1.23600
-0.871000
-0.247000
0.444000
0.872000
1.09100
1.15900
1.17900
1.02300
0.687000
0.205000
-0.272000
-0.798000
-1.18200
-1.35700
-1.46900
-1.40600
-1.21600
-0.807000
-0.223000
0.614000
1.58300
2.20100
2.17200
1.77800
1.21300
0.580000
-8.20000E-02
-0.798000
-1.35300
-1.68400
-1.91200
-1.98000
-1.84400
-1.67900
-1.40100
-0.866000
-0.218000
0.493000
1.10600
1.45200
1.57800
1.47100
1.14500
0.731000
0.366000
-3.80000E-02
-0.564000
-0.948000
-1.23600
-1.37700
-1.39600
-1.13800
-0.700000
-0.247000
3.50000E-02
0.191000
0.293000
0.502000
0.663000
0.746000
0.702000
0.590000
0.434000
0.205000
-0.126000
-0.437000
-0.549000
-0.637000
-0.836000
-1.03100
-1.01700
-0.885000
-0.686000
-0.325000
0.142000
0.940000
1.98700
2.98500
2.86800
1.72900
0.371000
-0.593000
-1.28400
-1.86900
-2.15100
-2.13600
-1.69800
-1.18700
-0.457000
0.566000
1.48600
1.96300
1.89000
1.45600
0.926000
0.434000
-2.30000E-02
-0.306000
-0.525000
-0.447000
-0.340000
-7.20000E-02
0.200000
0.590000
0.819000
0.770000
0.585000
0.395000
0.264000
0.152000
1.50000E-02
-0.291000
-0.520000
-0.637000
-0.520000
-0.165000
0.400000
0.994000
1.32000
1.29100
0.970000
0.502000
4.00000E-02
-0.340000
-0.588000
-0.783000
-0.978000
-0.973000
-0.778000
-0.403000
8.40000E-02
0.687000
1.39300
1.90900
1.95800
1.45600
0.726000
0.181000
-0.252000
-0.593000
-0.963000
-1.26000
-1.36700
-1.22100
-1.03100
-0.836000
-0.593000
-0.247000
6.40000E-02
0.210000
0.444000
0.760000
1.04300
1.15900
1.06700
0.838000
0.527000
0.108000
-0.262000
-0.520000
-0.676000
-0.802000
-0.953000
-1.05100
-1.07000
-0.880000
-0.423000
0.137000
0.760000
1.24700
1.37400
1.14500
0.570000
-0.252000
-1.18700
-1.83000
-2.09700
-2.10700
-2.00000
-1.61500
-0.953000
-8.20000E-02
0.809000
1.64100
2.20600
2.27900
2.10400
1.63700
0.974000
0.200000
-0.520000
-1.09000
-1.46000
-1.69800
-2.01900
-2.13100
-2.04900
-1.74700
-1.41100
-0.992000
-0.540000
-0.208000
1.03000E-01
0.420000
0.877000
1.46100
1.97200
2.40100
2.67300
2.69300
2.42500
1.86500
0.940000
6.00000E-03
-0.798000
-1.52800
-2.06300
-2.51100
-2.81800
-2.84700
-2.62800
-2.35500
-2.01500
-1.31400
-0.340000
0.785000
2.05500
3.20900
3.48600
3.00900
2.22600
1.34900
0.619000
7.90000E-02
-0.379000
-0.476000
-0.204000
-4.30000E-02
0.176000
0.366000
0.254000
-0.194000
-0.846000
-1.47400
-2.06800
-2.55500
-2.70600
-2.53500
-2.05800
-1.27900
-5.30000E-02
1.53900
3.32100
4.34800
3.72500
2.32300
1.05700
9.30000E-02
-0.637000
-1.22600
-1.60600
-1.73700
-1.88800
-1.96600
-2.00500
-2.03400
-2.02900
-1.82500
-1.38700
-0.807000
-0.155000
0.439000
0.965000
1.36900
1.65600
1.71400
1.52000
1.15500
0.731000
0.376000
0.108000
-0.330000
-0.759000
-1.01200
-1.09400
-1.09400
-0.958000
-0.656000
-0.272000
3.00000E-02
0.127000
1.03000E-01
4.50000E-02
0.137000
0.283000
0.332000
0.356000
0.327000
0.293000
0.327000
0.235000
7.40000E-02
-0.170000
-0.520000
-0.802000
-0.895000
-0.656000
-0.296000
1.03000E-01
0.541000
0.838000
0.877000
0.765000
0.619000
0.473000
0.312000
0.108000
5.00000E-02
8.80000E-02
4.50000E-02
-3.30000E-02
-0.121000
-0.155000
-0.286000
-0.695000
-0.987000
-1.06500
-1.12900
-1.09900
-0.914000
-0.384000
0.337000
1.02800
1.42200
1.42200
1.06700
0.648000
0.356000
1.03000E-01
-9.70000E-02
-0.213000
-0.131000
-5.30000E-02
-1.40000E-02
-2.30000E-02
-0.155000
-0.369000
-0.540000
-0.763000
-1.03600
-1.30400
-1.44000
-1.40600
-1.13300
-0.540000
0.123000
0.955000
1.85100
2.39100
2.21100
1.51000
0.410000
-0.578000
-1.37200
-1.97600
-2.09700
-2.07300
-1.84900
-1.53700
-1.12900
-0.481000
0.171000
0.794000
1.24200
1.35400
1.23700
1.11600
1.00400
0.897000
0.751000
0.614000
0.458000
1.03000E-01
-0.355000
-0.827000
-1.25500
-1.61500
-1.68800
-1.51300
-1.16300
-0.744000
-6.70000E-02
0.814000
1.89500
2.78500
3.11600
2.72700
1.88000
0.789000
-0.170000
-0.890000
-1.30400
-1.25500
-1.23600
-1.00700
-0.695000
-0.306000
5.90000E-02
0.390000
0.697000
0.906000
1.06700
1.24200
1.27100
1.23700
1.21800
1.15500
1.03800
0.892000
0.639000
0.254000
-0.257000
-0.832000
-1.27900
-1.57600
-1.79100
-1.82000
-1.48400
-0.885000
-0.131000
0.950000
2.35200
3.57400
4.29500
3.72500
2.05000
0.410000
-0.827000
-1.68400
-2.41900
-2.64300
-2.73000
-2.66700
-2.43300
-2.16100
-1.75200
-1.27900
-0.578000
0.293000
1.32500
2.20100
2.45400
2.07000
1.26200
0.410000
-0.311000
-0.856000
-1.07500
-0.890000
-0.535000
-0.160000
0.196000
0.497000
0.507000
0.385000
0.191000
-6.20000E-02
-0.320000
-0.613000
-0.827000
-1.00700
-1.10900
-1.04100
-0.924000
-0.798000
-0.690000
-0.559000
-0.403000
6.00000E-03
0.663000
1.45200
2.01100
1.90400
1.23700
0.346000
-0.379000
-1.00200
-1.33300
-1.21600
-0.919000
-0.554000
-0.155000
1.00000E-03
-0.170000
-0.617000
-1.16300
-1.51800
-1.68400
-1.57200
-1.27900
-0.651000
0.215000
1.30600
2.32800
2.57600
1.93400
0.955000
7.90000E-02
-0.544000
-0.910000
-1.19200
-1.18200
-1.26500
-1.24500
-1.11900
-0.919000
-0.744000
-0.471000
1.50000E-02
0.517000
0.936000
1.27100
1.42700
1.28600
0.809000
0.127000
-0.549000
-1.06500
-1.42100
-1.52300
-1.48900
-1.06500
-0.642000
-0.208000
0.356000
1.01300
1.72400
2.11400
1.89500
1.25200
0.478000
-0.311000
-1.00200
-1.44500
-1.57200
-1.53700
-1.34300
-1.01200
-0.403000
0.376000
1.18400
1.75300
1.99700
1.81200
1.23200
0.512000
-0.116000
-0.788000
-1.25500
-1.41100
-1.45500
-1.27900
-0.968000
-0.525000
-5.80000E-02
0.376000
0.639000
0.785000
0.970000
1.18900
1.43200
1.82600
2.06000
1.72400
0.994000
0.147000
-0.637000
-1.21600
-1.39100
-1.34300
-1.24500
-1.05100
-0.841000
-0.725000
-0.690000
-0.739000
-0.671000
-0.457000
-1.01000E-01
0.429000
1.22800
2.13300
2.52300
2.11400
1.19400
0.308000
-0.262000
-0.564000
-0.559000
-0.150000
1.03000E-01
0.424000
0.614000
0.473000
0.161000
-0.238000
-0.647000
-1.04100
-1.33800
-1.29900
-1.01700
-0.593000
-6.20000E-02
0.488000
1.04800
1.47600
1.69000
1.74900
1.67500
1.44200
0.940000
0.298000
-0.345000
-0.958000
-1.35300
-1.57200
-1.61100
-1.62000
-1.47400
-1.01200
-0.135000
0.984000
2.14800
2.77100
2.24000
1.19800
0.244000
-0.442000
-0.802000
-0.720000
-0.252000
9.30000E-02
0.108000
1.10000E-02
-0.340000
-0.759000
-1.09000
-1.29900
-1.33800
-1.22100
-1.06000
-0.788000
-0.389000
0.205000
0.906000
1.60200
2.17700
2.42500
2.14800
1.46600
0.726000
7.40000E-02
-0.515000
-1.02100
-1.39600
-1.69800
-1.99000
-1.99500
-1.93700
-1.80500
-1.49400
-1.10400
-0.588000
-1.40000E-02
0.643000
1.30100
1.83100
2.13800
2.20600
2.02100
1.66600
0.974000
6.40000E-02
-0.851000
-1.49900
-1.84900
-2.16500
-2.44300
-2.40900
-2.11700
-1.56200
-0.856000
6.90000E-02
1.09600
1.96300
2.32300
2.12800
1.57800
0.965000
0.463000
0.123000
-0.121000
-0.364000
-0.525000
-0.885000
-1.22600
-1.33800
-1.33800
-1.28900
-1.26500
-1.07000
-0.627000
-3.30000E-02
0.434000
0.872000
1.20800
1.41700
1.47100
1.42700
1.34900
1.33500
1.30100
1.26700
1.14000
0.906000
0.570000
0.137000
-0.350000
-0.734000
-1.10400
-1.35700
-1.53300
-1.69800
-1.77100
-1.60600
-1.27000
-0.905000
-0.544000
0.157000
1.40300
3.29200
5.28300
4.32900
2.41500
0.867000
-0.243000
-1.05100
-1.78100
-2.08800
-2.15600
-1.98000
-1.78100
-1.48900
-1.06500
-0.578000
5.90000E-02
0.702000
1.34400
1.85600
1.87500
1.43700
0.585000
-0.291000
-0.958000
-1.46400
-1.56700
-1.39600
-0.647000
0.351000
1.45200
2.68800
3.35500
3.37000
2.95600
2.35700
1.73400
1.10100
0.317000
-0.642000
-1.51800
-2.12200
-2.88600
-3.36300
-3.82600
-4.17100
-4.41900
-4.14200
-3.53800
-2.83700
-1.34800
1.14000
3.97300
5.39500
4.89300
3.29700
1.49100
0.147000
-0.836000
-1.52800
-1.88300
-1.94200
-2.12200
-2.13100
-2.11200
-2.03900
-2.05400
-1.96600
-1.74700
-1.53700
-1.15800
-0.578000
5.40000E-02
0.556000
0.906000
1.23200
1.57300
1.74400
1.71000
1.45200
0.916000
0.361000
-0.228000
-0.861000
-1.34300
-1.64000
-1.77100
-1.76100
-1.59100
-1.36700
-1.15300
-0.846000
-0.389000
5.00000E-02
0.288000
0.395000
0.356000
0.458000
0.624000
0.804000
0.911000
0.838000
0.643000
0.439000
0.254000
0.142000
5.40000E-02
-2.30000E-02
7.90000E-02
0.127000
8.40000E-02
-8.20000E-02
-0.335000
-0.661000
-0.885000
-1.08000
-1.08500
-0.983000
-0.695000
-0.345000
9.80000E-02
0.585000
1.09100
1.44700
1.90400
1.98700
1.81200
1.23200
0.502000
-0.179000
-0.793000
-1.30400
-1.45000
-1.45500
-1.27000
-0.997000
-0.642000
-0.145000
0.371000
1.06200
1.85600
2.53700
2.74600
2.34700
1.40300
0.298000
-0.666000
-1.49900
-2.10200
-2.24800
-2.49200
-2.33100
-1.98000
-1.47400
-0.729000
0.390000
1.73900
2.99000
3.78300
3.65700
2.85400
1.77800
0.843000
-0.364000
-1.35300
-2.20000
-2.55000
-2.97400
-3.08100
-2.79300
-2.33100
-1.53700
-0.515000
0.843000
1.93400
2.56600
2.46400
2.16700
1.80200
1.31000
0.892000
0.191000
-0.340000
-0.544000
-0.559000
-0.423000
-2.80000E-02
0.322000
0.760000
1.05200
1.32000
1.41300
1.20800
0.828000
-4.00000E-03
-0.715000
-1.10400
-1.16300
-0.880000
-0.471000
-8.70000E-02
0.639000
1.50500
2.45400
3.40900
3.87600
3.55500
2.34200
0.833000
-0.286000
-0.827000
-1.43000
-1.88300
-2.29200
-2.23400
-2.13100
-1.95600
-1.65400
-1.25500
-0.578000
0.390000
1.88000
3.98300
5.82800
5.25400
2.98500
1.13500
-0.272000
-1.37700
-2.35000
-2.89600
-3.34400
-3.54800
-3.64100
-3.45600
-3.13900
-2.66200
-1.97100
-1.11900
-9.70000E-02
1.09600
2.21600
2.90200
3.08700
2.72700
1.99200
1.01800
0.132000
-0.647000
-1.22600
-1.60600
-1.66400
-1.87300
-1.82500
-1.74700
-1.75200
-1.60600
-1.38200
-1.11900
-0.656000
-0.316000
-0.135000
-0.204000
-0.359000
-0.432000
-0.462000
-0.301000
7.90000E-02
0.653000
1.45200
2.26500
2.78500
2.27900
0.984000
-0.437000
-1.41100
-1.85400
-2.13100
-2.23900
-2.40400
-2.42300
-2.41400
-2.23400
-1.64000
-0.992000
-0.418000
-0.170000
-8.70000E-02
0.113000
0.478000
0.838000
1.10100
1.23200
1.22800
1.00400
0.566000
-2.80000E-02
-0.656000
-0.978000
-0.861000
-0.364000
0.176000
0.721000
1.27600
1.55400
1.36900
0.765000
5.00000E-02
-0.613000
-1.14800
-1.48900
-1.78600
-1.86400
-1.68400
-1.34300
-0.992000
-0.686000
-0.316000
8.40000E-02
0.682000
1.65600
2.94100
4.13900
4.69900
4.49400
3.49600
2.16200
0.663000
-0.593000
-1.48900
-2.11700
-2.27700
-2.72500
-2.97800
-3.19300
-3.20200
-3.08100
-2.72000
-2.25800
-1.73700
-0.871000
0.502000
2.27400
4.65500
5.99800
4.73300
3.12600
1.64100
0.600000
3.00000E-02
-0.340000
-0.690000
-0.617000
-0.754000
-1.16300
-1.55700
-1.86900
-2.10700
-2.32100
-2.40900
-2.22400
-1.84900
-1.46900
-0.836000
0.239000
1.84600
3.81300
5.64300
5.09300
2.55700
0.483000
-1.08500
-1.99500
-2.90100
-3.23200
-3.33900
-3.18800
-2.94400
-2.30200
-1.75700
-1.27500
-0.754000
-9.20000E-02
0.687000
1.61700
2.22100
2.28900
1.95800
1.35900
0.668000
5.40000E-02
-0.369000
-0.466000
-0.170000
-0.160000
-0.111000
4.50000E-02
5.90000E-02
5.00000E-02
4.00000E-02
-1.90000E-02
-0.345000
-0.725000
-1.03100
-1.06000
-0.841000
-0.544000
-0.345000
-0.145000
0.132000
0.410000
0.785000
1.22300
1.68000
2.12300
2.41500
2.22100
1.65100
0.789000
-1.01000E-01
-0.900000
-1.30400
-1.66400
-2.03900
-2.31200
-2.41900
-2.28700
-2.00500
-1.76100
-1.06500
-0.277000
0.551000
1.42200
2.23500
2.68800
2.53700
2.16200
1.61200
0.853000
6.90000E-02
-0.676000
-1.12900
-1.27900
-1.34300
-1.57600
-1.57200
-1.66900
-1.82500
-1.94200
-2.11200
-2.18000
-1.75200
-0.890000
0.278000
1.55900
2.68800
3.25300
2.95100
2.15300
1.12500
5.40000E-02
-0.817000
-1.46900
-1.90700
-2.03400
-2.24300
-2.56500
-2.82300
-3.09500
-2.93500
-2.46700
-1.85400
-0.798000
0.926000
3.02400
4.58700
3.65700
2.07500
0.663000
-0.345000
-0.963000
-1.25000
-1.26500
-1.21100
-1.40600
-1.77100
-1.91200
-1.62000
-1.40600
-1.04100
-0.291000
0.575000
1.47600
2.28400
2.77100
2.59100
1.95800
1.10600
0.317000
-0.208000
-0.681000
-0.846000
-0.885000
-0.948000
-0.958000
-1.00700
-0.934000
-0.715000
-0.535000
8.40000E-02
0.716000
1.21800
1.60700
1.90900
2.06000
1.89500
1.55400
1.07200
0.585000
0.161000
-0.131000
-0.374000
-0.671000
-0.934000
-0.793000
-0.593000
-0.398000
1.50000E-02
0.449000
0.901000
1.17400
1.16400
0.940000
0.755000
0.702000
0.726000
0.653000
0.619000
0.605000
0.483000
0.254000
0.147000
1.03000E-01
0.127000
0.210000
0.264000
0.186000
4.50000E-02
-0.121000
-0.218000
-0.355000
-0.554000
-0.812000
-0.958000
-0.875000
-0.700000
-0.437000
3.00000E-02
0.531000
0.824000
0.755000
0.643000
0.687000
0.707000
0.600000
0.561000
0.439000
0.161000
-0.170000
-0.569000
-0.978000
-1.46000
-1.83900
-2.00000
-2.07300
-2.06800
-2.13600
-2.00500
-1.62500
-1.12400
-0.520000
0.259000
1.06200
1.68500
1.88000
1.70000
1.36900
0.994000
0.566000
1.03000E-01
-0.389000
-0.851000
-1.12400
-1.44500
-1.61500
-1.74200
-1.94200
-2.08800
-2.12200
-2.02400
-1.71800
-1.36200
-1.00700
-0.666000
-0.267000
0.332000
1.17900
2.09400
2.79000
2.95600
2.43500
1.37400
0.186000
-0.754000
-1.55200
-2.09700
-2.32100
-2.56000
-2.48200
-2.17000
-1.70800
-1.20600
-0.369000
0.527000
1.20800
1.64100
1.69000
1.34400
0.838000
0.361000
-6.70000E-02
-0.335000
-0.282000
-9.00000E-03
0.288000
0.731000
1.11600
1.35900
1.38300
1.25700
0.887000
0.337000
-0.218000
-0.608000
-0.778000
-0.924000
-1.00700
-1.09400
-1.09400
-0.875000
-0.311000
0.381000
0.921000
1.40800
1.93800
2.22100
2.07500
1.60200
0.999000
0.420000
-4.80000E-02
-0.418000
-0.593000
-0.598000
-0.569000
-0.491000
-0.379000
-0.272000
-0.160000
-4.30000E-02
0.123000
0.439000
0.751000
0.867000
0.843000
0.736000
0.600000
0.522000
0.429000
0.157000
-9.20000E-02
-0.286000
-0.423000
-0.389000
-0.311000
-0.189000
9.30000E-02
0.507000
0.994000
1.34400
1.47100
1.37400
1.04800
0.449000
-0.262000
-1.06500
-1.70800
-2.08300
-2.13100
-1.93700
-1.61500
-1.03600
-0.398000
0.254000
0.926000
1.36900
1.45200
1.16400
0.629000
9.80000E-02
-0.364000
-0.520000
-0.481000
-0.204000
9.80000E-02
0.507000
0.921000
1.22800
1.17900
0.673000
-0.111000
-1.01700
-1.86400
-2.38000
-2.57000
-2.52100
-2.38500
-1.86400
-0.827000
0.643000
1.95800
2.47400
2.17700
1.46100
0.663000
0.118000
-0.170000
-0.320000
-0.369000
-0.194000
-0.145000
-2.80000E-02
2.50000E-02
-3.80000E-02
-0.155000
-0.243000
-0.247000
-0.179000
-6.20000E-02
-5.80000E-02
-0.184000
-0.282000
-0.364000
-0.374000
-0.262000
-0.179000
2.50000E-02
0.220000
0.395000
0.546000
0.546000
0.346000
0.152000
0.137000
0.137000
2.00000E-02
-5.30000E-02
-3.30000E-02
9.80000E-02
0.332000
0.454000
0.376000
0.166000
-0.121000
-0.311000
-0.457000
-0.574000
-0.578000
-0.681000
-0.759000
-0.832000
-0.715000
-0.695000
-0.773000
-0.759000
-0.559000
-0.238000
0.283000
0.897000
1.27600
1.27600
0.999000
0.449000
-0.155000
-0.705000
-0.944000
-0.929000
-0.914000
-0.544000
-0.233000
-0.165000
-0.111000
-0.218000
-0.418000
-0.720000
-0.968000
-0.910000
-0.617000
-0.213000
0.342000
0.931000
1.38800
1.39800
0.994000
0.468000
3.00000E-02
-0.403000
-0.666000
-0.895000
-1.07000
-1.02600
-0.793000
-0.501000
-0.330000
-0.170000
0.235000
0.804000
1.40800
1.98200
2.22600
1.99700
1.43700
0.755000
-9.00000E-03
-0.632000
-0.944000
-0.929000
-0.671000
-0.213000
0.298000
0.853000
1.36900
1.63200
1.65600
1.41300
0.960000
0.395000
-0.204000
-0.851000
-1.38200
-1.68800
-1.67900
-1.23100
-0.233000
1.36400
4.05100
7.66800
5.62400
3.22400
1.38800
-7.20000E-02
-1.17700
-2.04900
-2.52100
-2.85700
-3.01300
-3.00800
-3.00300
-2.88100
-2.75900
-2.41900
-2.03900
-1.35700
-0.311000
0.877000
2.21600
3.40400
4.19700
4.31900
3.66200
2.29900
0.668000
-0.778000
-1.90700
-2.70100
-3.05100
-3.46000
-3.70400
-3.62100
-3.44100
-3.12000
-2.62300
-1.95100
-1.00200
0.381000
1.56400
2.30300
2.45000
1.90900
1.00400
0.118000
-0.457000
-0.812000
-1.06000
-0.934000
-0.939000
-0.695000
-0.510000
-0.116000
0.273000
0.624000
0.707000
0.600000
0.390000
0.147000
-0.121000
-0.340000
-0.617000
-0.783000
-0.720000
-0.647000
-0.491000
-0.316000
-0.179000
-2.80000E-02
0.142000
0.127000
-0.150000
-0.452000
-0.564000
-0.379000
-0.150000
4.50000E-02
0.293000
0.585000
0.794000
0.882000
0.916000
0.828000
0.716000
0.488000
0.123000
-6.20000E-02
-0.140000
-9.70000E-02
-8.20000E-02
-0.228000
-0.549000
-0.822000
-1.05100
-1.11400
-1.06000
-0.919000
-0.593000
-0.286000
-5.80000E-02
0.161000
0.493000
1.02300
1.53400
2.13300
2.42000
2.06000
1.42700
0.614000
-0.145000
-0.871000
-1.35700
-1.65400
-1.79600
-2.00500
-1.92200
-1.80500
-1.43500
-0.963000
-0.325000
0.308000
0.940000
1.48600
1.75300
1.70500
1.38800
0.921000
0.337000
-0.184000
-0.588000
-0.832000
-0.851000
-0.885000
-0.875000
-0.768000
-0.583000
-0.423000
-9.70000E-02
0.449000
0.955000
1.28100
1.47600
1.63700
1.69500
1.51000
1.07700
0.473000
-0.140000
-0.613000
-0.939000
-1.06500
-1.14300
-1.32300
-1.46000
-1.43000
-1.37700
-1.17200
-0.856000
-0.466000
1.10000E-02
0.648000
1.35900
2.02600
2.58100
2.91700
2.83900
2.45900
1.92900
1.36900
0.785000
0.220000
-0.398000
-0.905000
-1.32300
-1.54700
-1.75700
-1.88800
-2.05400
-2.02400
-1.83000
-1.70300
-1.39600
-0.759000
-2.30000E-02
0.848000
1.78300
2.53700
3.00000
3.01900
2.65900
2.10900
1.53900
1.09100
0.721000
0.531000
0.405000
0.371000
0.215000
2.50000E-02
-0.257000
-0.832000
-1.46000
-1.91700
-2.20900
-2.42300
-2.55500
-2.67700
-2.46200
-1.95600
-0.953000
0.814000
3.92900
5.19000
3.76400
1.97200
0.356000
-0.929000
-1.77100
-2.39400
-2.83700
-3.17800
-3.10500
-2.86200
-2.57400
-1.84400
-0.773000
0.346000
1.48100
2.36700
2.34700
1.89500
1.22800
0.585000
-0.145000
-0.734000
-0.997000
-1.16800
-1.16800
-1.22100
-1.29900
-1.22100
-1.32800
-1.32300
-1.06500
-0.656000
-0.218000
0.351000
1.01300
1.37400
1.55400
1.46100
1.18400
0.692000
0.152000
-0.160000
-0.335000
-0.603000
-0.807000
-1.02600
-0.910000
-0.686000
-0.666000
-0.875000
-0.992000
-0.987000
-0.666000
-0.530000
-0.647000
-0.481000
-5.30000E-02
0.400000
0.901000
1.30100
1.36400
1.13500
0.848000
0.600000
0.497000
0.561000
0.663000
0.337000
-1.01000E-01
-0.671000
-1.21600
-1.47900
-1.88300
-2.12200
-1.93700
-1.68400
-1.37700
-0.734000
0.113000
1.05700
2.18200
2.88800
2.78100
2.05500
1.01300
1.10000E-02
-0.836000
-1.45500
-1.49400
-1.40600
-1.28400
-0.944000
-0.578000
-0.150000
0.546000
1.37900
2.12800
2.57600
2.58600
2.18200
1.35400
0.356000
-0.432000
-1.05600
-1.49900
-1.72200
-1.72700
-1.42600
-0.968000
-0.330000
0.390000
1.20300
1.87000
2.26500
2.15700
1.77300
1.52900
1.43700
1.51500
1.56800
1.40300
0.965000
0.317000
-0.325000
-1.11900
-1.81000
-2.47200
-3.04700
-3.30500
-3.33400
-3.10000
-2.37500
-1.11400
2.50300
6.85000
5.54600
3.53500
1.64600
7.40000E-02
-1.06500
-1.82500
-2.45300
-2.73500
-3.03200
-3.05100
-3.09000
-2.92000
-2.61800
-2.10700
-1.33800
-0.257000
0.872000
1.96800
2.71200
2.68300
2.23500
1.56400
0.838000
0.118000
-0.476000
-0.734000
-0.798000
-0.788000
-0.637000
-0.432000
-0.345000
-0.418000
-0.515000
-0.690000
-0.812000
-0.832000
-0.642000
-0.301000
8.40000E-02
0.551000
0.853000
0.780000
0.692000
0.619000
0.536000
0.429000
0.283000
0.196000
1.03000E-01
-0.247000
-0.505000
-0.554000
-0.622000
-0.744000
-0.783000
-0.491000
0.118000
0.624000
1.01800
1.00900
0.741000
0.361000
-0.160000
-0.861000
-1.34300
-1.42100
-1.30900
-1.27500
-1.28900
-1.26500
-1.11900
-0.661000
2.50000E-02
0.639000
1.14000
1.44200
1.54400
1.34900
0.828000
0.127000
-0.613000
-1.17700
-1.58100
-1.88800
-2.24800
-2.44300
-2.41400
-1.98000
-1.39600
-0.807000
-8.70000E-02
0.575000
1.19400
1.61700
1.83100
1.65600
1.20300
0.648000
2.00000E-02
-0.880000
-1.80500
-2.25300
-2.42300
-2.27700
-1.97600
-1.70800
-1.37200
-0.617000
0.410000
1.61700
2.50800
2.76100
2.21100
1.18900
-2.80000E-02
-1.14300
-1.87300
-2.17500
-2.07300
-2.07300
-1.52300
-0.841000
-1.40000E-02
0.984000
2.05000
2.60500
2.42000
1.82200
1.08200
0.337000
-0.335000
-0.953000
-1.23600
-1.22100
-1.22100
-1.03600
-0.749000
-0.408000
2.50000E-02
0.454000
0.833000
1.06700
1.17900
1.33500
1.58800
1.69500
1.46100
0.999000
0.600000
0.385000
0.200000
2.00000E-02
-0.316000
-0.637000
-0.871000
-0.846000
-0.535000
-0.243000
2.50000E-02
0.502000
1.16900
1.71400
1.97200
1.88000
1.61700
1.19800
0.595000
0.142000
-0.170000
-0.617000
-0.700000
-0.355000
6.90000E-02
0.278000
0.444000
0.468000
0.415000
0.434000
0.444000
0.580000
0.794000
0.906000
0.901000
0.785000
0.624000
0.653000
0.731000
0.590000
0.278000
-0.106000
-0.466000
-0.578000
-0.569000
-0.442000
-0.233000
2.00000E-02
0.191000
0.288000
0.176000
-5.80000E-02
-0.325000
-0.462000
-0.520000
-0.569000
-0.661000
-0.759000
-0.593000
-0.218000
5.90000E-02
0.215000
0.244000
0.322000
0.449000
0.517000
0.566000
0.493000
0.264000
-0.111000
-0.720000
-1.26500
-1.67400
-2.01500
-2.34100
-2.56500
-2.46200
-2.19500
-1.70300
-0.827000
0.346000
1.75300
2.64400
2.42000
1.36900
0.181000
-0.895000
-1.68800
-2.13600
-2.12200
-1.84900
-1.60100
-1.12900
-0.598000
-3.30000E-02
0.463000
0.760000
0.736000
0.483000
-3.30000E-02
-0.564000
-0.778000
-0.710000
-0.598000
-0.763000
-0.978000
-0.934000
-0.671000
-0.316000
9.30000E-02
0.371000
0.566000
0.746000
0.853000
0.785000
0.663000
0.546000
0.361000
5.40000E-02
-0.233000
-0.486000
-0.574000
-0.466000
-0.325000
-6.70000E-02
9.80000E-02
0.157000
0.186000
0.142000
8.40000E-02
5.00000E-02
9.80000E-02
0.230000
0.278000
0.293000
0.410000
0.828000
1.29600
1.54400
1.51500
1.28600
0.877000
0.385000
-8.70000E-02
-0.413000
-0.569000
-0.642000
-0.686000
-0.515000
-0.213000
4.00000E-02
7.90000E-02
0.108000
0.264000
0.502000
0.619000
0.731000
0.892000
1.13500
1.43700
1.61700
1.42700
0.921000
0.152000
-0.549000
-1.08000
-1.45000
-1.41600
-1.27900
-1.03100
-0.554000
-7.70000E-02
0.269000
0.522000
0.629000
0.600000
0.517000
0.483000
0.570000
0.746000
0.828000
0.770000
0.639000
0.444000
0.249000
2.00000E-02
-0.223000
-0.355000
-0.345000
-0.403000
-0.525000
-0.632000
-0.540000
-0.355000
-0.111000
5.40000E-02
0.254000
0.566000
0.824000
0.872000
0.867000
0.955000
1.03300
0.916000
0.483000
-0.184000
-0.793000
-1.15800
-1.29900
-1.14300
-0.836000
-0.530000
6.90000E-02
0.892000
1.74900
2.02600
1.61700
0.809000
-8.20000E-02
-0.871000
-1.43000
-1.71300
-1.55700
-1.18200
-0.501000
0.244000
0.858000
1.12500
0.863000
0.254000
-0.379000
-0.807000
-1.06500
-1.04600
-0.802000
-0.179000
0.721000
1.71000
2.41100
2.27400
1.40300
0.273000
-0.710000
-1.37700
-1.86400
-2.00500
-2.32600
-2.31200
-2.16500
-1.85900
-1.36700
-0.807000
-0.223000
0.395000
1.05700
1.61200
2.03600
2.32300
2.13300
1.34900
0.210000
-0.817000
-1.61100
-2.06800
-2.15100
-2.24300
-2.05400
-1.74200
-1.37700
-0.939000
-0.369000
0.137000
0.556000
0.940000
1.13500
1.24700
1.18900
0.936000
0.570000
0.205000
-0.233000
-0.827000
-1.33300
-1.60600
-1.68400
-1.60600
-1.40100
-0.885000
7.40000E-02
1.35400
2.67800
3.51600
3.37400
2.34700
0.872000
-0.505000
-1.51800
-2.19500
-2.54500
-2.69100
-2.71100
-2.42300
-1.80500
-0.812000
0.434000
1.66600
2.44500
2.38100
1.80700
1.09600
0.566000
0.312000
0.186000
0.108000
0.166000
0.200000
0.132000
5.00000E-02
-0.140000
-0.447000
-0.700000
-0.671000
-0.320000
0.264000
1.09600
1.84100
2.07500
1.56400
0.541000
-0.515000
-1.34800
-1.84900
-2.09200
-2.01900
-1.81500
-1.49900
-0.817000
0.244000
1.67100
3.49100
5.21500
3.95400
2.18200
0.668000
-0.374000
-0.958000
-1.44000
-1.55700
-1.61100
-1.45500
-1.19700
-0.963000
-0.924000
-1.02600
-1.16300
-1.08500
-0.934000
-0.593000
-4.00000E-03
0.707000
1.51000
2.23000
2.58100
2.38100
1.85600
1.26700
0.624000
-6.70000E-02
-0.656000
-1.14300
-1.37700
-1.67400
-1.46000
-1.08500
-0.588000
0.157000
0.955000
1.55400
1.66600
1.38800
0.819000
0.157000
-0.505000
-1.01700
-1.43000
-1.49900
-1.67400
-1.59600
-1.33800
-0.929000
-0.700000
-0.525000
-0.311000
-1.40000E-02
0.463000
1.03800
1.55900
1.95800
2.06000
1.87500
1.54900
1.07200
0.424000
-0.359000
-1.16300
-1.88800
-2.37500
-2.59900
-2.58900
-2.57400
-2.45800
-2.20000
-1.92700
-1.59600
-1.18200
-0.676000
1.50000E-02
0.760000
1.43200
1.81700
2.05000
2.21600
2.12300
1.83100
1.35400
0.697000
4.50000E-02
-0.661000
-1.26000
-1.74700
-2.15600
-2.35500
-2.43300
-2.42300
-2.29200
-2.04900
-1.59600
-0.900000
-0.145000
0.814000
1.94300
2.65900
2.43000
1.59800
0.648000
-1.01000E-01
-0.676000
-1.05600
-1.07000
-0.739000
-0.403000
-2.80000E-02
0.468000
0.780000
0.712000
0.395000
-8.20000E-02
-0.549000
-0.856000
-0.871000
-0.598000
-0.384000
-0.126000
0.303000
0.751000
1.21300
1.61700
1.71400
1.42200
0.887000
0.273000
-0.267000
-0.554000
-0.720000
-0.700000
-0.442000
-0.165000
6.00000E-03
0.176000
0.381000
0.629000
0.867000
0.960000
0.789000
0.420000
4.00000E-02
-0.228000
-0.335000
-0.238000
2.00000E-02
0.273000
0.561000
0.804000
0.838000
0.634000
0.269000
6.00000E-03
-0.170000
-0.486000
-0.953000
-1.16800
-1.07500
-0.676000
2.50000E-02
0.838000
1.57800
1.85600
1.62200
1.21300
0.775000
0.429000
0.283000
0.269000
0.225000
4.00000E-02
-0.174000
-0.350000
-0.510000
-0.656000
-0.846000
-0.992000
-1.09900
-1.06000
-0.910000
-0.569000
2.00000E-02
0.741000
1.37900
1.72400
1.80200
1.71000
1.63700
1.60200
1.48600
1.21300
0.789000
0.342000
-1.01000E-01
-0.549000
-0.763000
-0.885000
-1.03600
-1.20200
-1.31800
-1.36700
-1.44000
-1.61500
-1.56700
-1.38700
-0.953000
-0.320000
0.468000
1.42700
2.40100
2.99500
2.88800
2.38600
1.68500
1.03800
0.561000
2.00000E-02
-0.515000
-0.895000
-1.13300
-1.64000
-1.95100
-2.31600
-2.63800
-2.76400
-2.69100
-2.38500
-1.94600
-1.20600
-0.282000
0.765000
1.92900
2.70800
2.68800
2.13800
1.44700
0.931000
0.741000
0.614000
0.493000
0.337000
0.161000
-0.194000
-0.875000
-1.46900
-2.00000
-2.53100
-2.90500
-2.98800
-2.75900
-2.29200
-1.62500
-0.647000
0.488000
1.82600
2.90700
3.30600
2.77600
1.71400
0.609000
-0.111000
-0.501000
-0.807000
-0.880000
-0.963000
-0.832000
-0.578000
-0.501000
-0.690000
-0.983000
-1.20200
-1.19700
-0.939000
-0.428000
0.142000
0.619000
0.965000
1.09600
0.897000
0.595000
0.259000
-0.150000
-0.437000
-0.525000
-0.496000
-0.384000
-0.140000
0.371000
1.14000
1.80700
1.99200
1.53900
0.712000
-0.116000
-0.846000
-1.39600
-1.66900
-1.62500
-1.72200
-1.74200
-1.57200
-1.26500
-0.846000
-0.389000
0.161000
0.867000
1.53400
1.96300
2.06500
1.76300
1.17400
0.531000
4.00000E-02
-0.350000
-0.754000
-1.02600
-1.35300
-1.58100
-1.71800
-1.78100
-1.66900
-1.45500
-1.17700
-0.749000
-0.301000
0.196000
0.872000
1.57800
1.98200
2.22100
2.01600
1.28100
0.230000
-0.807000
-1.66400
-2.22400
-2.23400
-1.93700
-1.52800
-0.856000
0.346000
1.82200
2.98500
2.85400
1.92900
0.580000
-0.574000
-1.30900
-1.83400
-1.94600
-1.80000
-1.41600
-0.827000
-0.233000
0.449000
1.08600
1.42700
1.32000
0.901000
0.371000
8.80000E-02
6.00000E-03
6.40000E-02
0.308000
0.420000
0.312000
0.220000
6.90000E-02
-9.20000E-02
-0.126000
-0.184000
-0.330000
-0.515000
-0.773000
-0.895000
-0.929000
-0.866000
-0.617000
-0.208000
0.113000
0.429000
0.682000
0.765000
0.707000
0.629000
0.507000
0.312000
8.80000E-02
-0.126000
-0.189000
-0.194000
-7.70000E-02
0.118000
0.337000
0.424000
0.449000
0.585000
0.702000
0.634000
0.483000
0.327000
8.80000E-02
-0.199000
-0.408000
-0.501000
-0.423000
-0.282000
-0.291000
-0.457000
-0.598000
-0.598000
-0.549000
-0.379000
-1.90000E-02
0.454000
0.901000
1.23700
1.53900
1.67500
1.71400
1.56400
1.24200
0.716000
0.118000
-0.340000
-0.681000
-0.968000
-1.27900
-1.48900
-1.55700
-1.56700
-1.54200
-1.40600
-1.13300
-0.705000
-0.165000
0.376000
0.824000
1.16900
1.42200
1.59800
1.50500
1.04800
0.249000
-0.447000
-0.895000
-1.28400
-1.37700
-1.34800
-1.01700
-0.418000
0.254000
0.789000
1.11600
1.11600
0.877000
0.488000
5.40000E-02
-0.364000
-0.900000
-1.46400
-1.92700
-2.15100
-1.99000
-1.65900
-1.22600
-0.574000
0.342000
1.45200
2.40100
2.48800
1.96300
1.08600
0.186000
-0.471000
-0.890000
-1.16300
-1.07500
-1.05100
-0.744000
-0.257000
0.220000
0.697000
0.936000
0.838000
0.546000
0.132000
-0.286000
-0.729000
-1.05100
-1.12400
-0.890000
-0.384000
0.332000
1.03300
1.43700
1.44700
1.14500
0.619000
4.00000E-02
-0.603000
-1.12400
-1.37700
-1.27000
-0.759000
0.273000
1.54400
2.65400
3.01400
2.64400
1.84600
1.01300
0.376000
-0.267000
-0.958000
-1.35300
-1.72200
-1.83400
-1.84400
-1.82500
-1.56700
-1.14800
-0.569000
0.127000
0.901000
1.61200
2.14300
2.43500
2.32300
1.76800
0.872000
9.80000E-02
-0.525000
-0.914000
-1.09400
-0.958000
-0.569000
-9.70000E-02
0.283000
0.531000
0.551000
0.346000
-1.90000E-02
-0.437000
-0.866000
-1.27500
-1.50300
-1.57600
-1.37200
-0.924000
-0.204000
0.697000
1.80200
2.86300
3.59400
3.14100
1.71000
0.171000
-1.05100
-1.88800
-2.52100
-2.69100
-2.95400
-2.82300
-2.41400
-1.83400
-1.14300
-0.296000
0.580000
1.46100
2.21100
2.56600
2.34200
1.52500
0.497000
-0.379000
-1.08500
-1.52300
-1.54200
-1.53700
-1.41600
-1.14800
-0.540000
0.161000
0.760000
1.23200
1.56400
1.58300
1.18400
0.527000
-0.155000
-0.768000
-1.22100
-1.52300
-1.68400
-1.63500
-1.37200
-0.890000
-0.267000
0.449000
1.13000
1.56800
1.63200
1.44700
1.21300
1.00400
0.741000
0.415000
1.03000E-01
-0.135000
-0.350000
-0.700000
-1.06000
-1.29900
-1.47400
-1.50300
-1.39100
-1.09900
-0.856000
-0.588000
-2.30000E-02
0.692000
1.25700
1.50500
1.53900
1.32000
0.936000
0.410000
-0.131000
-0.520000
-0.647000
-0.637000
-0.549000
-0.325000
0.113000
0.760000
1.49500
2.07500
2.25000
1.78300
0.848000
-0.126000
-1.03100
-1.85900
-2.56500
-3.00300
-3.14900
-2.95900
-2.67700
-2.07800
-1.09400
0.288000
2.03100
3.75900
4.27500
3.59400
2.45900
1.22800
0.137000
-0.725000
-1.53700
-1.99000
-2.02900
-2.05800
-1.86900
-1.54700
-1.26000
-1.04600
-0.866000
-0.836000
-0.866000
-0.773000
-0.496000
0.132000
1.05700
2.10900
2.97500
3.21900
2.32300
0.838000
-0.544000
-1.46000
-1.97100
-2.06800
-1.86400
-1.50300
-0.768000
0.147000
1.01300
1.56400
1.61200
1.43200
1.10100
0.741000
0.473000
0.123000
-0.252000
-0.583000
-1.00200
-1.25500
-1.26000
-1.17200
-0.934000
-0.447000
6.90000E-02
0.629000
1.07700
1.32000
1.30100
1.17900
1.01300
0.726000
0.449000
0.371000
0.439000
0.493000
0.415000
0.288000
0.113000
-0.126000
-0.423000
-0.695000
-0.905000
-1.03100
-1.11900
-1.14300
-1.00700
-0.725000
-1.01000E-01
0.916000
2.20100
3.30600
4.00700
3.38400
1.89900
0.342000
-0.983000
-1.90300
-2.63800
-2.87100
-3.17300
-3.03700
-2.56500
-1.87300
-0.827000
0.546000
2.02600
3.06300
2.96600
2.27900
1.23200
0.225000
-0.535000
-1.05600
-1.33300
-1.22600
-1.14800
-0.924000
-0.462000
-0.126000
0.166000
0.303000
0.142000
-9.20000E-02
-0.418000
-0.700000
-0.759000
-0.588000
-0.384000
-9.20000E-02
0.196000
0.527000
0.765000
0.863000
0.863000
0.794000
0.673000
0.376000
-4.00000E-03
-0.330000
-0.656000
-1.03100
-1.29900
-1.43500
-1.63000
-1.69800
-1.35700
-0.759000
-0.150000
0.629000
1.46100
1.96800
1.85600
1.20300
0.346000
-0.330000
-0.914000
-1.33300
-1.24100
-1.27000
-1.21100
-0.856000
-0.374000
0.142000
0.517000
0.731000
0.697000
0.600000
0.458000
0.317000
0.244000
0.230000
0.254000
0.254000
0.142000
5.00000E-02
2.50000E-02
-9.70000E-02
-0.379000
-0.817000
-1.23600
-1.42600
-1.42100
-1.21600
-0.778000
-0.140000
0.609000
1.33500
1.82600
2.12300
2.15300
1.78700
1.13500
0.395000
-0.316000
-0.905000
-1.37200
-1.64900
-1.75700
-1.78600
-1.76100
-1.55700
-1.08000
-0.355000
0.551000
1.61700
2.35700
2.44000
1.95300
1.21300
0.566000
0.176000
1.10000E-02
-7.20000E-02
8.40000E-02
4.00000E-02
6.90000E-02
0.196000
0.152000
-0.111000
-0.462000
-0.759000
-1.00200
-1.12900
-1.00700
-0.666000
-0.174000
0.527000
1.40800
2.10400
2.39100
2.30800
1.86500
1.14000
0.317000
-0.588000
-1.31800
-1.81000
-2.08300
-2.10200
-1.95100
-1.83400
-1.48400
-0.836000
4.00000E-02
1.08600
2.09400
2.73700
2.82400
2.39600
1.64100
0.824000
0.186000
-0.272000
-0.505000
-0.393000
-0.306000
-0.408000
-0.432000
-0.525000
-0.690000
-0.910000
-1.11400
-1.34300
-1.47900
-1.44000
-1.07500
-0.223000
1.06200
2.63500
4.20700
4.78600
4.29000
3.05800
1.70500
0.351000
-0.793000
-1.72200
-2.40400
-2.82800
-3.36800
-3.57700
-3.57700
-3.50900
-3.23200
-2.81300
-2.21400
-1.22100
0.118000
1.69500
3.23300
4.23600
4.29000
3.48200
2.13800
0.799000
-0.150000
-0.763000
-1.29900
-1.51300
-1.55700
-1.90700
-2.15600
-2.08800
-2.00500
-1.89800
-1.86900
-1.78100
