# Reference: Mase, H. & Kirby, J.T. (1992). Hybrid frequency-domain KdV equation for random wave transformation. Proc. 23rd Int. Conf. Coastal Engineering (ASCE), 474-487.
# Source repo: https://github.com/fengyanshi/FUNWAVE-TVD  commit b4c322e7582035ee19df8e6409a3dfedaff1cb96, path benchmarks/car_mase_kirby/postprocessing/r2d025.dat
# (r2d470.dat also at benchmarks/car_mase_kirby/fft/r2d470.dat, same values to 4e-9, different formatting; it is the record used to drive the FUNWAVE wavemaker)
# Content: MEASURED surface elevation at the gauge in still-water depth h = 2.5 cm (file name r2dNNN = depth in mm; error_series.m: 'fnam(:,...)='r2d025.dat'' with
#   'h=[47 35 30 25 20 17.5 15 12.5 10 7.5 5 2.5]' in comp_mkskew.m and the plot labels 'h=35.0cm' ... 'h= 2.5cm' in comp_series.m).
# Column: (1) eta [cm], one sample per line, no time column.
#   Time step 0.05 s: error_series.m 'data_time=[0:length(gage_m)-1]*0.05;' and fft4wavemaker.m 'sample_frequency=0.05;' (used as the sampling interval, t=[0:..]*sample_frequency).
#   Units cm: fft4wavemaker.m 'scale_fac=0.01;' converts to m for the wavemaker; error_series.m compares std(data) with 'model(:,k-1)=gage(:,2)*100' (model m -> cm).
#   t = 0 at first sample; 15000 samples = 750 s. Time origin relative to wavemaker start is not documented.
# Geometry (FUNWAVE work/input.txt, model setup): 'DEPTH_FLAT = 0.47', 'SLP = 0.05' (1:20 slope), 'Xslp = 10.0' (slope toe at x = 10 m in the model frame), 'DX = 0.04'.
#   Model gauge positions (work/gauges_004.txt, grid index i, x=(i-1)*DX): 250 313 338 363 388 400 413 425 438 450 463 475 for h = 47 35 30 25 20 17.5 15 12.5 10 7.5 5 2.5 cm.
#   In a lab-independent form: gauge distance shoreward of the slope toe = (47 cm - h)/0.05 (follows from the stated depth and slope; lab x-coordinates are not in the repo).
# Waves: irregular; FUNWAVE uses 'PeakPeriod = 1.0' (spectrum details not stated in repo). Regular sampling -> original instrument record.
0.833000
0.421000
7.40000E-02
-0.231000
-0.475000
-0.643000
-0.696000
-0.655000
-0.541000
-0.517000
-0.481000
-0.565000
-0.667000
-0.690000
-0.165000
1.77600
0.994000
0.379000
-6.30000E-02
-0.326000
-0.469000
-0.446000
-0.332000
-0.201000
-4.50000E-02
-0.123000
-0.159000
-8.70000E-02
3.20000E-02
3.80000E-02
-3.90000E-02
-0.236000
-0.296000
-0.248000
-0.272000
-0.296000
-0.410000
-0.338000
1.04000E-01
2.12300
1.50800
0.868000
0.486000
0.182000
-1.00000E-02
-0.189000
-0.236000
-0.171000
-8.70000E-02
-5.70000E-02
-0.171000
-0.296000
-0.428000
-0.493000
-0.475000
-0.440000
-0.505000
-0.505000
-0.457000
-0.129000
0.749000
1.42400
1.18500
1.00600
0.815000
0.504000
0.182000
3.20000E-02
0.176000
1.21500
2.57700
2.27200
1.68100
1.03000
0.647000
0.409000
0.259000
0.134000
0.176000
0.223000
0.188000
3.20000E-02
-0.141000
-9.30000E-02
-5.70000E-02
-0.135000
-0.219000
-0.314000
-0.219000
1.00600
1.42400
1.19700
0.910000
0.707000
0.618000
0.594000
0.403000
0.247000
0.223000
0.206000
0.176000
9.20000E-02
-6.90000E-02
-0.117000
-0.171000
-0.135000
-0.314000
-0.493000
-0.481000
-0.463000
-0.356000
0.516000
1.19700
1.23900
1.16700
1.00000
0.522000
0.450000
0.594000
0.474000
0.241000
0.206000
0.337000
0.128000
1.40000E-02
4.40000E-02
-6.30000E-02
6.20000E-02
1.44800
1.99700
1.81800
1.66300
1.32800
1.13700
1.07200
0.988000
0.821000
0.606000
0.528000
0.624000
0.349000
0.289000
0.271000
0.140000
1.04000E-01
0.140000
0.152000
1.14300
2.03300
2.30200
2.03300
1.79400
1.62700
1.39400
1.14300
1.01200
0.809000
0.624000
0.647000
0.552000
0.480000
0.325000
0.182000
0.182000
8.60000E-02
-3.90000E-02
-0.171000
-0.171000
-0.213000
-0.350000
-0.463000
-0.511000
-0.547000
-0.368000
0.767000
1.51400
1.31000
1.02400
0.833000
0.821000
0.618000
0.576000
0.552000
0.301000
6.80000E-02
9.20000E-02
0.164000
-1.50000E-02
-0.123000
-0.147000
-0.260000
-0.260000
-0.308000
-0.380000
-0.416000
-0.463000
-0.553000
-0.601000
-0.577000
-0.589000
-0.595000
-0.213000
0.642000
0.624000
0.677000
0.588000
0.343000
0.188000
8.00000E-02
5.00000E-02
-6.90000E-02
-0.141000
-0.284000
-0.248000
-0.219000
-4.00000E-03
1.73500
1.75200
1.31600
0.863000
0.707000
0.516000
0.325000
0.373000
0.773000
1.19100
1.19100
0.946000
0.683000
0.552000
0.265000
-5.70000E-02
-0.135000
-0.159000
-0.219000
-0.290000
-1.00000E-02
1.49000
1.74700
1.36400
0.898000
0.528000
0.325000
0.182000
-2.10000E-02
-3.30000E-02
-0.117000
-0.117000
-0.231000
-0.404000
-0.428000
-0.410000
-0.457000
-0.577000
-0.684000
-0.768000
-0.858000
-0.965000
-0.929000
-0.917000
-0.953000
-0.708000
0.200000
0.785000
1.93200
1.61500
1.36400
1.10700
0.958000
0.779000
0.594000
0.426000
0.307000
0.271000
4.40000E-02
-9.30000E-02
-0.117000
-0.141000
-0.153000
-0.213000
-0.260000
-0.236000
-0.362000
-0.457000
-0.583000
-0.643000
-0.643000
-0.398000
0.946000
0.958000
0.803000
0.570000
0.361000
0.295000
0.301000
0.247000
0.170000
-2.10000E-02
2.00000E-03
-2.70000E-02
-8.70000E-02
-0.123000
-0.219000
-0.392000
-0.386000
-0.326000
-0.469000
-0.571000
-0.667000
-0.571000
-0.589000
0.164000
0.426000
0.486000
0.630000
0.385000
0.134000
0.241000
0.301000
0.444000
0.683000
0.928000
0.689000
0.462000
0.403000
0.140000
-4.50000E-02
-0.213000
-0.356000
-0.362000
-0.440000
-0.422000
-0.195000
0.976000
1.56100
1.24500
0.725000
0.289000
2.60000E-02
-0.195000
-0.266000
-0.338000
-0.434000
-0.469000
-0.661000
-0.684000
-0.667000
-0.505000
-0.165000
1.84800
2.00900
1.29900
0.665000
0.223000
-6.90000E-02
-0.117000
-0.129000
-0.272000
-0.231000
-0.314000
-0.398000
-0.463000
-0.350000
0.552000
1.50800
1.42400
0.988000
0.576000
0.373000
0.194000
0.140000
6.80000E-02
5.60000E-02
-0.117000
-0.248000
-0.236000
-0.308000
-0.380000
-0.452000
-0.553000
-0.649000
-0.362000
1.07200
1.66900
1.38800
1.38800
0.946000
0.540000
0.259000
0.295000
0.468000
0.546000
0.319000
0.271000
0.253000
0.194000
8.60000E-02
-0.117000
-8.10000E-02
-0.123000
-0.242000
-0.219000
0.594000
1.74100
1.91400
1.95000
1.93800
1.56700
1.28100
0.910000
0.713000
0.713000
0.761000
0.689000
0.421000
0.313000
0.409000
0.289000
0.134000
0.188000
0.158000
6.80000E-02
-8.70000E-02
-9.90000E-02
-0.159000
-0.326000
-0.404000
-0.404000
-0.368000
-0.374000
-0.505000
-0.553000
-0.565000
-0.362000
0.600000
0.755000
0.839000
0.749000
0.456000
0.337000
0.235000
5.00000E-02
-4.00000E-03
-0.135000
-0.147000
-8.70000E-02
-6.90000E-02
-3.90000E-02
2.60000E-02
0.277000
0.737000
1.29900
1.01200
0.522000
0.223000
2.00000E-03
-0.165000
-0.213000
-4.50000E-02
0.630000
2.12300
2.02700
1.40600
0.761000
0.307000
2.60000E-02
-4.50000E-02
-8.10000E-02
-0.105000
-2.70000E-02
-7.50000E-02
-0.177000
-0.242000
-0.231000
0.217000
1.03000
1.46000
1.17300
0.827000
0.468000
0.164000
5.60000E-02
-9.30000E-02
-0.147000
-0.242000
-0.278000
-0.344000
-0.452000
-0.499000
-0.607000
-0.625000
-0.768000
-0.732000
-0.714000
0.624000
1.36400
1.25700
1.01200
0.689000
0.450000
0.295000
0.200000
0.140000
-1.50000E-02
-0.189000
-0.248000
-0.165000
-0.278000
-0.368000
-0.422000
-0.565000
-0.625000
-0.714000
-0.732000
-0.798000
-0.852000
-0.894000
-0.965000
-0.577000
0.307000
1.01200
0.821000
0.552000
0.128000
-2.70000E-02
-1.00000E-02
-9.30000E-02
-0.135000
-0.189000
-0.183000
-0.338000
-0.386000
-0.374000
-0.428000
-0.595000
-0.469000
-0.314000
0.833000
1.17900
0.773000
0.283000
9.80000E-02
0.122000
7.40000E-02
-4.50000E-02
-0.189000
-0.332000
-0.332000
-0.314000
-0.338000
0.743000
1.76400
1.27500
0.934000
0.540000
0.289000
0.217000
-1.50000E-02
9.20000E-02
0.116000
6.80000E-02
8.00000E-02
0.194000
-3.30000E-02
2.00000E-03
-8.10000E-02
-4.00000E-03
1.06600
1.64500
1.26300
0.743000
0.438000
0.361000
0.325000
0.217000
0.122000
-4.50000E-02
-2.70000E-02
0.307000
1.81200
2.03300
1.57900
1.26900
1.17300
1.01800
0.779000
0.582000
0.480000
0.486000
0.403000
0.176000
6.20000E-02
5.00000E-02
1.40000E-02
-0.141000
-0.195000
-0.147000
1.59700
1.76400
1.62100
1.46000
1.26900
0.934000
0.863000
0.791000
0.767000
0.576000
0.426000
0.331000
0.361000
0.235000
8.00000E-02
8.00000E-02
-8.10000E-02
-0.141000
-0.195000
-0.165000
-0.207000
-0.290000
-0.338000
-0.278000
0.486000
1.25100
1.26900
0.946000
0.755000
0.624000
0.546000
0.438000
0.391000
0.295000
0.247000
0.134000
7.40000E-02
-5.70000E-02
-8.10000E-02
-0.165000
-0.248000
-0.296000
-0.314000
-0.374000
-0.457000
-0.541000
-0.571000
-0.547000
8.60000E-02
0.588000
0.904000
1.06000
0.952000
0.970000
0.886000
1.01200
1.34600
1.46000
1.17300
0.815000
0.737000
0.689000
0.701000
0.606000
0.450000
0.361000
0.385000
0.659000
2.49300
2.20600
2.17100
1.95000
1.52600
1.15500
0.922000
0.803000
0.695000
0.612000
0.337000
0.241000
0.247000
0.235000
-4.00000E-03
-7.50000E-02
-9.90000E-02
-0.171000
-0.153000
-0.356000
-0.511000
-0.493000
-0.457000
-0.446000
0.116000
0.964000
0.928000
0.606000
0.367000
0.170000
2.00000E-03
-6.90000E-02
2.60000E-02
-8.10000E-02
-0.171000
-0.219000
-0.338000
-0.404000
-0.475000
-0.487000
-0.523000
-0.356000
0.779000
0.922000
0.833000
0.659000
0.534000
0.164000
5.60000E-02
-1.50000E-02
5.00000E-02
8.00000E-03
-0.129000
-0.105000
-0.183000
-0.362000
-0.434000
-0.457000
-0.469000
-0.499000
1.14900
1.52600
1.37600
1.42400
1.04200
0.863000
0.833000
0.713000
0.415000
0.462000
0.510000
0.516000
0.480000
0.241000
0.122000
6.20000E-02
0.110000
-1.00000E-02
0.200000
1.96700
2.55300
2.30200
1.96700
1.85400
1.69300
1.52000
1.28100
1.20900
0.976000
0.510000
0.373000
0.397000
0.337000
0.241000
5.00000E-02
-8.10000E-02
-5.10000E-02
-7.50000E-02
-0.183000
-0.314000
-0.374000
-0.440000
-0.493000
-0.499000
-0.499000
-0.571000
-0.714000
-0.756000
-0.768000
-0.577000
0.618000
0.743000
0.588000
0.200000
-9.90000E-02
-3.30000E-02
-4.50000E-02
-2.10000E-02
-5.10000E-02
-6.30000E-02
-7.50000E-02
-0.147000
-0.350000
-0.481000
-0.631000
-0.625000
-0.619000
-0.714000
-0.678000
-0.547000
0.164000
0.582000
0.570000
0.510000
0.421000
0.200000
8.00000E-03
-0.135000
-0.189000
-0.236000
-9.90000E-02
-9.90000E-02
-0.171000
-0.266000
-0.302000
-0.171000
-0.117000
-0.141000
-6.90000E-02
6.20000E-02
0.188000
0.283000
0.307000
0.319000
0.325000
0.313000
0.385000
0.564000
0.647000
0.630000
0.450000
6.80000E-02
-0.290000
-0.469000
-0.380000
-6.90000E-02
0.600000
2.46300
2.17100
0.833000
-0.165000
-0.559000
-0.696000
-0.732000
-0.619000
-0.523000
-0.571000
-0.690000
-0.726000
-0.792000
-0.804000
-0.529000
0.761000
0.516000
0.146000
2.60000E-02
-1.50000E-02
-0.296000
-0.452000
-0.511000
-0.673000
-0.780000
-0.732000
-2.70000E-02
0.982000
1.00600
0.516000
0.277000
4.40000E-02
-0.105000
-0.434000
-0.493000
-0.266000
0.618000
1.89000
1.74700
1.52000
1.03600
0.737000
0.594000
0.450000
0.265000
0.170000
0.206000
0.170000
0.122000
9.80000E-02
6.20000E-02
-5.70000E-02
-0.171000
-0.159000
-0.189000
-3.90000E-02
1.04800
1.71100
1.69900
1.32200
1.23300
1.23900
1.07200
0.833000
0.642000
0.594000
0.665000
0.540000
0.289000
0.235000
0.211000
0.158000
6.80000E-02
-2.70000E-02
-1.50000E-02
9.80000E-02
0.779000
1.99700
1.89000
1.72300
1.54300
1.26300
0.964000
0.904000
0.880000
0.857000
0.636000
0.468000
0.409000
0.409000
0.409000
0.247000
2.00000E-02
0.116000
9.20000E-02
8.00000E-03
0.217000
0.600000
1.92000
1.72300
1.32800
1.07800
0.809000
0.594000
0.558000
0.522000
0.624000
0.576000
0.552000
0.337000
0.289000
0.110000
-1.00000E-02
9.20000E-02
-6.30000E-02
-3.30000E-02
-5.70000E-02
-0.117000
-0.272000
-0.296000
-0.338000
-0.362000
-0.302000
-9.90000E-02
0.630000
0.976000
1.01200
0.725000
0.552000
0.516000
0.438000
0.241000
0.307000
6.20000E-02
-0.171000
-0.290000
-0.272000
-0.284000
-0.183000
0.624000
0.767000
1.03000
0.785000
0.594000
0.450000
0.152000
-0.111000
-0.236000
-0.344000
-0.320000
-6.90000E-02
1.62100
1.52000
1.01800
0.821000
0.630000
0.397000
0.247000
0.194000
-1.00000E-02
-0.189000
-0.260000
-0.284000
-0.386000
-0.505000
-0.696000
-0.756000
-0.750000
-0.738000
-0.834000
-0.882000
-0.941000
-1.02500
-1.07900
0.164000
0.283000
0.438000
0.265000
-3.30000E-02
-0.201000
-0.284000
-0.296000
-0.452000
-0.553000
-0.553000
-0.673000
-0.756000
-0.786000
-0.876000
-0.858000
-0.858000
-0.846000
0.116000
1.23900
0.904000
0.522000
0.116000
-0.165000
-0.308000
-0.398000
-0.452000
-0.493000
-0.446000
-0.440000
-0.595000
-0.732000
-0.589000
0.301000
1.17300
1.23300
0.815000
0.331000
3.80000E-02
-2.70000E-02
-4.00000E-03
-8.70000E-02
-0.159000
-0.201000
-0.105000
-6.30000E-02
-9.90000E-02
-0.123000
-0.123000
-0.308000
-0.398000
0.313000
2.26000
2.20000
1.54300
0.952000
0.594000
0.450000
0.444000
0.480000
0.438000
0.337000
0.164000
8.00000E-03
-7.50000E-02
-0.171000
-0.195000
0.689000
2.18300
2.39200
2.32000
2.20000
2.00300
1.59100
1.03600
0.839000
0.624000
0.624000
0.719000
0.647000
0.385000
0.229000
0.134000
4.40000E-02
9.20000E-02
-4.50000E-02
-6.90000E-02
-0.153000
-0.165000
-0.248000
-0.374000
-0.422000
-0.314000
-0.434000
-0.428000
-9.30000E-02
0.922000
1.26900
0.904000
0.618000
0.450000
0.462000
0.456000
0.432000
0.265000
0.229000
9.80000E-02
-1.50000E-02
-9.90000E-02
3.20000E-02
0.582000
1.84200
1.54300
1.19700
1.02400
0.863000
0.689000
0.582000
0.415000
0.456000
0.600000
2.00900
1.95000
1.90800
1.71700
1.74100
1.62100
1.34000
1.01200
0.886000
0.928000
0.785000
0.618000
0.522000
0.498000
0.421000
0.361000
0.217000
0.122000
8.60000E-02
0.110000
3.80000E-02
0.319000
1.83600
1.99100
1.99100
1.63300
1.20300
1.11900
1.00600
0.928000
0.677000
0.630000
0.415000
0.265000
0.182000
0.146000
8.00000E-02
-2.70000E-02
-8.70000E-02
-0.183000
-0.242000
-0.260000
-0.344000
-0.332000
-0.368000
-0.272000
1.08900
1.47800
1.26300
0.940000
0.851000
0.827000
0.498000
0.444000
0.200000
0.188000
0.116000
2.00000E-03
-0.117000
-0.248000
-0.260000
-0.380000
-0.469000
-0.469000
-0.422000
0.594000
0.600000
0.695000
0.731000
0.636000
0.510000
0.546000
0.438000
0.307000
0.176000
1.40000E-02
-6.90000E-02
-0.225000
-0.225000
-0.225000
1.83600
1.74100
1.96700
1.49600
1.51400
1.53700
1.59100
1.40000
1.06600
0.827000
0.689000
0.552000
0.391000
0.122000
5.00000E-02
0.140000
0.164000
5.00000E-02
-0.135000
-0.159000
-0.231000
-0.380000
-0.392000
-0.374000
-0.463000
-0.529000
-0.553000
-0.673000
-0.720000
-0.786000
-0.762000
8.60000E-02
0.337000
0.373000
0.235000
0.200000
-6.90000E-02
-0.368000
-0.404000
-0.338000
-0.374000
-0.410000
-0.553000
-0.517000
-0.517000
-0.637000
-0.756000
-0.822000
-0.750000
1.02400
1.95000
1.88400
1.60900
1.32800
0.916000
0.725000
0.630000
0.492000
0.397000
0.379000
0.223000
0.140000
5.60000E-02
-2.10000E-02
-0.117000
-0.177000
-0.189000
-0.266000
-0.254000
-0.326000
-0.404000
-0.308000
1.26900
1.57900
1.44800
1.10700
0.833000
0.498000
0.397000
0.552000
0.600000
0.385000
0.247000
0.188000
6.80000E-02
-2.10000E-02
-5.70000E-02
-0.254000
-0.380000
-0.344000
-0.380000
-0.511000
-0.469000
-0.577000
-0.708000
-0.684000
-0.792000
-0.846000
-0.774000
0.426000
0.761000
0.558000
0.510000
0.337000
0.194000
-4.50000E-02
2.00000E-03
0.182000
0.498000
0.857000
1.04800
0.857000
0.719000
0.480000
0.391000
0.325000
0.158000
-4.00000E-03
-9.90000E-02
0.134000
1.29300
1.81800
1.57900
1.22100
0.964000
0.868000
0.761000
0.594000
0.391000
0.170000
2.60000E-02
-3.30000E-02
-7.50000E-02
-0.123000
-0.195000
-0.171000
-0.213000
0.122000
1.32800
1.38800
1.19100
0.928000
0.868000
0.827000
0.713000
0.510000
0.373000
0.289000
0.223000
0.182000
4.40000E-02
-0.159000
-0.302000
-0.398000
-0.404000
-0.380000
-0.416000
-0.320000
1.13700
0.898000
0.988000
0.749000
0.659000
0.600000
0.456000
0.355000
0.349000
0.319000
0.182000
0.152000
6.80000E-02
-3.90000E-02
-0.117000
-0.177000
-0.254000
-0.338000
-0.368000
-0.517000
-0.517000
-0.392000
0.600000
0.982000
0.910000
0.659000
0.522000
0.618000
0.964000
2.17100
2.61900
1.94400
1.37000
1.05400
0.863000
0.880000
0.833000
0.868000
0.976000
1.74700
2.90500
2.88100
2.56500
2.23000
2.04500
1.90800
1.65100
1.52600
1.36400
1.28100
1.04200
0.994000
0.946000
0.821000
0.677000
0.504000
0.313000
0.253000
0.206000
0.170000
-3.30000E-02
-0.141000
-0.201000
-0.171000
-0.195000
-0.278000
-0.392000
-0.356000
-0.225000
0.683000
1.28700
1.15500
0.749000
0.630000
0.677000
0.636000
0.432000
0.247000
0.247000
0.140000
0.116000
0.116000
8.00000E-03
-4.50000E-02
1.40000E-02
-0.153000
-0.290000
-0.290000
-0.338000
-0.386000
-0.487000
-0.463000
-0.559000
-0.726000
-0.696000
-0.673000
-0.684000
-0.732000
-0.684000
-2.70000E-02
0.277000
0.558000
0.504000
0.259000
0.164000
8.00000E-02
-3.90000E-02
-0.177000
-0.213000
-0.248000
-0.225000
-9.90000E-02
-0.141000
-7.50000E-02
-9.90000E-02
-3.30000E-02
-0.165000
-0.201000
-0.236000
-5.70000E-02
0.863000
1.45400
1.26300
1.02400
0.785000
0.253000
6.20000E-02
2.00000E-03
-6.90000E-02
-0.219000
-0.368000
-0.386000
-0.625000
-0.684000
-0.917000
-0.852000
-0.917000
-0.248000
0.564000
0.630000
0.385000
5.00000E-02
-0.147000
-0.434000
-0.565000
-0.678000
-0.643000
-0.583000
-0.702000
-0.714000
0.522000
1.25700
1.16700
0.922000
0.689000
0.510000
0.295000
3.80000E-02
-9.30000E-02
-0.165000
-0.266000
-0.326000
-0.362000
-0.511000
-0.655000
-0.595000
-0.523000
-0.708000
-0.768000
-0.732000
-0.822000
-0.923000
-0.673000
0.725000
0.701000
0.815000
0.552000
0.444000
0.188000
0.110000
0.152000
-5.10000E-02
-7.50000E-02
-9.90000E-02
-0.225000
-0.278000
-0.356000
-0.541000
-0.619000
-0.577000
-0.613000
-0.732000
-0.780000
-0.804000
-0.762000
-0.810000
-0.637000
0.343000
0.677000
0.235000
0.391000
0.295000
1.89000
2.10500
1.40000
0.892000
0.707000
0.665000
0.630000
0.558000
0.456000
0.361000
0.313000
0.170000
-0.105000
-0.242000
-0.219000
-0.338000
-0.410000
-0.302000
0.211000
1.46000
1.19700
0.845000
0.498000
0.164000
0.176000
-2.70000E-02
0.170000
1.38800
2.00900
1.86600
1.36400
0.958000
0.630000
0.259000
0.170000
0.140000
0.182000
0.122000
0.128000
5.60000E-02
-0.183000
-0.326000
-0.404000
-0.440000
-0.284000
5.60000E-02
3.15600
2.62500
1.86600
1.15500
0.701000
0.403000
0.361000
0.415000
0.385000
0.355000
0.385000
0.397000
0.283000
4.40000E-02
-6.30000E-02
-0.165000
-0.141000
-0.111000
-0.189000
-0.284000
-0.350000
-0.338000
-0.111000
0.749000
1.34600
1.19700
0.886000
0.671000
0.492000
0.307000
0.403000
0.325000
0.271000
0.200000
0.110000
0.110000
-0.129000
-0.236000
-0.314000
-0.290000
-0.326000
-0.434000
-0.452000
-0.523000
-0.547000
-0.499000
-0.428000
1.07800
1.21500
1.21500
1.28700
0.868000
0.576000
0.432000
0.295000
0.211000
0.223000
0.200000
6.80000E-02
8.00000E-03
2.00000E-02
-6.90000E-02
-3.30000E-02
0.206000
0.331000
0.301000
0.474000
0.594000
0.462000
0.289000
0.152000
9.80000E-02
0.164000
1.11900
1.86000
1.68100
1.39400
0.916000
0.677000
0.582000
0.480000
0.444000
0.277000
0.152000
2.00000E-02
-6.30000E-02
-0.254000
-0.380000
-0.428000
-0.523000
-0.565000
-0.601000
-0.631000
-0.756000
-0.786000
-0.876000
-0.977000
-1.05500
-1.03700
0.958000
1.40000
1.15500
0.642000
0.331000
8.00000E-03
-0.135000
-9.30000E-02
5.60000E-02
2.00000E-03
-8.70000E-02
-0.123000
-0.105000
-0.195000
-0.266000
-0.338000
-0.452000
-0.547000
-0.643000
-0.714000
-0.469000
1.04200
1.44200
1.14300
0.880000
0.624000
0.444000
0.229000
0.182000
0.223000
0.259000
0.116000
2.00000E-02
8.00000E-03
-4.50000E-02
5.60000E-02
8.60000E-02
-8.10000E-02
-0.248000
-0.392000
-0.374000
-0.266000
0.594000
1.52600
1.52600
1.47800
1.04200
0.910000
0.719000
0.713000
0.546000
0.355000
0.247000
0.146000
0.134000
0.110000
-3.30000E-02
-0.201000
-7.50000E-02
-0.350000
-0.326000
-0.434000
-0.511000
-0.541000
-0.440000
1.37600
1.91400
2.02100
1.75800
1.64500
1.41800
0.976000
0.743000
0.737000
1.01800
0.922000
0.642000
0.462000
0.247000
1.04000E-01
5.60000E-02
2.00000E-03
-9.30000E-02
-0.248000
-0.296000
-0.320000
-0.446000
-0.541000
-0.541000
-0.595000
-0.499000
0.516000
1.11300
1.16700
0.904000
0.683000
0.522000
0.570000
0.421000
0.528000
0.361000
0.271000
0.146000
8.60000E-02
8.00000E-03
-7.50000E-02
-0.159000
-0.213000
-0.278000
-0.308000
-0.422000
-0.452000
-0.511000
-0.529000
-0.386000
1.16100
1.38200
1.24500
1.10100
0.707000
0.534000
0.594000
0.379000
0.247000
5.60000E-02
0.122000
8.00000E-02
-0.231000
-0.147000
-9.90000E-02
6.80000E-02
1.49000
1.38200
1.10700
0.779000
0.582000
0.444000
0.182000
5.00000E-02
8.60000E-02
6.80000E-02
-3.90000E-02
-0.159000
-0.225000
-0.213000
-9.30000E-02
0.600000
1.40600
1.33400
1.00000
0.689000
0.630000
0.468000
0.409000
0.277000
6.80000E-02
2.00000E-02
-5.10000E-02
-0.195000
-0.338000
-0.302000
-0.404000
-0.547000
-0.487000
-0.607000
-0.702000
-0.744000
-0.780000
-0.780000
-0.673000
0.863000
1.57900
1.17300
0.480000
2.00000E-03
-6.30000E-02
0.486000
2.38600
1.92600
1.03600
0.432000
0.164000
2.00000E-02
2.00000E-02
1.04000E-01
-3.90000E-02
-0.189000
-0.320000
-0.380000
-0.398000
-0.320000
-0.320000
5.60000E-02
2.08700
1.99100
1.67500
1.60300
1.11300
0.857000
0.731000
0.677000
0.701000
0.653000
0.582000
0.671000
0.671000
0.432000
0.164000
4.40000E-02
-2.70000E-02
-5.10000E-02
0.146000
2.11700
2.55900
2.12900
1.91400
1.77000
1.52600
1.32200
0.934000
0.904000
0.910000
0.970000
0.863000
0.713000
0.426000
0.355000
0.373000
0.307000
0.271000
0.122000
2.00000E-03
-6.30000E-02
-8.70000E-02
-0.231000
-0.302000
-0.248000
0.140000
1.44800
1.90200
1.61500
1.26300
1.13100
1.06000
1.19700
0.958000
0.719000
0.600000
0.636000
0.689000
0.546000
0.522000
0.403000
0.217000
0.146000
0.134000
0.146000
-1.00000E-02
-8.10000E-02
-0.123000
-0.147000
-0.254000
-0.254000
-0.284000
-0.332000
-0.410000
-0.559000
-0.553000
-0.565000
-0.523000
-0.571000
-0.643000
-0.708000
-0.708000
-0.822000
-0.840000
-0.917000
-0.899000
-0.882000
-0.882000
-0.888000
-0.929000
-0.917000
-0.894000
-0.888000
-0.762000
-0.380000
0.618000
1.01800
1.08900
0.880000
0.558000
5.60000E-02
-0.242000
-0.380000
-0.296000
-0.213000
0.916000
1.92000
1.59700
1.04800
0.426000
0.146000
9.80000E-02
2.00000E-03
-1.50000E-02
-7.50000E-02
-2.10000E-02
-0.254000
-0.428000
-0.631000
-0.738000
-0.774000
-0.852000
-0.852000
1.06000
1.60900
1.07800
1.22100
1.01800
0.863000
0.600000
0.259000
0.152000
0.140000
8.00000E-02
3.20000E-02
-0.141000
-0.236000
-0.338000
-0.410000
-0.386000
-0.565000
-0.714000
-0.720000
-0.732000
-0.762000
-0.816000
-0.899000
0.271000
0.516000
1.06000
0.863000
0.737000
0.552000
0.379000
0.259000
0.235000
0.188000
1.04000E-01
5.00000E-02
-6.90000E-02
-0.147000
-0.183000
-0.219000
-0.278000
-0.368000
-0.368000
-0.344000
-0.189000
0.958000
1.31000
1.21500
0.940000
0.707000
0.510000
0.432000
0.301000
0.253000
0.188000
6.80000E-02
4.40000E-02
-2.70000E-02
5.00000E-02
0.170000
1.88400
2.06300
1.89600
1.78800
1.61500
1.29900
1.01200
0.863000
0.898000
0.636000
0.510000
0.331000
0.391000
0.415000
0.289000
0.206000
0.152000
-3.90000E-02
-1.50000E-02
-0.147000
-0.141000
-0.189000
-0.236000
-0.236000
-0.350000
-0.457000
-0.404000
-0.141000
0.791000
1.41200
1.60300
2.21200
2.35600
1.83000
1.46600
1.25100
1.03000
0.910000
0.659000
0.444000
0.355000
0.158000
-3.90000E-02
5.60000E-02
-5.70000E-02
-0.213000
-0.320000
-0.392000
-0.314000
0.785000
1.59700
1.54900
1.40000
0.988000
0.964000
0.886000
0.767000
0.534000
0.367000
0.223000
0.223000
0.194000
0.194000
9.20000E-02
-4.00000E-03
-0.129000
-0.195000
-0.278000
-0.350000
-0.368000
-0.440000
-0.422000
-0.505000
-0.469000
-2.10000E-02
0.934000
1.01800
0.863000
0.719000
0.540000
0.516000
0.450000
0.361000
0.217000
0.110000
2.60000E-02
4.40000E-02
-1.50000E-02
-0.219000
-0.314000
-0.350000
-0.446000
-0.469000
-0.517000
-0.678000
-0.696000
-0.696000
-0.756000
-0.810000
-0.822000
-0.882000
-0.858000
-0.810000
-0.774000
-0.302000
0.498000
0.564000
0.391000
0.170000
0.110000
4.40000E-02
3.20000E-02
4.40000E-02
3.20000E-02
0.182000
0.265000
0.217000
0.206000
6.80000E-02
1.04000E-01
3.20000E-02
0.349000
1.06000
1.93800
1.79400
1.46000
1.06600
0.689000
0.438000
0.349000
0.194000
2.60000E-02
-8.70000E-02
-0.248000
-0.338000
-0.398000
-0.565000
-0.661000
-0.690000
-0.858000
-0.894000
-0.953000
-1.03100
-1.03100
-1.02500
-0.929000
-0.153000
-8.70000E-02
-0.231000
-0.153000
-0.195000
-0.374000
-0.398000
-0.428000
-0.547000
-0.619000
-0.702000
-0.738000
-0.810000
-0.947000
-0.959000
-0.870000
-0.493000
0.922000
0.397000
-5.70000E-02
-0.278000
-0.314000
-0.356000
-0.183000
0.916000
1.96200
1.28100
0.898000
0.642000
0.391000
0.206000
2.60000E-02
-2.10000E-02
-4.50000E-02
-6.30000E-02
-9.90000E-02
-0.242000
-0.254000
-0.380000
-0.452000
-0.475000
-0.541000
0.307000
1.23900
1.34000
1.46000
2.86900
3.13800
2.18800
1.64500
1.21500
1.07200
1.03000
0.958000
0.958000
0.839000
0.588000
0.379000
0.206000
8.60000E-02
8.00000E-03
-9.30000E-02
-0.248000
-0.219000
-0.219000
-0.302000
-0.368000
-0.254000
0.701000
1.40000
1.24500
0.857000
0.540000
0.367000
0.391000
0.456000
0.480000
0.349000
0.259000
0.235000
0.176000
4.40000E-02
-9.30000E-02
-0.153000
-0.260000
-0.272000
-0.266000
-0.242000
-0.284000
-0.266000
-0.272000
-3.30000E-02
1.11300
1.15500
1.03600
0.857000
0.659000
0.671000
0.606000
0.450000
0.391000
0.283000
0.229000
0.152000
0.170000
9.80000E-02
9.80000E-02
-9.90000E-02
-0.135000
-6.90000E-02
-6.90000E-02
-0.213000
-0.201000
-0.254000
-0.320000
-0.183000
0.462000
0.809000
1.07800
0.934000
0.689000
0.480000
0.259000
0.152000
9.80000E-02
-6.90000E-02
9.80000E-02
0.952000
1.59700
1.41800
0.976000
0.725000
0.695000
0.504000
0.277000
6.80000E-02
2.00000E-02
-6.30000E-02
-0.213000
-0.356000
-0.356000
-0.452000
-0.505000
0.110000
1.69300
1.34600
1.38800
1.10100
0.976000
0.904000
0.570000
0.379000
0.313000
0.188000
-1.50000E-02
-0.141000
-0.272000
-0.362000
-0.308000
-0.386000
-0.559000
-0.690000
-0.726000
-0.780000
-0.822000
-0.786000
-0.613000
0.624000
0.982000
0.755000
0.749000
0.689000
0.594000
0.385000
0.265000
0.182000
8.60000E-02
5.60000E-02
4.40000E-02
-0.111000
-0.213000
-0.350000
-0.428000
-0.463000
-0.457000
-0.553000
-0.577000
-0.720000
-0.858000
-0.714000
-0.762000
0.779000
1.13100
1.33400
1.40000
1.55500
1.84200
1.71100
1.44200
1.11900
0.892000
0.653000
0.701000
1.24500
1.55500
1.57900
1.17900
0.857000
0.618000
0.409000
0.247000
0.229000
0.194000
0.235000
0.570000
2.18800
2.36800
2.03300
1.78200
1.57900
1.43000
1.37600
1.04800
0.940000
0.934000
0.815000
0.671000
0.600000
0.570000
0.367000
0.140000
4.40000E-02
5.00000E-02
3.80000E-02
-8.10000E-02
-0.123000
-0.231000
-0.320000
-0.302000
-0.428000
-0.463000
-0.517000
-0.571000
-0.601000
-0.493000
-0.350000
0.385000
0.647000
0.576000
0.277000
0.110000
8.00000E-03
-3.90000E-02
-8.70000E-02
-0.260000
-0.356000
-0.332000
-0.290000
-0.278000
-0.338000
-0.189000
0.552000
1.12500
1.07800
0.803000
0.498000
0.325000
0.271000
0.194000
0.217000
0.158000
0.140000
3.80000E-02
2.00000E-03
-0.159000
-0.302000
-0.380000
-0.469000
-0.547000
-0.529000
-0.541000
-0.541000
-0.493000
0.480000
0.934000
0.731000
0.480000
0.343000
0.211000
9.80000E-02
-8.10000E-02
-0.189000
-0.254000
-0.225000
-0.153000
0.916000
1.26300
1.17300
0.767000
0.462000
0.241000
0.128000
-4.00000E-03
-0.189000
-0.308000
-0.440000
-0.475000
-0.601000
-0.535000
0.522000
0.982000
1.00600
0.725000
0.409000
0.211000
9.20000E-02
6.80000E-02
2.00000E-02
-0.165000
-0.326000
-0.356000
-0.326000
-0.314000
-0.374000
-0.463000
-0.231000
1.66300
2.53500
1.90200
1.38800
1.21500
0.988000
0.695000
0.576000
0.504000
0.432000
0.325000
0.211000
4.40000E-02
-9.90000E-02
-0.111000
-0.129000
-0.350000
-0.392000
-0.469000
-0.374000
-0.290000
0.982000
0.982000
1.17900
1.01200
0.713000
0.606000
0.438000
0.409000
0.409000
0.194000
0.188000
0.211000
9.20000E-02
2.00000E-02
-0.111000
-0.189000
-0.314000
-0.278000
-0.374000
-0.541000
-0.475000
-0.529000
-0.487000
-0.320000
1.01800
1.51400
1.26300
1.14900
0.827000
0.600000
0.480000
0.403000
0.200000
0.247000
0.301000
5.60000E-02
2.00000E-03
2.00000E-03
-3.90000E-02
1.64500
2.08700
2.03300
1.40000
1.41200
1.34000
1.02400
0.761000
0.582000
0.570000
0.480000
0.349000
0.277000
0.259000
0.194000
0.229000
0.259000
1.47800
1.91400
2.05700
1.77000
1.35800
0.976000
1.04800
0.910000
0.725000
0.564000
0.564000
0.546000
0.379000
0.367000
2.00000E-03
-0.117000
-0.141000
-0.284000
-0.422000
-0.505000
-0.457000
-0.553000
-0.517000
-0.589000
-0.762000
-0.816000
-0.810000
-0.708000
1.41800
2.00900
1.49000
1.24500
1.11900
0.910000
0.618000
0.367000
0.182000
-5.70000E-02
-0.165000
-0.242000
-0.189000
-0.135000
-0.147000
-0.141000
-0.284000
-0.440000
-0.601000
-0.696000
-0.720000
-0.708000
-0.756000
-0.822000
-0.798000
-0.798000
-0.911000
-0.846000
1.40000E-02
0.576000
0.576000
0.426000
0.259000
0.152000
-2.70000E-02
0.588000
1.54300
1.49600
1.16100
0.701000
0.283000
7.40000E-02
5.60000E-02
0.146000
0.409000
0.689000
1.00000
1.23300
2.17700
1.87800
1.25700
0.898000
0.898000
0.868000
0.713000
0.600000
0.438000
0.385000
0.379000
0.331000
0.128000
-4.00000E-03
-6.90000E-02
-0.117000
-0.231000
-0.344000
-0.368000
-0.350000
-0.380000
-0.284000
0.874000
1.21500
1.02400
0.731000
0.498000
0.415000
0.409000
0.301000
0.307000
0.283000
0.223000
-4.00000E-03
-5.70000E-02
-6.90000E-02
-0.189000
-0.320000
-0.338000
0.498000
1.36400
1.38800
1.38800
1.19700
1.04800
0.868000
0.809000
0.749000
0.755000
0.576000
0.409000
0.391000
0.235000
0.116000
4.40000E-02
-2.70000E-02
-6.90000E-02
-0.165000
-0.290000
-0.278000
-0.284000
-0.326000
-0.284000
-0.105000
0.874000
1.14300
1.02400
0.833000
0.743000
0.701000
0.600000
0.510000
0.546000
0.498000
0.361000
0.271000
0.247000
0.182000
1.59100
1.83000
1.76400
1.50800
1.20900
1.01200
0.982000
0.898000
0.558000
0.594000
0.540000
0.271000
0.146000
0.122000
7.40000E-02
4.40000E-02
0.116000
1.44200
2.22400
2.23600
1.96700
1.83000
1.43600
1.17300
0.857000
0.677000
0.791000
0.743000
0.528000
0.355000
0.200000
0.164000
8.60000E-02
-6.30000E-02
-0.207000
-0.344000
-0.380000
-0.320000
-0.362000
-0.326000
-0.213000
0.892000
1.53100
1.34000
1.19700
1.10700
0.582000
0.456000
0.397000
0.456000
0.355000
0.247000
0.158000
6.80000E-02
-4.50000E-02
-5.70000E-02
-0.189000
-0.320000
1.40000E-02
1.62100
1.86000
1.63300
1.41200
1.12500
1.04200
0.874000
0.916000
0.857000
0.612000
0.576000
0.444000
0.456000
0.421000
0.158000
2.00000E-02
2.00000E-02
-0.213000
-0.272000
-0.236000
1.19700
1.77600
1.90800
1.62100
1.12500
1.08900
0.982000
0.803000
0.683000
0.618000
0.594000
0.624000
0.630000
0.528000
0.397000
0.265000
0.134000
-4.00000E-03
-4.00000E-03
-0.135000
-0.296000
-0.332000
-0.284000
-0.344000
-0.380000
-0.207000
1.02400
1.12500
0.791000
0.468000
0.319000
0.206000
0.134000
9.20000E-02
3.80000E-02
-6.90000E-02
-3.90000E-02
-6.90000E-02
-0.117000
-8.70000E-02
0.283000
1.34600
1.17900
1.07800
0.839000
0.773000
0.600000
0.540000
0.498000
0.361000
0.229000
0.158000
-1.00000E-02
-9.30000E-02
-5.70000E-02
-2.70000E-02
1.22700
1.85400
1.84200
1.86600
1.56700
1.40600
1.28100
0.976000
0.934000
0.863000
0.851000
0.659000
0.403000
0.307000
0.235000
0.176000
0.110000
-1.50000E-02
-0.153000
-0.129000
-0.177000
-0.278000
-0.326000
-0.404000
-0.404000
-0.254000
0.863000
1.59100
1.11300
0.779000
0.492000
0.367000
0.456000
0.540000
0.349000
0.152000
1.04000E-01
6.80000E-02
-4.50000E-02
-9.30000E-02
-0.159000
-0.284000
-0.165000
-0.314000
-0.481000
-0.338000
0.689000
0.904000
1.31600
1.34000
1.17900
0.976000
0.833000
0.892000
0.773000
0.624000
0.492000
0.337000
0.259000
0.283000
0.283000
0.361000
0.265000
0.200000
0.182000
2.00000E-03
-7.50000E-02
-0.129000
-6.30000E-02
-0.117000
7.40000E-02
1.98500
1.86600
1.69300
1.66300
1.40600
1.02400
0.940000
0.964000
0.934000
0.695000
0.671000
0.630000
0.498000
0.391000
0.265000
0.170000
5.60000E-02
7.40000E-02
-0.135000
-0.171000
-0.195000
-0.350000
-0.350000
-0.434000
-0.595000
-0.535000
-0.583000
-0.661000
-0.744000
-0.864000
-0.846000
-0.977000
-1.04300
-0.989000
-0.923000
-0.242000
0.379000
0.582000
0.743000
0.743000
1.10700
1.46000
0.928000
0.570000
0.235000
8.00000E-03
-5.10000E-02
9.80000E-02
-2.10000E-02
-0.242000
-0.410000
-0.422000
-0.493000
-0.661000
-0.732000
-0.738000
-0.655000
0.307000
0.940000
0.880000
0.558000
0.385000
0.301000
0.158000
-3.90000E-02
-7.50000E-02
-5.10000E-02
-0.272000
-0.302000
-0.368000
-0.475000
-0.505000
-0.649000
-0.684000
-0.661000
-0.738000
-0.798000
-0.774000
-0.637000
-6.30000E-02
1.14300
0.516000
-7.50000E-02
-0.511000
-0.523000
0.689000
1.26300
1.01200
0.612000
0.146000
-8.10000E-02
-0.171000
-0.207000
-4.00000E-03
0.331000
0.600000
0.600000
0.337000
0.331000
0.355000
5.60000E-02
-0.189000
-0.260000
-3.30000E-02
6.20000E-02
9.80000E-02
0.259000
0.725000
0.952000
0.994000
0.576000
1.40000E-02
-0.314000
-0.398000
-0.350000
-0.302000
-0.225000
-1.50000E-02
1.52600
1.71700
1.39400
0.755000
0.426000
0.265000
0.134000
0.110000
4.40000E-02
3.20000E-02
-7.50000E-02
-0.189000
-0.201000
-0.254000
-0.189000
-0.153000
-0.183000
-0.225000
-0.422000
-0.356000
1.17900
1.74100
1.53700
1.37000
1.14900
0.922000
0.534000
0.355000
0.307000
0.128000
5.60000E-02
-3.90000E-02
-0.105000
-0.153000
-0.123000
-0.296000
-0.398000
-0.493000
-0.499000
-0.523000
-0.440000
1.02400
1.23900
1.39400
1.13700
0.803000
0.624000
0.576000
0.540000
0.367000
0.325000
0.217000
0.134000
-2.10000E-02
-0.105000
-0.147000
-0.338000
-0.284000
-0.260000
-0.260000
1.02400
1.48400
1.39400
1.17900
0.964000
0.743000
0.540000
0.504000
0.474000
0.355000
0.235000
0.241000
0.194000
0.122000
2.00000E-03
0.164000
1.89600
2.33800
2.11100
1.89000
1.53100
1.26900
1.16700
1.16700
1.10700
0.952000
0.600000
0.456000
0.480000
0.444000
0.211000
4.40000E-02
-3.30000E-02
-3.30000E-02
-0.129000
-0.123000
-0.165000
8.00000E-03
1.00000
1.91400
1.81200
1.44800
0.928000
0.492000
0.301000
0.522000
0.462000
0.421000
0.468000
0.241000
0.110000
8.00000E-02
-1.50000E-02
-0.117000
-0.141000
-0.236000
-0.320000
-0.362000
-0.207000
0.176000
1.12500
1.25100
0.934000
0.683000
0.570000
0.474000
0.403000
0.343000
0.265000
0.349000
0.253000
5.60000E-02
-1.50000E-02
-6.30000E-02
-0.260000
-0.260000
-0.272000
-0.302000
-0.290000
-0.338000
-0.404000
-0.523000
-0.571000
-0.475000
-0.416000
0.498000
0.892000
0.934000
0.725000
0.588000
0.355000
0.164000
0.211000
0.253000
0.146000
-1.00000E-02
2.00000E-03
-0.135000
-0.135000
-0.290000
-0.404000
-0.392000
-0.475000
-0.493000
-0.625000
-0.649000
-0.446000
0.767000
1.37000
1.05400
0.707000
0.253000
-2.70000E-02
-8.10000E-02
5.60000E-02
0.217000
0.277000
-0.105000
-0.434000
-0.744000
-0.816000
-0.756000
0.958000
1.18500
1.00600
0.564000
0.152000
-6.30000E-02
-0.308000
-0.452000
-0.571000
-0.702000
-0.655000
-0.469000
-0.207000
1.45400
1.75800
1.05400
0.761000
0.468000
0.259000
0.116000
-5.10000E-02
-0.111000
-0.117000
-0.189000
-0.320000
-0.446000
-0.434000
-0.565000
-0.565000
-0.392000
0.868000
1.36400
1.00600
0.689000
0.510000
0.426000
0.361000
0.313000
0.194000
0.134000
6.80000E-02
-3.90000E-02
-0.213000
-0.308000
-0.308000
-0.368000
-0.469000
-0.565000
-0.553000
0.367000
1.05400
1.16100
1.17300
0.898000
0.701000
0.510000
0.498000
0.432000
0.325000
0.265000
0.140000
4.40000E-02
-1.50000E-02
-0.117000
-0.165000
-0.141000
-0.260000
-0.314000
-0.434000
-0.446000
-0.452000
-0.260000
0.815000
1.08900
0.964000
0.928000
0.743000
0.486000
0.391000
0.600000
0.791000
0.815000
0.946000
0.880000
0.743000
0.385000
0.146000
9.80000E-02
-6.30000E-02
-0.123000
-0.159000
-0.141000
0.146000
2.03300
2.06300
1.85400
1.54900
1.42400
1.12500
0.946000
0.928000
0.791000
1.00600
1.21500
1.25100
1.04800
0.791000
0.564000
0.229000
1.04000E-01
4.40000E-02
-2.70000E-02
-0.213000
-0.213000
-0.141000
-0.219000
-0.171000
-5.10000E-02
0.934000
1.19100
0.863000
0.588000
0.522000
0.474000
0.367000
0.307000
0.283000
0.170000
3.80000E-02
-6.90000E-02
-9.90000E-02
-0.207000
-0.302000
-0.380000
-0.547000
-0.589000
-0.553000
-0.744000
-0.744000
-0.786000
-0.798000
-0.822000
-0.917000
-0.696000
1.56100
1.49000
1.23900
1.07800
0.839000
0.839000
0.642000
0.450000
0.259000
0.146000
7.40000E-02
-2.10000E-02
-4.50000E-02
-9.30000E-02
-0.201000
-0.195000
-2.10000E-02
1.58500
1.46000
1.78800
1.56100
1.22700
1.29900
1.20900
0.695000
0.516000
0.588000
0.450000
0.355000
0.379000
0.289000
-2.70000E-02
2.60000E-02
-0.159000
-0.177000
-0.195000
-0.242000
-0.422000
-0.547000
-0.547000
-0.595000
-0.601000
-0.649000
-0.696000
-0.302000
0.516000
0.528000
0.480000
0.349000
0.253000
6.80000E-02
0.110000
3.80000E-02
-6.90000E-02
-0.153000
-0.231000
-0.147000
-1.00000E-02
0.194000
0.277000
0.432000
0.379000
0.247000
6.80000E-02
-0.147000
-0.302000
-0.499000
-0.547000
-0.547000
-0.171000
0.689000
0.857000
0.671000
0.480000
0.456000
0.194000
-1.50000E-02
4.40000E-02
1.01200
1.48400
1.23300
0.934000
0.833000
0.642000
0.355000
0.319000
9.80000E-02
-0.183000
-0.302000
-0.374000
-0.505000
-0.553000
-0.565000
-0.583000
-0.398000
0.600000
1.54300
1.38200
0.701000
0.928000
0.773000
0.415000
0.194000
6.20000E-02
-7.50000E-02
-0.111000
-0.171000
-0.159000
-0.308000
-0.332000
-0.428000
-0.529000
-0.553000
-0.601000
-0.714000
-0.732000
-0.726000
-0.475000
0.958000
1.06000
1.08400
1.06600
0.695000
0.438000
0.277000
0.229000
0.211000
0.116000
2.60000E-02
-3.30000E-02
-9.30000E-02
-0.129000
-0.344000
-0.344000
-0.231000
-0.272000
-0.499000
-0.410000
-0.457000
-0.505000
0.761000
2.06300
1.61500
1.53100
1.38800
1.27500
1.07200
0.904000
0.821000
0.749000
0.552000
0.283000
0.295000
0.235000
0.152000
2.60000E-02
-5.70000E-02
-4.50000E-02
-4.50000E-02
-0.189000
-0.368000
-0.422000
-0.487000
-0.440000
-0.523000
-0.535000
-0.613000
-0.708000
-0.768000
-0.661000
-0.344000
0.361000
0.444000
0.355000
0.176000
0.182000
2.60000E-02
0.229000
1.52000
1.51400
1.22700
0.946000
0.827000
0.659000
0.426000
0.367000
0.277000
0.200000
0.170000
2.60000E-02
-0.165000
-0.362000
-0.278000
-0.410000
-0.499000
-0.517000
-0.493000
-0.141000
1.45400
1.32200
0.880000
0.618000
0.504000
0.385000
0.409000
0.379000
0.259000
0.128000
3.20000E-02
-5.70000E-02
-6.90000E-02
-0.123000
-0.147000
-0.266000
-0.338000
-0.392000
-0.344000
-0.284000
-0.392000
-0.386000
-0.350000
-0.159000
1.48400
1.49600
1.18500
0.653000
0.319000
0.140000
8.60000E-02
-3.30000E-02
-0.147000
0.188000
1.78800
1.60300
1.25700
0.886000
0.456000
0.211000
6.80000E-02
-7.50000E-02
-0.141000
-0.165000
-0.153000
-0.248000
-0.386000
-0.553000
-0.726000
-0.822000
-0.738000
-0.577000
-0.589000
1.12500
1.66900
1.68100
1.03000
0.397000
3.80000E-02
-0.123000
-3.90000E-02
0.367000
1.96700
1.84800
1.56700
0.928000
0.749000
0.534000
0.367000
0.241000
0.122000
8.00000E-03
-4.00000E-03
2.00000E-02
1.17300
2.03300
2.03900
1.74700
1.51400
1.24500
1.02400
0.892000
0.839000
0.791000
0.528000
0.397000
0.510000
0.331000
8.00000E-02
3.20000E-02
7.40000E-02
9.80000E-02
2.00000E-03
-0.123000
-0.266000
-0.290000
-0.302000
-0.105000
1.00600
1.60300
1.50200
1.40600
1.10100
1.01200
0.863000
0.791000
0.719000
0.570000
0.546000
0.534000
0.391000
0.247000
0.217000
8.00000E-02
3.80000E-02
-1.50000E-02
-0.111000
-0.111000
-0.195000
-0.284000
-0.452000
-0.410000
-0.422000
-0.362000
-0.463000
-0.517000
-0.619000
-0.440000
9.80000E-02
0.737000
0.910000
0.934000
0.809000
0.695000
0.815000
0.994000
1.09500
1.40600
1.22100
0.827000
0.600000
0.397000
0.307000
0.164000
1.04000E-01
7.40000E-02
0.170000
1.12500
1.93800
1.81800
1.43000
1.20900
1.25100
0.940000
0.791000
0.588000
0.355000
0.355000
0.307000
0.122000
7.40000E-02
-1.00000E-02
-5.70000E-02
-0.260000
-0.374000
-0.463000
-0.595000
-0.565000
-0.690000
-0.750000
-0.798000
-0.840000
-0.852000
-0.864000
-0.398000
0.223000
0.265000
5.00000E-02
-8.70000E-02
-0.350000
-0.362000
0.379000
1.42400
1.23300
0.839000
0.313000
2.60000E-02
-2.70000E-02
-0.159000
-0.213000
-0.320000
-0.260000
0.910000
1.58500
1.24500
1.00000
0.880000
0.653000
0.361000
0.289000
0.397000
0.355000
9.20000E-02
-4.00000E-03
-0.117000
-0.266000
-0.404000
-0.511000
-0.380000
-0.362000
8.00000E-03
1.50800
1.12500
1.26900
1.21500
0.874000
0.594000
0.552000
0.522000
0.313000
0.122000
5.00000E-02
0.229000
0.283000
-3.90000E-02
-0.195000
-6.90000E-02
1.36400
1.49600
1.40600
1.35200
1.01800
0.815000
0.707000
0.600000
0.450000
0.325000
0.349000
0.319000
0.206000
0.152000
2.60000E-02
-0.153000
-0.219000
-0.254000
-0.398000
-0.452000
-0.535000
-0.535000
-0.511000
-0.272000
0.988000
1.25700
1.52600
1.47200
1.40000
1.03600
0.785000
0.809000
0.797000
0.773000
0.576000
0.492000
0.379000
0.343000
0.283000
7.40000E-02
0.110000
5.00000E-02
-0.153000
-0.129000
-0.195000
-0.266000
-0.356000
-0.487000
-0.547000
-0.583000
-0.547000
-0.380000
0.570000
1.03600
0.898000
0.821000
0.528000
0.247000
0.211000
0.223000
8.60000E-02
0.134000
2.60000E-02
-0.117000
-0.225000
-0.314000
-0.362000
-0.374000
-0.446000
-0.469000
-0.440000
-0.320000
0.235000
1.68100
1.35800
0.982000
3.35900
3.13200
2.26000
1.78800
1.47800
1.26300
1.07800
0.839000
0.731000
0.767000
0.636000
0.403000
0.176000
8.00000E-02
0.128000
9.80000E-02
8.60000E-02
5.60000E-02
-1.00000E-02
-0.159000
-0.338000
-0.499000
-0.452000
-0.440000
0.606000
1.11900
1.08400
0.767000
0.701000
0.540000
0.355000
0.355000
0.235000
1.04000E-01
0.110000
5.00000E-02
-0.165000
-0.159000
-0.183000
-0.404000
-0.338000
-0.452000
-0.535000
-0.631000
-0.625000
-0.655000
-0.732000
-0.798000
-0.810000
-0.714000
-0.416000
0.367000
0.701000
0.486000
0.122000
5.00000E-02
9.80000E-02
-3.90000E-02
-0.123000
-3.90000E-02
-1.00000E-02
-0.135000
-0.189000
-0.314000
-0.368000
-0.410000
-0.404000
-0.469000
-0.487000
-0.452000
0.337000
1.58500
1.65700
1.31600
0.815000
0.385000
0.283000
0.235000
0.211000
-0.159000
-0.141000
-0.165000
-0.266000
-0.195000
-0.374000
-0.314000
-0.499000
-0.565000
-0.517000
-0.702000
-0.344000
0.415000
0.462000
0.313000
0.122000
-9.30000E-02
-0.481000
-0.553000
-0.589000
-0.535000
0.839000
1.25700
0.737000
0.235000
-0.302000
-0.547000
-0.547000
-0.774000
-0.667000
-0.667000
-0.888000
-0.828000
-0.822000
0.767000
0.749000
0.731000
0.582000
0.343000
0.134000
0.325000
0.898000
1.81800
1.29900
0.468000
0.211000
9.80000E-02
3.20000E-02
-2.10000E-02
-0.236000
-0.356000
-0.284000
-5.10000E-02
1.80000
1.81800
1.36400
1.14300
1.06000
1.01200
1.07200
0.916000
0.612000
0.349000
0.421000
0.462000
0.235000
2.60000E-02
2.00000E-03
2.00000E-03
-6.30000E-02
-0.147000
-0.290000
-0.350000
-0.452000
-0.236000
1.46600
1.72300
1.66900
1.63300
1.53700
1.30500
1.16700
1.01800
0.952000
0.874000
0.719000
0.600000
0.552000
0.546000
0.492000
0.223000
3.20000E-02
9.80000E-02
7.40000E-02
4.40000E-02
-5.10000E-02
-0.123000
-0.117000
-0.135000
-0.189000
-0.123000
-0.123000
0.952000
1.17300
1.19100
1.07800
0.910000
0.833000
0.749000
0.498000
0.564000
0.528000
0.516000
0.486000
0.415000
0.283000
0.223000
7.40000E-02
5.00000E-02
2.00000E-02
1.40000E-02
-0.123000
-8.70000E-02
-0.177000
-2.10000E-02
0.355000
1.35800
1.45400
1.23900
1.07800
0.725000
0.576000
0.367000
0.367000
0.307000
0.337000
0.241000
0.253000
9.80000E-02
5.60000E-02
-7.50000E-02
-0.135000
-0.201000
-0.141000
1.07200
1.71700
1.59700
1.28700
0.934000
0.677000
0.450000
0.438000
0.331000
1.04000E-01
-8.70000E-02
-9.30000E-02
-0.219000
-0.278000
-0.398000
-0.475000
-0.523000
-0.559000
-0.702000
-0.780000
-0.935000
-0.929000
-0.189000
0.576000
0.468000
0.259000
0.152000
7.40000E-02
2.60000E-02
-1.00000E-02
6.20000E-02
0.206000
0.152000
0.152000
8.00000E-02
-6.90000E-02
-0.392000
-0.481000
-0.595000
-0.738000
-0.475000
0.958000
0.958000
0.749000
0.474000
0.140000
-0.165000
-0.320000
-0.344000
-0.422000
-0.469000
-0.457000
-0.487000
-0.619000
-0.571000
-0.422000
-0.302000
-0.272000
1.04000E-01
0.958000
1.26900
1.43000
2.11100
1.83600
1.17900
0.647000
0.229000
5.60000E-02
-2.70000E-02
2.00000E-03
9.20000E-02
0.265000
0.229000
2.00000E-03
-0.219000
-0.272000
-0.165000
-0.236000
0.164000
1.47800
1.93200
1.32800
0.707000
0.456000
0.188000
-2.10000E-02
-0.111000
-3.90000E-02
-9.30000E-02
-4.50000E-02
8.00000E-03
-1.00000E-02
-0.123000
-0.135000
-6.90000E-02
9.80000E-02
0.898000
0.880000
0.809000
0.606000
0.337000
0.289000
3.80000E-02
-4.00000E-03
0.110000
9.20000E-02
-8.70000E-02
-4.50000E-02
-0.213000
-0.314000
-0.278000
-0.362000
-0.422000
-0.446000
-0.607000
-0.601000
-0.637000
-0.649000
-0.762000
-0.690000
-0.655000
0.659000
1.14300
1.07200
0.845000
0.731000
0.480000
0.229000
4.40000E-02
-0.189000
-0.141000
-0.165000
-0.231000
-0.183000
-0.195000
-0.165000
0.122000
1.13700
1.15500
0.857000
0.588000
0.217000
-2.10000E-02
0.444000
2.47500
2.06900
2.30800
1.93800
1.19700
0.970000
0.988000
0.785000
0.707000
0.636000
0.355000
0.229000
0.152000
0.140000
-2.70000E-02
-0.141000
-0.225000
-0.284000
-0.368000
-0.434000
-0.469000
-0.619000
-0.702000
-0.822000
-0.828000
-3.30000E-02
0.916000
1.08900
0.636000
0.444000
0.319000
0.319000
0.301000
0.170000
2.60000E-02
2.00000E-03
-0.123000
-0.153000
-0.296000
-0.428000
0.642000
1.78800
2.03900
1.89600
1.70500
1.60300
1.20300
0.928000
0.737000
0.695000
0.749000
0.791000
0.659000
0.492000
0.295000
0.116000
0.122000
6.20000E-02
6.20000E-02
-1.50000E-02
-3.90000E-02
-2.70000E-02
0.773000
1.72300
1.75200
1.44800
1.17900
0.922000
0.791000
0.743000
0.767000
0.761000
0.642000
0.653000
0.468000
0.432000
0.349000
0.277000
0.211000
6.20000E-02
7.40000E-02
-4.50000E-02
-9.30000E-02
-7.50000E-02
4.40000E-02
0.940000
1.26900
1.38800
1.31000
1.01800
0.952000
0.785000
0.719000
0.636000
0.576000
0.546000
0.450000
0.397000
0.379000
0.241000
0.122000
4.40000E-02
-0.111000
-0.213000
-0.272000
-0.350000
-0.416000
-0.446000
-0.481000
-0.523000
-0.404000
0.540000
0.916000
0.857000
0.731000
0.438000
0.409000
0.253000
0.164000
9.20000E-02
-3.90000E-02
-4.50000E-02
-9.30000E-02
-0.201000
-0.272000
-0.350000
-0.398000
-0.529000
-0.607000
-0.732000
-0.792000
-0.816000
-0.870000
-0.864000
-0.183000
0.432000
0.349000
0.247000
-9.90000E-02
-0.356000
-0.463000
-0.619000
-0.607000
-0.529000
-0.350000
0.504000
0.779000
0.355000
-9.30000E-02
-0.386000
-0.595000
-0.661000
-0.619000
-0.583000
-0.649000
-0.625000
-0.308000
1.46000
0.874000
1.04000E-01
-0.296000
-0.517000
-0.541000
-0.404000
-0.284000
-0.135000
0.349000
0.916000
0.952000
0.731000
0.337000
0.253000
0.450000
0.474000
0.301000
9.80000E-02
-4.50000E-02
-0.201000
-0.231000
-9.90000E-02
-0.165000
-0.452000
-0.738000
-0.864000
-0.726000
-0.505000
0.618000
1.08400
0.791000
0.606000
0.391000
0.188000
-2.10000E-02
-8.10000E-02
2.60000E-02
-0.141000
-0.225000
-0.242000
-0.302000
-0.422000
-0.535000
-0.535000
-0.553000
-0.577000
-0.696000
-0.774000
-0.762000
-0.810000
-0.840000
-0.864000
-0.929000
-0.971000
-1.02500
-0.917000
-0.457000
0.534000
0.839000
0.528000
0.253000
0.182000
-0.123000
-0.248000
-0.213000
-0.183000
-0.272000
-0.171000
2.00000E-02
0.235000
0.665000
0.707000
0.409000
0.206000
0.116000
1.02400
1.74700
1.53700
1.44200
1.06600
0.737000
0.558000
0.468000
0.343000
0.301000
0.253000
0.158000
4.40000E-02
-0.153000
-0.213000
-0.272000
-0.290000
-0.422000
-0.505000
-0.667000
-0.690000
-0.589000
1.21500
1.23900
0.839000
0.695000
0.737000
0.773000
1.14300
1.43600
1.23900
0.868000
0.624000
0.415000
0.235000
0.134000
7.40000E-02
3.80000E-02
-1.00000E-02
-8.70000E-02
-3.90000E-02
0.934000
1.38800
1.65100
1.56700
1.28700
1.17900
0.868000
0.779000
0.630000
0.564000
0.498000
0.403000
0.241000
0.206000
0.122000
2.60000E-02
-9.30000E-02
-0.123000
-0.201000
-0.236000
-0.332000
-0.374000
-0.553000
-0.529000
-0.344000
1.11300
1.49600
1.40600
0.845000
0.552000
0.438000
0.480000
0.391000
0.325000
0.247000
0.158000
0.152000
-5.70000E-02
-0.219000
-0.242000
-0.135000
-0.213000
-0.141000
-2.10000E-02
0.379000
1.86000
1.53700
0.940000
0.456000
0.152000
-4.50000E-02
-5.10000E-02
-0.177000
-0.165000
2.60000E-02
0.146000
0.498000
1.53700
2.98900
2.20000
1.43600
0.737000
0.331000
0.128000
1.04000E-01
-3.30000E-02
-9.30000E-02
-6.90000E-02
-8.70000E-02
-0.111000
-8.70000E-02
-0.165000
-0.177000
-0.272000
-0.362000
-0.428000
-0.452000
-0.547000
-0.559000
-0.559000
-0.446000
1.93200
2.14100
2.20000
2.14700
1.49000
0.880000
0.677000
0.624000
0.528000
0.331000
8.60000E-02
-9.90000E-02
-6.90000E-02
-5.70000E-02
-0.248000
-0.338000
-0.469000
-0.553000
-0.565000
-0.511000
-0.577000
-0.565000
0.307000
1.50800
1.27500
0.910000
0.546000
0.403000
0.403000
0.432000
0.337000
0.200000
2.60000E-02
-4.00000E-03
-2.70000E-02
-0.153000
-0.231000
-0.320000
-0.368000
-0.410000
-0.631000
-0.643000
-0.643000
-0.631000
-0.601000
-1.50000E-02
0.761000
1.13700
0.898000
0.707000
0.588000
0.558000
0.486000
0.325000
0.217000
0.259000
0.158000
6.80000E-02
-3.30000E-02
-6.30000E-02
-3.30000E-02
-1.00000E-02
2.00000E-02
6.80000E-02
8.00000E-02
0.122000
0.194000
0.444000
1.57300
1.92000
1.46000
1.07800
0.803000
0.642000
0.486000
0.373000
0.265000
0.170000
0.176000
0.247000
0.152000
0.140000
7.40000E-02
-6.90000E-02
-0.189000
-0.195000
4.40000E-02
1.17900
1.41200
0.958000
0.480000
0.247000
0.116000
3.80000E-02
3.20000E-02
-4.50000E-02
-0.135000
-0.219000
-0.374000
-0.481000
-0.547000
-0.463000
-0.207000
0.952000
0.916000
0.653000
0.361000
0.164000
3.80000E-02
-4.50000E-02
-0.195000
-0.165000
-0.248000
-0.374000
-0.416000
-0.541000
-0.589000
-0.708000
-0.774000
-0.858000
-0.858000
-0.923000
-0.995000
-1.00100
-1.02500
-0.983000
-0.804000
0.785000
1.26300
0.934000
0.528000
0.492000
0.874000
0.522000
-3.30000E-02
-0.380000
-0.440000
-2.70000E-02
0.701000
0.725000
0.701000
0.241000
-6.90000E-02
-0.147000
-5.70000E-02
-0.201000
-0.350000
-0.499000
-0.547000
0.200000
0.904000
1.20300
0.934000
0.606000
0.409000
0.241000
0.211000
0.128000
2.00000E-02
-3.30000E-02
-0.105000
-0.219000
-0.278000
-0.326000
-0.266000
-0.368000
0.564000
1.62700
1.83600
1.97900
1.95600
1.39400
1.03000
0.803000
0.636000
0.713000
0.982000
0.755000
0.612000
0.612000
0.582000
0.528000
0.397000
0.253000
0.122000
3.80000E-02
9.80000E-02
3.80000E-02
2.00000E-02
-3.90000E-02
-0.117000
-0.231000
-0.177000
0.570000
1.62100
1.76400
1.39400
1.03000
0.928000
0.815000
0.761000
0.642000
0.647000
0.624000
0.516000
0.409000
0.421000
0.307000
0.170000
0.146000
0.247000
0.283000
0.283000
0.247000
0.271000
0.409000
1.36400
2.21200
2.26600
1.94400
1.60300
1.39400
1.23300
1.20900
1.13700
1.02400
1.03000
0.857000
0.701000
0.624000
0.588000
0.516000
0.498000
0.379000
0.313000
0.223000
0.176000
6.80000E-02
0.140000
-2.70000E-02
-2.70000E-02
-2.70000E-02
-8.70000E-02
-0.135000
-0.147000
-0.147000
4.40000E-02
0.600000
1.96200
1.83600
1.29900
0.797000
0.426000
0.313000
0.277000
0.313000
0.247000
0.211000
0.140000
3.20000E-02
2.60000E-02
-1.50000E-02
-0.219000
-0.266000
-0.314000
-0.463000
-0.428000
-0.601000
-0.649000
-0.673000
-0.684000
-0.475000
0.480000
0.671000
0.695000
0.397000
0.182000
7.40000E-02
2.00000E-03
-3.30000E-02
-0.147000
-0.135000
-0.266000
-0.225000
-0.380000
-0.487000
-0.523000
-0.696000
-0.720000
-0.625000
0.415000
0.779000
0.630000
0.415000
0.259000
0.188000
-2.70000E-02
-0.219000
-0.368000
-0.374000
-0.475000
-0.595000
-0.690000
-0.786000
-0.792000
-0.911000
1.04000E-01
0.839000
1.11300
0.833000
0.510000
0.295000
0.343000
0.271000
0.337000
0.277000
0.217000
4.40000E-02
-0.123000
-0.213000
-0.416000
-0.655000
-0.738000
-0.816000
-0.941000
-1.00100
-0.977000
-0.894000
0.182000
0.677000
0.534000
0.391000
0.313000
0.194000
0.110000
-1.50000E-02
-0.147000
-0.207000
-0.141000
-0.326000
-0.380000
-0.416000
-0.290000
0.432000
2.05700
1.28100
0.767000
0.534000
0.474000
0.564000
0.456000
0.456000
2.12300
2.17100
2.12900
1.90800
1.46000
1.26900
1.20900
1.17900
1.07200
0.910000
0.803000
0.857000
0.755000
0.564000
0.462000
0.391000
0.241000
1.40000E-02
-5.10000E-02
3.20000E-02
0.152000
3.80000E-02
-5.70000E-02
-9.30000E-02
-0.171000
-0.296000
-0.350000
-0.404000
-0.314000
-0.266000
-0.171000
0.743000
0.839000
0.719000
0.701000
0.606000
0.462000
0.462000
0.432000
0.241000
0.122000
0.140000
-1.50000E-02
8.00000E-03
-0.165000
-8.10000E-02
-0.189000
-0.350000
-0.440000
-0.493000
-0.499000
-0.595000
0.343000
1.17900
1.07200
0.749000
0.767000
1.14900
1.35200
1.11300
0.928000
0.886000
0.671000
0.624000
0.349000
0.259000
0.164000
8.00000E-02
-6.30000E-02
-9.30000E-02
-0.141000
-0.183000
0.689000
1.32800
1.13700
1.17300
1.03600
0.928000
0.630000
0.415000
0.265000
7.40000E-02
9.80000E-02
9.20000E-02
5.00000E-02
6.80000E-02
0.295000
0.265000
0.325000
0.265000
0.259000
6.80000E-02
-1.50000E-02
-8.70000E-02
-0.195000
-0.165000
-1.00000E-02
1.57900
1.64500
1.43000
1.01200
0.462000
0.337000
1.04000E-01
3.20000E-02
-0.123000
-0.207000
-0.195000
-0.308000
-0.308000
-0.242000
-0.314000
-0.422000
-0.547000
-0.463000
-0.452000
-4.50000E-02
1.10100
1.00000
0.582000
0.265000
0.122000
6.80000E-02
-0.296000
-0.601000
0.295000
1.96700
1.67500
1.46000
1.25700
1.06600
0.833000
0.558000
0.367000
0.373000
0.373000
0.313000
0.301000
0.283000
0.200000
5.00000E-02
-6.90000E-02
-8.10000E-02
-3.90000E-02
0.642000
1.69300
1.94400
1.71700
1.67500
1.57900
1.47800
1.21500
1.00000
0.934000
0.863000
0.707000
0.600000
0.528000
0.403000
0.319000
0.277000
9.80000E-02
0.110000
3.80000E-02
-8.70000E-02
-9.90000E-02
-0.141000
-0.213000
-9.30000E-02
1.40000
1.70500
1.56100
1.41200
1.22100
1.06600
0.982000
0.851000
0.677000
0.725000
0.695000
0.600000
0.504000
0.385000
0.206000
0.176000
9.20000E-02
0.140000
-3.30000E-02
-8.10000E-02
-0.123000
-0.147000
-0.225000
-0.302000
-0.278000
-0.254000
0.361000
1.19100
1.31000
1.14300
0.868000
0.868000
0.630000
0.480000
0.444000
0.504000
0.355000
0.271000
0.277000
0.182000
0.229000
0.194000
5.60000E-02
2.00000E-02
-5.10000E-02
-0.177000
-0.213000
-0.296000
-0.392000
-0.529000
-0.517000
-0.577000
-0.559000
-0.547000
-0.523000
-0.219000
0.450000
0.725000
0.630000
0.456000
0.319000
0.731000
1.54900
1.31000
0.821000
0.391000
8.00000E-02
-0.129000
-0.236000
-0.362000
-0.410000
-0.457000
-0.529000
-0.607000
-0.619000
-0.667000
-0.726000
-0.792000
0.188000
1.06000
1.00000
0.749000
0.409000
0.188000
3.80000E-02
-0.254000
-0.404000
-0.404000
-0.380000
-0.613000
-0.667000
-0.744000
-0.840000
-0.882000
-0.989000
-1.08500
-0.977000
-1.03700
-1.21000
-1.23400
-0.864000
-0.404000
8.00000E-03
-0.141000
-0.368000
-0.505000
-0.637000
-0.607000
-0.810000
-0.810000
-0.637000
2.00000E-03
1.35200
0.880000
1.02400
0.880000
0.695000
0.492000
0.301000
0.223000
0.134000
4.40000E-02
-0.111000
-0.153000
-0.165000
1.40000E-02
1.54300
1.69300
1.28700
0.940000
0.695000
0.552000
0.528000
0.444000
0.367000
0.307000
0.152000
8.00000E-03
-3.30000E-02
-9.30000E-02
-0.201000
-0.219000
-0.242000
-0.338000
-0.469000
0.152000
1.46000
1.60300
1.49000
1.32800
1.16700
0.916000
0.874000
0.821000
0.767000
0.755000
0.863000
0.880000
0.857000
0.809000
0.695000
0.564000
0.421000
0.349000
0.325000
0.301000
0.140000
-1.00000E-02
0.128000
1.85400
1.96200
1.90800
1.90200
1.59100
1.38200
1.10700
1.10100
1.17300
0.958000
0.815000
0.665000
0.689000
0.594000
0.462000
0.295000
0.217000
8.60000E-02
0.128000
5.60000E-02
-2.70000E-02
-5.10000E-02
-6.90000E-02
-0.111000
-2.10000E-02
-0.195000
-0.302000
-0.290000
-0.374000
-0.404000
-0.350000
5.00000E-02
1.20900
1.32800
1.26300
1.10700
0.809000
0.552000
0.468000
0.421000
0.301000
0.355000
0.289000
0.211000
0.283000
0.122000
0.217000
0.277000
0.618000
1.65700
1.99100
1.35200
0.719000
0.170000
-0.141000
-0.213000
-0.254000
-0.314000
-0.350000
-0.422000
-0.469000
-0.511000
-0.266000
1.14900
1.75200
1.63300
1.49000
1.12500
0.737000
0.636000
0.630000
0.630000
0.426000
0.409000
0.755000
0.922000
0.707000
0.432000
0.307000
0.391000
0.146000
-4.00000E-03
-4.50000E-02
-0.236000
-0.314000
-0.338000
-0.362000
-0.469000
-0.493000
-0.440000
-4.50000E-02
0.767000
0.713000
0.480000
0.211000
0.128000
-0.195000
-0.242000
-0.380000
-0.404000
-0.392000
-0.410000
-0.481000
-0.517000
-0.517000
-0.643000
-0.726000
-0.828000
-0.870000
-0.923000
-0.935000
-0.159000
0.146000
0.229000
0.146000
0.164000
0.116000
-0.105000
-0.177000
-9.30000E-02
-0.284000
-0.446000
-0.392000
-0.523000
-0.559000
1.04800
2.11100
1.36400
1.34000
1.23300
0.880000
0.773000
0.582000
0.391000
0.409000
0.373000
0.182000
0.176000
0.128000
-4.00000E-03
-2.70000E-02
4.40000E-02
-0.153000
-0.153000
1.71100
2.53500
2.33800
1.69300
1.20900
0.904000
0.701000
0.576000
0.546000
0.624000
0.582000
0.492000
0.307000
0.152000
0.128000
0.122000
-4.00000E-03
-5.70000E-02
-3.90000E-02
-0.171000
-0.326000
-0.404000
-0.457000
-0.541000
-0.463000
-0.165000
1.11900
1.11900
0.982000
0.821000
0.624000
0.432000
0.486000
0.391000
0.397000
0.331000
0.229000
0.247000
0.194000
0.122000
2.00000E-02
-3.90000E-02
-0.183000
-0.266000
-0.338000
-0.308000
-0.344000
-0.278000
1.01200
1.47200
1.28700
1.21500
1.12500
0.815000
0.839000
0.713000
0.540000
0.594000
0.474000
0.534000
0.570000
0.486000
0.271000
0.325000
0.331000
0.283000
0.331000
0.158000
0.152000
0.206000
0.229000
0.492000
1.88400
2.76800
2.37400
2.20600
1.85400
1.43600
1.22700
1.08400
1.07200
1.07200
0.851000
0.845000
0.695000
0.576000
0.349000
0.253000
0.134000
3.80000E-02
-0.111000
-0.213000
-0.284000
-0.332000
-0.428000
-0.475000
-0.469000
-0.404000
0.964000
1.23900
1.12500
1.11300
0.976000
0.880000
0.833000
0.689000
0.474000
0.343000
0.409000
0.349000
0.301000
4.40000E-02
-7.50000E-02
-6.90000E-02
-0.141000
-0.201000
-0.260000
-0.475000
-0.601000
-0.607000
-0.613000
-0.673000
-0.750000
-0.834000
-0.810000
-0.780000
-0.828000
-8.70000E-02
0.606000
0.665000
0.576000
0.277000
1.04000E-01
6.80000E-02
6.80000E-02
3.20000E-02
-0.117000
-8.70000E-02
-6.90000E-02
-6.30000E-02
-0.177000
-0.362000
-0.374000
-0.457000
-0.481000
-0.607000
-0.511000
0.200000
1.04800
1.09500
0.785000
0.522000
0.486000
0.301000
0.206000
0.277000
0.247000
0.211000
0.331000
0.444000
0.647000
0.803000
0.797000
1.11900
2.72000
2.49300
1.54300
0.791000
0.540000
0.289000
0.235000
0.223000
0.259000
0.498000
2.05100
2.51100
2.17100
1.72900
1.08900
0.743000
0.659000
0.624000
0.683000
0.647000
0.391000
0.217000
0.164000
0.176000
0.122000
-8.10000E-02
-0.135000
-0.236000
-0.380000
-0.517000
-0.505000
-0.541000
-0.481000
0.301000
0.719000
0.815000
0.719000
0.671000
0.642000
0.355000
0.223000
0.265000
0.170000
8.00000E-02
-4.50000E-02
-0.129000
-5.10000E-02
-8.10000E-02
-0.296000
-0.404000
-0.428000
-0.487000
-0.517000
-0.613000
-0.625000
-0.684000
-0.684000
-0.756000
-0.798000
-0.762000
0.128000
0.642000
0.809000
0.636000
0.319000
0.206000
0.337000
0.415000
0.570000
0.809000
1.17300
1.13700
0.863000
0.695000
0.403000
0.259000
0.140000
0.128000
3.80000E-02
-6.90000E-02
-0.153000
-0.183000
-0.219000
-0.207000
-0.350000
-0.404000
-0.332000
-0.332000
-0.314000
-0.123000
0.558000
0.683000
0.504000
0.206000
-8.10000E-02
-0.326000
-0.505000
-0.565000
-0.732000
-0.714000
-0.810000
-0.858000
-0.899000
-0.923000
-0.917000
-0.404000
0.373000
0.170000
-0.236000
-0.505000
-0.350000
1.93200
1.75200
1.07800
0.385000
-3.30000E-02
-0.242000
-0.278000
-0.171000
-8.70000E-02
-0.236000
-0.392000
-0.463000
-0.505000
-0.529000
-0.601000
-0.804000
-0.977000
-0.995000
-0.947000
0.110000
0.379000
0.379000
0.379000
0.158000
0.122000
0.146000
-8.10000E-02
-0.195000
-0.374000
-0.428000
-0.487000
-0.619000
-0.667000
-0.792000
-0.864000
-0.959000
-1.04300
-0.977000
-0.882000
-0.870000
-0.505000
1.59100
1.40600
1.04800
0.785000
0.576000
0.444000
0.325000
0.158000
8.60000E-02
-3.90000E-02
-0.117000
-0.135000
-0.201000
-0.368000
-0.505000
-0.529000
-0.517000
-0.595000
-0.625000
-0.547000
-0.380000
2.60000E-02
0.940000
2.06300
3.24600
2.78600
1.99700
1.48400
1.16100
1.00000
1.02400
1.21500
1.28700
1.16700
0.898000
0.624000
0.391000
0.349000
0.211000
3.20000E-02
-0.111000
-0.236000
-0.260000
-0.260000
-0.189000
-0.153000
-0.266000
-0.326000
0.755000
1.46000
1.38800
0.904000
0.642000
0.421000
0.558000
0.642000
0.522000
0.313000
0.229000
0.164000
0.116000
4.40000E-02
-2.70000E-02
-8.70000E-02
-0.213000
-0.332000
-0.356000
-0.320000
-0.314000
0.176000
1.99700
2.27200
1.90200
1.41200
1.01200
0.892000
0.868000
0.833000
0.677000
0.600000
0.421000
0.313000
0.253000
0.206000
8.00000E-02
0.146000
-8.70000E-02
-0.213000
-0.260000
-0.344000
-0.320000
-0.517000
-0.601000
-0.481000
-0.571000
-0.487000
-0.499000
0.182000
1.72900
2.21800
2.62500
2.46300
1.69900
0.958000
0.725000
0.785000
0.857000
0.701000
0.450000
0.176000
7.40000E-02
0.158000
0.164000
4.40000E-02
-3.90000E-02
-0.195000
-0.278000
-0.380000
-0.440000
-0.475000
-0.469000
-0.565000
-0.565000
-0.529000
0.313000
0.725000
0.695000
0.432000
0.259000
0.259000
5.60000E-02
-0.183000
-0.183000
-0.225000
-0.189000
-0.189000
-0.296000
-0.219000
-0.242000
-0.356000
-0.547000
-0.702000
-0.678000
-0.774000
-0.732000
0.857000
1.50200
1.63300
1.69900
1.10100
0.857000
0.773000
0.540000
0.253000
1.04000E-01
7.40000E-02
5.00000E-02
-0.105000
-0.153000
-0.242000
-0.135000
-8.70000E-02
-7.50000E-02
-0.153000
-0.308000
-0.201000
0.839000
1.57300
1.37000
1.12500
0.588000
0.343000
0.361000
0.277000
0.116000
0.164000
1.85400
2.02100
1.71700
1.48400
1.19700
1.05400
0.928000
0.618000
0.331000
0.235000
0.194000
7.40000E-02
2.60000E-02
-2.70000E-02
-2.10000E-02
-0.123000
-0.219000
-0.213000
-0.290000
-0.105000
0.779000
1.41200
1.29300
1.02400
0.785000
0.570000
0.373000
0.397000
0.576000
0.540000
0.379000
0.206000
5.60000E-02
-7.50000E-02
-0.117000
-6.90000E-02
-0.105000
-0.129000
-6.30000E-02
0.683000
1.49000
1.60300
1.49000
1.23300
0.851000
0.713000
0.701000
0.618000
0.582000
0.361000
0.289000
0.194000
6.80000E-02
0.110000
-4.00000E-03
-6.30000E-02
-0.135000
-0.248000
-0.260000
-0.320000
-0.386000
-0.314000
-0.296000
-0.242000
0.683000
1.29300
1.42400
1.42400
1.47200
1.94400
3.02500
2.24800
1.61500
1.22100
1.02400
0.952000
0.809000
0.743000
0.713000
0.743000
0.647000
0.492000
0.588000
0.928000
2.19400
2.08700
1.92000
1.72300
1.59100
1.24500
1.02400
0.904000
0.857000
0.725000
0.618000
0.576000
0.486000
0.313000
0.259000
9.20000E-02
8.00000E-03
-6.30000E-02
-0.153000
-4.50000E-02
-6.30000E-02
-0.111000
-0.123000
0.857000
1.87200
1.52600
1.31600
0.934000
0.773000
0.737000
0.773000
0.618000
0.582000
0.456000
0.432000
0.409000
0.301000
0.253000
1.04000E-01
-3.90000E-02
-0.135000
-0.213000
-0.213000
-0.260000
-0.219000
-0.350000
-0.410000
-0.272000
0.504000
1.17900
1.03000
0.928000
0.797000
0.797000
0.689000
0.612000
0.558000
0.462000
0.325000
0.325000
0.241000
0.158000
0.200000
1.40000E-02
2.00000E-03
-3.30000E-02
-0.141000
-0.272000
-0.290000
-0.177000
-0.135000
1.41800
1.87800
1.62700
1.36400
1.04200
0.970000
1.06000
0.630000
0.456000
0.552000
0.480000
0.247000
0.194000
4.40000E-02
-7.50000E-02
-0.219000
-0.284000
-0.398000
-0.475000
-0.571000
-0.655000
-0.738000
-0.744000
-0.804000
-0.852000
-0.655000
0.612000
0.767000
0.653000
0.468000
0.295000
0.295000
0.217000
9.80000E-02
-2.10000E-02
-0.123000
-9.30000E-02
-0.189000
-0.350000
-0.380000
-0.308000
-0.302000
-0.302000
-0.410000
-0.625000
-0.481000
1.54900
1.42400
1.43000
1.17300
0.863000
0.671000
0.492000
0.307000
9.20000E-02
1.04000E-01
0.223000
9.80000E-02
8.00000E-03
-0.123000
-0.242000
-0.278000
-0.457000
-0.487000
-0.452000
-0.463000
-0.601000
-0.696000
-0.768000
-0.750000
-0.882000
-0.882000
-0.786000
-0.284000
0.928000
1.09500
1.09500
0.815000
0.863000
1.10100
1.25700
1.43600
1.11900
0.797000
0.379000
0.253000
0.265000
0.146000
-1.00000E-02
-3.30000E-02
-2.70000E-02
-8.70000E-02
-0.123000
-0.195000
-0.356000
-0.547000
-0.631000
-0.661000
-0.649000
-0.673000
-0.231000
0.910000
1.12500
0.916000
0.857000
0.689000
0.534000
0.247000
0.385000
0.361000
0.194000
3.80000E-02
1.40000E-02
-0.141000
-0.266000
-0.320000
-0.362000
-0.356000
-0.499000
-0.499000
-0.637000
-0.708000
-0.661000
-0.738000
-0.738000
-0.678000
-0.547000
0.492000
0.833000
0.713000
0.558000
0.343000
0.182000
3.80000E-02
-0.105000
-0.141000
-0.326000
-0.278000
-0.326000
-0.434000
-0.404000
-0.440000
-0.452000
-0.428000
-0.195000
0.283000
1.95600
2.34400
1.81800
1.10100
0.576000
0.337000
0.217000
0.164000
0.140000
-3.90000E-02
-9.30000E-02
-0.141000
1.40000E-02
1.21500
1.57300
1.35800
1.06000
0.582000
0.217000
2.00000E-03
-4.50000E-02
-0.183000
-0.225000
-0.302000
-0.314000
-6.90000E-02
1.18500
1.05400
0.922000
0.767000
0.588000
0.379000
0.313000
0.295000
0.170000
9.80000E-02
9.80000E-02
5.00000E-02
-0.123000
-0.242000
-0.326000
-0.577000
-0.571000
-0.547000
-0.631000
-0.720000
-0.792000
-0.816000
-0.786000
-0.834000
-0.846000
-0.894000
-0.846000
-0.756000
-0.577000
0.235000
0.486000
0.361000
7.40000E-02
-9.30000E-02
-0.195000
-0.159000
-3.30000E-02
-1.50000E-02
0.403000
1.95600
1.62700
0.994000
0.659000
0.516000
0.468000
0.558000
0.647000
0.612000
0.606000
0.624000
0.570000
0.379000
0.247000
0.217000
0.170000
7.40000E-02
0.552000
3.28700
2.82200
2.33800
2.12300
2.01500
1.89600
1.65700
1.34000
1.10100
0.994000
0.904000
0.809000
0.707000
0.582000
0.504000
0.432000
0.409000
0.301000
0.223000
0.170000
6.20000E-02
-0.111000
-0.296000
-0.422000
-0.362000
-0.320000
-0.290000
-0.242000
0.415000
0.886000
0.791000
0.624000
0.468000
0.241000
0.164000
0.152000
7.40000E-02
5.00000E-02
3.20000E-02
-8.70000E-02
-0.284000
-0.368000
-0.392000
-0.446000
-0.541000
-0.637000
-0.655000
-0.684000
-0.774000
-0.810000
-0.828000
-0.774000
-0.517000
0.421000
0.438000
0.217000
1.40000E-02
-0.177000
-0.236000
-0.290000
-0.231000
-0.183000
-8.70000E-02
8.60000E-02
1.46000
2.17700
2.16500
2.17100
1.54900
1.04800
0.815000
0.653000
0.624000
0.600000
0.510000
0.385000
0.182000
1.04000E-01
-2.70000E-02
-0.165000
-0.231000
-0.260000
-0.320000
-0.362000
-0.457000
-0.541000
-0.583000
-0.392000
0.385000
0.767000
0.606000
0.355000
0.307000
1.29900
1.46600
1.23900
1.04800
0.964000
0.671000
0.486000
0.385000
0.295000
0.152000
5.60000E-02
9.80000E-02
0.146000
6.80000E-02
-0.123000
-0.314000
-0.457000
-0.517000
-0.535000
-0.422000
-0.452000
-0.547000
-1.50000E-02
0.528000
0.874000
0.880000
0.809000
0.618000
0.480000
0.385000
0.206000
8.60000E-02
-0.123000
-9.90000E-02
-0.254000
-0.213000
-0.302000
-0.356000
-0.356000
-0.410000
-0.350000
0.128000
0.904000
1.03600
0.970000
1.00600
0.851000
0.707000
0.522000
0.307000
0.140000
0.170000
-3.30000E-02
-6.90000E-02
-0.141000
-0.225000
-0.159000
0.426000
1.72900
1.38200
1.22700
0.910000
0.779000
0.731000
0.618000
0.444000
0.158000
-1.50000E-02
-1.00000E-02
-0.117000
-0.213000
-0.284000
-0.380000
-0.374000
-0.469000
-0.434000
0.313000
1.25700
1.34000
1.05400
0.713000
0.546000
0.403000
0.510000
1.92000
1.81800
1.48400
1.34000
1.08900
0.892000
0.665000
0.421000
0.307000
0.122000
-1.50000E-02
-6.90000E-02
-0.183000
-0.272000
-0.338000
-0.290000
-0.350000
-0.398000
-0.231000
0.934000
1.50200
1.32200
1.01200
0.701000
0.653000
0.606000
0.409000
0.361000
0.265000
0.182000
0.128000
2.00000E-02
-3.30000E-02
-0.159000
-0.344000
-0.308000
-0.398000
-0.475000
-0.475000
0.492000
1.56100
1.76400
1.67500
1.34000
0.898000
0.815000
0.785000
0.761000
0.522000
0.277000
0.176000
0.271000
0.247000
0.217000
0.146000
5.00000E-02
1.40000E-02
-3.90000E-02
-0.159000
-0.254000
-0.278000
-0.231000
0.528000
1.62700
1.78800
1.38200
0.845000
0.683000
0.510000
0.367000
0.289000
0.259000
0.247000
0.140000
0.134000
6.80000E-02
2.00000E-02
2.00000E-03
-2.10000E-02
-9.30000E-02
-0.147000
-0.231000
-0.195000
1.12500
1.65700
1.44800
1.32200
1.18500
0.827000
0.498000
0.259000
6.80000E-02
0.152000
7.40000E-02
-6.90000E-02
-8.10000E-02
-0.123000
-0.225000
-0.314000
-0.374000
-0.434000
-0.511000
-0.643000
-0.762000
-0.487000
0.958000
1.76400
1.07200
0.946000
0.701000
0.552000
0.492000
0.516000
0.391000
0.277000
0.164000
0.247000
0.409000
0.277000
0.128000
-0.129000
-0.213000
-0.254000
-0.463000
-0.517000
-0.655000
-0.708000
-0.786000
-0.810000
-0.858000
-0.888000
-0.888000
-0.935000
-0.864000
-0.708000
-0.469000
2.60000E-02
8.00000E-02
-6.30000E-02
-0.248000
-0.440000
-0.589000
-0.702000
-0.708000
-0.643000
-0.493000
-0.105000
0.797000
0.707000
0.403000
8.00000E-03
-0.195000
-0.231000
-0.207000
-0.201000
-0.314000
-0.487000
-0.601000
-0.553000
-0.529000
-0.619000
-0.487000
1.01200
1.29900
0.886000
0.367000
1.40000E-02
-0.159000
-0.207000
-0.195000
5.00000E-02
0.122000
0.325000
0.253000
-8.10000E-02
-0.350000
-0.314000
-0.457000
-0.589000
-0.643000
-0.547000
0.564000
1.45400
1.00000
0.737000
0.642000
0.349000
0.110000
-0.153000
-0.344000
-0.380000
-0.392000
-0.314000
-0.386000
-0.362000
-0.529000
-0.565000
-0.643000
-0.702000
-0.816000
-0.888000
-0.696000
0.659000
1.12500
0.886000
0.510000
-1.00000E-02
-9.30000E-02
0.229000
0.707000
0.904000
0.785000
0.618000
0.277000
2.60000E-02
-0.129000
-0.272000
-0.314000
-0.457000
-0.481000
-0.487000
-0.452000
-0.392000
-0.213000
0.737000
1.02400
0.910000
0.653000
0.558000
0.438000
0.271000
0.194000
0.194000
3.80000E-02
-9.30000E-02
-0.201000
-8.10000E-02
-1.50000E-02
-0.165000
-0.201000
-0.213000
3.20000E-02
0.146000
0.444000
0.594000
0.486000
1.41200
1.44800
1.77000
1.47200
1.22100
0.976000
0.677000
0.689000
0.809000
0.600000
0.432000
0.271000
0.194000
0.235000
6.80000E-02
8.00000E-03
-5.10000E-02
-0.201000
-0.260000
-0.284000
-0.380000
-0.410000
-0.463000
-0.553000
-0.314000
0.964000
2.27200
2.66600
2.18300
1.69900
1.72300
1.58500
1.29300
1.01200
0.761000
0.689000
0.600000
0.504000
0.355000
0.235000
0.223000
8.00000E-02
-2.70000E-02
8.00000E-03
-0.147000
-0.260000
-0.236000
-0.105000
1.49600
1.35800
1.54300
1.40600
1.11300
0.946000
0.653000
0.624000
0.612000
0.582000
0.450000
0.259000
0.176000
0.170000
8.00000E-02
2.00000E-03
-0.105000
-0.201000
-0.326000
-0.302000
-0.398000
-0.422000
-0.487000
-0.511000
-0.619000
-0.547000
-0.511000
9.20000E-02
0.833000
0.749000
0.606000
0.373000
0.265000
0.182000
0.283000
0.164000
0.140000
-2.70000E-02
-9.90000E-02
-0.159000
-0.177000
-0.165000
-0.272000
-0.290000
-0.374000
-0.398000
-0.422000
-0.386000
-0.183000
0.582000
0.815000
0.737000
0.373000
0.116000
5.60000E-02
0.223000
1.78200
1.81800
1.41200
0.934000
0.588000
0.301000
0.152000
0.235000
0.211000
0.319000
0.361000
0.558000
0.600000
0.409000
0.241000
2.60000E-02
-7.50000E-02
-0.207000
-0.284000
-0.135000
1.06600
1.26900
0.940000
0.588000
0.444000
0.331000
1.04000E-01
-9.90000E-02
-0.147000
-0.260000
-0.278000
-0.320000
-0.368000
-0.457000
-0.505000
-0.457000
-0.589000
-0.607000
-0.541000
-0.625000
-0.595000
0.194000
0.928000
0.779000
0.642000
0.426000
0.223000
0.146000
-5.70000E-02
-0.284000
-0.344000
-0.416000
-0.511000
-0.577000
-0.678000
-0.684000
-0.637000
-0.296000
0.528000
0.432000
0.289000
0.164000
2.00000E-02
-0.159000
-0.159000
-0.135000
-0.254000
-0.350000
-0.344000
0.659000
0.928000
0.785000
0.403000
0.152000
7.40000E-02
1.40000E-02
1.10100
2.09300
1.93800
1.71100
1.31000
1.11900
0.928000
0.719000
0.552000
0.361000
0.241000
0.355000
0.283000
2.00000E-02
-8.70000E-02
-0.153000
-0.111000
0.122000
2.15900
2.04500
1.99700
1.81200
1.75200
1.62100
1.46000
1.13700
0.982000
1.03000
0.916000
0.863000
0.779000
0.564000
0.397000
0.283000
0.235000
1.04000E-01
2.60000E-02
-2.70000E-02
-8.10000E-02
-8.70000E-02
-0.183000
-0.272000
-0.338000
-0.505000
-0.440000
-0.452000
-0.374000
0.695000
0.982000
0.833000
0.671000
0.618000
0.426000
0.361000
0.432000
0.331000
0.271000
0.289000
0.134000
1.40000E-02
-5.10000E-02
-2.70000E-02
-0.135000
-0.236000
-0.296000
-0.332000
-0.356000
-0.440000
-0.481000
-0.457000
-0.487000
-0.374000
0.116000
0.779000
0.886000
0.970000
0.898000
0.683000
0.504000
0.498000
0.367000
0.379000
0.235000
0.188000
0.170000
7.40000E-02
1.40000E-02
2.00000E-03
-8.10000E-02
2.00000E-02
0.188000
1.35800
1.78200
1.37000
0.910000
0.636000
0.313000
0.182000
3.20000E-02
-0.123000
-0.129000
-0.242000
-0.213000
1.46600
2.02100
1.53100
1.21500
1.02400
0.749000
0.403000
4.40000E-02
-0.207000
-0.248000
-0.326000
-0.440000
-0.523000
-0.523000
-0.517000
-0.589000
-0.720000
-0.768000
-0.756000
-0.720000
-0.380000
0.564000
1.65100
0.880000
1.35800
2.17100
1.92600
1.60900
1.13100
0.731000
0.636000
0.528000
0.331000
0.259000
0.176000
0.176000
0.128000
5.00000E-02
-0.165000
-0.320000
-0.344000
-0.332000
-0.350000
-0.481000
-0.589000
-0.667000
-0.714000
0.146000
1.12500
1.10100
0.982000
0.815000
0.618000
0.426000
0.200000
0.176000
0.253000
0.241000
5.00000E-02
2.00000E-03
-6.30000E-02
-0.171000
-0.254000
-0.422000
-0.428000
-0.386000
-0.493000
-0.302000
0.803000
1.38800
1.40000
1.19100
0.916000
0.749000
0.755000
0.582000
0.468000
0.564000
0.498000
0.307000
0.301000
0.277000
0.134000
-4.00000E-03
1.40000E-02
-6.90000E-02
-0.201000
-0.248000
-0.314000
-0.129000
1.62100
1.93800
1.89000
1.69900
1.48400
1.20900
0.982000
0.946000
0.928000
0.880000
0.767000
0.630000
0.719000
0.636000
0.444000
0.283000
0.289000
0.188000
0.164000
0.140000
7.40000E-02
0.176000
-1.00000E-02
0.188000
1.89600
1.99100
1.62100
1.15500
0.994000
0.898000
0.791000
0.767000
0.683000
0.438000
0.259000
0.158000
0.194000
0.110000
-0.117000
-0.165000
-0.284000
-0.278000
-0.332000
-0.481000
-0.505000
-0.708000
-0.738000
-0.702000
-0.678000
-0.708000
-0.696000
-0.278000
0.211000
0.415000
0.331000
0.343000
0.277000
0.134000
5.00000E-02
-2.10000E-02
-8.70000E-02
-2.10000E-02
-0.171000
-0.189000
-0.236000
-0.380000
-0.469000
-0.523000
-0.649000
-0.702000
-0.768000
-0.828000
-0.374000
0.898000
1.46600
1.18500
1.02400
0.874000
0.725000
0.528000
0.385000
0.367000
0.241000
0.194000
0.110000
1.04000E-01
0.140000
-0.159000
-0.278000
-0.368000
-0.487000
-0.583000
-0.607000
-0.607000
-0.601000
-0.768000
-0.774000
0.295000
1.47200
1.48400
0.910000
0.391000
0.152000
6.80000E-02
-0.117000
-0.356000
-0.398000
-0.380000
-0.332000
-0.332000
-0.236000
-0.314000
-0.625000
-0.625000
-0.595000
-0.440000
-0.398000
-0.392000
-0.320000
3.80000E-02
0.188000
0.367000
2.13500
2.39200
1.70500
0.892000
0.397000
9.80000E-02
-3.30000E-02
-0.123000
-0.123000
2.00000E-03
1.04000E-01
-3.30000E-02
-8.10000E-02
-0.236000
-0.332000
-0.422000
-0.481000
-0.553000
-0.571000
-0.583000
2.00000E-03
0.671000
0.904000
0.833000
0.618000
0.486000
0.319000
0.265000
0.152000
-2.10000E-02
-9.30000E-02
-0.135000
-0.135000
-0.195000
-0.314000
-0.338000
-0.356000
-6.90000E-02
1.54300
1.95600
1.40000
1.04800
0.815000
0.552000
0.241000
0.289000
0.403000
0.809000
2.01500
2.66000
2.04500
1.47200
1.08900
0.803000
0.498000
0.540000
1.99700
2.74400
2.48100
2.36800
2.24800
2.04500
1.99700
1.63900
1.46600
1.28700
1.07200
1.03000
1.03600
0.994000
0.737000
0.642000
0.498000
0.438000
0.438000
0.343000
0.229000
0.158000
0.122000
0.110000
5.60000E-02
-4.00000E-03
6.20000E-02
0.486000
1.58500
1.80600
1.48400
1.22100
1.14300
0.904000
0.904000
0.886000
0.749000
0.749000
0.636000
0.576000
0.409000
0.259000
0.128000
0.188000
8.00000E-02
-4.50000E-02
-4.50000E-02
-0.189000
-0.153000
-0.183000
-0.242000
-0.290000
-0.338000
-0.499000
-0.487000
-0.523000
-0.571000
-0.702000
-0.744000
-0.756000
-0.756000
-0.780000
-0.774000
-0.792000
-0.792000
-0.774000
-0.708000
-0.649000
-0.553000
-0.428000
-0.284000
-0.129000
0.211000
0.259000
0.223000
0.176000
0.319000
0.797000
1.31600
1.07800
0.671000
0.235000
-9.90000E-02
-0.392000
-0.511000
-0.667000
-0.571000
-0.505000
-0.523000
-0.296000
0.785000
1.26300
1.05400
0.719000
0.277000
3.80000E-02
-0.314000
-0.314000
-0.350000
-0.326000
-0.475000
-0.726000
-0.834000
-0.894000
-0.983000
-1.10300
-1.16200
-1.21000
-1.21000
-1.26400
-0.308000
1.56100
0.827000
0.247000
6.80000E-02
-0.207000
-0.481000
-0.523000
-0.452000
-0.380000
-0.362000
-0.386000
-0.290000
0.749000
1.79400
1.49000
1.07800
0.803000
0.671000
0.450000
0.355000
0.367000
0.343000
0.313000
0.164000
-4.50000E-02
-0.242000
-0.266000
-0.296000
-0.195000
1.21500
1.82400
1.80000
1.74700
1.34000
1.41200
1.26300
1.13700
0.874000
0.582000
0.504000
0.480000
0.432000
0.373000
0.241000
0.182000
6.80000E-02
2.00000E-02
-1.50000E-02
-0.165000
-0.284000
-0.260000
0.450000
1.67500
1.54300
1.45400
1.52600
1.49000
1.41200
1.34000
1.19100
1.07200
1.04800
0.821000
0.642000
0.576000
0.504000
0.462000
0.409000
0.403000
0.307000
1.04000E-01
8.60000E-02
9.20000E-02
3.80000E-02
-4.50000E-02
-0.129000
-0.290000
-0.266000
-0.213000
-0.207000
2.60000E-02
1.03000
1.59100
1.72300
1.58500
1.27500
1.08900
0.695000
0.695000
0.504000
0.636000
0.659000
0.570000
0.594000
0.474000
0.277000
0.277000
8.60000E-02
2.60000E-02
6.20000E-02
-2.70000E-02
6.80000E-02
0.152000
1.07200
1.66900
1.85400
1.63900
1.30500
1.06600
0.761000
0.522000
0.361000
0.391000
0.863000
2.51100
2.70200
2.50500
2.13500
1.96700
1.77000
1.46000
1.24500
1.19700
1.06600
0.868000
0.594000
0.474000
0.361000
0.170000
0.223000
0.134000
-1.00000E-02
-0.266000
-0.242000
-0.236000
-0.374000
-0.428000
-0.523000
-0.565000
-0.625000
-0.726000
-0.828000
-0.894000
-0.905000
-0.953000
-0.846000
-0.242000
0.558000
0.391000
4.40000E-02
-0.266000
-0.398000
-0.523000
-0.523000
-0.452000
-0.374000
-0.493000
-0.553000
-0.631000
-0.667000
-0.756000
-0.762000
-0.690000
0.295000
0.630000
0.785000
0.612000
0.325000
0.223000
0.194000
0.134000
0.164000
5.00000E-02
-7.50000E-02
-0.111000
-0.165000
-0.260000
-0.260000
-0.171000
-0.242000
-0.338000
-0.338000
-0.392000
-0.356000
-0.404000
-0.392000
-0.248000
1.23900
1.92000
1.72300
1.22100
0.576000
0.253000
0.122000
0.301000
0.450000
0.450000
0.319000
0.301000
0.289000
5.60000E-02
-0.153000
-0.159000
-0.254000
-0.398000
-0.398000
-0.308000
-0.440000
-0.535000
-0.649000
-0.780000
-0.864000
-0.816000
-0.882000
-0.822000
-0.571000
1.94400
1.43000
0.642000
9.20000E-02
-5.10000E-02
0.170000
0.516000
0.206000
6.20000E-02
1.40000E-02
-0.171000
-0.493000
-0.684000
-0.690000
-0.726000
-0.762000
-0.750000
-0.696000
-0.696000
-0.756000
-0.834000
-0.876000
-0.834000
-0.678000
-0.159000
1.18500
0.761000
0.194000
-0.117000
-4.50000E-02
1.11900
0.994000
0.833000
0.343000
-0.135000
-0.440000
-0.595000
-0.667000
-0.416000
2.00000E-03
0.450000
0.833000
0.821000
0.576000
1.34000
1.98500
1.56100
1.26900
1.09500
0.713000
0.558000
0.552000
0.432000
0.325000
0.223000
6.80000E-02
-9.90000E-02
-5.10000E-02
-0.123000
-0.296000
-0.404000
-0.571000
-0.714000
-0.714000
-0.744000
-0.816000
-0.804000
-0.762000
-0.786000
-0.511000
0.140000
0.283000
0.319000
0.211000
0.211000
2.60000E-02
-0.117000
2.60000E-02
-2.70000E-02
-2.10000E-02
-6.30000E-02
5.60000E-02
0.206000
0.301000
0.313000
0.164000
3.80000E-02
1.40000E-02
8.00000E-02
9.20000E-02
-0.141000
-0.260000
-0.117000
0.504000
1.77000
1.58500
1.14300
0.815000
0.540000
0.397000
0.247000
0.176000
0.152000
-1.50000E-02
-0.141000
-0.195000
-0.117000
-0.165000
-0.434000
-0.362000
-0.422000
-0.565000
-0.517000
-0.440000
3.80000E-02
0.612000
0.474000
0.283000
9.20000E-02
-8.10000E-02
-0.129000
-7.50000E-02
0.898000
1.47800
1.13100
0.743000
0.516000
0.367000
0.325000
0.803000
3.55600
2.98300
2.15900
1.72900
1.60300
1.50200
1.35800
1.04800
0.743000
0.582000
0.504000
0.462000
0.385000
0.247000
0.182000
0.116000
-5.10000E-02
-3.90000E-02
-5.70000E-02
-0.165000
-0.314000
-0.410000
-0.434000
-0.326000
0.695000
1.43600
1.29300
0.982000
0.707000
0.498000
0.498000
0.612000
0.480000
0.349000
0.217000
0.164000
9.20000E-02
9.20000E-02
-7.50000E-02
-0.117000
-0.189000
-0.272000
-0.314000
-0.434000
-0.505000
-0.577000
-0.517000
-0.296000
0.910000
1.22100
1.01800
0.737000
0.653000
0.552000
0.606000
0.612000
0.636000
0.510000
0.498000
0.361000
0.409000
0.432000
0.385000
0.409000
0.409000
0.492000
0.498000
0.522000
0.534000
1.57900
2.28400
2.82200
2.76200
2.19400
1.71700
1.39400
1.34600
1.26900
1.07800
0.880000
0.773000
0.642000
0.486000
0.265000
0.325000
0.265000
0.158000
6.20000E-02
0.140000
3.20000E-02
-0.213000
-0.231000
-0.213000
-0.308000
-0.183000
1.16700
1.78800
1.71700
1.34600
1.09500
0.719000
0.444000
0.331000
0.403000
0.319000
8.00000E-02
-0.111000
-9.30000E-02
-3.30000E-02
-4.50000E-02
-0.254000
-0.350000
-0.386000
-0.481000
-0.547000
-0.595000
-0.547000
-0.535000
0.737000
1.35800
1.68100
1.49000
1.01800
0.863000
0.779000
0.665000
0.588000
0.403000
0.253000
0.206000
0.229000
1.04000E-01
1.40000E-02
-0.123000
-0.123000
-0.183000
-0.242000
-0.374000
-0.356000
0.241000
1.26300
1.06000
1.08900
1.07200
1.14300
1.12500
0.958000
0.809000
0.737000
0.677000
0.558000
0.552000
0.397000
0.217000
0.146000
0.122000
3.80000E-02
-7.50000E-02
-0.231000
-0.362000
-0.332000
-0.398000
-0.380000
0.373000
1.35200
1.40600
1.21500
0.868000
0.552000
0.480000
0.421000
0.397000
0.301000
0.140000
1.04000E-01
0.176000
3.20000E-02
-4.00000E-03
-9.30000E-02
-0.213000
-0.272000
-0.410000
-0.338000
0.952000
1.84800
1.69900
1.60300
1.20900
1.06600
1.00600
0.827000
0.665000
0.618000
0.474000
0.385000
0.289000
0.247000
0.140000
0.164000
4.40000E-02
-6.30000E-02
-0.231000
-0.350000
-0.332000
-0.428000
-0.535000
-0.565000
-0.589000
-0.505000
0.307000
1.03000
0.958000
0.779000
0.570000
0.462000
0.397000
0.259000
0.140000
8.60000E-02
7.40000E-02
0.158000
0.558000
1.19700
1.63300
1.23900
0.522000
0.176000
0.176000
8.60000E-02
-0.135000
-0.225000
-0.272000
8.00000E-03
1.22700
1.69900
1.34000
0.964000
0.737000
0.564000
0.379000
0.235000
0.229000
1.04000E-01
-4.50000E-02
-1.00000E-02
-0.105000
-0.177000
-0.278000
-0.242000
-0.302000
-0.386000
-0.452000
-0.428000
-0.452000
-0.362000
-0.314000
-9.90000E-02
0.367000
1.86000
1.92000
1.49600
1.13700
0.922000
0.642000
0.444000
0.331000
0.283000
8.00000E-02
-6.30000E-02
-6.90000E-02
3.80000E-02
-0.129000
-0.386000
-0.338000
-0.392000
-0.595000
-0.738000
-0.822000
-0.511000
1.44800
1.74100
1.90800
1.45400
1.12500
0.952000
0.779000
0.647000
0.564000
0.588000
0.546000
0.379000
0.277000
0.194000
7.40000E-02
-6.90000E-02
-0.105000
-0.254000
-0.368000
-0.398000
-0.326000
-0.350000
-0.422000
0.731000
1.57900
1.66900
1.50800
1.34600
1.12500
1.03000
1.10700
1.07800
0.892000
0.618000
0.438000
0.474000
0.504000
0.432000
0.349000
0.206000
-2.10000E-02
-0.236000
-0.290000
-0.231000
-0.290000
-0.213000
-0.350000
-0.398000
-0.475000
-0.481000
-0.386000
-0.278000
0.456000
0.886000
0.910000
0.719000
0.737000
0.546000
0.426000
0.259000
0.122000
0.158000
0.170000
5.00000E-02
-2.10000E-02
-7.50000E-02
-6.30000E-02
0.128000
1.20900
1.55500
1.44800
1.11300
0.857000
0.761000
0.647000
0.600000
0.504000
0.468000
0.319000
0.277000
0.235000
0.211000
0.140000
7.40000E-02
9.80000E-02
1.31000
2.02700
2.03900
1.62100
1.10700
0.994000
0.988000
0.851000
0.612000
0.456000
0.373000
0.295000
6.80000E-02
5.00000E-02
3.80000E-02
-0.117000
-0.296000
-0.272000
-0.440000
-0.505000
-0.559000
-0.559000
-0.631000
-0.750000
-0.768000
-0.822000
-0.846000
-0.888000
-0.780000
0.122000
0.480000
0.391000
0.194000
0.952000
1.34600
1.08900
0.994000
0.839000
0.492000
0.241000
0.182000
0.134000
6.80000E-02
-5.10000E-02
-0.213000
-0.308000
-0.416000
-0.487000
-0.601000
-0.637000
-0.696000
-0.236000
0.803000
1.39400
1.48400
1.02400
0.833000
0.761000
0.606000
0.444000
0.289000
0.194000
9.80000E-02
8.60000E-02
-2.70000E-02
-0.159000
-0.278000
-0.296000
-0.296000
-0.392000
-0.398000
-0.434000
-0.481000
-0.493000
-0.398000
0.868000
1.29300
1.18500
0.874000
0.755000
0.677000
0.498000
0.522000
0.510000
0.325000
0.158000
1.40000E-02
-4.00000E-03
-8.70000E-02
-0.320000
-0.290000
-0.320000
-0.428000
-0.523000
-0.529000
-0.529000
9.20000E-02
0.767000
0.874000
0.868000
0.576000
0.450000
0.373000
0.283000
0.134000
2.60000E-02
1.40000E-02
-6.90000E-02
-0.207000
-0.219000
-0.296000
-0.386000
-0.314000
0.958000
1.50800
1.28100
1.19100
1.19100
0.737000
0.582000
0.528000
0.325000
0.241000
6.80000E-02
-8.10000E-02
-7.50000E-02
-0.171000
-0.165000
-0.332000
-0.487000
-0.535000
-0.422000
0.188000
1.72900
1.57300
1.16100
1.19700
1.14900
0.970000
0.689000
0.319000
0.134000
0.397000
0.271000
0.170000
0.134000
-1.50000E-02
-0.171000
-0.147000
-0.117000
-0.308000
-0.410000
-0.356000
-0.135000
1.61500
1.94400
1.75200
1.36400
0.886000
0.695000
0.474000
0.642000
0.761000
0.426000
0.122000
2.60000E-02
5.00000E-02
1.40000E-02
-9.90000E-02
-0.314000
-0.386000
-0.386000
-0.481000
-0.547000
-0.607000
-0.673000
-0.667000
-0.798000
-0.708000
0.486000
1.22100
0.767000
0.671000
0.259000
1.40000E-02
4.40000E-02
5.60000E-02
0.809000
2.70800
2.18800
1.69900
1.43600
1.31000
0.940000
0.642000
0.456000
0.552000
0.600000
0.540000
0.391000
0.206000
-4.00000E-03
-0.195000
-0.236000
-0.189000
-0.165000
-0.314000
-0.338000
-0.398000
-0.493000
-0.595000
-0.690000
-0.667000
-0.571000
-0.505000
-2.70000E-02
0.498000
0.462000
0.313000
0.122000
-3.90000E-02
-0.153000
-0.248000
-0.416000
-0.290000
-0.463000
-0.404000
-0.452000
-0.475000
-0.416000
-0.386000
-0.207000
0.426000
0.677000
0.576000
0.409000
0.134000
1.40000E-02
-0.123000
-0.159000
-0.183000
-0.225000
-0.254000
-0.284000
-0.296000
-0.308000
-0.159000
0.235000
1.38200
1.45400
0.934000
0.421000
5.00000E-02
-0.219000
-0.171000
-0.225000
-0.266000
-3.90000E-02
0.815000
2.36800
1.91400
0.958000
0.211000
-0.159000
-0.219000
-8.10000E-02
7.40000E-02
8.60000E-02
1.40000E-02
-0.159000
-0.326000
-0.398000
-0.565000
-0.684000
-0.834000
-0.947000
-0.858000
-0.810000
-0.577000
0.880000
1.11300
0.665000
0.438000
0.182000
-2.10000E-02
-0.165000
-0.242000
-0.314000
-0.386000
-0.469000
-0.535000
-0.452000
-0.475000
-0.529000
-0.529000
-0.589000
-0.613000
0.415000
1.60300
1.08900
0.636000
0.223000
-5.70000E-02
-0.290000
-0.398000
-0.380000
-0.278000
-2.10000E-02
1.40000
1.35200
0.922000
0.701000
0.606000
0.552000
0.361000
0.146000
0.223000
0.247000
-1.50000E-02
1.40000E-02
1.09500
1.65700
1.44200
0.982000
0.659000
0.588000
2.13500
2.36200
2.13500
1.91400
1.83000
1.74700
1.67500
1.41200
1.30500
1.16700
0.988000
0.845000
0.653000
0.528000
0.540000
0.564000
0.379000
0.134000
8.00000E-02
3.80000E-02
-6.90000E-02
-9.30000E-02
-0.153000
-0.195000
-5.10000E-02
0.845000
1.80000
1.59100
1.34600
1.24500
1.10700
0.970000
0.797000
0.677000
0.653000
0.600000
0.528000
0.421000
0.289000
0.140000
8.60000E-02
5.60000E-02
-4.50000E-02
-6.30000E-02
-8.10000E-02
-8.10000E-02
-0.225000
-0.248000
-0.362000
-0.487000
-0.493000
-0.607000
-0.643000
-0.619000
-0.619000
-0.649000
-0.553000
-0.362000
0.313000
0.564000
0.516000
0.385000
0.182000
0.140000
2.00000E-02
-0.213000
-0.260000
-0.356000
-0.350000
-0.374000
-0.457000
-0.457000
-0.517000
-0.517000
-0.523000
-0.535000
-0.523000
-0.637000
-0.678000
-0.673000
-0.720000
-0.702000
-0.344000
1.71700
1.68700
1.45400
1.15500
0.743000
0.456000
0.265000
0.134000
-2.10000E-02
-0.242000
-0.428000
-0.463000
-0.595000
-0.684000
-0.696000
-0.888000
-0.899000
-0.899000
-0.774000
-0.380000
1.28100
1.71100
1.16100
0.689000
0.259000
8.00000E-03
-0.165000
-0.225000
-0.320000
-0.410000
-0.434000
-0.505000
-0.529000
0.474000
1.12500
1.18500
0.815000
0.522000
0.343000
0.134000
-3.30000E-02
-0.213000
-0.177000
-0.141000
-0.266000
-0.314000
-0.487000
-0.571000
-0.523000
0.779000
1.53700
1.56100
0.976000
0.797000
0.863000
0.839000
0.815000
0.659000
0.492000
0.331000
0.271000
0.409000
0.313000
0.229000
0.164000
0.164000
0.164000
5.60000E-02
-0.117000
-3.90000E-02
-3.30000E-02
-0.219000
-0.302000
-0.266000
-0.302000
-0.201000
0.845000
1.66300
1.53700
1.25100
0.988000
0.809000
0.689000
0.683000
0.653000
0.456000
0.235000
0.194000
0.188000
5.60000E-02
-8.70000E-02
-0.117000
-0.117000
-0.207000
-0.201000
-0.254000
-0.350000
-0.368000
-0.440000
-0.475000
-0.440000
-0.308000
0.438000
0.665000
0.677000
0.582000
0.229000
0.253000
0.128000
0.164000
0.229000
0.492000
1.08400
0.910000
0.970000
0.755000
0.576000
0.510000
0.450000
0.235000
5.00000E-02
-6.90000E-02
-2.10000E-02
-0.123000
-0.183000
-0.266000
-0.290000
0.719000
1.60300
1.38800
1.17900
0.916000
0.546000
0.271000
0.229000
0.152000
0.146000
0.122000
0.158000
0.140000
0.331000
1.32200
1.15500
0.958000
0.791000
0.546000
0.325000
0.110000
4.40000E-02
4.40000E-02
-4.00000E-03
-0.141000
-0.344000
-0.446000
-0.446000
-0.469000
-0.481000
-0.595000
-0.738000
-0.810000
-0.834000
-0.822000
-0.870000
-0.864000
0.235000
0.367000
0.456000
0.265000
2.60000E-02
-6.90000E-02
-3.30000E-02
-0.171000
-0.111000
0.319000
1.63300
1.38800
0.922000
0.731000
0.677000
0.534000
0.421000
0.343000
0.289000
0.313000
0.373000
0.391000
0.403000
0.283000
0.343000
1.60900
2.16500
1.89600
1.61500
1.42400
1.23300
0.976000
0.773000
0.713000
0.552000
0.534000
0.492000
0.295000
0.247000
0.259000
6.80000E-02
-4.00000E-03
-0.159000
-0.153000
-0.201000
-0.290000
-0.362000
-0.398000
-0.398000
-0.290000
1.49600
1.60300
1.36400
1.16700
1.15500
0.928000
0.689000
0.659000
0.695000
0.480000
0.289000
0.217000
9.80000E-02
1.04000E-01
6.80000E-02
-0.117000
-0.213000
-0.165000
-0.260000
0.755000
1.25100
1.33400
1.29900
1.16700
0.988000
0.868000
0.719000
0.552000
0.295000
0.259000
0.319000
0.170000
5.60000E-02
2.60000E-02
-4.50000E-02
-8.10000E-02
1.17900
1.78800
1.72900
1.34600
1.17300
0.982000
0.821000
0.713000
0.582000
0.397000
0.409000
0.462000
0.361000
0.217000
0.277000
0.116000
1.40000E-02
-1.50000E-02
-5.10000E-02
-0.135000
-0.165000
-0.189000
-0.153000
0.677000
1.40600
1.31000
0.880000
0.630000
0.468000
0.409000
0.223000
0.152000
2.00000E-02
5.60000E-02
-5.10000E-02
-0.213000
-0.231000
-0.308000
-0.344000
-0.314000
-0.135000
1.25100
1.19100
1.03600
0.815000
0.409000
0.235000
0.146000
0.146000
5.60000E-02
-8.70000E-02
-0.183000
-8.10000E-02
0.194000
1.46000
1.93200
1.63900
1.62100
1.15500
0.779000
0.415000
0.397000
0.421000
0.337000
0.235000
0.128000
0.176000
0.110000
-0.111000
-0.165000
-0.177000
-0.314000
-0.225000
-0.123000
1.16700
1.60300
1.46600
1.06600
0.833000
0.642000
0.522000
0.403000
0.277000
0.229000
0.152000
0.122000
5.00000E-02
-5.70000E-02
-0.201000
-0.314000
-0.302000
-0.487000
-0.643000
-0.631000
-0.655000
-0.619000
-0.696000
-0.720000
-0.696000
-0.720000
-0.673000
3.20000E-02
0.516000
0.409000
0.211000
4.40000E-02
-7.50000E-02
-0.183000
-0.213000
-0.213000
-0.165000
-0.159000
-0.380000
-0.523000
-0.589000
-0.577000
-0.667000
-0.547000
1.03000
1.06600
1.06000
0.815000
0.606000
0.612000
0.415000
0.235000
0.289000
0.146000
0.110000
1.40000E-02
-3.90000E-02
-0.123000
-0.123000
-0.117000
-2.10000E-02
1.59100
1.96200
1.98500
1.54900
1.25700
1.07200
1.00000
0.552000
0.182000
0.122000
0.247000
0.206000
0.146000
3.80000E-02
-3.90000E-02
2.00000E-02
7.40000E-02
-1.50000E-02
2.60000E-02
0.217000
0.916000
1.95600
1.29900
0.785000
0.492000
0.409000
0.343000
0.206000
0.122000
8.60000E-02
8.00000E-03
-0.171000
-0.278000
-0.302000
-0.260000
-0.380000
-0.332000
-0.260000
0.642000
1.28700
0.952000
0.749000
0.689000
0.612000
0.504000
0.301000
0.259000
0.188000
0.164000
4.40000E-02
-2.70000E-02
-6.90000E-02
-0.165000
-0.356000
-0.392000
-0.356000
-0.457000
-0.446000
0.522000
1.47800
1.69900
1.48400
1.03000
0.713000
0.558000
0.630000
0.582000
0.361000
0.361000
0.337000
0.444000
0.373000
0.164000
0.158000
8.00000E-03
2.00000E-02
-4.00000E-03
-6.90000E-02
-0.135000
-0.213000
-0.177000
-0.171000
0.283000
1.38200
1.56100
1.48400
1.26900
1.10100
0.928000
0.719000
0.444000
0.211000
9.20000E-02
5.00000E-02
0.146000
7.40000E-02
-0.105000
-0.242000
-0.231000
-0.314000
-0.457000
-0.523000
-0.457000
-0.523000
-0.619000
-0.667000
-0.720000
-0.792000
-0.804000
-0.744000
-0.308000
0.128000
0.468000
0.492000
0.636000
1.94400
1.44200
0.857000
0.594000
0.409000
0.194000
0.134000
2.00000E-02
-8.10000E-02
-0.219000
-0.446000
-0.589000
-0.661000
-0.702000
-0.792000
-0.899000
-0.947000
-0.935000
-0.457000
0.325000
0.289000
0.217000
6.20000E-02
-9.30000E-02
-0.147000
-0.219000
-0.326000
-0.350000
-0.463000
-0.499000
-0.452000
-0.571000
-0.708000
-0.601000
0.665000
0.570000
0.415000
0.170000
0.122000
2.60000E-02
-0.201000
-0.153000
0.259000
1.20300
2.16500
1.62700
1.30500
1.29300
1.08400
0.821000
0.546000
0.403000
0.403000
0.373000
0.241000
0.146000
0.116000
0.606000
2.21800
2.01500
1.70500
1.36400
1.07800
0.827000
0.683000
0.677000
0.618000
0.504000
0.289000
0.176000
0.194000
0.158000
2.00000E-03
-0.129000
-0.189000
-0.254000
-0.326000
-0.452000
-0.517000
-0.535000
0.128000
1.49000
1.18500
1.25700
1.42400
1.36400
1.10700
1.20300
0.976000
0.952000
0.821000
0.749000
0.636000
0.540000
0.385000
0.176000
0.110000
8.00000E-02
4.40000E-02
-3.90000E-02
-0.195000
-0.284000
-0.248000
-0.219000
-0.272000
-0.374000
-0.440000
-0.392000
0.170000
0.886000
1.16100
0.958000
0.815000
0.642000
0.683000
0.653000
0.510000
0.397000
0.229000
0.164000
0.188000
0.140000
8.60000E-02
-4.00000E-03
-9.30000E-02
-0.165000
-0.225000
-0.248000
-0.296000
-0.231000
-0.374000
-0.368000
-0.469000
-0.440000
-0.356000
0.164000
0.504000
0.516000
0.391000
0.325000
0.206000
0.265000
0.803000
1.64500
1.59700
1.26300
1.02400
0.665000
0.409000
0.313000
0.229000
2.00000E-03
-2.10000E-02
-0.189000
-0.314000
-0.171000
1.29900
1.37000
1.36400
1.07200
0.731000
0.492000
0.379000
0.307000
5.60000E-02
-0.105000
-0.117000
-0.242000
-0.272000
-0.440000
-0.625000
-0.637000
-0.684000
-0.762000
-0.792000
-0.852000
-0.959000
-0.989000
-0.308000
0.982000
1.19700
1.52600
1.20300
0.916000
0.713000
0.582000
0.301000
0.194000
0.158000
8.60000E-02
4.40000E-02
-5.70000E-02
-0.183000
-0.141000
-0.183000
-0.356000
-0.523000
-0.631000
-0.571000
1.04800
1.77600
1.57900
1.31600
1.25700
1.24500
1.26300
1.21500
0.928000
0.725000
0.576000
0.528000
0.576000
0.456000
0.319000
0.235000
9.20000E-02
-4.50000E-02
-4.50000E-02
-1.00000E-02
-0.129000
-0.201000
-0.219000
-0.338000
-0.440000
-0.487000
-0.422000
0.253000
1.50200
1.60300
1.49600
1.17900
0.845000
0.839000
0.934000
0.731000
0.653000
0.594000
0.546000
0.426000
0.289000
0.223000
0.241000
0.146000
2.00000E-02
-4.50000E-02
-7.50000E-02
-9.90000E-02
-0.207000
-0.117000
0.725000
1.95000
1.97300
1.86600
1.66900
1.44200
1.08400
0.755000
0.743000
0.839000
0.701000
0.522000
0.307000
0.450000
0.486000
0.182000
0.241000
3.80000E-02
-1.50000E-02
-5.70000E-02
-4.00000E-03
-7.50000E-02
0.223000
1.44800
1.92000
1.68100
1.24500
0.874000
0.785000
0.444000
0.361000
0.349000
0.253000
0.289000
0.235000
0.259000
0.235000
8.00000E-02
-8.70000E-02
-0.117000
5.00000E-02
1.52000
1.88400
1.52600
0.994000
0.618000
0.492000
0.415000
0.241000
0.146000
0.110000
0.229000
4.40000E-02
-2.10000E-02
-0.129000
-0.195000
-0.284000
-0.410000
-0.505000
-0.625000
-0.696000
-0.768000
-0.780000
-2.10000E-02
0.970000
1.05400
0.892000
0.785000
0.677000
0.403000
0.116000
1.40000E-02
9.80000E-02
5.00000E-02
-8.10000E-02
-0.201000
-0.290000
-0.302000
-0.398000
-0.487000
-0.487000
-0.475000
0.522000
1.19700
1.33400
1.19100
0.892000
0.647000
0.576000
0.492000
0.349000
0.164000
6.20000E-02
2.00000E-02
-9.30000E-02
-6.30000E-02
-0.248000
-0.440000
-0.601000
-0.410000
0.379000
1.46600
0.839000
0.970000
0.851000
0.743000
0.612000
0.546000
0.403000
0.283000
0.229000
0.217000
0.206000
0.265000
0.241000
3.80000E-02
-5.10000E-02
-8.70000E-02
-0.201000
-0.308000
-0.416000
-0.428000
-0.463000
-0.505000
-0.529000
-0.326000
0.779000
0.719000
0.683000
0.492000
0.337000
0.247000
9.20000E-02
-2.10000E-02
-8.70000E-02
-5.70000E-02
-3.30000E-02
-0.141000
-0.219000
-0.326000
-0.338000
-0.338000
-0.213000
0.839000
0.886000
0.612000
0.325000
0.307000
3.20000E-02
-2.70000E-02
9.80000E-02
1.56700
1.72300
1.46600
1.32800
1.10700
0.833000
0.743000
0.528000
0.361000
0.367000
0.426000
0.438000
0.235000
1.04000E-01
-2.10000E-02
-0.213000
-0.201000
-0.260000
-0.440000
-0.487000
-0.469000
-0.589000
-0.571000
0.552000
1.11900
1.16700
0.892000
0.450000
-4.00000E-03
-0.159000
-3.90000E-02
2.00000E-03
-9.30000E-02
-3.30000E-02
0.307000
0.642000
0.868000
0.785000
0.791000
1.01800
0.946000
0.671000
0.367000
0.188000
0.122000
3.80000E-02
7.40000E-02
5.00000E-02
-0.105000
0.128000
1.35800
1.82400
1.59100
1.25100
0.791000
0.552000
0.486000
0.474000
0.307000
0.176000
9.20000E-02
3.20000E-02
-0.141000
-0.219000
-0.290000
-0.326000
-0.338000
-0.374000
-0.535000
-0.547000
-0.523000
-0.565000
-0.565000
0.546000
0.689000
0.797000
0.743000
0.456000
0.331000
0.164000
9.20000E-02
-2.70000E-02
4.40000E-02
2.00000E-03
-0.236000
-0.332000
-0.356000
-0.440000
-0.469000
-0.565000
-0.720000
-0.732000
-0.702000
-0.798000
-0.792000
-0.798000
-0.852000
-0.965000
-0.995000
-0.738000
0.600000
0.737000
0.612000
0.642000
0.546000
0.391000
0.409000
0.361000
0.271000
8.00000E-02
3.80000E-02
0.164000
0.594000
0.952000
0.647000
0.152000
2.00000E-03
0.337000
0.432000
0.391000
0.235000
0.319000
0.707000
2.58300
2.53500
1.92000
1.40600
0.964000
0.868000
0.797000
0.719000
0.624000
0.612000
0.600000
0.355000
9.20000E-02
-4.00000E-03
-3.90000E-02
-0.135000
-0.231000
-0.236000
-0.368000
-0.475000
-0.523000
-0.625000
-0.684000
-0.738000
-0.690000
-0.350000
0.391000
0.665000
0.630000
0.468000
0.307000
0.295000
0.265000
0.217000
9.80000E-02
-3.30000E-02
-9.90000E-02
-0.171000
-0.207000
-0.296000
-0.452000
-0.475000
-0.601000
-0.565000
-0.577000
-0.511000
0.564000
0.886000
1.11900
2.36200
2.11100
1.90800
1.60900
1.47800
1.26900
1.10100
0.839000
0.564000
0.450000
0.426000
0.558000
0.534000
0.450000
0.480000
0.456000
0.373000
0.283000
0.200000
0.128000
0.128000
0.170000
0.128000
0.468000
1.96700
2.33800
1.90800
1.32200
1.03600
1.08400
1.07800
1.00600
0.863000
0.737000
0.713000
0.582000
0.480000
0.271000
0.170000
2.60000E-02
1.40000E-02
2.00000E-02
-8.70000E-02
-0.278000
-0.290000
-0.404000
-0.452000
-0.511000
-0.565000
-0.511000
-0.374000
-0.111000
0.647000
0.839000
0.731000
0.576000
0.426000
0.283000
1.04000E-01
3.80000E-02
-1.50000E-02
-6.90000E-02
-0.141000
-8.70000E-02
-0.231000
-0.219000
-0.225000
-0.266000
-0.404000
-0.404000
0.182000
1.56700
1.57900
1.28700
1.20300
0.827000
0.576000
0.325000
0.170000
2.00000E-03
-3.30000E-02
8.00000E-03
-2.70000E-02
-9.90000E-02
-0.260000
-0.165000
-0.446000
-0.493000
-0.517000
-0.649000
-0.637000
-0.661000
-0.786000
-0.929000
-0.929000
-1.07300
-1.12600
-0.947000
-0.207000
8.00000E-02
0.200000
0.247000
0.295000
1.01200
1.11300
0.403000
-0.123000
-0.404000
-0.583000
-0.684000
-0.774000
-0.756000
-0.661000
1.56100
1.23300
0.791000
0.528000
0.206000
1.40000E-02
-0.123000
-0.183000
-0.207000
-0.195000
-0.189000
-0.165000
-0.219000
-1.50000E-02
1.09500
3.47300
2.38000
1.80000
1.99700
1.92600
1.19100
0.671000
0.426000
0.307000
0.170000
9.80000E-02
0.325000
0.713000
0.749000
0.158000
-0.207000
-0.207000
-0.153000
-0.141000
-0.183000
-0.290000
-0.422000
-0.529000
-0.541000
-0.356000
0.934000
1.50200
1.19700
0.874000
0.785000
0.570000
0.373000
0.391000
0.480000
0.421000
0.343000
0.259000
0.235000
0.158000
-3.90000E-02
-1.50000E-02
1.40000E-02
-9.30000E-02
-0.177000
-0.326000
-0.457000
-0.434000
-0.404000
-0.440000
-0.463000
-0.410000
0.582000
1.04800
1.19100
1.15500
0.934000
0.731000
0.624000
0.498000
0.415000
0.349000
0.337000
0.361000
0.319000
0.307000
0.188000
8.60000E-02
-7.50000E-02
-4.50000E-02
-0.153000
-6.90000E-02
1.40000E-02
-9.90000E-02
-0.153000
-0.254000
-0.308000
-0.308000
-0.260000
2.60000E-02
1.91400
2.02700
2.33800
2.92900
2.54100
2.41500
1.97300
1.59700
1.23300
0.868000
0.797000
0.677000
0.480000
0.349000
0.259000
0.182000
0.110000
-7.50000E-02
-0.195000
-0.308000
-0.332000
-0.517000
-0.535000
-0.613000
-0.649000
-0.625000
0.432000
1.25700
0.958000
0.647000
0.355000
0.331000
0.164000
4.40000E-02
6.20000E-02
0.146000
2.00000E-03
-0.171000
-0.278000
-0.362000
-0.493000
-0.595000
-0.595000
-0.619000
-0.726000
-0.762000
-0.744000
-0.840000
-0.780000
-0.696000
-0.201000
0.295000
0.385000
0.194000
0.110000
2.00000E-02
-3.90000E-02
-1.00000E-02
-0.117000
-0.141000
-0.153000
-0.195000
-0.302000
-0.386000
-0.380000
-0.422000
-0.380000
0.803000
1.21500
1.21500
0.988000
0.707000
0.564000
0.468000
0.582000
0.438000
0.325000
0.343000
0.194000
0.146000
0.122000
2.60000E-02
-8.70000E-02
-0.266000
-0.290000
-0.374000
-0.469000
-0.583000
-0.601000
-0.667000
-0.661000
-0.446000
1.05400
1.23900
0.886000
0.624000
1.00600
2.13500
1.19100
0.343000
-0.183000
-0.452000
-0.428000
-0.410000
-0.362000
-0.314000
-0.398000
-0.529000
-0.643000
-0.523000
-0.368000
-0.487000
-0.601000
-0.577000
-0.284000
0.958000
0.934000
0.409000
1.40000E-02
-0.183000
-0.231000
-0.320000
-0.404000
-0.517000
-0.631000
-0.535000
0.689000
0.904000
0.851000
0.528000
0.349000
0.194000
-4.50000E-02
-0.278000
-0.207000
-0.278000
-0.499000
-0.517000
-0.535000
-0.619000
-0.601000
-0.625000
-0.744000
-0.858000
-0.726000
0.206000
1.54900
1.45400
0.976000
0.570000
0.277000
0.134000
3.80000E-02
-0.123000
-0.302000
-0.219000
-0.147000
-0.147000
-0.111000
-0.219000
-0.266000
-0.463000
-0.481000
-0.380000
-0.338000
0.803000
1.43600
1.57300
1.21500
0.821000
0.421000
0.176000
0.110000
0.110000
0.421000
1.00000
1.28700
0.970000
0.653000
0.606000
0.468000
0.253000
9.20000E-02
0.552000
2.48100
2.46300
2.32000
2.02100
1.86600
1.52600
1.20300
1.03000
1.01800
0.982000
0.815000
0.564000
0.415000
0.331000
0.331000
0.289000
9.80000E-02
-4.50000E-02
2.00000E-03
3.20000E-02
-2.70000E-02
-0.135000
-0.189000
-0.350000
-0.428000
-0.446000
-0.457000
-0.553000
-0.637000
-0.631000
-0.667000
-0.643000
0.211000
1.02400
0.988000
0.719000
0.480000
0.349000
0.289000
0.217000
0.211000
0.140000
5.60000E-02
6.20000E-02
3.80000E-02
2.60000E-02
-7.50000E-02
-0.105000
-0.171000
-0.296000
-0.135000
-0.260000
-0.260000
-0.254000
-0.231000
-8.70000E-02
1.40000E-02
0.946000
1.26900
1.26900
0.988000
0.665000
0.265000
0.152000
3.80000E-02
2.00000E-03
8.00000E-02
0.134000
1.04000E-01
9.20000E-02
-4.00000E-03
-0.159000
-0.236000
-0.356000
-0.368000
-0.481000
-0.541000
-0.571000
-0.643000
-0.667000
-0.678000
-0.457000
0.510000
0.552000
0.647000
0.612000
0.803000
2.26600
2.10500
1.68100
1.41200
1.24500
1.30500
1.10100
0.474000
2.00000E-02
-0.201000
-0.254000
-0.236000
-0.296000
-0.452000
-0.613000
-0.661000
-0.690000
-0.714000
-0.702000
-0.708000
-0.792000
-0.804000
3.20000E-02
0.988000
1.00600
0.737000
0.492000
0.594000
1.23900
1.77000
1.05400
0.385000
7.40000E-02
-0.123000
-0.207000
-0.242000
-0.278000
-0.416000
-0.475000
-0.422000
-0.410000
-0.481000
-0.595000
-0.595000
-0.535000
-0.219000
1.20900
1.82400
1.38200
1.13700
0.695000
0.432000
0.259000
0.426000
0.223000
-4.50000E-02
-0.153000
-0.141000
-1.50000E-02
-0.123000
-0.219000
-0.219000
-0.183000
-0.225000
-0.452000
-0.541000
-0.553000
-0.625000
-0.625000
-0.595000
-0.499000
1.29900
1.92000
1.75800
1.52600
1.19100
1.06000
1.17300
1.26300
1.24500
1.16100
0.964000
0.630000
0.241000
0.146000
0.116000
2.00000E-02
-8.70000E-02
-9.30000E-02
-8.10000E-02
-6.90000E-02
-0.141000
-0.183000
-0.159000
-0.183000
-0.207000
-0.105000
0.863000
1.38800
1.32800
1.00000
0.630000
0.331000
0.217000
0.128000
0.146000
1.04000E-01
8.00000E-03
-7.50000E-02
8.00000E-03
3.80000E-02
0.970000
1.35200
1.20300
0.821000
0.570000
0.295000
0.194000
0.241000
1.30500
2.01500
2.11100
1.90800
1.57900
1.25700
1.07800
1.13100
0.952000
0.857000
0.719000
0.540000
0.480000
0.373000
0.206000
9.20000E-02
3.20000E-02
3.20000E-02
-6.30000E-02
-0.189000
-0.225000
-0.380000
-0.410000
-0.416000
-0.481000
-0.565000
-0.607000
-0.655000
-0.708000
-0.750000
-0.708000
-0.428000
0.534000
0.779000
0.480000
0.337000
0.116000
-1.50000E-02
-3.90000E-02
-0.165000
-0.117000
-0.189000
-0.225000
-0.314000
-0.392000
-0.404000
-0.499000
-0.619000
-0.601000
0.283000
1.02400
0.833000
0.552000
0.432000
0.361000
0.229000
0.176000
0.158000
0.140000
0.235000
0.498000
1.60300
3.13200
1.97300
1.10100
0.665000
0.492000
0.630000
0.725000
0.743000
0.659000
0.588000
0.486000
0.438000
0.391000
0.170000
3.80000E-02
-6.30000E-02
-0.117000
-0.177000
3.20000E-02
1.73500
1.69900
1.62700
1.50200
1.10100
0.797000
0.594000
0.564000
0.510000
0.229000
5.00000E-02
-8.10000E-02
-0.135000
-0.153000
-0.272000
-0.326000
-0.392000
-0.487000
-0.583000
-0.667000
-0.738000
-0.804000
-0.804000
-0.864000
-0.864000
-0.678000
0.767000
0.821000
0.498000
0.307000
0.307000
0.761000
1.60300
1.65100
0.964000
0.492000
0.241000
8.00000E-02
-1.00000E-02
-0.117000
-0.117000
-0.207000
-0.219000
0.421000
1.45400
1.34000
0.886000
0.552000
0.492000
0.301000
1.28100
2.55300
2.46300
1.97300
1.71100
1.62700
1.37600
0.976000
0.880000
0.952000
0.904000
0.731000
0.600000
0.432000
0.426000
0.379000
0.200000
5.60000E-02
5.00000E-02
-1.50000E-02
-0.189000
-0.219000
-3.30000E-02
0.916000
1.71100
1.41200
1.05400
0.731000
0.630000
0.594000
0.510000
0.367000
0.289000
0.182000
8.00000E-02
1.04000E-01
-3.30000E-02
-5.10000E-02
-0.189000
-0.308000
-0.392000
-0.511000
-0.547000
-0.619000
-0.589000
-0.661000
-0.708000
-0.738000
-0.667000
-0.153000
0.355000
0.379000
0.235000
3.20000E-02
-5.70000E-02
-8.10000E-02
-9.30000E-02
-0.189000
-0.219000
-0.278000
-0.231000
-0.374000
-0.452000
-0.505000
-0.553000
-0.517000
-0.583000
-0.673000
-0.714000
-0.690000
-0.667000
0.188000
0.642000
0.833000
0.600000
0.516000
0.301000
0.253000
9.80000E-02
2.00000E-02
-9.90000E-02
-0.213000
-0.326000
-0.416000
-0.487000
-0.607000
-0.673000
-0.732000
-0.852000
-0.882000
-0.834000
-0.870000
-0.714000
-0.231000
0.988000
0.343000
-9.30000E-02
-0.189000
-6.90000E-02
0.516000
1.13100
0.367000
-0.153000
-0.213000
-0.332000
-0.529000
-0.762000
-0.888000
-0.965000
-0.959000
-0.929000
-0.905000
-0.959000
-1.00700
-0.923000
-0.690000
5.60000E-02
0.863000
0.122000
-0.410000
-0.673000
-0.744000
-0.780000
-0.517000
1.00600
1.73500
0.600000
1.40000E-02
-0.183000
-0.225000
-0.284000
-0.320000
-0.410000
-0.487000
-0.481000
-0.326000
0.916000
1.72300
1.33400
1.07800
0.863000
0.612000
0.426000
0.331000
0.182000
1.40000E-02
-1.00000E-02
-5.70000E-02
-0.135000
-0.231000
-0.338000
-0.356000
-0.380000
-0.499000
-0.607000
-0.511000
0.582000
1.25100
1.04800
1.05400
0.892000
0.839000
0.779000
0.403000
0.301000
0.331000
0.426000
0.289000
0.307000
0.355000
0.164000
0.152000
0.391000
0.665000
0.988000
2.61900
2.35000
1.97900
1.80000
1.57300
1.43600
1.22100
1.24500
1.16100
0.976000
0.749000
0.677000
0.618000
0.480000
0.438000
0.289000
0.217000
0.211000
3.80000E-02
-2.70000E-02
-5.70000E-02
-0.111000
-5.70000E-02
5.00000E-02
0.176000
0.809000
1.14900
1.10100
0.946000
0.767000
0.564000
0.522000
0.546000
0.426000
0.313000
0.265000
0.301000
0.170000
0.140000
6.80000E-02
-3.90000E-02
-0.129000
-0.236000
-0.260000
-0.153000
0.468000
1.03600
1.04800
0.743000
0.659000
0.576000
0.355000
0.247000
6.80000E-02
-3.90000E-02
-9.90000E-02
-0.183000
-0.248000
-0.278000
-0.356000
-0.374000
-0.386000
-0.565000
-0.571000
-0.595000
-0.678000
-0.708000
-0.673000
-0.708000
-0.481000
0.552000
0.737000
0.397000
9.80000E-02
-3.30000E-02
-0.123000
0.749000
0.761000
0.749000
0.600000
0.253000
-0.129000
-0.493000
-0.589000
-0.673000
-0.792000
-0.810000
-0.714000
-0.750000
-0.625000
0.522000
1.59100
1.18500
0.803000
0.194000
-0.225000
-0.422000
-0.541000
-0.553000
-0.475000
-0.404000
-0.356000
-0.320000
-0.392000
-0.517000
-0.768000
-0.810000
0.367000
1.05400
0.731000
0.301000
4.40000E-02
-2.10000E-02
-0.159000
-0.189000
-0.260000
-0.326000
-0.511000
-0.529000
-0.649000
-0.655000
-0.714000
-0.798000
-0.858000
-0.876000
-0.917000
-0.888000
6.80000E-02
0.534000
0.486000
0.373000
0.128000
-8.10000E-02
-0.183000
-0.290000
-0.511000
-0.326000
-0.260000
-0.410000
-0.475000
-0.440000
-0.404000
-5.10000E-02
0.886000
0.839000
0.444000
0.110000
-2.10000E-02
-0.213000
-0.302000
-0.499000
-0.595000
-0.374000
1.83600
2.02700
1.28700
0.504000
8.60000E-02
2.00000E-03
-0.117000
-0.177000
-0.338000
-0.350000
-0.386000
-0.422000
-0.272000
-0.159000
-0.177000
-0.165000
0.247000
1.53100
2.00300
1.31600
0.863000
0.677000
0.546000
0.403000
0.379000
0.235000
0.182000
0.241000
0.241000
1.40000E-02
-0.242000
-0.505000
-0.673000
-0.643000
-0.667000
-0.601000
-0.523000
-0.272000
1.20300
1.41200
0.958000
0.552000
0.450000
2.03900
1.89600
1.47800
0.839000
0.367000
0.110000
0.146000
5.00000E-02
-5.10000E-02
-0.111000
-4.50000E-02
-8.70000E-02
-0.141000
-0.272000
-0.284000
-0.284000
-5.10000E-02
1.41200
1.70500
1.52000
1.11300
0.707000
0.450000
0.397000
0.361000
0.295000
0.277000
0.241000
0.200000
5.60000E-02
-6.90000E-02
-0.236000
-0.308000
-0.296000
-0.272000
-0.434000
-0.457000
-0.595000
-0.613000
-0.583000
-0.714000
-0.696000
-0.577000
0.522000
1.13100
0.845000
0.504000
0.337000
0.343000
0.158000
-7.50000E-02
-1.50000E-02
-0.165000
-0.129000
-0.153000
-0.254000
-0.284000
-0.362000
-0.207000
-0.129000
6.20000E-02
0.737000
1.01800
0.725000
0.450000
2.00000E-03
-0.260000
-0.404000
-0.308000
-0.272000
6.20000E-02
1.83600
1.89000
1.42400
0.731000
0.289000
4.40000E-02
-8.70000E-02
-0.147000
-0.254000
-0.278000
-0.135000
0.600000
1.59100
1.47800
0.952000
0.492000
0.182000
5.60000E-02
-6.30000E-02
-6.90000E-02
-0.105000
-0.266000
-0.374000
-0.571000
-0.631000
-0.595000
-0.541000
0.833000
1.23900
0.988000
0.552000
0.241000
0.194000
0.122000
5.00000E-02
-0.171000
-0.225000
3.80000E-02
0.265000
0.146000
2.60000E-02
-1.50000E-02
-6.30000E-02
-0.201000
-0.481000
-0.738000
-0.714000
-0.684000
1.54900
1.09500
1.01200
0.683000
0.522000
0.367000
0.170000
-0.141000
-9.90000E-02
-0.147000
-0.135000
-0.201000
-3.90000E-02
0.337000
1.50200
1.97300
1.32200
0.630000
0.110000
2.60000E-02
9.80000E-02
0.140000
-5.10000E-02
-0.195000
-3.30000E-02
1.03600
1.93800
1.60300
1.01800
0.618000
0.522000
0.594000
0.582000
0.432000
0.289000
0.289000
0.152000
-7.50000E-02
-9.90000E-02
-3.30000E-02
-9.30000E-02
-0.141000
-0.314000
-0.505000
-0.475000
-0.404000
-0.207000
1.55500
2.94100
2.53500
2.01500
1.66900
1.41200
1.20900
1.03000
0.898000
0.677000
0.516000
0.373000
0.319000
0.295000
0.289000
0.217000
5.60000E-02
5.60000E-02
-5.10000E-02
-4.00000E-03
-5.70000E-02
-0.189000
-0.105000
0.206000
1.86000
1.80000
1.22700
0.624000
0.373000
0.289000
0.295000
0.283000
0.200000
0.319000
0.337000
0.217000
0.188000
1.04000E-01
8.00000E-03
-7.50000E-02
-0.147000
-0.392000
-0.410000
-0.457000
-0.559000
-0.529000
-0.541000
-0.392000
0.289000
0.886000
0.659000
0.540000
0.331000
0.247000
0.217000
-6.30000E-02
-0.141000
-0.189000
-0.183000
-0.183000
-0.123000
-0.320000
-0.326000
-0.428000
-0.410000
0.206000
1.00000
1.23900
1.10100
1.07800
0.743000
0.653000
0.636000
0.486000
0.385000
0.241000
0.194000
0.122000
2.00000E-02
-0.159000
-0.338000
-0.290000
-0.404000
-0.511000
-0.440000
0.970000
1.37000
1.41200
1.29300
1.10100
0.958000
0.588000
0.349000
0.223000
0.301000
3.80000E-02
-0.117000
-0.177000
-0.248000
-0.326000
-0.386000
-0.469000
-0.613000
-0.535000
-0.380000
1.34600
1.45400
1.11900
1.01800
0.910000
0.755000
0.600000
0.618000
0.438000
0.265000
0.110000
3.20000E-02
-3.30000E-02
-0.153000
-0.171000
-0.159000
-0.195000
-0.332000
-0.583000
-0.661000
-0.720000
-0.696000
-0.714000
-0.708000
-0.428000
0.647000
0.546000
0.426000
0.426000
0.426000
1.31600
2.00900
1.78800
1.26300
0.928000
0.677000
0.552000
0.552000
0.546000
0.510000
0.319000
0.259000
0.295000
9.20000E-02
-0.213000
-0.380000
-0.314000
-0.195000
-2.10000E-02
1.42400
1.55500
1.42400
1.20300
1.08400
0.904000
0.665000
0.540000
0.480000
0.253000
0.355000
0.235000
9.20000E-02
7.40000E-02
-5.10000E-02
-6.90000E-02
-0.236000
-0.105000
-0.135000
-0.350000
-0.320000
-0.320000
-0.487000
-0.356000
-0.511000
-0.505000
-0.434000
0.904000
1.74700
2.42700
2.04500
1.59700
1.35800
1.12500
0.791000
0.558000
0.492000
0.379000
0.307000
0.253000
0.247000
0.217000
0.229000
0.259000
0.164000
-0.123000
-6.30000E-02
-0.141000
-0.201000
-0.332000
-0.469000
-0.446000
-0.248000
0.839000
0.916000
0.886000
0.910000
0.773000
0.582000
0.415000
0.337000
0.223000
0.223000
8.60000E-02
-5.10000E-02
-8.70000E-02
-0.260000
-0.284000
-0.272000
-0.248000
-0.434000
-0.571000
-0.613000
-0.678000
-0.738000
-0.792000
-0.720000
0.892000
1.26900
1.10700
1.02400
0.821000
0.522000
0.522000
0.415000
0.337000
0.182000
0.116000
6.20000E-02
4.40000E-02
-0.129000
-0.356000
-0.356000
-0.380000
-0.583000
-0.505000
0.624000
1.00600
1.14900
0.898000
0.689000
0.534000
0.331000
0.247000
0.158000
9.80000E-02
0.235000
1.56700
1.71700
1.23900
0.821000
0.659000
0.600000
0.546000
0.426000
0.283000
0.128000
-4.50000E-02
-2.10000E-02
-0.153000
-0.260000
-0.314000
-0.404000
-0.386000
0.743000
1.30500
1.34000
1.02400
0.570000
0.331000
0.468000
0.540000
0.229000
0.134000
0.158000
9.20000E-02
-3.90000E-02
-0.195000
-0.189000
-0.272000
-0.338000
-0.434000
-0.553000
-0.583000
-0.667000
-0.619000
-0.643000
2.00000E-03
0.474000
0.785000
0.647000
0.379000
0.241000
0.241000
0.253000
8.00000E-03
-8.70000E-02
-0.117000
-0.201000
-0.201000
-0.195000
-0.380000
-0.469000
-0.517000
-0.499000
-0.595000
-0.643000
-0.720000
-0.750000
-0.780000
-0.517000
0.827000
1.20900
0.928000
0.725000
0.785000
0.970000
1.48400
1.29300
0.910000
0.498000
0.176000
-2.70000E-02
-0.213000
-0.296000
-0.183000
-5.10000E-02
0.319000
0.916000
1.32800
2.11700
2.40400
2.12900
1.83600
1.54900
1.19100
0.910000
0.683000
0.528000
0.510000
0.331000
0.253000
0.188000
7.40000E-02
-8.10000E-02
-0.195000
-0.290000
-0.350000
-0.416000
-0.517000
-0.655000
-0.714000
-0.774000
-0.840000
-0.864000
-0.804000
0.647000
0.839000
0.988000
0.928000
0.743000
0.695000
0.982000
1.26900
1.46000
1.38200
1.08400
0.898000
0.504000
0.265000
0.194000
0.307000
0.367000
0.211000
0.253000
0.241000
0.164000
0.259000
2.60000E-02
-0.278000
-0.278000
-0.356000
-0.440000
-0.320000
1.40000E-02
1.14300
1.35200
0.988000
0.671000
0.540000
0.618000
0.415000
0.301000
0.438000
0.409000
0.289000
0.128000
6.80000E-02
9.20000E-02
9.80000E-02
-3.30000E-02
-6.90000E-02
-0.147000
-0.266000
-0.374000
-0.511000
-0.571000
-0.559000
-0.655000
-0.637000
-0.649000
-0.583000
-0.356000
0.301000
0.761000
0.880000
0.713000
0.456000
0.319000
9.80000E-02
0.206000
-2.10000E-02
2.00000E-02
8.00000E-03
-2.70000E-02
-2.10000E-02
-0.171000
-0.153000
-0.147000
-0.207000
-0.344000
-0.320000
-6.90000E-02
2.62500
2.91100
2.17100
1.66900
1.31600
1.05400
0.803000
0.522000
0.391000
0.313000
0.241000
0.158000
0.116000
4.40000E-02
-0.183000
-0.386000
-0.499000
-0.535000
-0.583000
-0.649000
-0.720000
-0.768000
-0.577000
0.636000
1.16100
0.994000
0.761000
0.665000
0.415000
0.301000
0.182000
0.146000
3.80000E-02
-5.10000E-02
-1.50000E-02
-0.147000
-0.278000
-0.236000
-0.368000
-0.505000
-0.583000
-0.601000
-0.643000
-0.726000
-0.792000
-0.822000
-0.792000
-0.858000
-0.882000
-0.732000
0.409000
0.791000
0.737000
0.546000
0.397000
0.421000
0.456000
0.397000
0.659000
1.15500
1.54300
1.34600
0.958000
0.624000
0.474000
0.307000
0.307000
0.235000
0.122000
8.00000E-02
0.140000
0.128000
4.40000E-02
-5.10000E-02
-0.159000
-0.236000
-8.10000E-02
0.928000
1.41800
1.34600
1.01800
0.773000
0.409000
0.277000
0.247000
0.355000
0.176000
0.122000
2.60000E-02
-3.30000E-02
-0.105000
-0.171000
-0.147000
-1.50000E-02
0.319000
1.41200
1.38800
0.851000
0.319000
-2.70000E-02
-0.165000
9.80000E-02
2.21800
2.12300
1.52600
1.95000
2.81000
2.15300
1.93800
1.68700
1.50200
1.17900
0.994000
0.868000
0.797000
0.803000
0.683000
0.570000
0.385000
0.247000
0.122000
8.00000E-03
-7.50000E-02
-0.111000
-0.225000
-0.189000
-0.260000
-0.296000
-0.422000
-0.517000
-0.577000
-0.577000
-0.571000
-0.499000
0.456000
0.689000
0.701000
0.450000
0.271000
0.134000
2.60000E-02
6.80000E-02
-3.90000E-02
-3.90000E-02
-8.70000E-02
-0.201000
-0.213000
-0.380000
-0.374000
-0.434000
-0.541000
-0.667000
-0.643000
-8.10000E-02
0.737000
1.04800
0.934000
0.743000
0.647000
0.552000
0.421000
0.283000
0.217000
0.194000
0.122000
0.146000
9.80000E-02
6.80000E-02
-7.50000E-02
-0.213000
-0.213000
-0.272000
-0.314000
-0.314000
-0.290000
-0.213000
0.600000
1.17300
1.17300
0.994000
0.821000
0.713000
0.438000
0.343000
0.158000
0.182000
0.188000
0.743000
2.23600
2.23600
1.86600
1.32200
0.767000
0.498000
0.474000
0.432000
0.194000
9.20000E-02
8.00000E-03
8.00000E-03
-2.70000E-02
-2.70000E-02
1.40000E-02
1.18500
1.81200
1.69900
1.40000
1.11300
0.731000
0.606000
0.379000
0.331000
0.128000
0.170000
1.04000E-01
-3.30000E-02
-8.10000E-02
-0.183000
-0.236000
-0.356000
-0.535000
-0.511000
-0.463000
-0.469000
0.456000
1.19700
1.13100
0.809000
0.546000
0.403000
0.379000
0.146000
-3.30000E-02
8.60000E-02
0.116000
-8.10000E-02
-0.183000
-0.242000
-0.404000
-0.344000
-0.326000
-0.248000
0.880000
1.28100
1.18500
0.719000
0.498000
0.510000
0.450000
0.319000
0.277000
0.253000
0.206000
6.80000E-02
-4.00000E-03
-4.00000E-03
-5.70000E-02
-0.153000
-0.231000
-0.219000
-0.147000
1.17900
1.69900
1.92600
1.66300
1.25100
1.07200
0.952000
1.00600
0.797000
0.636000
0.522000
0.540000
0.331000
0.170000
0.158000
6.80000E-02
-7.50000E-02
-0.135000
-0.135000
-0.177000
-0.242000
-0.207000
1.40000
2.08700
1.89000
1.74700
1.46000
1.16700
0.988000
0.647000
0.522000
0.624000
0.504000
0.379000
0.331000
0.319000
2.60000E-02
-6.90000E-02
-0.117000
-0.111000
-0.171000
-0.171000
-0.266000
-0.392000
-0.368000
-0.410000
-0.410000
-0.517000
-0.673000
-0.822000
-0.678000
-0.750000
-0.852000
-0.708000
-8.70000E-02
0.385000
0.313000
0.164000
-3.90000E-02
-0.195000
-0.236000
-0.308000
-0.380000
-0.446000
-0.469000
-0.404000
-0.452000
-0.523000
-0.452000
9.20000E-02
0.809000
0.707000
0.647000
0.355000
0.253000
0.211000
9.20000E-02
-3.90000E-02
-0.135000
-0.105000
0.421000
1.95000
1.49000
1.37600
1.12500
0.791000
0.528000
0.325000
0.122000
0.176000
0.128000
3.80000E-02
-0.123000
-0.123000
-0.242000
-0.452000
-0.487000
-0.457000
-0.613000
-0.457000
-0.159000
1.03000
0.934000
0.815000
0.570000
0.426000
0.331000
0.182000
2.60000E-02
-0.117000
-0.278000
-0.362000
-0.398000
-0.404000
-0.601000
-0.708000
-0.744000
-0.780000
-0.786000
-0.894000
-0.905000
-0.876000
6.80000E-02
0.379000
0.271000
0.158000
0.134000
9.20000E-02
-7.50000E-02
-0.213000
-0.308000
-0.356000
-0.505000
-0.529000
-0.589000
-0.583000
-0.499000
0.373000
1.05400
1.00000
0.833000
0.558000
0.421000
0.122000
-4.00000E-03
-5.10000E-02
-0.123000
-0.177000
-2.10000E-02
-0.117000
-0.183000
-0.314000
-0.242000
0.719000
2.00900
2.00900
1.53700
0.964000
0.522000
0.438000
0.546000
0.450000
3.20000E-02
-0.171000
-0.207000
-0.213000
-0.272000
-0.314000
-0.290000
-0.404000
-0.344000
0.122000
1.43600
1.28700
0.642000
0.235000
0.146000
2.00000E-03
-4.00000E-03
-2.70000E-02
-0.123000
-0.386000
-0.523000
-0.428000
-0.344000
0.761000
1.40600
1.19700
0.594000
9.80000E-02
-0.219000
-0.398000
-0.386000
-0.290000
-0.165000
9.80000E-02
0.982000
2.33200
1.72900
0.857000
0.313000
-2.10000E-02
-0.248000
-0.171000
-5.10000E-02
2.00000E-02
3.80000E-02
9.80000E-02
6.20000E-02
-7.50000E-02
-0.159000
-0.332000
-0.422000
-0.440000
0.528000
1.15500
1.45400
1.02400
0.767000
0.606000
0.516000
0.259000
1.04000E-01
-4.50000E-02
-0.248000
-0.260000
-0.141000
-0.147000
-0.326000
-0.469000
-0.535000
-0.547000
-0.607000
-0.661000
-0.744000
-0.828000
-0.905000
-0.858000
-0.810000
-0.380000
0.606000
0.606000
0.803000
2.10500
2.16500
1.76400
1.21500
0.904000
0.695000
0.504000
0.379000
0.235000
0.128000
7.40000E-02
8.00000E-03
-0.153000
-0.272000
-0.398000
-0.487000
-0.446000
0.397000
1.13100
1.25700
1.17900
1.06000
0.940000
0.892000
0.767000
0.576000
0.415000
0.391000
0.552000
0.415000
0.217000
1.04000E-01
-1.50000E-02
-0.207000
-0.231000
-0.165000
-0.129000
-0.165000
0.773000
1.94400
1.96700
1.41200
1.10100
1.06000
1.11900
1.10700
1.00000
0.737000
0.659000
0.576000
0.426000
0.331000
0.325000
0.283000
0.217000
6.80000E-02
-0.135000
-0.278000
-0.183000
-0.284000
-0.302000
-0.272000
-0.362000
-0.499000
-0.141000
1.25700
1.63300
1.64500
1.53700
1.41200
1.37000
1.24500
1.11900
1.06600
1.13100
1.06600
0.791000
0.642000
0.606000
0.534000
0.462000
0.361000
0.241000
3.20000E-02
1.04000E-01
9.20000E-02
-0.117000
-0.213000
-0.278000
-0.332000
-0.362000
-0.541000
-0.595000
-0.523000
-0.607000
-0.673000
-0.708000
-0.505000
-5.70000E-02
0.480000
0.659000
0.642000
0.403000
6.20000E-02
-0.105000
-0.248000
-0.272000
-0.320000
-0.422000
-0.428000
-0.404000
-0.380000
-0.428000
-0.517000
-0.589000
-0.643000
-0.655000
6.80000E-02
0.391000
0.570000
0.456000
0.313000
0.152000
5.00000E-02
-0.123000
-0.159000
-0.290000
-0.356000
-0.332000
-0.475000
-0.290000
-0.219000
0.349000
1.69900
1.34600
0.761000
0.259000
-1.50000E-02
-0.284000
-0.469000
-0.487000
-0.266000
-0.111000
0.128000
7.40000E-02
-0.260000
-0.655000
-0.804000
-0.828000
-0.816000
-0.810000
-0.661000
1.50800
1.81200
0.904000
0.217000
-0.141000
-0.278000
-0.278000
-0.362000
-0.446000
-0.422000
-0.332000
-0.380000
-0.493000
-0.511000
-0.493000
-0.404000
-0.416000
-0.553000
-0.750000
-0.852000
-0.882000
-0.852000
-0.738000
0.450000
0.570000
0.630000
0.474000
0.229000
-4.50000E-02
-0.302000
-0.392000
-0.398000
-0.290000
-0.189000
-0.105000
3.80000E-02
0.164000
3.80000E-02
-6.90000E-02
0.170000
1.84200
1.65100
1.31000
0.952000
0.743000
0.528000
0.337000
0.253000
0.200000
9.20000E-02
3.20000E-02
-1.50000E-02
-0.189000
-0.189000
-0.225000
-0.338000
-0.386000
-0.260000
0.421000
1.26900
1.17900
0.916000
0.791000
0.659000
0.546000
0.379000
0.223000
8.00000E-02
4.40000E-02
9.80000E-02
-0.105000
-8.70000E-02
-0.171000
-9.90000E-02
7.40000E-02
1.63900
1.77000
1.71100
1.26300
1.00600
0.892000
0.695000
0.516000
0.474000
0.271000
9.20000E-02
0.146000
3.80000E-02
-0.105000
-0.242000
-0.272000
-5.10000E-02
1.89600
2.00900
1.69300
1.69300
1.50800
1.07800
0.886000
0.773000
0.821000
0.845000
0.785000
0.695000
0.600000
0.504000
0.391000
0.319000
0.158000
2.60000E-02
-0.105000
-9.30000E-02
-0.219000
-0.207000
-0.201000
-0.308000
-0.356000
-0.362000
-0.213000
0.110000
0.815000
0.910000
0.898000
0.582000
0.247000
0.176000
7.40000E-02
2.60000E-02
-7.50000E-02
-0.147000
-0.177000
-0.165000
-0.117000
-0.236000
-0.386000
-0.481000
-0.517000
-0.547000
-0.601000
-0.565000
-0.565000
-7.50000E-02
0.624000
0.863000
1.99700
2.02700
1.65700
1.36400
1.07800
0.791000
0.630000
0.498000
0.367000
0.170000
7.40000E-02
2.60000E-02
-3.30000E-02
-7.50000E-02
-0.153000
-0.189000
-0.260000
-0.362000
-0.296000
-0.398000
-0.535000
-0.547000
-0.559000
-0.649000
-3.90000E-02
0.839000
1.08400
0.982000
0.815000
0.331000
8.00000E-02
0.110000
5.60000E-02
-0.177000
-0.278000
-0.219000
-0.290000
-0.332000
-0.392000
-0.296000
-0.362000
-0.338000
-0.308000
-0.404000
-0.440000
-0.434000
-0.248000
1.63900
1.44200
0.910000
0.516000
0.116000
-8.70000E-02
-0.236000
-0.380000
-0.344000
-0.362000
-0.487000
-0.499000
-0.493000
-0.308000
0.833000
0.916000
0.701000
0.409000
0.271000
0.217000
0.206000
-2.70000E-02
-0.177000
-0.260000
-0.272000
-0.296000
-0.374000
-0.457000
-0.326000
1.52000
1.35200
1.25100
0.833000
0.564000
0.289000
7.40000E-02
-1.00000E-02
-1.50000E-02
-0.242000
-0.350000
-0.236000
0.707000
1.37600
1.34600
1.16700
0.958000
0.624000
0.474000
0.367000
0.146000
-1.50000E-02
-2.10000E-02
2.60000E-02
-5.10000E-02
-0.242000
-0.302000
-0.248000
-0.368000
-0.541000
-0.625000
-0.589000
-0.655000
-0.684000
-0.631000
0.618000
1.29900
1.20900
1.00600
0.946000
0.683000
0.283000
2.00000E-02
1.04000E-01
0.176000
0.229000
0.116000
3.20000E-02
-5.10000E-02
-6.30000E-02
-0.183000
-0.248000
-0.266000
-0.302000
-0.517000
-0.499000
-0.523000
-0.607000
-0.625000
-0.625000
1.19100
1.31600
0.994000
0.946000
0.701000
0.570000
0.223000
0.361000
0.480000
0.916000
0.994000
0.761000
0.361000
0.217000
8.00000E-03
-0.177000
-0.219000
-0.171000
8.60000E-02
1.94400
1.88400
1.49000
1.14300
0.928000
0.534000
0.343000
0.194000
0.122000
6.20000E-02
2.00000E-02
5.60000E-02
-3.90000E-02
-3.90000E-02
-9.90000E-02
-0.278000
-0.505000
-0.559000
-0.452000
0.839000
1.32800
1.09500
0.940000
0.701000
0.588000
0.385000
0.164000
0.116000
4.40000E-02
-2.70000E-02
5.00000E-02
8.00000E-02
-3.30000E-02
-1.50000E-02
6.80000E-02
-4.50000E-02
8.00000E-03
9.20000E-02
2.00000E-02
0.116000
1.31600
1.55500
1.34600
0.803000
0.522000
0.540000
0.624000
0.600000
0.421000
0.313000
0.164000
0.164000
1.04000E-01
-6.30000E-02
-9.30000E-02
-0.219000
-0.302000
-0.368000
-0.374000
0.612000
1.39400
1.37000
1.31000
1.07200
0.886000
0.713000
0.576000
0.540000
0.355000
0.259000
0.217000
0.158000
7.40000E-02
-1.50000E-02
-8.70000E-02
-0.207000
-0.284000
-0.129000
1.05400
1.73500
1.64500
1.50800
1.29900
0.982000
0.779000
0.612000
0.558000
0.552000
0.486000
0.409000
0.229000
0.188000
0.343000
0.176000
9.80000E-02
0.164000
0.379000
0.570000
2.51700
2.82800
2.59500
2.17100
2.01500
1.59700
1.38200
1.29300
1.15500
1.15500
0.964000
0.904000
0.767000
0.636000
0.642000
0.618000
0.570000
0.438000
0.182000
-3.30000E-02
-0.135000
-5.10000E-02
-0.189000
-0.248000
-0.236000
-0.386000
-0.386000
-0.362000
-0.446000
-0.469000
-0.284000
1.06000
2.66000
2.63600
2.24800
1.98500
1.78800
1.66300
1.46600
1.25700
1.07800
0.886000
0.713000
0.582000
0.510000
0.426000
0.337000
0.325000
0.253000
0.152000
4.40000E-02
-2.70000E-02
-6.90000E-02
2.00000E-03
-5.70000E-02
-0.290000
-0.404000
-0.475000
-0.517000
-0.589000
-0.457000
-0.242000
0.773000
1.23300
0.863000
0.564000
0.546000
0.450000
0.474000
0.289000
0.206000
0.110000
6.80000E-02
2.00000E-02
-4.50000E-02
-2.70000E-02
-4.50000E-02
-3.90000E-02
-9.30000E-02
-0.242000
-0.356000
-0.356000
-0.487000
-0.398000
-0.434000
-0.505000
-0.571000
-0.463000
0.373000
0.767000
0.713000
0.516000
0.576000
0.361000
0.277000
-4.00000E-03
-7.50000E-02
-3.30000E-02
-9.30000E-02
-0.272000
-0.266000
-0.392000
-0.463000
-0.517000
-0.487000
-0.475000
-0.446000
0.164000
1.10700
1.08900
0.779000
0.379000
0.140000
-0.111000
-0.189000
-0.320000
-0.428000
-0.529000
-0.577000
-0.643000
-0.780000
-0.894000
-0.941000
-0.959000
-1.06700
-1.15600
-1.10900
-1.09100
-1.00700
0.618000
1.19100
0.916000
0.958000
0.958000
0.355000
-5.10000E-02
-0.165000
-0.201000
-0.213000
-0.380000
-0.529000
-0.589000
-0.631000
-0.667000
-0.637000
-0.577000
-0.457000
1.56100
1.69900
0.791000
0.241000
6.20000E-02
8.00000E-03
-4.00000E-03
-9.30000E-02
-0.248000
-0.296000
-0.350000
-7.50000E-02
1.62700
1.85400
1.52000
1.27500
1.04800
0.922000
0.773000
0.612000
0.516000
0.295000
0.176000
0.194000
0.194000
8.60000E-02
3.80000E-02
-9.90000E-02
-0.207000
-0.189000
-0.320000
-0.386000
-0.416000
-0.338000
0.713000
1.26900
1.03000
1.06000
0.928000
0.689000
0.653000
0.636000
0.546000
0.415000
0.403000
0.265000
0.122000
9.80000E-02
0.134000
8.00000E-03
-0.147000
-0.231000
-0.177000
-5.70000E-02
0.438000
1.40600
1.27500
1.13100
1.11300
2.39200
3.09000
2.52900
2.06300
1.95000
1.66300
1.27500
0.928000
0.892000
0.922000
0.910000
0.791000
0.612000
0.522000
0.642000
0.976000
2.34400
2.75000
2.26600
2.02700
1.89000
1.65100
1.49600
1.35200
1.25700
1.20300
1.09500
0.934000
0.934000
0.749000
0.642000
0.498000
0.438000
0.391000
0.289000
0.229000
0.122000
-1.50000E-02
-3.30000E-02
-6.30000E-02
-0.189000
-0.272000
-0.219000
-0.242000
-0.296000
-8.10000E-02
1.14900
1.26900
0.851000
0.594000
0.462000
0.289000
9.80000E-02
7.40000E-02
8.60000E-02
5.60000E-02
8.00000E-02
5.00000E-02
-9.90000E-02
-0.141000
-0.296000
-0.266000
-0.350000
-0.404000
-0.493000
-0.511000
-0.541000
0.450000
0.522000
0.892000
0.988000
0.791000
0.731000
0.689000
0.522000
0.421000
0.540000
0.385000
0.355000
0.438000
0.391000
0.223000
0.194000
0.247000
0.164000
8.00000E-02
0.134000
6.20000E-02
-9.30000E-02
-0.105000
-0.189000
-0.195000
-0.105000
1.08400
1.25700
1.25700
0.946000
0.689000
0.361000
0.110000
3.80000E-02
-2.70000E-02
-0.123000
-8.70000E-02
-0.278000
-0.344000
-0.356000
-0.487000
-0.577000
-0.649000
-0.744000
-0.690000
2.37400
3.09600
2.48700
2.05100
1.66300
1.55500
1.42400
1.10100
0.785000
0.689000
0.522000
0.415000
0.361000
0.289000
0.116000
8.00000E-02
2.00000E-02
3.80000E-02
-8.70000E-02
-0.272000
-0.338000
-0.350000
-0.362000
-0.428000
-0.523000
-0.607000
-0.673000
-0.529000
0.743000
1.25700
1.07800
1.06000
0.928000
0.761000
0.677000
0.552000
0.456000
0.283000
0.194000
0.176000
0.128000
-6.90000E-02
-0.165000
-0.105000
-2.10000E-02
-6.30000E-02
-6.90000E-02
-0.153000
8.60000E-02
1.26300
1.52600
1.58500
1.47800
1.36400
1.17300
1.03600
0.952000
0.922000
0.803000
0.683000
0.600000
0.534000
0.534000
0.426000
0.307000
0.217000
0.229000
0.134000
9.20000E-02
1.04000E-01
2.60000E-02
2.60000E-02
-9.90000E-02
-0.183000
-0.308000
-0.344000
-0.272000
-0.380000
-0.392000
-0.344000
-0.440000
-0.356000
-0.165000
0.492000
0.689000
0.636000
0.522000
0.432000
0.337000
0.283000
9.20000E-02
-1.00000E-02
-0.189000
-0.260000
-0.374000
-0.481000
-0.529000
-0.589000
-0.589000
-8.70000E-02
0.994000
1.66900
1.83600
1.95600
1.62700
1.18500
0.737000
0.379000
0.235000
8.00000E-02
-9.30000E-02
-0.236000
-0.254000
-0.386000
-0.511000
-0.571000
-0.547000
0.259000
1.49000
1.71700
1.54900
1.12500
0.940000
0.677000
0.450000
0.271000
0.146000
0.110000
8.60000E-02
1.04000E-01
2.00000E-02
-0.177000
-0.260000
-0.260000
-0.410000
-0.625000
-0.708000
-0.684000
0.158000
1.16100
1.26300
1.37000
1.16100
0.886000
0.791000
0.713000
0.594000
0.432000
0.313000
0.217000
0.217000
0.116000
-1.50000E-02
-1.00000E-02
-6.90000E-02
-0.236000
-0.314000
-0.314000
-0.344000
-0.380000
-8.10000E-02
1.28700
1.66900
1.46600
1.12500
0.886000
0.815000
0.749000
0.785000
0.695000
0.540000
0.367000
0.271000
0.247000
0.194000
0.194000
0.170000
8.00000E-02
-3.30000E-02
-8.70000E-02
-0.231000
-0.165000
-0.141000
0.540000
1.21500
1.20300
1.03000
0.833000
0.612000
0.630000
0.510000
0.522000
0.552000
0.331000
0.355000
9.20000E-02
9.20000E-02
5.00000E-02
-3.30000E-02
-9.30000E-02
-9.90000E-02
0.223000
1.27500
1.50200
1.44800
1.21500
0.976000
0.892000
0.815000
0.647000
0.355000
0.295000
0.271000
0.194000
1.40000E-02
-5.70000E-02
-7.50000E-02
-0.147000
-0.195000
-0.356000
-0.302000
-0.219000
1.37000
1.47800
1.07800
0.934000
0.719000
0.546000
0.355000
0.289000
0.241000
7.40000E-02
-1.00000E-02
-9.90000E-02
-8.70000E-02
-1.50000E-02
-3.30000E-02
-0.201000
-6.90000E-02
-0.254000
-0.386000
-0.457000
-0.499000
-0.344000
-0.440000
-0.338000
0.259000
0.934000
0.773000
0.600000
0.689000
1.41800
1.73500
1.32800
0.743000
0.331000
6.80000E-02
-2.70000E-02
3.80000E-02
0.194000
0.241000
6.20000E-02
-0.195000
-0.266000
-0.302000
-0.296000
-0.362000
-0.410000
-0.517000
-0.619000
-0.571000
1.08900
1.27500
1.01800
0.851000
0.683000
0.624000
0.391000
0.397000
0.415000
0.247000
0.152000
-5.70000E-02
-5.70000E-02
-9.90000E-02
-0.159000
-0.308000
-0.523000
-0.601000
-0.631000
-0.613000
-0.595000
-0.780000
-0.882000
-0.852000
-0.911000
-0.637000
0.223000
0.277000
0.546000
0.498000
0.367000
0.426000
0.432000
0.421000
0.140000
-0.183000
-0.117000
-6.90000E-02
-0.201000
-0.314000
-0.362000
-0.356000
-0.595000
-0.583000
-0.619000
-0.649000
-0.613000
1.04000E-01
0.671000
0.642000
0.540000
0.426000
0.343000
0.241000
0.349000
0.271000
9.20000E-02
-9.30000E-02
-0.117000
-0.177000
-0.314000
-0.386000
-0.374000
-0.517000
-0.595000
-0.559000
0.134000
0.468000
0.528000
0.827000
2.06300
1.71700
1.43000
1.19700
0.946000
0.755000
0.498000
0.319000
0.194000
8.60000E-02
-2.70000E-02
-0.219000
-0.266000
-0.350000
-0.428000
-0.505000
-0.649000
-0.732000
-0.738000
-0.822000
-0.864000
-0.780000
0.683000
1.24500
0.922000
0.391000
2.00000E-02
-3.30000E-02
-0.213000
-0.236000
-0.320000
-0.326000
-0.278000
-0.213000
-0.260000
-0.296000
-3.90000E-02
0.450000
1.08400
1.43600
0.904000
0.438000
0.259000
0.200000
0.122000
-3.90000E-02
-0.123000
-0.123000
-0.159000
-0.141000
-0.236000
-0.219000
-0.153000
-4.50000E-02
0.803000
2.24800
1.93200
1.51400
1.04800
0.731000
0.373000
0.116000
0.110000
0.110000
8.60000E-02
5.00000E-02
0.116000
1.04000E-01
5.00000E-02
-0.135000
-0.159000
-0.171000
-0.260000
-0.296000
-0.344000
-0.440000
-0.446000
-0.463000
-0.499000
-0.147000
2.31400
2.68400
2.20600
1.71100
1.13700
0.719000
0.558000
0.701000
0.683000
0.522000
0.211000
-4.00000E-03
-0.141000
-0.260000
-0.260000
-0.290000
-0.481000
-0.499000
-0.356000
-0.416000
-0.559000
-0.726000
-0.726000
-0.798000
-0.822000
-0.864000
-0.941000
-0.726000
0.241000
0.456000
0.134000
-0.159000
-5.70000E-02
-0.141000
-0.231000
-0.159000
0.468000
1.20300
0.946000
0.522000
0.211000
-2.70000E-02
-0.231000
-0.236000
-0.332000
-0.362000
-0.326000
-0.398000
-0.511000
-0.541000
-0.601000
-0.744000
-0.780000
-0.834000
-0.774000
-0.828000
-0.852000
-0.947000
-0.894000
-0.834000
-0.720000
-0.595000
-0.165000
0.922000
1.29300
0.928000
0.421000
0.217000
1.40000E-02
-7.50000E-02
-0.362000
-0.649000
-0.882000
-0.738000
-0.511000
-0.577000
-0.517000
-0.356000
-0.428000
-0.469000
-0.422000
0.845000
0.868000
0.373000
0.140000
-7.50000E-02
-0.314000
-0.547000
-0.643000
-0.678000
-0.583000
-0.517000
-0.117000
0.886000
2.33200
1.95000
0.880000
0.361000
0.194000
0.206000
0.403000
0.510000
0.379000
0.182000
8.00000E-03
-0.123000
-0.231000
-0.272000
-0.308000
-0.320000
-0.147000
1.89600
1.80000
1.72300
1.98500
3.01900
2.50500
1.46600
1.08900
1.03000
1.06600
1.10700
0.988000
0.868000
0.737000
0.600000
0.498000
0.403000
0.361000
0.229000
8.60000E-02
-3.90000E-02
-9.90000E-02
-6.30000E-02
-3.30000E-02
-0.141000
-0.278000
-0.368000
-0.344000
-0.236000
-7.50000E-02
0.653000
1.29900
1.15500
1.08900
1.06000
0.988000
0.797000
0.618000
0.528000
0.498000
0.540000
0.510000
0.409000
0.277000
0.200000
0.200000
6.80000E-02
5.60000E-02
-8.10000E-02
-3.90000E-02
-3.30000E-02
-0.123000
-0.254000
-0.332000
-0.356000
-0.457000
-0.469000
-0.499000
-0.547000
-0.523000
-0.553000
-0.517000
-0.619000
-0.607000
-0.655000
-0.649000
-0.696000
-0.762000
-0.738000
-0.750000
-0.720000
-0.756000
-0.762000
-0.774000
-0.708000
-0.702000
-0.708000
-0.667000
-0.571000
-0.487000
-0.219000
0.176000
0.540000
0.815000
0.827000
0.546000
0.343000
-4.50000E-02
-0.326000
-0.511000
-0.434000
0.582000
1.04800
0.970000
0.594000
0.229000
1.04000E-01
2.00000E-03
5.00000E-02
5.60000E-02
0.355000
0.606000
0.343000
6.20000E-02
-6.30000E-02
-0.362000
-0.457000
-0.499000
-0.589000
-0.601000
-0.219000
2.05700
1.83000
1.24500
0.803000
0.558000
0.337000
0.247000
0.223000
0.140000
6.80000E-02
0.188000
0.200000
0.194000
8.60000E-02
-2.70000E-02
-0.266000
-0.189000
-0.165000
-0.278000
-0.386000
-0.541000
-0.607000
-0.673000
-0.667000
0.188000
1.06000
1.37000
1.05400
0.964000
0.642000
0.504000
0.325000
0.134000
-8.70000E-02
-0.165000
-0.129000
-9.30000E-02
-0.159000
-0.314000
-0.386000
-0.475000
-6.90000E-02
1.62100
1.95600
1.57300
0.946000
0.600000
0.450000
0.450000
0.409000
0.176000
7.40000E-02
4.40000E-02
6.80000E-02
1.40000E-02
5.60000E-02
-9.30000E-02
-9.30000E-02
0.164000
2.06300
2.15300
2.12900
1.74700
1.57300
1.54300
1.32200
0.958000
0.797000
0.940000
0.940000
0.755000
0.492000
0.355000
0.415000
0.403000
0.313000
0.146000
1.04000E-01
0.116000
0.170000
2.60000E-02
-1.50000E-02
5.60000E-02
-6.30000E-02
7.40000E-02
1.50200
2.11700
2.00300
1.77000
1.46000
1.38800
1.34000
1.04800
0.892000
0.868000
0.647000
0.468000
0.319000
0.211000
6.80000E-02
5.00000E-02
0.134000
2.00000E-02
-0.159000
-0.213000
-0.272000
-0.344000
-0.380000
-0.446000
-0.452000
0.170000
1.42400
1.80600
1.48400
1.45400
1.16700
0.863000
0.576000
0.385000
0.235000
0.319000
0.265000
9.80000E-02
8.00000E-03
-7.50000E-02
-0.111000
-0.165000
-0.296000
-0.350000
-0.314000
-0.434000
-0.487000
-0.523000
-0.517000
-0.326000
0.779000
0.815000
0.886000
0.606000
0.355000
0.110000
-1.00000E-02
-0.129000
-8.70000E-02
-0.159000
-0.129000
-0.159000
-0.260000
-0.248000
-0.195000
0.116000
0.970000
1.00600
1.01200
0.880000
0.498000
0.122000
1.40000E-02
2.00000E-03
-8.10000E-02
1.40000E-02
1.40000E-02
-9.30000E-02
-0.260000
-0.374000
-0.386000
-0.493000
-0.535000
-0.547000
-0.577000
-0.649000
-0.684000
-0.595000
1.00600
0.904000
0.689000
0.683000
0.653000
0.492000
0.116000
-7.50000E-02
-0.213000
-0.111000
-0.165000
-0.266000
-0.177000
-0.278000
-0.236000
-0.213000
-0.314000
-0.410000
-0.463000
-0.565000
-0.547000
-0.583000
-7.50000E-02
0.892000
1.35200
1.14900
0.839000
0.516000
0.307000
0.176000
2.00000E-03
-0.141000
-0.159000
-0.219000
-0.278000
-0.260000
-0.219000
-8.70000E-02
1.81200
1.72300
1.41200
1.06600
0.845000
0.546000
0.379000
0.170000
6.80000E-02
2.00000E-03
-9.90000E-02
-0.213000
1.31600
2.06900
1.95000
1.69900
1.40000
1.13100
0.809000
0.570000
0.534000
0.647000
0.576000
0.259000
0.188000
-4.00000E-03
0.146000
9.20000E-02
-0.135000
-0.242000
-0.177000
2.00000E-03
1.60300
1.82400
1.87200
1.78200
1.34000
1.11900
0.845000
0.642000
0.683000
0.624000
0.606000
0.403000
0.343000
0.247000
0.134000
1.04000E-01
0.116000
-1.00000E-02
-6.90000E-02
-0.201000
-0.254000
-0.374000
-0.392000
-0.356000
-0.505000
-0.505000
-0.410000
-0.475000
-0.308000
0.600000
0.952000
0.665000
0.552000
0.432000
0.325000
0.200000
0.116000
0.182000
8.60000E-02
-1.50000E-02
-7.50000E-02
-6.30000E-02
-0.231000
-0.153000
-0.278000
-0.350000
-0.452000
-0.452000
-0.505000
-0.469000
-0.416000
0.241000
0.749000
0.880000
0.749000
0.450000
0.295000
0.289000
0.188000
0.152000
5.60000E-02
8.60000E-02
7.40000E-02
0.200000
0.271000
0.456000
0.385000
0.241000
6.20000E-02
-0.105000
-0.296000
-0.368000
-0.428000
-0.481000
-0.553000
-0.475000
-0.153000
0.355000
0.874000
0.415000
-0.135000
-0.440000
-0.583000
-0.505000
0.600000
1.48400
1.50200
0.642000
0.373000
2.00000E-03
-0.320000
-0.457000
-0.625000
-0.589000
-0.655000
-0.702000
-0.696000
-0.744000
-0.732000
-0.798000
-0.905000
-0.762000
0.438000
0.677000
0.552000
0.182000
1.40000E-02
-4.00000E-03
-3.90000E-02
-0.183000
-0.344000
-0.469000
-0.517000
-0.547000
-0.547000
-0.696000
-0.780000
-0.786000
-0.834000
9.80000E-02
0.731000
0.713000
0.552000
0.253000
0.182000
8.60000E-02
-0.123000
-0.183000
-0.165000
-0.332000
-0.332000
-0.242000
1.05400
1.41200
1.19700
0.809000
0.624000
0.564000
0.504000
0.450000
0.241000
3.20000E-02
-2.10000E-02
-3.90000E-02
-0.123000
-0.159000
-8.70000E-02
5.00000E-02
1.50200
1.52000
1.24500
1.01200
0.898000
0.683000
0.731000
0.594000
0.462000
0.337000
0.313000
0.241000
2.00000E-02
-5.10000E-02
-2.70000E-02
-0.111000
-0.242000
-0.219000
-0.290000
7.40000E-02
1.49600
1.26300
1.39400
0.952000
0.624000
0.659000
0.779000
0.761000
0.916000
0.934000
0.874000
0.510000
0.223000
8.60000E-02
-6.90000E-02
-0.189000
-0.171000
-0.225000
-0.129000
-8.10000E-02
0.755000
1.96200
1.57300
1.10100
0.779000
0.409000
0.134000
-4.00000E-03
-4.00000E-03
-2.10000E-02
9.80000E-02
6.80000E-02
3.20000E-02
-6.90000E-02
-0.189000
-0.201000
-0.284000
-0.272000
-0.213000
-0.308000
-0.410000
-0.344000
-0.231000
-0.398000
-0.356000
-0.284000
-0.123000
4.40000E-02
0.283000
0.349000
0.355000
0.158000
0.223000
0.456000
0.892000
0.928000
0.618000
0.403000
0.247000
3.20000E-02
1.40000E-02
8.60000E-02
0.176000
0.271000
0.241000
0.158000
2.00000E-02
-1.50000E-02
8.00000E-03
-6.30000E-02
-0.248000
-0.410000
6.80000E-02
1.08400
1.25700
0.886000
0.522000
0.319000
0.241000
0.146000
-2.10000E-02
-7.50000E-02
-0.195000
-0.213000
-0.308000
-0.380000
-0.493000
-0.625000
-0.684000
-0.762000
-0.846000
-0.905000
-0.756000
0.277000
0.462000
0.277000
5.00000E-02
-0.111000
-0.135000
-0.308000
-0.356000
-0.392000
-0.272000
0.510000
0.910000
0.564000
0.182000
6.80000E-02
0.110000
-2.70000E-02
-0.117000
-0.219000
-0.242000
-0.457000
-0.517000
-0.517000
-0.601000
-0.744000
-0.732000
-0.858000
-0.810000
0.164000
0.665000
0.588000
0.182000
-2.10000E-02
-7.50000E-02
0.164000
0.510000
0.671000
0.731000
0.438000
0.140000
-4.00000E-03
-6.90000E-02
-0.219000
-0.290000
-0.338000
-0.236000
-0.141000
-0.135000
-0.129000
6.80000E-02
0.373000
1.14900
1.91400
1.75200
1.18500
0.636000
0.337000
0.229000
0.116000
0.152000
0.158000
7.40000E-02
-6.90000E-02
-0.123000
-0.123000
-0.189000
-0.183000
-0.308000
-0.469000
-0.559000
-0.649000
-0.726000
-0.702000
-0.314000
1.68100
1.41800
0.874000
0.432000
8.60000E-02
-7.50000E-02
-0.159000
-0.183000
-0.165000
-8.10000E-02
-8.70000E-02
-0.135000
-0.284000
-0.284000
-0.272000
-0.505000
-0.529000
-0.499000
-0.595000
-0.601000
-0.529000
0.426000
1.00600
0.803000
0.486000
0.182000
-2.70000E-02
-0.213000
-0.260000
-0.123000
0.128000
0.647000
0.767000
0.528000
0.271000
2.00000E-02
-0.105000
-0.165000
-0.219000
-0.290000
2.00000E-02
1.39400
2.12900
1.14900
0.403000
3.20000E-02
-0.189000
-0.296000
-0.398000
-0.440000
-0.517000
-0.404000
-0.356000
-0.219000
-9.30000E-02
0.200000
2.08700
1.93800
1.11900
0.444000
5.60000E-02
-0.183000
-0.248000
-0.344000
-0.338000
-0.219000
-0.195000
-0.213000
-0.284000
-0.362000
-0.457000
-0.637000
-0.619000
-0.487000
5.60000E-02
2.08700
1.77600
1.20900
0.851000
0.713000
0.438000
9.20000E-02
-4.50000E-02
-4.50000E-02
5.60000E-02
0.110000
-4.00000E-03
-0.177000
-0.260000
-0.344000
-0.386000
-0.422000
-0.499000
-0.655000
-0.762000
-0.798000
-0.756000
-0.768000
-0.678000
0.182000
0.385000
0.331000
0.301000
0.229000
-6.30000E-02
-5.70000E-02
-0.135000
-9.30000E-02
0.773000
1.59700
1.73500
1.29300
0.982000
0.731000
0.606000
0.462000
0.426000
0.361000
0.158000
8.60000E-02
-3.30000E-02
-9.90000E-02
-0.153000
-0.117000
-0.272000
-0.171000
0.797000
1.53700
1.37600
1.18500
0.976000
0.659000
0.462000
0.313000
0.277000
0.331000
0.200000
0.206000
9.80000E-02
-5.70000E-02
-0.231000
-0.302000
-0.392000
-0.428000
-0.523000
-0.529000
0.421000
1.03000
0.815000
0.701000
0.642000
2.18300
2.20000
2.55900
2.17700
1.80600
1.47800
1.34000
1.24500
1.26900
1.14300
0.976000
0.874000
0.886000
0.874000
0.683000
0.522000
0.367000
0.194000
8.60000E-02
2.00000E-02
-7.50000E-02
-0.135000
-0.165000
-0.189000
-0.242000
-0.314000
-0.338000
-0.404000
-0.440000
-0.559000
-0.386000
0.713000
1.04200
0.946000
0.618000
0.498000
0.391000
0.361000
0.337000
0.253000
0.188000
1.04000E-01
5.00000E-02
-4.50000E-02
2.60000E-02
-6.30000E-02
-0.219000
-0.314000
-0.332000
-0.332000
-0.428000
-0.410000
-0.242000
1.31600
2.08100
1.59100
1.00000
0.474000
0.158000
7.40000E-02
4.40000E-02
0.206000
1.35800
1.93800
1.83000
1.68700
1.45400
1.16700
0.821000
0.695000
0.624000
0.737000
0.701000
0.480000
0.337000
0.223000
0.164000
-5.10000E-02
-0.129000
-0.111000
-0.183000
-0.338000
-0.338000
-0.332000
-0.422000
-0.487000
-0.374000
0.534000
1.01200
1.26900
1.04200
0.797000
0.618000
0.540000
0.391000
0.265000
0.337000
0.206000
3.20000E-02
-8.70000E-02
-0.117000
-0.296000
-0.314000
-0.404000
-0.517000
-0.547000
-0.631000
-0.708000
-0.744000
-0.768000
-0.595000
0.600000
0.994000
1.06000
0.743000
0.576000
0.409000
0.259000
0.235000
0.140000
-3.30000E-02
-3.30000E-02
-7.50000E-02
-0.278000
-0.404000
-0.469000
-0.523000
-0.535000
-0.529000
-0.637000
-0.649000
-0.463000
0.474000
0.659000
0.606000
0.564000
0.265000
6.80000E-02
2.00000E-02
5.60000E-02
0.152000
1.17300
1.32200
0.952000
0.462000
0.259000
0.194000
8.60000E-02
9.20000E-02
8.00000E-03
-9.90000E-02
-0.159000
-0.213000
-0.362000
-0.410000
-0.272000
1.07200
1.23300
0.946000
0.558000
0.188000
1.04000E-01
-9.30000E-02
-0.302000
-0.469000
-0.613000
-0.446000
-0.392000
-0.601000
-0.589000
-0.541000
-0.565000
-0.475000
-0.219000
0.438000
1.23900
0.743000
0.289000
-2.10000E-02
0.116000
0.809000
1.55500
0.970000
0.480000
0.259000
0.211000
8.60000E-02
-1.00000E-02
6.80000E-02
0.259000
0.200000
-0.105000
-0.260000
-0.153000
1.37000
1.66300
1.50800
1.19700
0.863000
0.701000
0.725000
0.618000
0.361000
0.158000
0.134000
0.116000
0.116000
0.146000
6.20000E-02
8.00000E-03
0.188000
6.20000E-02
-4.50000E-02
-0.219000
-0.105000
9.20000E-02
9.20000E-02
1.46000
1.84200
1.72300
1.59700
1.41200
1.25100
1.07800
0.868000
0.713000
0.600000
0.600000
0.600000
0.570000
0.391000
0.295000
9.80000E-02
2.60000E-02
9.20000E-02
8.00000E-02
-6.30000E-02
-0.189000
-0.225000
-0.219000
-0.272000
-0.254000
0.564000
1.44800
1.74100
1.40000
1.03600
0.857000
0.803000
0.719000
0.653000
0.665000
0.504000
0.528000
0.283000
0.200000
9.20000E-02
3.20000E-02
-3.30000E-02
-6.90000E-02
-0.159000
-0.195000
-0.380000
-0.404000
-0.452000
-0.434000
-0.213000
1.14900
1.49600
1.46000
1.26300
1.16700
0.988000
0.743000
0.737000
0.713000
0.624000
0.421000
0.289000
0.146000
6.80000E-02
9.20000E-02
0.110000
3.80000E-02
-0.183000
-0.225000
-0.248000
-0.308000
-0.499000
-0.535000
-0.565000
-0.565000
-0.643000
-0.690000
-0.714000
-0.780000
-0.786000
-0.768000
-0.422000
0.528000
0.779000
0.510000
9.20000E-02
-6.30000E-02
-0.189000
0.134000
1.00000
1.63300
0.874000
0.253000
-8.70000E-02
-0.338000
-0.392000
-0.422000
-0.380000
-0.272000
-8.70000E-02
0.486000
2.23600
1.87200
1.42400
1.14900
0.815000
0.743000
0.606000
0.265000
0.217000
9.80000E-02
-5.10000E-02
-0.147000
-0.213000
-0.272000
-0.380000
-0.505000
-0.589000
-0.738000
-0.810000
-0.864000
-0.899000
-0.882000
-0.774000
0.415000
0.737000
0.468000
0.301000
0.474000
0.361000
0.146000
5.00000E-02
-9.90000E-02
-0.207000
-0.308000
-0.416000
-0.505000
-0.410000
-0.559000
-0.565000
-0.583000
-0.714000
-0.481000
0.833000
0.719000
0.582000
0.355000
0.164000
1.40000E-02
3.80000E-02
-0.129000
-0.189000
-0.141000
-8.10000E-02
-9.90000E-02
0.271000
1.41200
1.07800
0.946000
0.773000
0.421000
0.349000
0.385000
0.444000
0.355000
0.116000
8.00000E-03
-4.50000E-02
-5.70000E-02
-0.153000
-0.290000
-0.290000
-0.440000
-0.410000
-0.559000
-0.559000
-0.607000
-0.667000
-0.667000
-0.696000
-0.768000
-0.726000
-0.762000
-0.643000
-2.10000E-02
1.11900
1.35800
1.12500
0.958000
0.528000
0.206000
3.20000E-02
-0.111000
-0.117000
-0.272000
-0.368000
-0.416000
-0.571000
-0.655000
-0.738000
-0.684000
-0.583000
-0.195000
0.600000
1.27500
0.606000
6.20000E-02
-0.290000
-0.613000
-0.720000
-0.356000
2.07500
2.09900
1.34600
0.809000
0.373000
7.40000E-02
-5.10000E-02
3.20000E-02
0.182000
0.217000
0.170000
5.00000E-02
-1.00000E-02
-6.30000E-02
-0.147000
-0.284000
-0.463000
-0.571000
-0.535000
-0.457000
-0.457000
-0.583000
-0.463000
0.988000
1.25100
1.24500
1.14900
0.970000
0.528000
0.200000
0.116000
5.60000E-02
-8.10000E-02
-6.30000E-02
-0.159000
-0.242000
-0.404000
-0.452000
-0.487000
-0.661000
-0.732000
-0.786000
-0.786000
-0.798000
-0.798000
-0.708000
0.618000
0.576000
0.361000
0.164000
8.00000E-03
-0.105000
-0.338000
1.51400
2.05700
1.53100
1.32800
1.08400
0.713000
0.468000
0.373000
0.223000
0.116000
0.170000
0.217000
0.134000
-1.00000E-02
-0.147000
-0.201000
-0.260000
-0.260000
-0.452000
-0.505000
-0.553000
-0.577000
-0.661000
-0.643000
0.385000
0.976000
0.910000
0.528000
0.229000
0.188000
6.80000E-02
-8.10000E-02
-0.117000
-0.117000
0.140000
1.39400
1.40600
1.13100
0.827000
0.636000
0.498000
0.379000
0.295000
0.480000
0.928000
1.75800
1.95000
1.53700
0.898000
0.642000
0.618000
0.379000
8.60000E-02
-4.50000E-02
-5.70000E-02
-0.183000
-0.135000
0.892000
1.52000
1.47200
1.16100
0.928000
0.821000
0.695000
0.510000
0.379000
0.319000
0.361000
0.206000
5.60000E-02
-2.10000E-02
-3.90000E-02
-0.189000
-0.189000
-0.201000
-0.350000
-0.481000
-0.583000
-0.463000
-0.523000
-0.619000
-0.613000
0.140000
1.00600
1.23900
1.31600
1.47800
1.37000
1.41800
1.37000
1.01800
0.767000
0.689000
0.564000
0.367000
0.277000
0.289000
0.116000
0.110000
5.60000E-02
-0.165000
-0.213000
-0.242000
-0.350000
-0.290000
2.00000E-03
1.29300
1.37600
1.00000
0.618000
0.379000
0.325000
0.337000
6.20000E-02
3.80000E-02
1.40000E-02
2.60000E-02
-2.10000E-02
-0.165000
-0.153000
-0.231000
-0.308000
-0.398000
-0.332000
-3.30000E-02
1.20300
1.12500
0.749000
0.421000
0.235000
-3.90000E-02
-7.50000E-02
-8.70000E-02
0.170000
1.77000
2.02700
1.60900
1.13100
0.791000
0.564000
0.534000
0.373000
0.235000
0.200000
0.134000
-2.10000E-02
-5.10000E-02
-0.123000
-0.213000
-0.260000
-0.380000
-0.469000
-0.577000
-0.696000
-0.720000
-0.774000
-0.810000
-0.744000
1.04000E-01
0.743000
0.665000
0.528000
0.468000
0.235000
0.211000
1.40000E-02
-0.165000
-2.10000E-02
-0.201000
-0.302000
-0.332000
-0.440000
-0.452000
-0.332000
-0.314000
9.20000E-02
0.313000
0.588000
0.719000
0.880000
0.952000
1.29300
2.15900
1.77600
1.35200
0.857000
0.647000
0.564000
0.612000
0.624000
0.546000
0.510000
0.313000
0.229000
0.140000
3.80000E-02
-6.90000E-02
-0.117000
-0.254000
-0.344000
-0.386000
-0.457000
-0.469000
-0.541000
-0.637000
-0.607000
-0.613000
-0.649000
-0.565000
-8.10000E-02
0.582000
0.582000
0.301000
9.20000E-02
1.04000E-01
-3.30000E-02
-9.90000E-02
-0.147000
-0.236000
-0.308000
-0.314000
-0.416000
-0.541000
-0.595000
-0.571000
0.492000
1.09500
1.06000
0.863000
0.707000
0.391000
0.259000
0.188000
0.176000
0.122000
0.158000
2.60000E-02
2.00000E-02
8.00000E-02
1.04200
1.55500
1.24500
1.03600
0.833000
0.701000
0.612000
0.468000
0.259000
0.253000
0.170000
0.122000
8.60000E-02
-0.183000
-0.219000
-0.254000
-0.308000
-0.398000
-0.398000
0.797000
1.71700
1.36400
1.25700
1.31000
1.19100
1.10700
1.03000
0.857000
0.659000
0.438000
0.283000
0.247000
0.289000
0.307000
9.20000E-02
-3.90000E-02
-0.111000
-9.30000E-02
-2.10000E-02
-0.123000
-1.50000E-02
1.21500
1.46000
1.28100
0.952000
0.713000
0.570000
0.462000
0.295000
0.229000
0.307000
0.211000
0.122000
-5.70000E-02
-6.90000E-02
-0.129000
-0.225000
-0.236000
-0.440000
-0.499000
-0.589000
-0.637000
-0.655000
-0.625000
-0.756000
-0.714000
-0.655000
-0.314000
0.361000
0.391000
0.158000
-4.50000E-02
-0.147000
-0.171000
-0.213000
-0.117000
8.60000E-02
0.576000
1.64500
1.54900
0.600000
7.40000E-02
-0.219000
-0.374000
-0.511000
-0.583000
-0.607000
-0.446000
0.307000
1.15500
1.00000
0.946000
0.671000
0.385000
0.188000
0.140000
8.00000E-03
-0.117000
-1.00000E-02
-0.242000
-0.374000
-0.434000
-0.386000
-0.380000
-0.219000
1.14300
1.19100
0.982000
0.695000
0.379000
6.80000E-02
-0.147000
-0.308000
-0.380000
-0.368000
-0.457000
-0.571000
-0.619000
-0.655000
-0.284000
1.20900
0.773000
0.898000
0.647000
0.558000
0.200000
-4.00000E-03
-0.147000
-0.213000
-0.141000
2.00000E-03
9.20000E-02
0.229000
0.229000
9.80000E-02
-0.105000
-0.290000
-0.332000
0.839000
1.52000
1.31000
0.964000
0.797000
0.671000
0.564000
0.373000
0.223000
0.116000
2.60000E-02
-1.00000E-02
-2.10000E-02
-0.111000
-0.302000
-0.356000
-0.344000
-0.428000
-0.613000
-0.649000
-0.619000
-0.547000
1.10100
1.20900
1.04800
0.863000
0.600000
0.415000
0.313000
0.152000
8.00000E-02
0.229000
0.217000
0.355000
0.421000
0.498000
0.391000
0.600000
