solid point_absorber
  facet normal 0.000000000e+00 0.000000000e+00 -1.000000000e+00
    outer loop
      vertex 7.000000000e+00 1.000000000e+00 8.500000000e-01
      vertex 7.149277709e+00 1.014702571e+00 8.500000000e-01
      vertex 7.149919688e+00 1.004907862e+00 8.500000000e-01
    endloop
  endfacet
  facet normal 0.000000000e+00 0.000000000e+00 1.000000000e+00
    outer loop
      vertex 7.000000000e+00 1.000000000e+00 1.150000000e+00
      vertex 7.149919688e+00 1.004907862e+00 1.150000000e+00
      vertex 7.149277709e+00 1.014702571e+00 1.150000000e+00
    endloop
  endfacet
  facet normal 9.978589232e-01 6.540312923e-02 0.000000000e+00
    outer loop
      vertex 7.149919688e+00 1.004907862e+00 8.500000000e-01
      vertex 7.149277709e+00 1.014702571e+00 8.500000000e-01
      vertex 7.149277709e+00 1.014702571e+00 1.150000000e+00
    endloop
  endfacet
  facet normal 9.978589232e-01 6.540312923e-02 -0.000000000e+00
    outer loop
      vertex 7.149919688e+00 1.004907862e+00 8.500000000e-01
      vertex 7.149277709e+00 1.014702571e+00 1.150000000e+00
      vertex 7.149919688e+00 1.004907862e+00 1.150000000e+00
    endloop
  endfacet
  facet normal 0.000000000e+00 0.000000000e+00 -1.000000000e+00
    outer loop
      vertex 7.000000000e+00 1.000000000e+00 8.500000000e-01
      vertex 7.147996500e+00 1.024434321e+00 8.500000000e-01
      vertex 7.149277709e+00 1.014702571e+00 8.500000000e-01
    endloop
  endfacet
  facet normal 0.000000000e+00 0.000000000e+00 1.000000000e+00
    outer loop
      vertex 7.000000000e+00 1.000000000e+00 1.150000000e+00
      vertex 7.149277709e+00 1.014702571e+00 1.150000000e+00
      vertex 7.147996500e+00 1.024434321e+00 1.150000000e+00
    endloop
  endfacet
  facet normal 9.914448614e-01 1.305261922e-01 0.000000000e+00
    outer loop
      vertex 7.149277709e+00 1.014702571e+00 8.500000000e-01
      vertex 7.147996500e+00 1.024434321e+00 8.500000000e-01
      vertex 7.147996500e+00 1.024434321e+00 1.150000000e+00
    endloop
  endfacet
  facet normal 9.914448614e-01 1.305261922e-01 -0.000000000e+00
    outer loop
      vertex 7.149277709e+00 1.014702571e+00 8.500000000e-01
      vertex 7.147996500e+00 1.024434321e+00 1.150000000e+00
      vertex 7.149277709e+00 1.014702571e+00 1.150000000e+00
    endloop
  endfacet
  facet normal 0.000000000e+00 0.000000000e+00 -1.000000000e+00
    outer loop
      vertex 7.000000000e+00 1.000000000e+00 8.500000000e-01
      vertex 7.146081547e+00 1.034061439e+00 8.500000000e-01
      vertex 7.147996500e+00 1.024434321e+00 8.500000000e-01
    endloop
  endfacet
  facet normal 0.000000000e+00 0.000000000e+00 1.000000000e+00
    outer loop
      vertex 7.000000000e+00 1.000000000e+00 1.150000000e+00
      vertex 7.147996500e+00 1.024434321e+00 1.150000000e+00
      vertex 7.146081547e+00 1.034061439e+00 1.150000000e+00
    endloop
  endfacet
  facet normal 9.807852804e-01 1.950903220e-01 0.000000000e+00
    outer loop
      vertex 7.147996500e+00 1.024434321e+00 8.500000000e-01
      vertex 7.146081547e+00 1.034061439e+00 8.500000000e-01
      vertex 7.146081547e+00 1.034061439e+00 1.150000000e+00
    endloop
  endfacet
  facet normal 9.807852804e-01 1.950903220e-01 -0.000000000e+00
    outer loop
      vertex 7.147996500e+00 1.024434321e+00 8.500000000e-01
      vertex 7.146081547e+00 1.034061439e+00 1.150000000e+00
      vertex 7.147996500e+00 1.024434321e+00 1.150000000e+00
    endloop
  endfacet
  facet normal 0.000000000e+00 0.000000000e+00 -1.000000000e+00
    outer loop
      vertex 7.000000000e+00 1.000000000e+00 8.500000000e-01
      vertex 7.143541050e+00 1.043542702e+00 8.500000000e-01
      vertex 7.146081547e+00 1.034061439e+00 8.500000000e-01
    endloop
  endfacet
  facet normal 0.000000000e+00 0.000000000e+00 1.000000000e+00
    outer loop
      vertex 7.000000000e+00 1.000000000e+00 1.150000000e+00
      vertex 7.146081547e+00 1.034061439e+00 1.150000000e+00
      vertex 7.143541050e+00 1.043542702e+00 1.150000000e+00
    endloop
  endfacet
  facet normal 9.659258263e-01 2.588190451e-01 0.000000000e+00
    outer loop
      vertex 7.146081547e+00 1.034061439e+00 8.500000000e-01
      vertex 7.143541050e+00 1.043542702e+00 8.500000000e-01
      vertex 7.143541050e+00 1.043542702e+00 1.150000000e+00
    endloop
  endfacet
  facet normal 9.659258263e-01 2.588190451e-01 -0.000000000e+00
    outer loop
      vertex 7.146081547e+00 1.034061439e+00 8.500000000e-01
      vertex 7.143541050e+00 1.043542702e+00 1.150000000e+00
      vertex 7.146081547e+00 1.034061439e+00 1.150000000e+00
    endloop
  endfacet
  facet normal 0.000000000e+00 0.000000000e+00 -1.000000000e+00
    outer loop
      vertex 7.000000000e+00 1.000000000e+00 8.500000000e-01
      vertex 7.140385889e+00 1.052837507e+00 8.500000000e-01
      vertex 7.143541050e+00 1.043542702e+00 8.500000000e-01
    endloop
  endfacet
  facet normal 0.000000000e+00 0.000000000e+00 1.000000000e+00
    outer loop
      vertex 7.000000000e+00 1.000000000e+00 1.150000000e+00
      vertex 7.143541050e+00 1.043542702e+00 1.150000000e+00
      vertex 7.140385889e+00 1.052837507e+00 1.150000000e+00
    endloop
  endfacet
  facet normal 9.469301295e-01 3.214394653e-01 0.000000000e+00
    outer loop
      vertex 7.143541050e+00 1.043542702e+00 8.500000000e-01
      vertex 7.140385889e+00 1.052837507e+00 8.500000000e-01
      vertex 7.140385889e+00 1.052837507e+00 1.150000000e+00
    endloop
  endfacet
  facet normal 9.469301295e-01 3.214394653e-01 -0.000000000e+00
    outer loop
      vertex 7.143541050e+00 1.043542702e+00 8.500000000e-01
      vertex 7.140385889e+00 1.052837507e+00 1.150000000e+00
      vertex 7.143541050e+00 1.043542702e+00 1.150000000e+00
    endloop
  endfacet
  facet normal 0.000000000e+00 0.000000000e+00 -1.000000000e+00
    outer loop
      vertex 7.000000000e+00 1.000000000e+00 8.500000000e-01
      vertex 7.136629574e+00 1.061906054e+00 8.500000000e-01
      vertex 7.140385889e+00 1.052837507e+00 8.500000000e-01
    endloop
  endfacet
  facet normal 0.000000000e+00 0.000000000e+00 1.000000000e+00
    outer loop
      vertex 7.000000000e+00 1.000000000e+00 1.150000000e+00
      vertex 7.140385889e+00 1.052837507e+00 1.150000000e+00
      vertex 7.136629574e+00 1.061906054e+00 1.150000000e+00
    endloop
  endfacet
  facet normal 9.238795325e-01 3.826834324e-01 0.000000000e+00
    outer loop
      vertex 7.140385889e+00 1.052837507e+00 8.500000000e-01
      vertex 7.136629574e+00 1.061906054e+00 8.500000000e-01
      vertex 7.136629574e+00 1.061906054e+00 1.150000000e+00
    endloop
  endfacet
  facet normal 9.238795325e-01 3.826834324e-01 -0.000000000e+00
    outer loop
      vertex 7.140385889e+00 1.052837507e+00 8.500000000e-01
      vertex 7.136629574e+00 1.061906054e+00 1.150000000e+00
      vertex 7.140385889e+00 1.052837507e+00 1.150000000e+00
    endloop
  endfacet
  facet normal 0.000000000e+00 0.000000000e+00 -1.000000000e+00
    outer loop
      vertex 7.000000000e+00 1.000000000e+00 8.500000000e-01
      vertex 7.132288190e+00 1.070709511e+00 8.500000000e-01
      vertex 7.136629574e+00 1.061906054e+00 8.500000000e-01
    endloop
  endfacet
  facet normal 0.000000000e+00 0.000000000e+00 1.000000000e+00
    outer loop
      vertex 7.000000000e+00 1.000000000e+00 1.150000000e+00
      vertex 7.136629574e+00 1.061906054e+00 1.150000000e+00
      vertex 7.132288190e+00 1.070709511e+00 1.150000000e+00
    endloop
  endfacet
  facet normal 8.968727415e-01 4.422886902e-01 0.000000000e+00
    outer loop
      vertex 7.136629574e+00 1.061906054e+00 8.500000000e-01
      vertex 7.132288190e+00 1.070709511e+00 8.500000000e-01
      vertex 7.132288190e+00 1.070709511e+00 1.150000000e+00
    endloop
  endfacet
  facet normal 8.968727415e-01 4.422886902e-01 -0.000000000e+00
    outer loop
      vertex 7.136629574e+00 1.061906054e+00 8.500000000e-01
      vertex 7.132288190e+00 1.070709511e+00 1.150000000e+00
      vertex 7.136629574e+00 1.061906054e+00 1.150000000e+00
    endloop
  endfacet
  facet normal 0.000000000e+00 0.000000000e+00 -1.000000000e+00
    outer loop
      vertex 7.000000000e+00 1.000000000e+00 8.500000000e-01
      vertex 7.127380327e+00 1.079210178e+00 8.500000000e-01
      vertex 7.132288190e+00 1.070709511e+00 8.500000000e-01
    endloop
  endfacet
  facet normal 0.000000000e+00 0.000000000e+00 1.000000000e+00
    outer loop
      vertex 7.000000000e+00 1.000000000e+00 1.150000000e+00
      vertex 7.132288190e+00 1.070709511e+00 1.150000000e+00
      vertex 7.127380327e+00 1.079210178e+00 1.150000000e+00
    endloop
  endfacet
  facet normal 8.660254038e-01 5.000000000e-01 0.000000000e+00
    outer loop
      vertex 7.132288190e+00 1.070709511e+00 8.500000000e-01
      vertex 7.127380327e+00 1.079210178e+00 8.500000000e-01
      vertex 7.127380327e+00 1.079210178e+00 1.150000000e+00
    endloop
  endfacet
  facet normal 8.660254038e-01 5.000000000e-01 -0.000000000e+00
    outer loop
      vertex 7.132288190e+00 1.070709511e+00 8.500000000e-01
      vertex 7.127380327e+00 1.079210178e+00 1.150000000e+00
      vertex 7.132288190e+00 1.070709511e+00 1.150000000e+00
    endloop
  endfacet
  facet normal 0.000000000e+00 0.000000000e+00 -1.000000000e+00
    outer loop
      vertex 7.000000000e+00 1.000000000e+00 8.500000000e-01
      vertex 7.121927003e+00 1.087371655e+00 8.500000000e-01
      vertex 7.127380327e+00 1.079210178e+00 8.500000000e-01
    endloop
  endfacet
  facet normal 0.000000000e+00 0.000000000e+00 1.000000000e+00
    outer loop
      vertex 7.000000000e+00 1.000000000e+00 1.150000000e+00
      vertex 7.127380327e+00 1.079210178e+00 1.150000000e+00
      vertex 7.121927003e+00 1.087371655e+00 1.150000000e+00
    endloop
  endfacet
  facet normal 8.314696123e-01 5.555702330e-01 0.000000000e+00
    outer loop
      vertex 7.127380327e+00 1.079210178e+00 8.500000000e-01
      vertex 7.121927003e+00 1.087371655e+00 8.500000000e-01
      vertex 7.121927003e+00 1.087371655e+00 1.150000000e+00
    endloop
  endfacet
  facet normal 8.314696123e-01 5.555702330e-01 -0.000000000e+00
    outer loop
      vertex 7.127380327e+00 1.079210178e+00 8.500000000e-01
      vertex 7.121927003e+00 1.087371655e+00 1.150000000e+00
      vertex 7.127380327e+00 1.079210178e+00 1.150000000e+00
    endloop
  endfacet
  facet normal 0.000000000e+00 0.000000000e+00 -1.000000000e+00
    outer loop
      vertex 7.000000000e+00 1.000000000e+00 8.500000000e-01
      vertex 7.115951568e+00 1.095158993e+00 8.500000000e-01
      vertex 7.121927003e+00 1.087371655e+00 8.500000000e-01
    endloop
  endfacet
  facet normal 0.000000000e+00 0.000000000e+00 1.000000000e+00
    outer loop
      vertex 7.000000000e+00 1.000000000e+00 1.150000000e+00
      vertex 7.121927003e+00 1.087371655e+00 1.150000000e+00
      vertex 7.115951568e+00 1.095158993e+00 1.150000000e+00
    endloop
  endfacet
  facet normal 7.933533403e-01 6.087614290e-01 0.000000000e+00
    outer loop
      vertex 7.121927003e+00 1.087371655e+00 8.500000000e-01
      vertex 7.115951568e+00 1.095158993e+00 8.500000000e-01
      vertex 7.115951568e+00 1.095158993e+00 1.150000000e+00
    endloop
  endfacet
  facet normal 7.933533403e-01 6.087614290e-01 -0.000000000e+00
    outer loop
      vertex 7.121927003e+00 1.087371655e+00 8.500000000e-01
      vertex 7.115951568e+00 1.095158993e+00 1.150000000e+00
      vertex 7.121927003e+00 1.087371655e+00 1.150000000e+00
    endloop
  endfacet
  facet normal 0.000000000e+00 0.000000000e+00 -1.000000000e+00
    outer loop
      vertex 7.000000000e+00 1.000000000e+00 8.500000000e-01
      vertex 7.109479611e+00 1.102538845e+00 8.500000000e-01
      vertex 7.115951568e+00 1.095158993e+00 8.500000000e-01
    endloop
  endfacet
  facet normal 0.000000000e+00 0.000000000e+00 1.000000000e+00
    outer loop
      vertex 7.000000000e+00 1.000000000e+00 1.150000000e+00
      vertex 7.115951568e+00 1.095158993e+00 1.150000000e+00
      vertex 7.109479611e+00 1.102538845e+00 1.150000000e+00
    endloop
  endfacet
  facet normal 7.518398075e-01 6.593458151e-01 0.000000000e+00
    outer loop
      vertex 7.115951568e+00 1.095158993e+00 8.500000000e-01
      vertex 7.109479611e+00 1.102538845e+00 8.500000000e-01
      vertex 7.109479611e+00 1.102538845e+00 1.150000000e+00
    endloop
  endfacet
  facet normal 7.518398075e-01 6.593458151e-01 -0.000000000e+00
    outer loop
      vertex 7.115951568e+00 1.095158993e+00 8.500000000e-01
      vertex 7.109479611e+00 1.102538845e+00 1.150000000e+00
      vertex 7.115951568e+00 1.095158993e+00 1.150000000e+00
    endloop
  endfacet
  facet normal 0.000000000e+00 0.000000000e+00 -1.000000000e+00
    outer loop
      vertex 7.000000000e+00 1.000000000e+00 8.500000000e-01
      vertex 7.102538845e+00 1.109479611e+00 8.500000000e-01
      vertex 7.109479611e+00 1.102538845e+00 8.500000000e-01
    endloop
  endfacet
  facet normal 0.000000000e+00 0.000000000e+00 1.000000000e+00
    outer loop
      vertex 7.000000000e+00 1.000000000e+00 1.150000000e+00
      vertex 7.109479611e+00 1.102538845e+00 1.150000000e+00
      vertex 7.102538845e+00 1.109479611e+00 1.150000000e+00
    endloop
  endfacet
  facet normal 7.071067812e-01 7.071067812e-01 0.000000000e+00
    outer loop
      vertex 7.109479611e+00 1.102538845e+00 8.500000000e-01
      vertex 7.102538845e+00 1.109479611e+00 8.500000000e-01
      vertex 7.102538845e+00 1.109479611e+00 1.150000000e+00
    endloop
  endfacet
  facet normal 7.071067812e-01 7.071067812e-01 -0.000000000e+00
    outer loop
      vertex 7.109479611e+00 1.102538845e+00 8.500000000e-01
      vertex 7.102538845e+00 1.109479611e+00 1.150000000e+00
      vertex 7.109479611e+00 1.102538845e+00 1.150000000e+00
    endloop
  endfacet
  facet normal 0.000000000e+00 0.000000000e+00 -1.000000000e+00
    outer loop
      vertex 7.000000000e+00 1.000000000e+00 8.500000000e-01
      vertex 7.095158993e+00 1.115951568e+00 8.500000000e-01
      vertex 7.102538845e+00 1.109479611e+00 8.500000000e-01
    endloop
  endfacet
  facet normal 0.000000000e+00 0.000000000e+00 1.000000000e+00
    outer loop
      vertex 7.000000000e+00 1.000000000e+00 1.150000000e+00
      vertex 7.102538845e+00 1.109479611e+00 1.150000000e+00
      vertex 7.095158993e+00 1.115951568e+00 1.150000000e+00
    endloop
  endfacet
  facet normal 6.593458151e-01 7.518398075e-01 0.000000000e+00
    outer loop
      vertex 7.102538845e+00 1.109479611e+00 8.500000000e-01
      vertex 7.095158993e+00 1.115951568e+00 8.500000000e-01
      vertex 7.095158993e+00 1.115951568e+00 1.150000000e+00
    endloop
  endfacet
  facet normal 6.593458151e-01 7.518398075e-01 -0.000000000e+00
    outer loop
      vertex 7.102538845e+00 1.109479611e+00 8.500000000e-01
      vertex 7.095158993e+00 1.115951568e+00 1.150000000e+00
      vertex 7.102538845e+00 1.109479611e+00 1.150000000e+00
    endloop
  endfacet
  facet normal 0.000000000e+00 0.000000000e+00 -1.000000000e+00
    outer loop
      vertex 7.000000000e+00 1.000000000e+00 8.500000000e-01
      vertex 7.087371655e+00 1.121927003e+00 8.500000000e-01
      vertex 7.095158993e+00 1.115951568e+00 8.500000000e-01
    endloop
  endfacet
  facet normal 0.000000000e+00 0.000000000e+00 1.000000000e+00
    outer loop
      vertex 7.000000000e+00 1.000000000e+00 1.150000000e+00
      vertex 7.095158993e+00 1.115951568e+00 1.150000000e+00
      vertex 7.087371655e+00 1.121927003e+00 1.150000000e+00
    endloop
  endfacet
  facet normal 6.087614290e-01 7.933533403e-01 0.000000000e+00
    outer loop
      vertex 7.095158993e+00 1.115951568e+00 8.500000000e-01
      vertex 7.087371655e+00 1.121927003e+00 8.500000000e-01
      vertex 7.087371655e+00 1.121927003e+00 1.150000000e+00
    endloop
  endfacet
  facet normal 6.087614290e-01 7.933533403e-01 -0.000000000e+00
    outer loop
      vertex 7.095158993e+00 1.115951568e+00 8.500000000e-01
      vertex 7.087371655e+00 1.121927003e+00 1.150000000e+00
      vertex 7.095158993e+00 1.115951568e+00 1.150000000e+00
    endloop
  endfacet
  facet normal 0.000000000e+00 0.000000000e+00 -1.000000000e+00
    outer loop
      vertex 7.000000000e+00 1.000000000e+00 8.500000000e-01
      vertex 7.079210178e+00 1.127380327e+00 8.500000000e-01
      vertex 7.087371655e+00 1.121927003e+00 8.500000000e-01
    endloop
  endfacet
  facet normal 0.000000000e+00 0.000000000e+00 1.000000000e+00
    outer loop
      vertex 7.000000000e+00 1.000000000e+00 1.150000000e+00
      vertex 7.087371655e+00 1.121927003e+00 1.150000000e+00
      vertex 7.079210178e+00 1.127380327e+00 1.150000000e+00
    endloop
  endfacet
  facet normal 5.555702330e-01 8.314696123e-01 0.000000000e+00
    outer loop
      vertex 7.087371655e+00 1.121927003e+00 8.500000000e-01
      vertex 7.079210178e+00 1.127380327e+00 8.500000000e-01
      vertex 7.079210178e+00 1.127380327e+00 1.150000000e+00
    endloop
  endfacet
  facet normal 5.555702330e-01 8.314696123e-01 -0.000000000e+00
    outer loop
      vertex 7.087371655e+00 1.121927003e+00 8.500000000e-01
      vertex 7.079210178e+00 1.127380327e+00 1.150000000e+00
      vertex 7.087371655e+00 1.121927003e+00 1.150000000e+00
    endloop
  endfacet
  facet normal 0.000000000e+00 0.000000000e+00 -1.000000000e+00
    outer loop
      vertex 7.000000000e+00 1.000000000e+00 8.500000000e-01
      vertex 7.070709511e+00 1.132288190e+00 8.500000000e-01
      vertex 7.079210178e+00 1.127380327e+00 8.500000000e-01
    endloop
  endfacet
  facet normal 0.000000000e+00 0.000000000e+00 1.000000000e+00
    outer loop
      vertex 7.000000000e+00 1.000000000e+00 1.150000000e+00
      vertex 7.079210178e+00 1.127380327e+00 1.150000000e+00
      vertex 7.070709511e+00 1.132288190e+00 1.150000000e+00
    endloop
  endfacet
  facet normal 5.000000000e-01 8.660254038e-01 0.000000000e+00
    outer loop
      vertex 7.079210178e+00 1.127380327e+00 8.500000000e-01
      vertex 7.070709511e+00 1.132288190e+00 8.500000000e-01
      vertex 7.070709511e+00 1.132288190e+00 1.150000000e+00
    endloop
  endfacet
  facet normal 5.000000000e-01 8.660254038e-01 -0.000000000e+00
    outer loop
      vertex 7.079210178e+00 1.127380327e+00 8.500000000e-01
      vertex 7.070709511e+00 1.132288190e+00 1.150000000e+00
      vertex 7.079210178e+00 1.127380327e+00 1.150000000e+00
    endloop
  endfacet
  facet normal 0.000000000e+00 0.000000000e+00 -1.000000000e+00
    outer loop
      vertex 7.000000000e+00 1.000000000e+00 8.500000000e-01
      vertex 7.061906054e+00 1.136629574e+00 8.500000000e-01
      vertex 7.070709511e+00 1.132288190e+00 8.500000000e-01
    endloop
  endfacet
  facet normal 0.000000000e+00 0.000000000e+00 1.000000000e+00
    outer loop
      vertex 7.000000000e+00 1.000000000e+00 1.150000000e+00
      vertex 7.070709511e+00 1.132288190e+00 1.150000000e+00
      vertex 7.061906054e+00 1.136629574e+00 1.150000000e+00
    endloop
  endfacet
  facet normal 4.422886902e-01 8.968727415e-01 0.000000000e+00
    outer loop
      vertex 7.070709511e+00 1.132288190e+00 8.500000000e-01
      vertex 7.061906054e+00 1.136629574e+00 8.500000000e-01
      vertex 7.061906054e+00 1.136629574e+00 1.150000000e+00
    endloop
  endfacet
  facet normal 4.422886902e-01 8.968727415e-01 -0.000000000e+00
    outer loop
      vertex 7.070709511e+00 1.132288190e+00 8.500000000e-01
      vertex 7.061906054e+00 1.136629574e+00 1.150000000e+00
      vertex 7.070709511e+00 1.132288190e+00 1.150000000e+00
    endloop
  endfacet
  facet normal 0.000000000e+00 0.000000000e+00 -1.000000000e+00
    outer loop
      vertex 7.000000000e+00 1.000000000e+00 8.500000000e-01
      vertex 7.052837507e+00 1.140385889e+00 8.500000000e-01
      vertex 7.061906054e+00 1.136629574e+00 8.500000000e-01
    endloop
  endfacet
  facet normal 0.000000000e+00 0.000000000e+00 1.000000000e+00
    outer loop
      vertex 7.000000000e+00 1.000000000e+00 1.150000000e+00
      vertex 7.061906054e+00 1.136629574e+00 1.150000000e+00
      vertex 7.052837507e+00 1.140385889e+00 1.150000000e+00
    endloop
  endfacet
  facet normal 3.826834324e-01 9.238795325e-01 0.000000000e+00
    outer loop
      vertex 7.061906054e+00 1.136629574e+00 8.500000000e-01
      vertex 7.052837507e+00 1.140385889e+00 8.500000000e-01
      vertex 7.052837507e+00 1.140385889e+00 1.150000000e+00
    endloop
  endfacet
  facet normal 3.826834324e-01 9.238795325e-01 -0.000000000e+00
    outer loop
      vertex 7.061906054e+00 1.136629574e+00 8.500000000e-01
      vertex 7.052837507e+00 1.140385889e+00 1.150000000e+00
      vertex 7.061906054e+00 1.136629574e+00 1.150000000e+00
    endloop
  endfacet
  facet normal 0.000000000e+00 0.000000000e+00 -1.000000000e+00
    outer loop
      vertex 7.000000000e+00 1.000000000e+00 8.500000000e-01
      vertex 7.043542702e+00 1.143541050e+00 8.500000000e-01
      vertex 7.052837507e+00 1.140385889e+00 8.500000000e-01
    endloop
  endfacet
  facet normal 0.000000000e+00 0.000000000e+00 1.000000000e+00
    outer loop
      vertex 7.000000000e+00 1.000000000e+00 1.150000000e+00
      vertex 7.052837507e+00 1.140385889e+00 1.150000000e+00
      vertex 7.043542702e+00 1.143541050e+00 1.150000000e+00
    endloop
  endfacet
  facet normal 3.214394653e-01 9.469301295e-01 0.000000000e+00
    outer loop
      vertex 7.052837507e+00 1.140385889e+00 8.500000000e-01
      vertex 7.043542702e+00 1.143541050e+00 8.500000000e-01
      vertex 7.043542702e+00 1.143541050e+00 1.150000000e+00
    endloop
  endfacet
  facet normal 3.214394653e-01 9.469301295e-01 -0.000000000e+00
    outer loop
      vertex 7.052837507e+00 1.140385889e+00 8.500000000e-01
      vertex 7.043542702e+00 1.143541050e+00 1.150000000e+00
      vertex 7.052837507e+00 1.140385889e+00 1.150000000e+00
    endloop
  endfacet
  facet normal 0.000000000e+00 0.000000000e+00 -1.000000000e+00
    outer loop
      vertex 7.000000000e+00 1.000000000e+00 8.500000000e-01
      vertex 7.034061439e+00 1.146081547e+00 8.500000000e-01
      vertex 7.043542702e+00 1.143541050e+00 8.500000000e-01
    endloop
  endfacet
  facet normal 0.000000000e+00 0.000000000e+00 1.000000000e+00
    outer loop
      vertex 7.000000000e+00 1.000000000e+00 1.150000000e+00
      vertex 7.043542702e+00 1.143541050e+00 1.150000000e+00
      vertex 7.034061439e+00 1.146081547e+00 1.150000000e+00
    endloop
  endfacet
  facet normal 2.588190451e-01 9.659258263e-01 0.000000000e+00
    outer loop
      vertex 7.043542702e+00 1.143541050e+00 8.500000000e-01
      vertex 7.034061439e+00 1.146081547e+00 8.500000000e-01
      vertex 7.034061439e+00 1.146081547e+00 1.150000000e+00
    endloop
  endfacet
  facet normal 2.588190451e-01 9.659258263e-01 -0.000000000e+00
    outer loop
      vertex 7.043542702e+00 1.143541050e+00 8.500000000e-01
      vertex 7.034061439e+00 1.146081547e+00 1.150000000e+00
      vertex 7.043542702e+00 1.143541050e+00 1.150000000e+00
    endloop
  endfacet
  facet normal 0.000000000e+00 0.000000000e+00 -1.000000000e+00
    outer loop
      vertex 7.000000000e+00 1.000000000e+00 8.500000000e-01
      vertex 7.024434321e+00 1.147996500e+00 8.500000000e-01
      vertex 7.034061439e+00 1.146081547e+00 8.500000000e-01
    endloop
  endfacet
  facet normal 0.000000000e+00 0.000000000e+00 1.000000000e+00
    outer loop
      vertex 7.000000000e+00 1.000000000e+00 1.150000000e+00
      vertex 7.034061439e+00 1.146081547e+00 1.150000000e+00
      vertex 7.024434321e+00 1.147996500e+00 1.150000000e+00
    endloop
  endfacet
  facet normal 1.950903220e-01 9.807852804e-01 0.000000000e+00
    outer loop
      vertex 7.034061439e+00 1.146081547e+00 8.500000000e-01
      vertex 7.024434321e+00 1.147996500e+00 8.500000000e-01
      vertex 7.024434321e+00 1.147996500e+00 1.150000000e+00
    endloop
  endfacet
  facet normal 1.950903220e-01 9.807852804e-01 -0.000000000e+00
    outer loop
      vertex 7.034061439e+00 1.146081547e+00 8.500000000e-01
      vertex 7.024434321e+00 1.147996500e+00 1.150000000e+00
      vertex 7.034061439e+00 1.146081547e+00 1.150000000e+00
    endloop
  endfacet
  facet normal 0.000000000e+00 0.000000000e+00 -1.000000000e+00
    outer loop
      vertex 7.000000000e+00 1.000000000e+00 8.500000000e-01
      vertex 7.014702571e+00 1.149277709e+00 8.500000000e-01
      vertex 7.024434321e+00 1.147996500e+00 8.500000000e-01
    endloop
  endfacet
  facet normal 0.000000000e+00 0.000000000e+00 1.000000000e+00
    outer loop
      vertex 7.000000000e+00 1.000000000e+00 1.150000000e+00
      vertex 7.024434321e+00 1.147996500e+00 1.150000000e+00
      vertex 7.014702571e+00 1.149277709e+00 1.150000000e+00
    endloop
  endfacet
  facet normal 1.305261922e-01 9.914448614e-01 0.000000000e+00
    outer loop
      vertex 7.024434321e+00 1.147996500e+00 8.500000000e-01
      vertex 7.014702571e+00 1.149277709e+00 8.500000000e-01
      vertex 7.014702571e+00 1.149277709e+00 1.150000000e+00
    endloop
  endfacet
  facet normal 1.305261922e-01 9.914448614e-01 -0.000000000e+00
    outer loop
      vertex 7.024434321e+00 1.147996500e+00 8.500000000e-01
      vertex 7.014702571e+00 1.149277709e+00 1.150000000e+00
      vertex 7.024434321e+00 1.147996500e+00 1.150000000e+00
    endloop
  endfacet
  facet normal 0.000000000e+00 0.000000000e+00 -1.000000000e+00
    outer loop
      vertex 7.000000000e+00 1.000000000e+00 8.500000000e-01
      vertex 7.004907862e+00 1.149919688e+00 8.500000000e-01
      vertex 7.014702571e+00 1.149277709e+00 8.500000000e-01
    endloop
  endfacet
  facet normal 0.000000000e+00 0.000000000e+00 1.000000000e+00
    outer loop
      vertex 7.000000000e+00 1.000000000e+00 1.150000000e+00
      vertex 7.014702571e+00 1.149277709e+00 1.150000000e+00
      vertex 7.004907862e+00 1.149919688e+00 1.150000000e+00
    endloop
  endfacet
  facet normal 6.540312923e-02 9.978589232e-01 0.000000000e+00
    outer loop
      vertex 7.014702571e+00 1.149277709e+00 8.500000000e-01
      vertex 7.004907862e+00 1.149919688e+00 8.500000000e-01
      vertex 7.004907862e+00 1.149919688e+00 1.150000000e+00
    endloop
  endfacet
  facet normal 6.540312923e-02 9.978589232e-01 -0.000000000e+00
    outer loop
      vertex 7.014702571e+00 1.149277709e+00 8.500000000e-01
      vertex 7.004907862e+00 1.149919688e+00 1.150000000e+00
      vertex 7.014702571e+00 1.149277709e+00 1.150000000e+00
    endloop
  endfacet
  facet normal 0.000000000e+00 0.000000000e+00 -1.000000000e+00
    outer loop
      vertex 7.000000000e+00 1.000000000e+00 8.500000000e-01
      vertex 6.995092138e+00 1.149919688e+00 8.500000000e-01
      vertex 7.004907862e+00 1.149919688e+00 8.500000000e-01
    endloop
  endfacet
  facet normal 0.000000000e+00 -0.000000000e+00 1.000000000e+00
    outer loop
      vertex 7.000000000e+00 1.000000000e+00 1.150000000e+00
      vertex 7.004907862e+00 1.149919688e+00 1.150000000e+00
      vertex 6.995092138e+00 1.149919688e+00 1.150000000e+00
    endloop
  endfacet
  facet normal 0.000000000e+00 1.000000000e+00 0.000000000e+00
    outer loop
      vertex 7.004907862e+00 1.149919688e+00 8.500000000e-01
      vertex 6.995092138e+00 1.149919688e+00 8.500000000e-01
      vertex 6.995092138e+00 1.149919688e+00 1.150000000e+00
    endloop
  endfacet
  facet normal 0.000000000e+00 1.000000000e+00 -0.000000000e+00
    outer loop
      vertex 7.004907862e+00 1.149919688e+00 8.500000000e-01
      vertex 6.995092138e+00 1.149919688e+00 1.150000000e+00
      vertex 7.004907862e+00 1.149919688e+00 1.150000000e+00
    endloop
  endfacet
  facet normal 0.000000000e+00 0.000000000e+00 -1.000000000e+00
    outer loop
      vertex 7.000000000e+00 1.000000000e+00 8.500000000e-01
      vertex 6.985297429e+00 1.149277709e+00 8.500000000e-01
      vertex 6.995092138e+00 1.149919688e+00 8.500000000e-01
    endloop
  endfacet
  facet normal 0.000000000e+00 0.000000000e+00 1.000000000e+00
    outer loop
      vertex 7.000000000e+00 1.000000000e+00 1.150000000e+00
      vertex 6.995092138e+00 1.149919688e+00 1.150000000e+00
      vertex 6.985297429e+00 1.149277709e+00 1.150000000e+00
    endloop
  endfacet
  facet normal -6.540312923e-02 9.978589232e-01 0.000000000e+00
    outer loop
      vertex 6.995092138e+00 1.149919688e+00 8.500000000e-01
      vertex 6.985297429e+00 1.149277709e+00 8.500000000e-01
      vertex 6.985297429e+00 1.149277709e+00 1.150000000e+00
    endloop
  endfacet
  facet normal -6.540312923e-02 9.978589232e-01 0.000000000e+00
    outer loop
      vertex 6.995092138e+00 1.149919688e+00 8.500000000e-01
      vertex 6.985297429e+00 1.149277709e+00 1.150000000e+00
      vertex 6.995092138e+00 1.149919688e+00 1.150000000e+00
    endloop
  endfacet
  facet normal 0.000000000e+00 0.000000000e+00 -1.000000000e+00
    outer loop
      vertex 7.000000000e+00 1.000000000e+00 8.500000000e-01
      vertex 6.975565679e+00 1.147996500e+00 8.500000000e-01
      vertex 6.985297429e+00 1.149277709e+00 8.500000000e-01
    endloop
  endfacet
  facet normal 0.000000000e+00 0.000000000e+00 1.000000000e+00
    outer loop
      vertex 7.000000000e+00 1.000000000e+00 1.150000000e+00
      vertex 6.985297429e+00 1.149277709e+00 1.150000000e+00
      vertex 6.975565679e+00 1.147996500e+00 1.150000000e+00
    endloop
  endfacet
  facet normal -1.305261922e-01 9.914448614e-01 0.000000000e+00
    outer loop
      vertex 6.985297429e+00 1.149277709e+00 8.500000000e-01
      vertex 6.975565679e+00 1.147996500e+00 8.500000000e-01
      vertex 6.975565679e+00 1.147996500e+00 1.150000000e+00
    endloop
  endfacet
  facet normal -1.305261922e-01 9.914448614e-01 0.000000000e+00
    outer loop
      vertex 6.985297429e+00 1.149277709e+00 8.500000000e-01
      vertex 6.975565679e+00 1.147996500e+00 1.150000000e+00
      vertex 6.985297429e+00 1.149277709e+00 1.150000000e+00
    endloop
  endfacet
  facet normal 0.000000000e+00 0.000000000e+00 -1.000000000e+00
    outer loop
      vertex 7.000000000e+00 1.000000000e+00 8.500000000e-01
      vertex 6.965938561e+00 1.146081547e+00 8.500000000e-01
      vertex 6.975565679e+00 1.147996500e+00 8.500000000e-01
    endloop
  endfacet
  facet normal 0.000000000e+00 0.000000000e+00 1.000000000e+00
    outer loop
      vertex 7.000000000e+00 1.000000000e+00 1.150000000e+00
      vertex 6.975565679e+00 1.147996500e+00 1.150000000e+00
      vertex 6.965938561e+00 1.146081547e+00 1.150000000e+00
    endloop
  endfacet
  facet normal -1.950903220e-01 9.807852804e-01 0.000000000e+00
    outer loop
      vertex 6.975565679e+00 1.147996500e+00 8.500000000e-01
      vertex 6.965938561e+00 1.146081547e+00 8.500000000e-01
      vertex 6.965938561e+00 1.146081547e+00 1.150000000e+00
    endloop
  endfacet
  facet normal -1.950903220e-01 9.807852804e-01 0.000000000e+00
    outer loop
      vertex 6.975565679e+00 1.147996500e+00 8.500000000e-01
      vertex 6.965938561e+00 1.146081547e+00 1.150000000e+00
      vertex 6.975565679e+00 1.147996500e+00 1.150000000e+00
    endloop
  endfacet
  facet normal 0.000000000e+00 0.000000000e+00 -1.000000000e+00
    outer loop
      vertex 7.000000000e+00 1.000000000e+00 8.500000000e-01
      vertex 6.956457298e+00 1.143541050e+00 8.500000000e-01
      vertex 6.965938561e+00 1.146081547e+00 8.500000000e-01
    endloop
  endfacet
  facet normal 0.000000000e+00 0.000000000e+00 1.000000000e+00
    outer loop
      vertex 7.000000000e+00 1.000000000e+00 1.150000000e+00
      vertex 6.965938561e+00 1.146081547e+00 1.150000000e+00
      vertex 6.956457298e+00 1.143541050e+00 1.150000000e+00
    endloop
  endfacet
  facet normal -2.588190451e-01 9.659258263e-01 0.000000000e+00
    outer loop
      vertex 6.965938561e+00 1.146081547e+00 8.500000000e-01
      vertex 6.956457298e+00 1.143541050e+00 8.500000000e-01
      vertex 6.956457298e+00 1.143541050e+00 1.150000000e+00
    endloop
  endfacet
  facet normal -2.588190451e-01 9.659258263e-01 0.000000000e+00
    outer loop
      vertex 6.965938561e+00 1.146081547e+00 8.500000000e-01
      vertex 6.956457298e+00 1.143541050e+00 1.150000000e+00
      vertex 6.965938561e+00 1.146081547e+00 1.150000000e+00
    endloop
  endfacet
  facet normal 0.000000000e+00 0.000000000e+00 -1.000000000e+00
    outer loop
      vertex 7.000000000e+00 1.000000000e+00 8.500000000e-01
      vertex 6.947162493e+00 1.140385889e+00 8.500000000e-01
      vertex 6.956457298e+00 1.143541050e+00 8.500000000e-01
    endloop
  endfacet
  facet normal 0.000000000e+00 0.000000000e+00 1.000000000e+00
    outer loop
      vertex 7.000000000e+00 1.000000000e+00 1.150000000e+00
      vertex 6.956457298e+00 1.143541050e+00 1.150000000e+00
      vertex 6.947162493e+00 1.140385889e+00 1.150000000e+00
    endloop
  endfacet
  facet normal -3.214394653e-01 9.469301295e-01 0.000000000e+00
    outer loop
      vertex 6.956457298e+00 1.143541050e+00 8.500000000e-01
      vertex 6.947162493e+00 1.140385889e+00 8.500000000e-01
      vertex 6.947162493e+00 1.140385889e+00 1.150000000e+00
    endloop
  endfacet
  facet normal -3.214394653e-01 9.469301295e-01 0.000000000e+00
    outer loop
      vertex 6.956457298e+00 1.143541050e+00 8.500000000e-01
      vertex 6.947162493e+00 1.140385889e+00 1.150000000e+00
      vertex 6.956457298e+00 1.143541050e+00 1.150000000e+00
    endloop
  endfacet
  facet normal 0.000000000e+00 0.000000000e+00 -1.000000000e+00
    outer loop
      vertex 7.000000000e+00 1.000000000e+00 8.500000000e-01
      vertex 6.938093946e+00 1.136629574e+00 8.500000000e-01
      vertex 6.947162493e+00 1.140385889e+00 8.500000000e-01
    endloop
  endfacet
  facet normal 0.000000000e+00 0.000000000e+00 1.000000000e+00
    outer loop
      vertex 7.000000000e+00 1.000000000e+00 1.150000000e+00
      vertex 6.947162493e+00 1.140385889e+00 1.150000000e+00
      vertex 6.938093946e+00 1.136629574e+00 1.150000000e+00
    endloop
  endfacet
  facet normal -3.826834324e-01 9.238795325e-01 0.000000000e+00
    outer loop
      vertex 6.947162493e+00 1.140385889e+00 8.500000000e-01
      vertex 6.938093946e+00 1.136629574e+00 8.500000000e-01
      vertex 6.938093946e+00 1.136629574e+00 1.150000000e+00
    endloop
  endfacet
  facet normal -3.826834324e-01 9.238795325e-01 0.000000000e+00
    outer loop
      vertex 6.947162493e+00 1.140385889e+00 8.500000000e-01
      vertex 6.938093946e+00 1.136629574e+00 1.150000000e+00
      vertex 6.947162493e+00 1.140385889e+00 1.150000000e+00
    endloop
  endfacet
  facet normal 0.000000000e+00 0.000000000e+00 -1.000000000e+00
    outer loop
      vertex 7.000000000e+00 1.000000000e+00 8.500000000e-01
      vertex 6.929290489e+00 1.132288190e+00 8.500000000e-01
      vertex 6.938093946e+00 1.136629574e+00 8.500000000e-01
    endloop
  endfacet
  facet normal 0.000000000e+00 0.000000000e+00 1.000000000e+00
    outer loop
      vertex 7.000000000e+00 1.000000000e+00 1.150000000e+00
      vertex 6.938093946e+00 1.136629574e+00 1.150000000e+00
      vertex 6.929290489e+00 1.132288190e+00 1.150000000e+00
    endloop
  endfacet
  facet normal -4.422886902e-01 8.968727415e-01 0.000000000e+00
    outer loop
      vertex 6.938093946e+00 1.136629574e+00 8.500000000e-01
      vertex 6.929290489e+00 1.132288190e+00 8.500000000e-01
      vertex 6.929290489e+00 1.132288190e+00 1.150000000e+00
    endloop
  endfacet
  facet normal -4.422886902e-01 8.968727415e-01 0.000000000e+00
    outer loop
      vertex 6.938093946e+00 1.136629574e+00 8.500000000e-01
      vertex 6.929290489e+00 1.132288190e+00 1.150000000e+00
      vertex 6.938093946e+00 1.136629574e+00 1.150000000e+00
    endloop
  endfacet
  facet normal 0.000000000e+00 0.000000000e+00 -1.000000000e+00
    outer loop
      vertex 7.000000000e+00 1.000000000e+00 8.500000000e-01
      vertex 6.920789822e+00 1.127380327e+00 8.500000000e-01
      vertex 6.929290489e+00 1.132288190e+00 8.500000000e-01
    endloop
  endfacet
  facet normal 0.000000000e+00 0.000000000e+00 1.000000000e+00
    outer loop
      vertex 7.000000000e+00 1.000000000e+00 1.150000000e+00
      vertex 6.929290489e+00 1.132288190e+00 1.150000000e+00
      vertex 6.920789822e+00 1.127380327e+00 1.150000000e+00
    endloop
  endfacet
  facet normal -5.000000000e-01 8.660254038e-01 0.000000000e+00
    outer loop
      vertex 6.929290489e+00 1.132288190e+00 8.500000000e-01
      vertex 6.920789822e+00 1.127380327e+00 8.500000000e-01
      vertex 6.920789822e+00 1.127380327e+00 1.150000000e+00
    endloop
  endfacet
  facet normal -5.000000000e-01 8.660254038e-01 0.000000000e+00
    outer loop
      vertex 6.929290489e+00 1.132288190e+00 8.500000000e-01
      vertex 6.920789822e+00 1.127380327e+00 1.150000000e+00
      vertex 6.929290489e+00 1.132288190e+00 1.150000000e+00
    endloop
  endfacet
  facet normal 0.000000000e+00 0.000000000e+00 -1.000000000e+00
    outer loop
      vertex 7.000000000e+00 1.000000000e+00 8.500000000e-01
      vertex 6.912628345e+00 1.121927003e+00 8.500000000e-01
      vertex 6.920789822e+00 1.127380327e+00 8.500000000e-01
    endloop
  endfacet
  facet normal 0.000000000e+00 0.000000000e+00 1.000000000e+00
    outer loop
      vertex 7.000000000e+00 1.000000000e+00 1.150000000e+00
      vertex 6.920789822e+00 1.127380327e+00 1.150000000e+00
      vertex 6.912628345e+00 1.121927003e+00 1.150000000e+00
    endloop
  endfacet
  facet normal -5.555702330e-01 8.314696123e-01 0.000000000e+00
    outer loop
      vertex 6.920789822e+00 1.127380327e+00 8.500000000e-01
      vertex 6.912628345e+00 1.121927003e+00 8.500000000e-01
      vertex 6.912628345e+00 1.121927003e+00 1.150000000e+00
    endloop
  endfacet
  facet normal -5.555702330e-01 8.314696123e-01 0.000000000e+00
    outer loop
      vertex 6.920789822e+00 1.127380327e+00 8.500000000e-01
      vertex 6.912628345e+00 1.121927003e+00 1.150000000e+00
      vertex 6.920789822e+00 1.127380327e+00 1.150000000e+00
    endloop
  endfacet
  facet normal 0.000000000e+00 0.000000000e+00 -1.000000000e+00
    outer loop
      vertex 7.000000000e+00 1.000000000e+00 8.500000000e-01
      vertex 6.904841007e+00 1.115951568e+00 8.500000000e-01
      vertex 6.912628345e+00 1.121927003e+00 8.500000000e-01
    endloop
  endfacet
  facet normal 0.000000000e+00 0.000000000e+00 1.000000000e+00
    outer loop
      vertex 7.000000000e+00 1.000000000e+00 1.150000000e+00
      vertex 6.912628345e+00 1.121927003e+00 1.150000000e+00
      vertex 6.904841007e+00 1.115951568e+00 1.150000000e+00
    endloop
  endfacet
  facet normal -6.087614290e-01 7.933533403e-01 0.000000000e+00
    outer loop
      vertex 6.912628345e+00 1.121927003e+00 8.500000000e-01
      vertex 6.904841007e+00 1.115951568e+00 8.500000000e-01
      vertex 6.904841007e+00 1.115951568e+00 1.150000000e+00
    endloop
  endfacet
  facet normal -6.087614290e-01 7.933533403e-01 0.000000000e+00
    outer loop
      vertex 6.912628345e+00 1.121927003e+00 8.500000000e-01
      vertex 6.904841007e+00 1.115951568e+00 1.150000000e+00
      vertex 6.912628345e+00 1.121927003e+00 1.150000000e+00
    endloop
  endfacet
  facet normal 0.000000000e+00 0.000000000e+00 -1.000000000e+00
    outer loop
      vertex 7.000000000e+00 1.000000000e+00 8.500000000e-01
      vertex 6.897461155e+00 1.109479611e+00 8.500000000e-01
      vertex 6.904841007e+00 1.115951568e+00 8.500000000e-01
    endloop
  endfacet
  facet normal 0.000000000e+00 0.000000000e+00 1.000000000e+00
    outer loop
      vertex 7.000000000e+00 1.000000000e+00 1.150000000e+00
      vertex 6.904841007e+00 1.115951568e+00 1.150000000e+00
      vertex 6.897461155e+00 1.109479611e+00 1.150000000e+00
    endloop
  endfacet
  facet normal -6.593458151e-01 7.518398075e-01 0.000000000e+00
    outer loop
      vertex 6.904841007e+00 1.115951568e+00 8.500000000e-01
      vertex 6.897461155e+00 1.109479611e+00 8.500000000e-01
      vertex 6.897461155e+00 1.109479611e+00 1.150000000e+00
    endloop
  endfacet
  facet normal -6.593458151e-01 7.518398075e-01 0.000000000e+00
    outer loop
      vertex 6.904841007e+00 1.115951568e+00 8.500000000e-01
      vertex 6.897461155e+00 1.109479611e+00 1.150000000e+00
      vertex 6.904841007e+00 1.115951568e+00 1.150000000e+00
    endloop
  endfacet
  facet normal 0.000000000e+00 0.000000000e+00 -1.000000000e+00
    outer loop
      vertex 7.000000000e+00 1.000000000e+00 8.500000000e-01
      vertex 6.890520389e+00 1.102538845e+00 8.500000000e-01
      vertex 6.897461155e+00 1.109479611e+00 8.500000000e-01
    endloop
  endfacet
  facet normal 0.000000000e+00 0.000000000e+00 1.000000000e+00
    outer loop
      vertex 7.000000000e+00 1.000000000e+00 1.150000000e+00
      vertex 6.897461155e+00 1.109479611e+00 1.150000000e+00
      vertex 6.890520389e+00 1.102538845e+00 1.150000000e+00
    endloop
  endfacet
  facet normal -7.071067812e-01 7.071067812e-01 0.000000000e+00
    outer loop
      vertex 6.897461155e+00 1.109479611e+00 8.500000000e-01
      vertex 6.890520389e+00 1.102538845e+00 8.500000000e-01
      vertex 6.890520389e+00 1.102538845e+00 1.150000000e+00
    endloop
  endfacet
  facet normal -7.071067812e-01 7.071067812e-01 0.000000000e+00
    outer loop
      vertex 6.897461155e+00 1.109479611e+00 8.500000000e-01
      vertex 6.890520389e+00 1.102538845e+00 1.150000000e+00
      vertex 6.897461155e+00 1.109479611e+00 1.150000000e+00
    endloop
  endfacet
  facet normal 0.000000000e+00 0.000000000e+00 -1.000000000e+00
    outer loop
      vertex 7.000000000e+00 1.000000000e+00 8.500000000e-01
      vertex 6.884048432e+00 1.095158993e+00 8.500000000e-01
      vertex 6.890520389e+00 1.102538845e+00 8.500000000e-01
    endloop
  endfacet
  facet normal 0.000000000e+00 0.000000000e+00 1.000000000e+00
    outer loop
      vertex 7.000000000e+00 1.000000000e+00 1.150000000e+00
      vertex 6.890520389e+00 1.102538845e+00 1.150000000e+00
      vertex 6.884048432e+00 1.095158993e+00 1.150000000e+00
    endloop
  endfacet
  facet normal -7.518398075e-01 6.593458151e-01 0.000000000e+00
    outer loop
      vertex 6.890520389e+00 1.102538845e+00 8.500000000e-01
      vertex 6.884048432e+00 1.095158993e+00 8.500000000e-01
      vertex 6.884048432e+00 1.095158993e+00 1.150000000e+00
    endloop
  endfacet
  facet normal -7.518398075e-01 6.593458151e-01 0.000000000e+00
    outer loop
      vertex 6.890520389e+00 1.102538845e+00 8.500000000e-01
      vertex 6.884048432e+00 1.095158993e+00 1.150000000e+00
      vertex 6.890520389e+00 1.102538845e+00 1.150000000e+00
    endloop
  endfacet
  facet normal 0.000000000e+00 0.000000000e+00 -1.000000000e+00
    outer loop
      vertex 7.000000000e+00 1.000000000e+00 8.500000000e-01
      vertex 6.878072997e+00 1.087371655e+00 8.500000000e-01
      vertex 6.884048432e+00 1.095158993e+00 8.500000000e-01
    endloop
  endfacet
  facet normal 0.000000000e+00 0.000000000e+00 1.000000000e+00
    outer loop
      vertex 7.000000000e+00 1.000000000e+00 1.150000000e+00
      vertex 6.884048432e+00 1.095158993e+00 1.150000000e+00
      vertex 6.878072997e+00 1.087371655e+00 1.150000000e+00
    endloop
  endfacet
  facet normal -7.933533403e-01 6.087614290e-01 0.000000000e+00
    outer loop
      vertex 6.884048432e+00 1.095158993e+00 8.500000000e-01
      vertex 6.878072997e+00 1.087371655e+00 8.500000000e-01
      vertex 6.878072997e+00 1.087371655e+00 1.150000000e+00
    endloop
  endfacet
  facet normal -7.933533403e-01 6.087614290e-01 0.000000000e+00
    outer loop
      vertex 6.884048432e+00 1.095158993e+00 8.500000000e-01
      vertex 6.878072997e+00 1.087371655e+00 1.150000000e+00
      vertex 6.884048432e+00 1.095158993e+00 1.150000000e+00
    endloop
  endfacet
  facet normal 0.000000000e+00 0.000000000e+00 -1.000000000e+00
    outer loop
      vertex 7.000000000e+00 1.000000000e+00 8.500000000e-01
      vertex 6.872619673e+00 1.079210178e+00 8.500000000e-01
      vertex 6.878072997e+00 1.087371655e+00 8.500000000e-01
    endloop
  endfacet
  facet normal 0.000000000e+00 0.000000000e+00 1.000000000e+00
    outer loop
      vertex 7.000000000e+00 1.000000000e+00 1.150000000e+00
      vertex 6.878072997e+00 1.087371655e+00 1.150000000e+00
      vertex 6.872619673e+00 1.079210178e+00 1.150000000e+00
    endloop
  endfacet
  facet normal -8.314696123e-01 5.555702330e-01 0.000000000e+00
    outer loop
      vertex 6.878072997e+00 1.087371655e+00 8.500000000e-01
      vertex 6.872619673e+00 1.079210178e+00 8.500000000e-01
      vertex 6.872619673e+00 1.079210178e+00 1.150000000e+00
    endloop
  endfacet
  facet normal -8.314696123e-01 5.555702330e-01 0.000000000e+00
    outer loop
      vertex 6.878072997e+00 1.087371655e+00 8.500000000e-01
      vertex 6.872619673e+00 1.079210178e+00 1.150000000e+00
      vertex 6.878072997e+00 1.087371655e+00 1.150000000e+00
    endloop
  endfacet
  facet normal 0.000000000e+00 0.000000000e+00 -1.000000000e+00
    outer loop
      vertex 7.000000000e+00 1.000000000e+00 8.500000000e-01
      vertex 6.867711810e+00 1.070709511e+00 8.500000000e-01
      vertex 6.872619673e+00 1.079210178e+00 8.500000000e-01
    endloop
  endfacet
  facet normal 0.000000000e+00 0.000000000e+00 1.000000000e+00
    outer loop
      vertex 7.000000000e+00 1.000000000e+00 1.150000000e+00
      vertex 6.872619673e+00 1.079210178e+00 1.150000000e+00
      vertex 6.867711810e+00 1.070709511e+00 1.150000000e+00
    endloop
  endfacet
  facet normal -8.660254038e-01 5.000000000e-01 0.000000000e+00
    outer loop
      vertex 6.872619673e+00 1.079210178e+00 8.500000000e-01
      vertex 6.867711810e+00 1.070709511e+00 8.500000000e-01
      vertex 6.867711810e+00 1.070709511e+00 1.150000000e+00
    endloop
  endfacet
  facet normal -8.660254038e-01 5.000000000e-01 0.000000000e+00
    outer loop
      vertex 6.872619673e+00 1.079210178e+00 8.500000000e-01
      vertex 6.867711810e+00 1.070709511e+00 1.150000000e+00
      vertex 6.872619673e+00 1.079210178e+00 1.150000000e+00
    endloop
  endfacet
  facet normal 0.000000000e+00 0.000000000e+00 -1.000000000e+00
    outer loop
      vertex 7.000000000e+00 1.000000000e+00 8.500000000e-01
      vertex 6.863370426e+00 1.061906054e+00 8.500000000e-01
      vertex 6.867711810e+00 1.070709511e+00 8.500000000e-01
    endloop
  endfacet
  facet normal 0.000000000e+00 0.000000000e+00 1.000000000e+00
    outer loop
      vertex 7.000000000e+00 1.000000000e+00 1.150000000e+00
      vertex 6.867711810e+00 1.070709511e+00 1.150000000e+00
      vertex 6.863370426e+00 1.061906054e+00 1.150000000e+00
    endloop
  endfacet
  facet normal -8.968727415e-01 4.422886902e-01 0.000000000e+00
    outer loop
      vertex 6.867711810e+00 1.070709511e+00 8.500000000e-01
      vertex 6.863370426e+00 1.061906054e+00 8.500000000e-01
      vertex 6.863370426e+00 1.061906054e+00 1.150000000e+00
    endloop
  endfacet
  facet normal -8.968727415e-01 4.422886902e-01 0.000000000e+00
    outer loop
      vertex 6.867711810e+00 1.070709511e+00 8.500000000e-01
      vertex 6.863370426e+00 1.061906054e+00 1.150000000e+00
      vertex 6.867711810e+00 1.070709511e+00 1.150000000e+00
    endloop
  endfacet
  facet normal 0.000000000e+00 0.000000000e+00 -1.000000000e+00
    outer loop
      vertex 7.000000000e+00 1.000000000e+00 8.500000000e-01
      vertex 6.859614111e+00 1.052837507e+00 8.500000000e-01
      vertex 6.863370426e+00 1.061906054e+00 8.500000000e-01
    endloop
  endfacet
  facet normal 0.000000000e+00 0.000000000e+00 1.000000000e+00
    outer loop
      vertex 7.000000000e+00 1.000000000e+00 1.150000000e+00
      vertex 6.863370426e+00 1.061906054e+00 1.150000000e+00
      vertex 6.859614111e+00 1.052837507e+00 1.150000000e+00
    endloop
  endfacet
  facet normal -9.238795325e-01 3.826834324e-01 0.000000000e+00
    outer loop
      vertex 6.863370426e+00 1.061906054e+00 8.500000000e-01
      vertex 6.859614111e+00 1.052837507e+00 8.500000000e-01
      vertex 6.859614111e+00 1.052837507e+00 1.150000000e+00
    endloop
  endfacet
  facet normal -9.238795325e-01 3.826834324e-01 0.000000000e+00
    outer loop
      vertex 6.863370426e+00 1.061906054e+00 8.500000000e-01
      vertex 6.859614111e+00 1.052837507e+00 1.150000000e+00
      vertex 6.863370426e+00 1.061906054e+00 1.150000000e+00
    endloop
  endfacet
  facet normal 0.000000000e+00 0.000000000e+00 -1.000000000e+00
    outer loop
      vertex 7.000000000e+00 1.000000000e+00 8.500000000e-01
      vertex 6.856458950e+00 1.043542702e+00 8.500000000e-01
      vertex 6.859614111e+00 1.052837507e+00 8.500000000e-01
    endloop
  endfacet
  facet normal 0.000000000e+00 0.000000000e+00 1.000000000e+00
    outer loop
      vertex 7.000000000e+00 1.000000000e+00 1.150000000e+00
      vertex 6.859614111e+00 1.052837507e+00 1.150000000e+00
      vertex 6.856458950e+00 1.043542702e+00 1.150000000e+00
    endloop
  endfacet
  facet normal -9.469301295e-01 3.214394653e-01 0.000000000e+00
    outer loop
      vertex 6.859614111e+00 1.052837507e+00 8.500000000e-01
      vertex 6.856458950e+00 1.043542702e+00 8.500000000e-01
      vertex 6.856458950e+00 1.043542702e+00 1.150000000e+00
    endloop
  endfacet
  facet normal -9.469301295e-01 3.214394653e-01 0.000000000e+00
    outer loop
      vertex 6.859614111e+00 1.052837507e+00 8.500000000e-01
      vertex 6.856458950e+00 1.043542702e+00 1.150000000e+00
      vertex 6.859614111e+00 1.052837507e+00 1.150000000e+00
    endloop
  endfacet
  facet normal 0.000000000e+00 0.000000000e+00 -1.000000000e+00
    outer loop
      vertex 7.000000000e+00 1.000000000e+00 8.500000000e-01
      vertex 6.853918453e+00 1.034061439e+00 8.500000000e-01
      vertex 6.856458950e+00 1.043542702e+00 8.500000000e-01
    endloop
  endfacet
  facet normal 0.000000000e+00 0.000000000e+00 1.000000000e+00
    outer loop
      vertex 7.000000000e+00 1.000000000e+00 1.150000000e+00
      vertex 6.856458950e+00 1.043542702e+00 1.150000000e+00
      vertex 6.853918453e+00 1.034061439e+00 1.150000000e+00
    endloop
  endfacet
  facet normal -9.659258263e-01 2.588190451e-01 0.000000000e+00
    outer loop
      vertex 6.856458950e+00 1.043542702e+00 8.500000000e-01
      vertex 6.853918453e+00 1.034061439e+00 8.500000000e-01
      vertex 6.853918453e+00 1.034061439e+00 1.150000000e+00
    endloop
  endfacet
  facet normal -9.659258263e-01 2.588190451e-01 0.000000000e+00
    outer loop
      vertex 6.856458950e+00 1.043542702e+00 8.500000000e-01
      vertex 6.853918453e+00 1.034061439e+00 1.150000000e+00
      vertex 6.856458950e+00 1.043542702e+00 1.150000000e+00
    endloop
  endfacet
  facet normal 0.000000000e+00 0.000000000e+00 -1.000000000e+00
    outer loop
      vertex 7.000000000e+00 1.000000000e+00 8.500000000e-01
      vertex 6.852003500e+00 1.024434321e+00 8.500000000e-01
      vertex 6.853918453e+00 1.034061439e+00 8.500000000e-01
    endloop
  endfacet
  facet normal 0.000000000e+00 0.000000000e+00 1.000000000e+00
    outer loop
      vertex 7.000000000e+00 1.000000000e+00 1.150000000e+00
      vertex 6.853918453e+00 1.034061439e+00 1.150000000e+00
      vertex 6.852003500e+00 1.024434321e+00 1.150000000e+00
    endloop
  endfacet
  facet normal -9.807852804e-01 1.950903220e-01 0.000000000e+00
    outer loop
      vertex 6.853918453e+00 1.034061439e+00 8.500000000e-01
      vertex 6.852003500e+00 1.024434321e+00 8.500000000e-01
      vertex 6.852003500e+00 1.024434321e+00 1.150000000e+00
    endloop
  endfacet
  facet normal -9.807852804e-01 1.950903220e-01 0.000000000e+00
    outer loop
      vertex 6.853918453e+00 1.034061439e+00 8.500000000e-01
      vertex 6.852003500e+00 1.024434321e+00 1.150000000e+00
      vertex 6.853918453e+00 1.034061439e+00 1.150000000e+00
    endloop
  endfacet
  facet normal 0.000000000e+00 0.000000000e+00 -1.000000000e+00
    outer loop
      vertex 7.000000000e+00 1.000000000e+00 8.500000000e-01
      vertex 6.850722291e+00 1.014702571e+00 8.500000000e-01
      vertex 6.852003500e+00 1.024434321e+00 8.500000000e-01
    endloop
  endfacet
  facet normal 0.000000000e+00 0.000000000e+00 1.000000000e+00
    outer loop
      vertex 7.000000000e+00 1.000000000e+00 1.150000000e+00
      vertex 6.852003500e+00 1.024434321e+00 1.150000000e+00
      vertex 6.850722291e+00 1.014702571e+00 1.150000000e+00
    endloop
  endfacet
  facet normal -9.914448614e-01 1.305261922e-01 0.000000000e+00
    outer loop
      vertex 6.852003500e+00 1.024434321e+00 8.500000000e-01
      vertex 6.850722291e+00 1.014702571e+00 8.500000000e-01
      vertex 6.850722291e+00 1.014702571e+00 1.150000000e+00
    endloop
  endfacet
  facet normal -9.914448614e-01 1.305261922e-01 0.000000000e+00
    outer loop
      vertex 6.852003500e+00 1.024434321e+00 8.500000000e-01
      vertex 6.850722291e+00 1.014702571e+00 1.150000000e+00
      vertex 6.852003500e+00 1.024434321e+00 1.150000000e+00
    endloop
  endfacet
  facet normal 0.000000000e+00 0.000000000e+00 -1.000000000e+00
    outer loop
      vertex 7.000000000e+00 1.000000000e+00 8.500000000e-01
      vertex 6.850080312e+00 1.004907862e+00 8.500000000e-01
      vertex 6.850722291e+00 1.014702571e+00 8.500000000e-01
    endloop
  endfacet
  facet normal 0.000000000e+00 0.000000000e+00 1.000000000e+00
    outer loop
      vertex 7.000000000e+00 1.000000000e+00 1.150000000e+00
      vertex 6.850722291e+00 1.014702571e+00 1.150000000e+00
      vertex 6.850080312e+00 1.004907862e+00 1.150000000e+00
    endloop
  endfacet
  facet normal -9.978589232e-01 6.540312923e-02 0.000000000e+00
    outer loop
      vertex 6.850722291e+00 1.014702571e+00 8.500000000e-01
      vertex 6.850080312e+00 1.004907862e+00 8.500000000e-01
      vertex 6.850080312e+00 1.004907862e+00 1.150000000e+00
    endloop
  endfacet
  facet normal -9.978589232e-01 6.540312923e-02 0.000000000e+00
    outer loop
      vertex 6.850722291e+00 1.014702571e+00 8.500000000e-01
      vertex 6.850080312e+00 1.004907862e+00 1.150000000e+00
      vertex 6.850722291e+00 1.014702571e+00 1.150000000e+00
    endloop
  endfacet
  facet normal -0.000000000e+00 0.000000000e+00 -1.000000000e+00
    outer loop
      vertex 7.000000000e+00 1.000000000e+00 8.500000000e-01
      vertex 6.850080312e+00 9.950921376e-01 8.500000000e-01
      vertex 6.850080312e+00 1.004907862e+00 8.500000000e-01
    endloop
  endfacet
  facet normal 0.000000000e+00 0.000000000e+00 1.000000000e+00
    outer loop
      vertex 7.000000000e+00 1.000000000e+00 1.150000000e+00
      vertex 6.850080312e+00 1.004907862e+00 1.150000000e+00
      vertex 6.850080312e+00 9.950921376e-01 1.150000000e+00
    endloop
  endfacet
  facet normal -1.000000000e+00 0.000000000e+00 0.000000000e+00
    outer loop
      vertex 6.850080312e+00 1.004907862e+00 8.500000000e-01
      vertex 6.850080312e+00 9.950921376e-01 8.500000000e-01
      vertex 6.850080312e+00 9.950921376e-01 1.150000000e+00
    endloop
  endfacet
  facet normal -1.000000000e+00 0.000000000e+00 0.000000000e+00
    outer loop
      vertex 6.850080312e+00 1.004907862e+00 8.500000000e-01
      vertex 6.850080312e+00 9.950921376e-01 1.150000000e+00
      vertex 6.850080312e+00 1.004907862e+00 1.150000000e+00
    endloop
  endfacet
  facet normal 0.000000000e+00 0.000000000e+00 -1.000000000e+00
    outer loop
      vertex 7.000000000e+00 1.000000000e+00 8.500000000e-01
      vertex 6.850722291e+00 9.852974290e-01 8.500000000e-01
      vertex 6.850080312e+00 9.950921376e-01 8.500000000e-01
    endloop
  endfacet
  facet normal 0.000000000e+00 0.000000000e+00 1.000000000e+00
    outer loop
      vertex 7.000000000e+00 1.000000000e+00 1.150000000e+00
      vertex 6.850080312e+00 9.950921376e-01 1.150000000e+00
      vertex 6.850722291e+00 9.852974290e-01 1.150000000e+00
    endloop
  endfacet
  facet normal -9.978589232e-01 -6.540312923e-02 0.000000000e+00
    outer loop
      vertex 6.850080312e+00 9.950921376e-01 8.500000000e-01
      vertex 6.850722291e+00 9.852974290e-01 8.500000000e-01
      vertex 6.850722291e+00 9.852974290e-01 1.150000000e+00
    endloop
  endfacet
  facet normal -9.978589232e-01 -6.540312923e-02 0.000000000e+00
    outer loop
      vertex 6.850080312e+00 9.950921376e-01 8.500000000e-01
      vertex 6.850722291e+00 9.852974290e-01 1.150000000e+00
      vertex 6.850080312e+00 9.950921376e-01 1.150000000e+00
    endloop
  endfacet
  facet normal 0.000000000e+00 0.000000000e+00 -1.000000000e+00
    outer loop
      vertex 7.000000000e+00 1.000000000e+00 8.500000000e-01
      vertex 6.852003500e+00 9.755656790e-01 8.500000000e-01
      vertex 6.850722291e+00 9.852974290e-01 8.500000000e-01
    endloop
  endfacet
  facet normal 0.000000000e+00 0.000000000e+00 1.000000000e+00
    outer loop
      vertex 7.000000000e+00 1.000000000e+00 1.150000000e+00
      vertex 6.850722291e+00 9.852974290e-01 1.150000000e+00
      vertex 6.852003500e+00 9.755656790e-01 1.150000000e+00
    endloop
  endfacet
  facet normal -9.914448614e-01 -1.305261922e-01 0.000000000e+00
    outer loop
      vertex 6.850722291e+00 9.852974290e-01 8.500000000e-01
      vertex 6.852003500e+00 9.755656790e-01 8.500000000e-01
      vertex 6.852003500e+00 9.755656790e-01 1.150000000e+00
    endloop
  endfacet
  facet normal -9.914448614e-01 -1.305261922e-01 0.000000000e+00
    outer loop
      vertex 6.850722291e+00 9.852974290e-01 8.500000000e-01
      vertex 6.852003500e+00 9.755656790e-01 1.150000000e+00
      vertex 6.850722291e+00 9.852974290e-01 1.150000000e+00
    endloop
  endfacet
  facet normal 0.000000000e+00 0.000000000e+00 -1.000000000e+00
    outer loop
      vertex 7.000000000e+00 1.000000000e+00 8.500000000e-01
      vertex 6.853918453e+00 9.659385605e-01 8.500000000e-01
      vertex 6.852003500e+00 9.755656790e-01 8.500000000e-01
    endloop
  endfacet
  facet normal 0.000000000e+00 0.000000000e+00 1.000000000e+00
    outer loop
      vertex 7.000000000e+00 1.000000000e+00 1.150000000e+00
      vertex 6.852003500e+00 9.755656790e-01 1.150000000e+00
      vertex 6.853918453e+00 9.659385605e-01 1.150000000e+00
    endloop
  endfacet
  facet normal -9.807852804e-01 -1.950903220e-01 0.000000000e+00
    outer loop
      vertex 6.852003500e+00 9.755656790e-01 8.500000000e-01
      vertex 6.853918453e+00 9.659385605e-01 8.500000000e-01
      vertex 6.853918453e+00 9.659385605e-01 1.150000000e+00
    endloop
  endfacet
  facet normal -9.807852804e-01 -1.950903220e-01 0.000000000e+00
    outer loop
      vertex 6.852003500e+00 9.755656790e-01 8.500000000e-01
      vertex 6.853918453e+00 9.659385605e-01 1.150000000e+00
      vertex 6.852003500e+00 9.755656790e-01 1.150000000e+00
    endloop
  endfacet
  facet normal 0.000000000e+00 0.000000000e+00 -1.000000000e+00
    outer loop
      vertex 7.000000000e+00 1.000000000e+00 8.500000000e-01
      vertex 6.856458950e+00 9.564572984e-01 8.500000000e-01
      vertex 6.853918453e+00 9.659385605e-01 8.500000000e-01
    endloop
  endfacet
  facet normal 0.000000000e+00 0.000000000e+00 1.000000000e+00
    outer loop
      vertex 7.000000000e+00 1.000000000e+00 1.150000000e+00
      vertex 6.853918453e+00 9.659385605e-01 1.150000000e+00
      vertex 6.856458950e+00 9.564572984e-01 1.150000000e+00
    endloop
  endfacet
  facet normal -9.659258263e-01 -2.588190451e-01 0.000000000e+00
    outer loop
      vertex 6.853918453e+00 9.659385605e-01 8.500000000e-01
      vertex 6.856458950e+00 9.564572984e-01 8.500000000e-01
      vertex 6.856458950e+00 9.564572984e-01 1.150000000e+00
    endloop
  endfacet
  facet normal -9.659258263e-01 -2.588190451e-01 0.000000000e+00
    outer loop
      vertex 6.853918453e+00 9.659385605e-01 8.500000000e-01
      vertex 6.856458950e+00 9.564572984e-01 1.150000000e+00
      vertex 6.853918453e+00 9.659385605e-01 1.150000000e+00
    endloop
  endfacet
  facet normal 0.000000000e+00 0.000000000e+00 -1.000000000e+00
    outer loop
      vertex 7.000000000e+00 1.000000000e+00 8.500000000e-01
      vertex 6.859614111e+00 9.471624928e-01 8.500000000e-01
      vertex 6.856458950e+00 9.564572984e-01 8.500000000e-01
    endloop
  endfacet
  facet normal 0.000000000e+00 0.000000000e+00 1.000000000e+00
    outer loop
      vertex 7.000000000e+00 1.000000000e+00 1.150000000e+00
      vertex 6.856458950e+00 9.564572984e-01 1.150000000e+00
      vertex 6.859614111e+00 9.471624928e-01 1.150000000e+00
    endloop
  endfacet
  facet normal -9.469301295e-01 -3.214394653e-01 0.000000000e+00
    outer loop
      vertex 6.856458950e+00 9.564572984e-01 8.500000000e-01
      vertex 6.859614111e+00 9.471624928e-01 8.500000000e-01
      vertex 6.859614111e+00 9.471624928e-01 1.150000000e+00
    endloop
  endfacet
  facet normal -9.469301295e-01 -3.214394653e-01 0.000000000e+00
    outer loop
      vertex 6.856458950e+00 9.564572984e-01 8.500000000e-01
      vertex 6.859614111e+00 9.471624928e-01 1.150000000e+00
      vertex 6.856458950e+00 9.564572984e-01 1.150000000e+00
    endloop
  endfacet
  facet normal 0.000000000e+00 0.000000000e+00 -1.000000000e+00
    outer loop
      vertex 7.000000000e+00 1.000000000e+00 8.500000000e-01
      vertex 6.863370426e+00 9.380939455e-01 8.500000000e-01
      vertex 6.859614111e+00 9.471624928e-01 8.500000000e-01
    endloop
  endfacet
  facet normal 0.000000000e+00 0.000000000e+00 1.000000000e+00
    outer loop
      vertex 7.000000000e+00 1.000000000e+00 1.150000000e+00
      vertex 6.859614111e+00 9.471624928e-01 1.150000000e+00
      vertex 6.863370426e+00 9.380939455e-01 1.150000000e+00
    endloop
  endfacet
  facet normal -9.238795325e-01 -3.826834324e-01 0.000000000e+00
    outer loop
      vertex 6.859614111e+00 9.471624928e-01 8.500000000e-01
      vertex 6.863370426e+00 9.380939455e-01 8.500000000e-01
      vertex 6.863370426e+00 9.380939455e-01 1.150000000e+00
    endloop
  endfacet
  facet normal -9.238795325e-01 -3.826834324e-01 0.000000000e+00
    outer loop
      vertex 6.859614111e+00 9.471624928e-01 8.500000000e-01
      vertex 6.863370426e+00 9.380939455e-01 1.150000000e+00
      vertex 6.859614111e+00 9.471624928e-01 1.150000000e+00
    endloop
  endfacet
  facet normal 0.000000000e+00 0.000000000e+00 -1.000000000e+00
    outer loop
      vertex 7.000000000e+00 1.000000000e+00 8.500000000e-01
      vertex 6.867711810e+00 9.292904895e-01 8.500000000e-01
      vertex 6.863370426e+00 9.380939455e-01 8.500000000e-01
    endloop
  endfacet
  facet normal 0.000000000e+00 0.000000000e+00 1.000000000e+00
    outer loop
      vertex 7.000000000e+00 1.000000000e+00 1.150000000e+00
      vertex 6.863370426e+00 9.380939455e-01 1.150000000e+00
      vertex 6.867711810e+00 9.292904895e-01 1.150000000e+00
    endloop
  endfacet
  facet normal -8.968727415e-01 -4.422886902e-01 0.000000000e+00
    outer loop
      vertex 6.863370426e+00 9.380939455e-01 8.500000000e-01
      vertex 6.867711810e+00 9.292904895e-01 8.500000000e-01
      vertex 6.867711810e+00 9.292904895e-01 1.150000000e+00
    endloop
  endfacet
  facet normal -8.968727415e-01 -4.422886902e-01 0.000000000e+00
    outer loop
      vertex 6.863370426e+00 9.380939455e-01 8.500000000e-01
      vertex 6.867711810e+00 9.292904895e-01 1.150000000e+00
      vertex 6.863370426e+00 9.380939455e-01 1.150000000e+00
    endloop
  endfacet
  facet normal 0.000000000e+00 0.000000000e+00 -1.000000000e+00
    outer loop
      vertex 7.000000000e+00 1.000000000e+00 8.500000000e-01
      vertex 6.872619673e+00 9.207898224e-01 8.500000000e-01
      vertex 6.867711810e+00 9.292904895e-01 8.500000000e-01
    endloop
  endfacet
  facet normal 0.000000000e+00 0.000000000e+00 1.000000000e+00
    outer loop
      vertex 7.000000000e+00 1.000000000e+00 1.150000000e+00
      vertex 6.867711810e+00 9.292904895e-01 1.150000000e+00
      vertex 6.872619673e+00 9.207898224e-01 1.150000000e+00
    endloop
  endfacet
  facet normal -8.660254038e-01 -5.000000000e-01 0.000000000e+00
    outer loop
      vertex 6.867711810e+00 9.292904895e-01 8.500000000e-01
      vertex 6.872619673e+00 9.207898224e-01 8.500000000e-01
      vertex 6.872619673e+00 9.207898224e-01 1.150000000e+00
    endloop
  endfacet
  facet normal -8.660254038e-01 -5.000000000e-01 0.000000000e+00
    outer loop
      vertex 6.867711810e+00 9.292904895e-01 8.500000000e-01
      vertex 6.872619673e+00 9.207898224e-01 1.150000000e+00
      vertex 6.867711810e+00 9.292904895e-01 1.150000000e+00
    endloop
  endfacet
  facet normal 0.000000000e+00 0.000000000e+00 -1.000000000e+00
    outer loop
      vertex 7.000000000e+00 1.000000000e+00 8.500000000e-01
      vertex 6.878072997e+00 9.126283455e-01 8.500000000e-01
      vertex 6.872619673e+00 9.207898224e-01 8.500000000e-01
    endloop
  endfacet
  facet normal 0.000000000e+00 0.000000000e+00 1.000000000e+00
    outer loop
      vertex 7.000000000e+00 1.000000000e+00 1.150000000e+00
      vertex 6.872619673e+00 9.207898224e-01 1.150000000e+00
      vertex 6.878072997e+00 9.126283455e-01 1.150000000e+00
    endloop
  endfacet
  facet normal -8.314696123e-01 -5.555702330e-01 0.000000000e+00
    outer loop
      vertex 6.872619673e+00 9.207898224e-01 8.500000000e-01
      vertex 6.878072997e+00 9.126283455e-01 8.500000000e-01
      vertex 6.878072997e+00 9.126283455e-01 1.150000000e+00
    endloop
  endfacet
  facet normal -8.314696123e-01 -5.555702330e-01 0.000000000e+00
    outer loop
      vertex 6.872619673e+00 9.207898224e-01 8.500000000e-01
      vertex 6.878072997e+00 9.126283455e-01 1.150000000e+00
      vertex 6.872619673e+00 9.207898224e-01 1.150000000e+00
    endloop
  endfacet
  facet normal 0.000000000e+00 0.000000000e+00 -1.000000000e+00
    outer loop
      vertex 7.000000000e+00 1.000000000e+00 8.500000000e-01
      vertex 6.884048432e+00 9.048410074e-01 8.500000000e-01
      vertex 6.878072997e+00 9.126283455e-01 8.500000000e-01
    endloop
  endfacet
  facet normal 0.000000000e+00 0.000000000e+00 1.000000000e+00
    outer loop
      vertex 7.000000000e+00 1.000000000e+00 1.150000000e+00
      vertex 6.878072997e+00 9.126283455e-01 1.150000000e+00
      vertex 6.884048432e+00 9.048410074e-01 1.150000000e+00
    endloop
  endfacet
  facet normal -7.933533403e-01 -6.087614290e-01 0.000000000e+00
    outer loop
      vertex 6.878072997e+00 9.126283455e-01 8.500000000e-01
      vertex 6.884048432e+00 9.048410074e-01 8.500000000e-01
      vertex 6.884048432e+00 9.048410074e-01 1.150000000e+00
    endloop
  endfacet
  facet normal -7.933533403e-01 -6.087614290e-01 0.000000000e+00
    outer loop
      vertex 6.878072997e+00 9.126283455e-01 8.500000000e-01
      vertex 6.884048432e+00 9.048410074e-01 1.150000000e+00
      vertex 6.878072997e+00 9.126283455e-01 1.150000000e+00
    endloop
  endfacet
  facet normal 0.000000000e+00 0.000000000e+00 -1.000000000e+00
    outer loop
      vertex 7.000000000e+00 1.000000000e+00 8.500000000e-01
      vertex 6.890520389e+00 8.974611547e-01 8.500000000e-01
      vertex 6.884048432e+00 9.048410074e-01 8.500000000e-01
    endloop
  endfacet
  facet normal 0.000000000e+00 0.000000000e+00 1.000000000e+00
    outer loop
      vertex 7.000000000e+00 1.000000000e+00 1.150000000e+00
      vertex 6.884048432e+00 9.048410074e-01 1.150000000e+00
      vertex 6.890520389e+00 8.974611547e-01 1.150000000e+00
    endloop
  endfacet
  facet normal -7.518398075e-01 -6.593458151e-01 0.000000000e+00
    outer loop
      vertex 6.884048432e+00 9.048410074e-01 8.500000000e-01
      vertex 6.890520389e+00 8.974611547e-01 8.500000000e-01
      vertex 6.890520389e+00 8.974611547e-01 1.150000000e+00
    endloop
  endfacet
  facet normal -7.518398075e-01 -6.593458151e-01 0.000000000e+00
    outer loop
      vertex 6.884048432e+00 9.048410074e-01 8.500000000e-01
      vertex 6.890520389e+00 8.974611547e-01 1.150000000e+00
      vertex 6.884048432e+00 9.048410074e-01 1.150000000e+00
    endloop
  endfacet
  facet normal 0.000000000e+00 0.000000000e+00 -1.000000000e+00
    outer loop
      vertex 7.000000000e+00 1.000000000e+00 8.500000000e-01
      vertex 6.897461155e+00 8.905203891e-01 8.500000000e-01
      vertex 6.890520389e+00 8.974611547e-01 8.500000000e-01
    endloop
  endfacet
  facet normal 0.000000000e+00 0.000000000e+00 1.000000000e+00
    outer loop
      vertex 7.000000000e+00 1.000000000e+00 1.150000000e+00
      vertex 6.890520389e+00 8.974611547e-01 1.150000000e+00
      vertex 6.897461155e+00 8.905203891e-01 1.150000000e+00
    endloop
  endfacet
  facet normal -7.071067812e-01 -7.071067812e-01 0.000000000e+00
    outer loop
      vertex 6.890520389e+00 8.974611547e-01 8.500000000e-01
      vertex 6.897461155e+00 8.905203891e-01 8.500000000e-01
      vertex 6.897461155e+00 8.905203891e-01 1.150000000e+00
    endloop
  endfacet
  facet normal -7.071067812e-01 -7.071067812e-01 0.000000000e+00
    outer loop
      vertex 6.890520389e+00 8.974611547e-01 8.500000000e-01
      vertex 6.897461155e+00 8.905203891e-01 1.150000000e+00
      vertex 6.890520389e+00 8.974611547e-01 1.150000000e+00
    endloop
  endfacet
  facet normal 0.000000000e+00 0.000000000e+00 -1.000000000e+00
    outer loop
      vertex 7.000000000e+00 1.000000000e+00 8.500000000e-01
      vertex 6.904841007e+00 8.840484320e-01 8.500000000e-01
      vertex 6.897461155e+00 8.905203891e-01 8.500000000e-01
    endloop
  endfacet
  facet normal 0.000000000e+00 0.000000000e+00 1.000000000e+00
    outer loop
      vertex 7.000000000e+00 1.000000000e+00 1.150000000e+00
      vertex 6.897461155e+00 8.905203891e-01 1.150000000e+00
      vertex 6.904841007e+00 8.840484320e-01 1.150000000e+00
    endloop
  endfacet
  facet normal -6.593458151e-01 -7.518398075e-01 0.000000000e+00
    outer loop
      vertex 6.897461155e+00 8.905203891e-01 8.500000000e-01
      vertex 6.904841007e+00 8.840484320e-01 8.500000000e-01
      vertex 6.904841007e+00 8.840484320e-01 1.150000000e+00
    endloop
  endfacet
  facet normal -6.593458151e-01 -7.518398075e-01 0.000000000e+00
    outer loop
      vertex 6.897461155e+00 8.905203891e-01 8.500000000e-01
      vertex 6.904841007e+00 8.840484320e-01 1.150000000e+00
      vertex 6.897461155e+00 8.905203891e-01 1.150000000e+00
    endloop
  endfacet
  facet normal 0.000000000e+00 0.000000000e+00 -1.000000000e+00
    outer loop
      vertex 7.000000000e+00 1.000000000e+00 8.500000000e-01
      vertex 6.912628345e+00 8.780729973e-01 8.500000000e-01
      vertex 6.904841007e+00 8.840484320e-01 8.500000000e-01
    endloop
  endfacet
  facet normal 0.000000000e+00 0.000000000e+00 1.000000000e+00
    outer loop
      vertex 7.000000000e+00 1.000000000e+00 1.150000000e+00
      vertex 6.904841007e+00 8.840484320e-01 1.150000000e+00
      vertex 6.912628345e+00 8.780729973e-01 1.150000000e+00
    endloop
  endfacet
  facet normal -6.087614290e-01 -7.933533403e-01 0.000000000e+00
    outer loop
      vertex 6.904841007e+00 8.840484320e-01 8.500000000e-01
      vertex 6.912628345e+00 8.780729973e-01 8.500000000e-01
      vertex 6.912628345e+00 8.780729973e-01 1.150000000e+00
    endloop
  endfacet
  facet normal -6.087614290e-01 -7.933533403e-01 0.000000000e+00
    outer loop
      vertex 6.904841007e+00 8.840484320e-01 8.500000000e-01
      vertex 6.912628345e+00 8.780729973e-01 1.150000000e+00
      vertex 6.904841007e+00 8.840484320e-01 1.150000000e+00
    endloop
  endfacet
  facet normal 0.000000000e+00 0.000000000e+00 -1.000000000e+00
    outer loop
      vertex 7.000000000e+00 1.000000000e+00 8.500000000e-01
      vertex 6.920789822e+00 8.726196728e-01 8.500000000e-01
      vertex 6.912628345e+00 8.780729973e-01 8.500000000e-01
    endloop
  endfacet
  facet normal 0.000000000e+00 0.000000000e+00 1.000000000e+00
    outer loop
      vertex 7.000000000e+00 1.000000000e+00 1.150000000e+00
      vertex 6.912628345e+00 8.780729973e-01 1.150000000e+00
      vertex 6.920789822e+00 8.726196728e-01 1.150000000e+00
    endloop
  endfacet
  facet normal -5.555702330e-01 -8.314696123e-01 0.000000000e+00
    outer loop
      vertex 6.912628345e+00 8.780729973e-01 8.500000000e-01
      vertex 6.920789822e+00 8.726196728e-01 8.500000000e-01
      vertex 6.920789822e+00 8.726196728e-01 1.150000000e+00
    endloop
  endfacet
  facet normal -5.555702330e-01 -8.314696123e-01 0.000000000e+00
    outer loop
      vertex 6.912628345e+00 8.780729973e-01 8.500000000e-01
      vertex 6.920789822e+00 8.726196728e-01 1.150000000e+00
      vertex 6.912628345e+00 8.780729973e-01 1.150000000e+00
    endloop
  endfacet
  facet normal 0.000000000e+00 0.000000000e+00 -1.000000000e+00
    outer loop
      vertex 7.000000000e+00 1.000000000e+00 8.500000000e-01
      vertex 6.929290489e+00 8.677118103e-01 8.500000000e-01
      vertex 6.920789822e+00 8.726196728e-01 8.500000000e-01
    endloop
  endfacet
  facet normal 0.000000000e+00 0.000000000e+00 1.000000000e+00
    outer loop
      vertex 7.000000000e+00 1.000000000e+00 1.150000000e+00
      vertex 6.920789822e+00 8.726196728e-01 1.150000000e+00
      vertex 6.929290489e+00 8.677118103e-01 1.150000000e+00
    endloop
  endfacet
  facet normal -5.000000000e-01 -8.660254038e-01 0.000000000e+00
    outer loop
      vertex 6.920789822e+00 8.726196728e-01 8.500000000e-01
      vertex 6.929290489e+00 8.677118103e-01 8.500000000e-01
      vertex 6.929290489e+00 8.677118103e-01 1.150000000e+00
    endloop
  endfacet
  facet normal -5.000000000e-01 -8.660254038e-01 0.000000000e+00
    outer loop
      vertex 6.920789822e+00 8.726196728e-01 8.500000000e-01
      vertex 6.929290489e+00 8.677118103e-01 1.150000000e+00
      vertex 6.920789822e+00 8.726196728e-01 1.150000000e+00
    endloop
  endfacet
  facet normal 0.000000000e+00 0.000000000e+00 -1.000000000e+00
    outer loop
      vertex 7.000000000e+00 1.000000000e+00 8.500000000e-01
      vertex 6.938093946e+00 8.633704263e-01 8.500000000e-01
      vertex 6.929290489e+00 8.677118103e-01 8.500000000e-01
    endloop
  endfacet
  facet normal 0.000000000e+00 0.000000000e+00 1.000000000e+00
    outer loop
      vertex 7.000000000e+00 1.000000000e+00 1.150000000e+00
      vertex 6.929290489e+00 8.677118103e-01 1.150000000e+00
      vertex 6.938093946e+00 8.633704263e-01 1.150000000e+00
    endloop
  endfacet
  facet normal -4.422886902e-01 -8.968727415e-01 0.000000000e+00
    outer loop
      vertex 6.929290489e+00 8.677118103e-01 8.500000000e-01
      vertex 6.938093946e+00 8.633704263e-01 8.500000000e-01
      vertex 6.938093946e+00 8.633704263e-01 1.150000000e+00
    endloop
  endfacet
  facet normal -4.422886902e-01 -8.968727415e-01 0.000000000e+00
    outer loop
      vertex 6.929290489e+00 8.677118103e-01 8.500000000e-01
      vertex 6.938093946e+00 8.633704263e-01 1.150000000e+00
      vertex 6.929290489e+00 8.677118103e-01 1.150000000e+00
    endloop
  endfacet
  facet normal 0.000000000e+00 0.000000000e+00 -1.000000000e+00
    outer loop
      vertex 7.000000000e+00 1.000000000e+00 8.500000000e-01
      vertex 6.947162493e+00 8.596141110e-01 8.500000000e-01
      vertex 6.938093946e+00 8.633704263e-01 8.500000000e-01
    endloop
  endfacet
  facet normal 0.000000000e+00 0.000000000e+00 1.000000000e+00
    outer loop
      vertex 7.000000000e+00 1.000000000e+00 1.150000000e+00
      vertex 6.938093946e+00 8.633704263e-01 1.150000000e+00
      vertex 6.947162493e+00 8.596141110e-01 1.150000000e+00
    endloop
  endfacet
  facet normal -3.826834324e-01 -9.238795325e-01 0.000000000e+00
    outer loop
      vertex 6.938093946e+00 8.633704263e-01 8.500000000e-01
      vertex 6.947162493e+00 8.596141110e-01 8.500000000e-01
      vertex 6.947162493e+00 8.596141110e-01 1.150000000e+00
    endloop
  endfacet
  facet normal -3.826834324e-01 -9.238795325e-01 0.000000000e+00
    outer loop
      vertex 6.938093946e+00 8.633704263e-01 8.500000000e-01
      vertex 6.947162493e+00 8.596141110e-01 1.150000000e+00
      vertex 6.938093946e+00 8.633704263e-01 1.150000000e+00
    endloop
  endfacet
  facet normal 0.000000000e+00 0.000000000e+00 -1.000000000e+00
    outer loop
      vertex 7.000000000e+00 1.000000000e+00 8.500000000e-01
      vertex 6.956457298e+00 8.564589496e-01 8.500000000e-01
      vertex 6.947162493e+00 8.596141110e-01 8.500000000e-01
    endloop
  endfacet
  facet normal 0.000000000e+00 0.000000000e+00 1.000000000e+00
    outer loop
      vertex 7.000000000e+00 1.000000000e+00 1.150000000e+00
      vertex 6.947162493e+00 8.596141110e-01 1.150000000e+00
      vertex 6.956457298e+00 8.564589496e-01 1.150000000e+00
    endloop
  endfacet
  facet normal -3.214394653e-01 -9.469301295e-01 0.000000000e+00
    outer loop
      vertex 6.947162493e+00 8.596141110e-01 8.500000000e-01
      vertex 6.956457298e+00 8.564589496e-01 8.500000000e-01
      vertex 6.956457298e+00 8.564589496e-01 1.150000000e+00
    endloop
  endfacet
  facet normal -3.214394653e-01 -9.469301295e-01 0.000000000e+00
    outer loop
      vertex 6.947162493e+00 8.596141110e-01 8.500000000e-01
      vertex 6.956457298e+00 8.564589496e-01 1.150000000e+00
      vertex 6.947162493e+00 8.596141110e-01 1.150000000e+00
    endloop
  endfacet
  facet normal 0.000000000e+00 0.000000000e+00 -1.000000000e+00
    outer loop
      vertex 7.000000000e+00 1.000000000e+00 8.500000000e-01
      vertex 6.965938561e+00 8.539184531e-01 8.500000000e-01
      vertex 6.956457298e+00 8.564589496e-01 8.500000000e-01
    endloop
  endfacet
  facet normal 0.000000000e+00 0.000000000e+00 1.000000000e+00
    outer loop
      vertex 7.000000000e+00 1.000000000e+00 1.150000000e+00
      vertex 6.956457298e+00 8.564589496e-01 1.150000000e+00
      vertex 6.965938561e+00 8.539184531e-01 1.150000000e+00
    endloop
  endfacet
  facet normal -2.588190451e-01 -9.659258263e-01 0.000000000e+00
    outer loop
      vertex 6.956457298e+00 8.564589496e-01 8.500000000e-01
      vertex 6.965938561e+00 8.539184531e-01 8.500000000e-01
      vertex 6.965938561e+00 8.539184531e-01 1.150000000e+00
    endloop
  endfacet
  facet normal -2.588190451e-01 -9.659258263e-01 0.000000000e+00
    outer loop
      vertex 6.956457298e+00 8.564589496e-01 8.500000000e-01
      vertex 6.965938561e+00 8.539184531e-01 1.150000000e+00
      vertex 6.956457298e+00 8.564589496e-01 1.150000000e+00
    endloop
  endfacet
  facet normal 0.000000000e+00 0.000000000e+00 -1.000000000e+00
    outer loop
      vertex 7.000000000e+00 1.000000000e+00 8.500000000e-01
      vertex 6.975565679e+00 8.520035002e-01 8.500000000e-01
      vertex 6.965938561e+00 8.539184531e-01 8.500000000e-01
    endloop
  endfacet
  facet normal 0.000000000e+00 0.000000000e+00 1.000000000e+00
    outer loop
      vertex 7.000000000e+00 1.000000000e+00 1.150000000e+00
      vertex 6.965938561e+00 8.539184531e-01 1.150000000e+00
      vertex 6.975565679e+00 8.520035002e-01 1.150000000e+00
    endloop
  endfacet
  facet normal -1.950903220e-01 -9.807852804e-01 0.000000000e+00
    outer loop
      vertex 6.965938561e+00 8.539184531e-01 8.500000000e-01
      vertex 6.975565679e+00 8.520035002e-01 8.500000000e-01
      vertex 6.975565679e+00 8.520035002e-01 1.150000000e+00
    endloop
  endfacet
  facet normal -1.950903220e-01 -9.807852804e-01 0.000000000e+00
    outer loop
      vertex 6.965938561e+00 8.539184531e-01 8.500000000e-01
      vertex 6.975565679e+00 8.520035002e-01 1.150000000e+00
      vertex 6.965938561e+00 8.539184531e-01 1.150000000e+00
    endloop
  endfacet
  facet normal 0.000000000e+00 0.000000000e+00 -1.000000000e+00
    outer loop
      vertex 7.000000000e+00 1.000000000e+00 8.500000000e-01
      vertex 6.985297429e+00 8.507222910e-01 8.500000000e-01
      vertex 6.975565679e+00 8.520035002e-01 8.500000000e-01
    endloop
  endfacet
  facet normal 0.000000000e+00 0.000000000e+00 1.000000000e+00
    outer loop
      vertex 7.000000000e+00 1.000000000e+00 1.150000000e+00
      vertex 6.975565679e+00 8.520035002e-01 1.150000000e+00
      vertex 6.985297429e+00 8.507222910e-01 1.150000000e+00
    endloop
  endfacet
  facet normal -1.305261922e-01 -9.914448614e-01 0.000000000e+00
    outer loop
      vertex 6.975565679e+00 8.520035002e-01 8.500000000e-01
      vertex 6.985297429e+00 8.507222910e-01 8.500000000e-01
      vertex 6.985297429e+00 8.507222910e-01 1.150000000e+00
    endloop
  endfacet
  facet normal -1.305261922e-01 -9.914448614e-01 0.000000000e+00
    outer loop
      vertex 6.975565679e+00 8.520035002e-01 8.500000000e-01
      vertex 6.985297429e+00 8.507222910e-01 1.150000000e+00
      vertex 6.975565679e+00 8.520035002e-01 1.150000000e+00
    endloop
  endfacet
  facet normal 0.000000000e+00 0.000000000e+00 -1.000000000e+00
    outer loop
      vertex 7.000000000e+00 1.000000000e+00 8.500000000e-01
      vertex 6.995092138e+00 8.500803119e-01 8.500000000e-01
      vertex 6.985297429e+00 8.507222910e-01 8.500000000e-01
    endloop
  endfacet
  facet normal 0.000000000e+00 0.000000000e+00 1.000000000e+00
    outer loop
      vertex 7.000000000e+00 1.000000000e+00 1.150000000e+00
      vertex 6.985297429e+00 8.507222910e-01 1.150000000e+00
      vertex 6.995092138e+00 8.500803119e-01 1.150000000e+00
    endloop
  endfacet
  facet normal -6.540312923e-02 -9.978589232e-01 0.000000000e+00
    outer loop
      vertex 6.985297429e+00 8.507222910e-01 8.500000000e-01
      vertex 6.995092138e+00 8.500803119e-01 8.500000000e-01
      vertex 6.995092138e+00 8.500803119e-01 1.150000000e+00
    endloop
  endfacet
  facet normal -6.540312923e-02 -9.978589232e-01 0.000000000e+00
    outer loop
      vertex 6.985297429e+00 8.507222910e-01 8.500000000e-01
      vertex 6.995092138e+00 8.500803119e-01 1.150000000e+00
      vertex 6.985297429e+00 8.507222910e-01 1.150000000e+00
    endloop
  endfacet
  facet normal 0.000000000e+00 -0.000000000e+00 -1.000000000e+00
    outer loop
      vertex 7.000000000e+00 1.000000000e+00 8.500000000e-01
      vertex 7.004907862e+00 8.500803119e-01 8.500000000e-01
      vertex 6.995092138e+00 8.500803119e-01 8.500000000e-01
    endloop
  endfacet
  facet normal 0.000000000e+00 0.000000000e+00 1.000000000e+00
    outer loop
      vertex 7.000000000e+00 1.000000000e+00 1.150000000e+00
      vertex 6.995092138e+00 8.500803119e-01 1.150000000e+00
      vertex 7.004907862e+00 8.500803119e-01 1.150000000e+00
    endloop
  endfacet
  facet normal 0.000000000e+00 -1.000000000e+00 0.000000000e+00
    outer loop
      vertex 6.995092138e+00 8.500803119e-01 8.500000000e-01
      vertex 7.004907862e+00 8.500803119e-01 8.500000000e-01
      vertex 7.004907862e+00 8.500803119e-01 1.150000000e+00
    endloop
  endfacet
  facet normal 0.000000000e+00 -1.000000000e+00 0.000000000e+00
    outer loop
      vertex 6.995092138e+00 8.500803119e-01 8.500000000e-01
      vertex 7.004907862e+00 8.500803119e-01 1.150000000e+00
      vertex 6.995092138e+00 8.500803119e-01 1.150000000e+00
    endloop
  endfacet
  facet normal 0.000000000e+00 0.000000000e+00 -1.000000000e+00
    outer loop
      vertex 7.000000000e+00 1.000000000e+00 8.500000000e-01
      vertex 7.014702571e+00 8.507222910e-01 8.500000000e-01
      vertex 7.004907862e+00 8.500803119e-01 8.500000000e-01
    endloop
  endfacet
  facet normal 0.000000000e+00 0.000000000e+00 1.000000000e+00
    outer loop
      vertex 7.000000000e+00 1.000000000e+00 1.150000000e+00
      vertex 7.004907862e+00 8.500803119e-01 1.150000000e+00
      vertex 7.014702571e+00 8.507222910e-01 1.150000000e+00
    endloop
  endfacet
  facet normal 6.540312923e-02 -9.978589232e-01 0.000000000e+00
    outer loop
      vertex 7.004907862e+00 8.500803119e-01 8.500000000e-01
      vertex 7.014702571e+00 8.507222910e-01 8.500000000e-01
      vertex 7.014702571e+00 8.507222910e-01 1.150000000e+00
    endloop
  endfacet
  facet normal 6.540312923e-02 -9.978589232e-01 0.000000000e+00
    outer loop
      vertex 7.004907862e+00 8.500803119e-01 8.500000000e-01
      vertex 7.014702571e+00 8.507222910e-01 1.150000000e+00
      vertex 7.004907862e+00 8.500803119e-01 1.150000000e+00
    endloop
  endfacet
  facet normal 0.000000000e+00 0.000000000e+00 -1.000000000e+00
    outer loop
      vertex 7.000000000e+00 1.000000000e+00 8.500000000e-01
      vertex 7.024434321e+00 8.520035002e-01 8.500000000e-01
      vertex 7.014702571e+00 8.507222910e-01 8.500000000e-01
    endloop
  endfacet
  facet normal 0.000000000e+00 0.000000000e+00 1.000000000e+00
    outer loop
      vertex 7.000000000e+00 1.000000000e+00 1.150000000e+00
      vertex 7.014702571e+00 8.507222910e-01 1.150000000e+00
      vertex 7.024434321e+00 8.520035002e-01 1.150000000e+00
    endloop
  endfacet
  facet normal 1.305261922e-01 -9.914448614e-01 0.000000000e+00
    outer loop
      vertex 7.014702571e+00 8.507222910e-01 8.500000000e-01
      vertex 7.024434321e+00 8.520035002e-01 8.500000000e-01
      vertex 7.024434321e+00 8.520035002e-01 1.150000000e+00
    endloop
  endfacet
  facet normal 1.305261922e-01 -9.914448614e-01 0.000000000e+00
    outer loop
      vertex 7.014702571e+00 8.507222910e-01 8.500000000e-01
      vertex 7.024434321e+00 8.520035002e-01 1.150000000e+00
      vertex 7.014702571e+00 8.507222910e-01 1.150000000e+00
    endloop
  endfacet
  facet normal 0.000000000e+00 0.000000000e+00 -1.000000000e+00
    outer loop
      vertex 7.000000000e+00 1.000000000e+00 8.500000000e-01
      vertex 7.034061439e+00 8.539184531e-01 8.500000000e-01
      vertex 7.024434321e+00 8.520035002e-01 8.500000000e-01
    endloop
  endfacet
  facet normal 0.000000000e+00 0.000000000e+00 1.000000000e+00
    outer loop
      vertex 7.000000000e+00 1.000000000e+00 1.150000000e+00
      vertex 7.024434321e+00 8.520035002e-01 1.150000000e+00
      vertex 7.034061439e+00 8.539184531e-01 1.150000000e+00
    endloop
  endfacet
  facet normal 1.950903220e-01 -9.807852804e-01 0.000000000e+00
    outer loop
      vertex 7.024434321e+00 8.520035002e-01 8.500000000e-01
      vertex 7.034061439e+00 8.539184531e-01 8.500000000e-01
      vertex 7.034061439e+00 8.539184531e-01 1.150000000e+00
    endloop
  endfacet
  facet normal 1.950903220e-01 -9.807852804e-01 0.000000000e+00
    outer loop
      vertex 7.024434321e+00 8.520035002e-01 8.500000000e-01
      vertex 7.034061439e+00 8.539184531e-01 1.150000000e+00
      vertex 7.024434321e+00 8.520035002e-01 1.150000000e+00
    endloop
  endfacet
  facet normal 0.000000000e+00 0.000000000e+00 -1.000000000e+00
    outer loop
      vertex 7.000000000e+00 1.000000000e+00 8.500000000e-01
      vertex 7.043542702e+00 8.564589496e-01 8.500000000e-01
      vertex 7.034061439e+00 8.539184531e-01 8.500000000e-01
    endloop
  endfacet
  facet normal 0.000000000e+00 0.000000000e+00 1.000000000e+00
    outer loop
      vertex 7.000000000e+00 1.000000000e+00 1.150000000e+00
      vertex 7.034061439e+00 8.539184531e-01 1.150000000e+00
      vertex 7.043542702e+00 8.564589496e-01 1.150000000e+00
    endloop
  endfacet
  facet normal 2.588190451e-01 -9.659258263e-01 0.000000000e+00
    outer loop
      vertex 7.034061439e+00 8.539184531e-01 8.500000000e-01
      vertex 7.043542702e+00 8.564589496e-01 8.500000000e-01
      vertex 7.043542702e+00 8.564589496e-01 1.150000000e+00
    endloop
  endfacet
  facet normal 2.588190451e-01 -9.659258263e-01 0.000000000e+00
    outer loop
      vertex 7.034061439e+00 8.539184531e-01 8.500000000e-01
      vertex 7.043542702e+00 8.564589496e-01 1.150000000e+00
      vertex 7.034061439e+00 8.539184531e-01 1.150000000e+00
    endloop
  endfacet
  facet normal 0.000000000e+00 0.000000000e+00 -1.000000000e+00
    outer loop
      vertex 7.000000000e+00 1.000000000e+00 8.500000000e-01
      vertex 7.052837507e+00 8.596141110e-01 8.500000000e-01
      vertex 7.043542702e+00 8.564589496e-01 8.500000000e-01
    endloop
  endfacet
  facet normal 0.000000000e+00 0.000000000e+00 1.000000000e+00
    outer loop
      vertex 7.000000000e+00 1.000000000e+00 1.150000000e+00
      vertex 7.043542702e+00 8.564589496e-01 1.150000000e+00
      vertex 7.052837507e+00 8.596141110e-01 1.150000000e+00
    endloop
  endfacet
  facet normal 3.214394653e-01 -9.469301295e-01 0.000000000e+00
    outer loop
      vertex 7.043542702e+00 8.564589496e-01 8.500000000e-01
      vertex 7.052837507e+00 8.596141110e-01 8.500000000e-01
      vertex 7.052837507e+00 8.596141110e-01 1.150000000e+00
    endloop
  endfacet
  facet normal 3.214394653e-01 -9.469301295e-01 0.000000000e+00
    outer loop
      vertex 7.043542702e+00 8.564589496e-01 8.500000000e-01
      vertex 7.052837507e+00 8.596141110e-01 1.150000000e+00
      vertex 7.043542702e+00 8.564589496e-01 1.150000000e+00
    endloop
  endfacet
  facet normal 0.000000000e+00 0.000000000e+00 -1.000000000e+00
    outer loop
      vertex 7.000000000e+00 1.000000000e+00 8.500000000e-01
      vertex 7.061906054e+00 8.633704263e-01 8.500000000e-01
      vertex 7.052837507e+00 8.596141110e-01 8.500000000e-01
    endloop
  endfacet
  facet normal 0.000000000e+00 0.000000000e+00 1.000000000e+00
    outer loop
      vertex 7.000000000e+00 1.000000000e+00 1.150000000e+00
      vertex 7.052837507e+00 8.596141110e-01 1.150000000e+00
      vertex 7.061906054e+00 8.633704263e-01 1.150000000e+00
    endloop
  endfacet
  facet normal 3.826834324e-01 -9.238795325e-01 0.000000000e+00
    outer loop
      vertex 7.052837507e+00 8.596141110e-01 8.500000000e-01
      vertex 7.061906054e+00 8.633704263e-01 8.500000000e-01
      vertex 7.061906054e+00 8.633704263e-01 1.150000000e+00
    endloop
  endfacet
  facet normal 3.826834324e-01 -9.238795325e-01 0.000000000e+00
    outer loop
      vertex 7.052837507e+00 8.596141110e-01 8.500000000e-01
      vertex 7.061906054e+00 8.633704263e-01 1.150000000e+00
      vertex 7.052837507e+00 8.596141110e-01 1.150000000e+00
    endloop
  endfacet
  facet normal 0.000000000e+00 0.000000000e+00 -1.000000000e+00
    outer loop
      vertex 7.000000000e+00 1.000000000e+00 8.500000000e-01
      vertex 7.070709511e+00 8.677118103e-01 8.500000000e-01
      vertex 7.061906054e+00 8.633704263e-01 8.500000000e-01
    endloop
  endfacet
  facet normal 0.000000000e+00 0.000000000e+00 1.000000000e+00
    outer loop
      vertex 7.000000000e+00 1.000000000e+00 1.150000000e+00
      vertex 7.061906054e+00 8.633704263e-01 1.150000000e+00
      vertex 7.070709511e+00 8.677118103e-01 1.150000000e+00
    endloop
  endfacet
  facet normal 4.422886902e-01 -8.968727415e-01 0.000000000e+00
    outer loop
      vertex 7.061906054e+00 8.633704263e-01 8.500000000e-01
      vertex 7.070709511e+00 8.677118103e-01 8.500000000e-01
      vertex 7.070709511e+00 8.677118103e-01 1.150000000e+00
    endloop
  endfacet
  facet normal 4.422886902e-01 -8.968727415e-01 0.000000000e+00
    outer loop
      vertex 7.061906054e+00 8.633704263e-01 8.500000000e-01
      vertex 7.070709511e+00 8.677118103e-01 1.150000000e+00
      vertex 7.061906054e+00 8.633704263e-01 1.150000000e+00
    endloop
  endfacet
  facet normal 0.000000000e+00 0.000000000e+00 -1.000000000e+00
    outer loop
      vertex 7.000000000e+00 1.000000000e+00 8.500000000e-01
      vertex 7.079210178e+00 8.726196728e-01 8.500000000e-01
      vertex 7.070709511e+00 8.677118103e-01 8.500000000e-01
    endloop
  endfacet
  facet normal 0.000000000e+00 0.000000000e+00 1.000000000e+00
    outer loop
      vertex 7.000000000e+00 1.000000000e+00 1.150000000e+00
      vertex 7.070709511e+00 8.677118103e-01 1.150000000e+00
      vertex 7.079210178e+00 8.726196728e-01 1.150000000e+00
    endloop
  endfacet
  facet normal 5.000000000e-01 -8.660254038e-01 0.000000000e+00
    outer loop
      vertex 7.070709511e+00 8.677118103e-01 8.500000000e-01
      vertex 7.079210178e+00 8.726196728e-01 8.500000000e-01
      vertex 7.079210178e+00 8.726196728e-01 1.150000000e+00
    endloop
  endfacet
  facet normal 5.000000000e-01 -8.660254038e-01 0.000000000e+00
    outer loop
      vertex 7.070709511e+00 8.677118103e-01 8.500000000e-01
      vertex 7.079210178e+00 8.726196728e-01 1.150000000e+00
      vertex 7.070709511e+00 8.677118103e-01 1.150000000e+00
    endloop
  endfacet
  facet normal 0.000000000e+00 0.000000000e+00 -1.000000000e+00
    outer loop
      vertex 7.000000000e+00 1.000000000e+00 8.500000000e-01
      vertex 7.087371655e+00 8.780729973e-01 8.500000000e-01
      vertex 7.079210178e+00 8.726196728e-01 8.500000000e-01
    endloop
  endfacet
  facet normal 0.000000000e+00 0.000000000e+00 1.000000000e+00
    outer loop
      vertex 7.000000000e+00 1.000000000e+00 1.150000000e+00
      vertex 7.079210178e+00 8.726196728e-01 1.150000000e+00
      vertex 7.087371655e+00 8.780729973e-01 1.150000000e+00
    endloop
  endfacet
  facet normal 5.555702330e-01 -8.314696123e-01 0.000000000e+00
    outer loop
      vertex 7.079210178e+00 8.726196728e-01 8.500000000e-01
      vertex 7.087371655e+00 8.780729973e-01 8.500000000e-01
      vertex 7.087371655e+00 8.780729973e-01 1.150000000e+00
    endloop
  endfacet
  facet normal 5.555702330e-01 -8.314696123e-01 0.000000000e+00
    outer loop
      vertex 7.079210178e+00 8.726196728e-01 8.500000000e-01
      vertex 7.087371655e+00 8.780729973e-01 1.150000000e+00
      vertex 7.079210178e+00 8.726196728e-01 1.150000000e+00
    endloop
  endfacet
  facet normal 0.000000000e+00 0.000000000e+00 -1.000000000e+00
    outer loop
      vertex 7.000000000e+00 1.000000000e+00 8.500000000e-01
      vertex 7.095158993e+00 8.840484320e-01 8.500000000e-01
      vertex 7.087371655e+00 8.780729973e-01 8.500000000e-01
    endloop
  endfacet
  facet normal 0.000000000e+00 0.000000000e+00 1.000000000e+00
    outer loop
      vertex 7.000000000e+00 1.000000000e+00 1.150000000e+00
      vertex 7.087371655e+00 8.780729973e-01 1.150000000e+00
      vertex 7.095158993e+00 8.840484320e-01 1.150000000e+00
    endloop
  endfacet
  facet normal 6.087614290e-01 -7.933533403e-01 0.000000000e+00
    outer loop
      vertex 7.087371655e+00 8.780729973e-01 8.500000000e-01
      vertex 7.095158993e+00 8.840484320e-01 8.500000000e-01
      vertex 7.095158993e+00 8.840484320e-01 1.150000000e+00
    endloop
  endfacet
  facet normal 6.087614290e-01 -7.933533403e-01 0.000000000e+00
    outer loop
      vertex 7.087371655e+00 8.780729973e-01 8.500000000e-01
      vertex 7.095158993e+00 8.840484320e-01 1.150000000e+00
      vertex 7.087371655e+00 8.780729973e-01 1.150000000e+00
    endloop
  endfacet
  facet normal 0.000000000e+00 0.000000000e+00 -1.000000000e+00
    outer loop
      vertex 7.000000000e+00 1.000000000e+00 8.500000000e-01
      vertex 7.102538845e+00 8.905203891e-01 8.500000000e-01
      vertex 7.095158993e+00 8.840484320e-01 8.500000000e-01
    endloop
  endfacet
  facet normal 0.000000000e+00 0.000000000e+00 1.000000000e+00
    outer loop
      vertex 7.000000000e+00 1.000000000e+00 1.150000000e+00
      vertex 7.095158993e+00 8.840484320e-01 1.150000000e+00
      vertex 7.102538845e+00 8.905203891e-01 1.150000000e+00
    endloop
  endfacet
  facet normal 6.593458151e-01 -7.518398075e-01 0.000000000e+00
    outer loop
      vertex 7.095158993e+00 8.840484320e-01 8.500000000e-01
      vertex 7.102538845e+00 8.905203891e-01 8.500000000e-01
      vertex 7.102538845e+00 8.905203891e-01 1.150000000e+00
    endloop
  endfacet
  facet normal 6.593458151e-01 -7.518398075e-01 0.000000000e+00
    outer loop
      vertex 7.095158993e+00 8.840484320e-01 8.500000000e-01
      vertex 7.102538845e+00 8.905203891e-01 1.150000000e+00
      vertex 7.095158993e+00 8.840484320e-01 1.150000000e+00
    endloop
  endfacet
  facet normal 0.000000000e+00 0.000000000e+00 -1.000000000e+00
    outer loop
      vertex 7.000000000e+00 1.000000000e+00 8.500000000e-01
      vertex 7.109479611e+00 8.974611547e-01 8.500000000e-01
      vertex 7.102538845e+00 8.905203891e-01 8.500000000e-01
    endloop
  endfacet
  facet normal 0.000000000e+00 0.000000000e+00 1.000000000e+00
    outer loop
      vertex 7.000000000e+00 1.000000000e+00 1.150000000e+00
      vertex 7.102538845e+00 8.905203891e-01 1.150000000e+00
      vertex 7.109479611e+00 8.974611547e-01 1.150000000e+00
    endloop
  endfacet
  facet normal 7.071067812e-01 -7.071067812e-01 0.000000000e+00
    outer loop
      vertex 7.102538845e+00 8.905203891e-01 8.500000000e-01
      vertex 7.109479611e+00 8.974611547e-01 8.500000000e-01
      vertex 7.109479611e+00 8.974611547e-01 1.150000000e+00
    endloop
  endfacet
  facet normal 7.071067812e-01 -7.071067812e-01 0.000000000e+00
    outer loop
      vertex 7.102538845e+00 8.905203891e-01 8.500000000e-01
      vertex 7.109479611e+00 8.974611547e-01 1.150000000e+00
      vertex 7.102538845e+00 8.905203891e-01 1.150000000e+00
    endloop
  endfacet
  facet normal 0.000000000e+00 0.000000000e+00 -1.000000000e+00
    outer loop
      vertex 7.000000000e+00 1.000000000e+00 8.500000000e-01
      vertex 7.115951568e+00 9.048410074e-01 8.500000000e-01
      vertex 7.109479611e+00 8.974611547e-01 8.500000000e-01
    endloop
  endfacet
  facet normal 0.000000000e+00 0.000000000e+00 1.000000000e+00
    outer loop
      vertex 7.000000000e+00 1.000000000e+00 1.150000000e+00
      vertex 7.109479611e+00 8.974611547e-01 1.150000000e+00
      vertex 7.115951568e+00 9.048410074e-01 1.150000000e+00
    endloop
  endfacet
  facet normal 7.518398075e-01 -6.593458151e-01 0.000000000e+00
    outer loop
      vertex 7.109479611e+00 8.974611547e-01 8.500000000e-01
      vertex 7.115951568e+00 9.048410074e-01 8.500000000e-01
      vertex 7.115951568e+00 9.048410074e-01 1.150000000e+00
    endloop
  endfacet
  facet normal 7.518398075e-01 -6.593458151e-01 0.000000000e+00
    outer loop
      vertex 7.109479611e+00 8.974611547e-01 8.500000000e-01
      vertex 7.115951568e+00 9.048410074e-01 1.150000000e+00
      vertex 7.109479611e+00 8.974611547e-01 1.150000000e+00
    endloop
  endfacet
  facet normal 0.000000000e+00 0.000000000e+00 -1.000000000e+00
    outer loop
      vertex 7.000000000e+00 1.000000000e+00 8.500000000e-01
      vertex 7.121927003e+00 9.126283455e-01 8.500000000e-01
      vertex 7.115951568e+00 9.048410074e-01 8.500000000e-01
    endloop
  endfacet
  facet normal 0.000000000e+00 0.000000000e+00 1.000000000e+00
    outer loop
      vertex 7.000000000e+00 1.000000000e+00 1.150000000e+00
      vertex 7.115951568e+00 9.048410074e-01 1.150000000e+00
      vertex 7.121927003e+00 9.126283455e-01 1.150000000e+00
    endloop
  endfacet
  facet normal 7.933533403e-01 -6.087614290e-01 0.000000000e+00
    outer loop
      vertex 7.115951568e+00 9.048410074e-01 8.500000000e-01
      vertex 7.121927003e+00 9.126283455e-01 8.500000000e-01
      vertex 7.121927003e+00 9.126283455e-01 1.150000000e+00
    endloop
  endfacet
  facet normal 7.933533403e-01 -6.087614290e-01 0.000000000e+00
    outer loop
      vertex 7.115951568e+00 9.048410074e-01 8.500000000e-01
      vertex 7.121927003e+00 9.126283455e-01 1.150000000e+00
      vertex 7.115951568e+00 9.048410074e-01 1.150000000e+00
    endloop
  endfacet
  facet normal 0.000000000e+00 0.000000000e+00 -1.000000000e+00
    outer loop
      vertex 7.000000000e+00 1.000000000e+00 8.500000000e-01
      vertex 7.127380327e+00 9.207898224e-01 8.500000000e-01
      vertex 7.121927003e+00 9.126283455e-01 8.500000000e-01
    endloop
  endfacet
  facet normal 0.000000000e+00 0.000000000e+00 1.000000000e+00
    outer loop
      vertex 7.000000000e+00 1.000000000e+00 1.150000000e+00
      vertex 7.121927003e+00 9.126283455e-01 1.150000000e+00
      vertex 7.127380327e+00 9.207898224e-01 1.150000000e+00
    endloop
  endfacet
  facet normal 8.314696123e-01 -5.555702330e-01 0.000000000e+00
    outer loop
      vertex 7.121927003e+00 9.126283455e-01 8.500000000e-01
      vertex 7.127380327e+00 9.207898224e-01 8.500000000e-01
      vertex 7.127380327e+00 9.207898224e-01 1.150000000e+00
    endloop
  endfacet
  facet normal 8.314696123e-01 -5.555702330e-01 0.000000000e+00
    outer loop
      vertex 7.121927003e+00 9.126283455e-01 8.500000000e-01
      vertex 7.127380327e+00 9.207898224e-01 1.150000000e+00
      vertex 7.121927003e+00 9.126283455e-01 1.150000000e+00
    endloop
  endfacet
  facet normal 0.000000000e+00 0.000000000e+00 -1.000000000e+00
    outer loop
      vertex 7.000000000e+00 1.000000000e+00 8.500000000e-01
      vertex 7.132288190e+00 9.292904895e-01 8.500000000e-01
      vertex 7.127380327e+00 9.207898224e-01 8.500000000e-01
    endloop
  endfacet
  facet normal 0.000000000e+00 0.000000000e+00 1.000000000e+00
    outer loop
      vertex 7.000000000e+00 1.000000000e+00 1.150000000e+00
      vertex 7.127380327e+00 9.207898224e-01 1.150000000e+00
      vertex 7.132288190e+00 9.292904895e-01 1.150000000e+00
    endloop
  endfacet
  facet normal 8.660254038e-01 -5.000000000e-01 0.000000000e+00
    outer loop
      vertex 7.127380327e+00 9.207898224e-01 8.500000000e-01
      vertex 7.132288190e+00 9.292904895e-01 8.500000000e-01
      vertex 7.132288190e+00 9.292904895e-01 1.150000000e+00
    endloop
  endfacet
  facet normal 8.660254038e-01 -5.000000000e-01 0.000000000e+00
    outer loop
      vertex 7.127380327e+00 9.207898224e-01 8.500000000e-01
      vertex 7.132288190e+00 9.292904895e-01 1.150000000e+00
      vertex 7.127380327e+00 9.207898224e-01 1.150000000e+00
    endloop
  endfacet
  facet normal 0.000000000e+00 0.000000000e+00 -1.000000000e+00
    outer loop
      vertex 7.000000000e+00 1.000000000e+00 8.500000000e-01
      vertex 7.136629574e+00 9.380939455e-01 8.500000000e-01
      vertex 7.132288190e+00 9.292904895e-01 8.500000000e-01
    endloop
  endfacet
  facet normal 0.000000000e+00 0.000000000e+00 1.000000000e+00
    outer loop
      vertex 7.000000000e+00 1.000000000e+00 1.150000000e+00
      vertex 7.132288190e+00 9.292904895e-01 1.150000000e+00
      vertex 7.136629574e+00 9.380939455e-01 1.150000000e+00
    endloop
  endfacet
  facet normal 8.968727415e-01 -4.422886902e-01 0.000000000e+00
    outer loop
      vertex 7.132288190e+00 9.292904895e-01 8.500000000e-01
      vertex 7.136629574e+00 9.380939455e-01 8.500000000e-01
      vertex 7.136629574e+00 9.380939455e-01 1.150000000e+00
    endloop
  endfacet
  facet normal 8.968727415e-01 -4.422886902e-01 0.000000000e+00
    outer loop
      vertex 7.132288190e+00 9.292904895e-01 8.500000000e-01
      vertex 7.136629574e+00 9.380939455e-01 1.150000000e+00
      vertex 7.132288190e+00 9.292904895e-01 1.150000000e+00
    endloop
  endfacet
  facet normal 0.000000000e+00 0.000000000e+00 -1.000000000e+00
    outer loop
      vertex 7.000000000e+00 1.000000000e+00 8.500000000e-01
      vertex 7.140385889e+00 9.471624928e-01 8.500000000e-01
      vertex 7.136629574e+00 9.380939455e-01 8.500000000e-01
    endloop
  endfacet
  facet normal 0.000000000e+00 0.000000000e+00 1.000000000e+00
    outer loop
      vertex 7.000000000e+00 1.000000000e+00 1.150000000e+00
      vertex 7.136629574e+00 9.380939455e-01 1.150000000e+00
      vertex 7.140385889e+00 9.471624928e-01 1.150000000e+00
    endloop
  endfacet
  facet normal 9.238795325e-01 -3.826834324e-01 0.000000000e+00
    outer loop
      vertex 7.136629574e+00 9.380939455e-01 8.500000000e-01
      vertex 7.140385889e+00 9.471624928e-01 8.500000000e-01
      vertex 7.140385889e+00 9.471624928e-01 1.150000000e+00
    endloop
  endfacet
  facet normal 9.238795325e-01 -3.826834324e-01 0.000000000e+00
    outer loop
      vertex 7.136629574e+00 9.380939455e-01 8.500000000e-01
      vertex 7.140385889e+00 9.471624928e-01 1.150000000e+00
      vertex 7.136629574e+00 9.380939455e-01 1.150000000e+00
    endloop
  endfacet
  facet normal 0.000000000e+00 0.000000000e+00 -1.000000000e+00
    outer loop
      vertex 7.000000000e+00 1.000000000e+00 8.500000000e-01
      vertex 7.143541050e+00 9.564572984e-01 8.500000000e-01
      vertex 7.140385889e+00 9.471624928e-01 8.500000000e-01
    endloop
  endfacet
  facet normal 0.000000000e+00 0.000000000e+00 1.000000000e+00
    outer loop
      vertex 7.000000000e+00 1.000000000e+00 1.150000000e+00
      vertex 7.140385889e+00 9.471624928e-01 1.150000000e+00
      vertex 7.143541050e+00 9.564572984e-01 1.150000000e+00
    endloop
  endfacet
  facet normal 9.469301295e-01 -3.214394653e-01 0.000000000e+00
    outer loop
      vertex 7.140385889e+00 9.471624928e-01 8.500000000e-01
      vertex 7.143541050e+00 9.564572984e-01 8.500000000e-01
      vertex 7.143541050e+00 9.564572984e-01 1.150000000e+00
    endloop
  endfacet
  facet normal 9.469301295e-01 -3.214394653e-01 0.000000000e+00
    outer loop
      vertex 7.140385889e+00 9.471624928e-01 8.500000000e-01
      vertex 7.143541050e+00 9.564572984e-01 1.150000000e+00
      vertex 7.140385889e+00 9.471624928e-01 1.150000000e+00
    endloop
  endfacet
  facet normal 0.000000000e+00 0.000000000e+00 -1.000000000e+00
    outer loop
      vertex 7.000000000e+00 1.000000000e+00 8.500000000e-01
      vertex 7.146081547e+00 9.659385605e-01 8.500000000e-01
      vertex 7.143541050e+00 9.564572984e-01 8.500000000e-01
    endloop
  endfacet
  facet normal 0.000000000e+00 0.000000000e+00 1.000000000e+00
    outer loop
      vertex 7.000000000e+00 1.000000000e+00 1.150000000e+00
      vertex 7.143541050e+00 9.564572984e-01 1.150000000e+00
      vertex 7.146081547e+00 9.659385605e-01 1.150000000e+00
    endloop
  endfacet
  facet normal 9.659258263e-01 -2.588190451e-01 0.000000000e+00
    outer loop
      vertex 7.143541050e+00 9.564572984e-01 8.500000000e-01
      vertex 7.146081547e+00 9.659385605e-01 8.500000000e-01
      vertex 7.146081547e+00 9.659385605e-01 1.150000000e+00
    endloop
  endfacet
  facet normal 9.659258263e-01 -2.588190451e-01 0.000000000e+00
    outer loop
      vertex 7.143541050e+00 9.564572984e-01 8.500000000e-01
      vertex 7.146081547e+00 9.659385605e-01 1.150000000e+00
      vertex 7.143541050e+00 9.564572984e-01 1.150000000e+00
    endloop
  endfacet
  facet normal 0.000000000e+00 0.000000000e+00 -1.000000000e+00
    outer loop
      vertex 7.000000000e+00 1.000000000e+00 8.500000000e-01
      vertex 7.147996500e+00 9.755656790e-01 8.500000000e-01
      vertex 7.146081547e+00 9.659385605e-01 8.500000000e-01
    endloop
  endfacet
  facet normal 0.000000000e+00 0.000000000e+00 1.000000000e+00
    outer loop
      vertex 7.000000000e+00 1.000000000e+00 1.150000000e+00
      vertex 7.146081547e+00 9.659385605e-01 1.150000000e+00
      vertex 7.147996500e+00 9.755656790e-01 1.150000000e+00
    endloop
  endfacet
  facet normal 9.807852804e-01 -1.950903220e-01 0.000000000e+00
    outer loop
      vertex 7.146081547e+00 9.659385605e-01 8.500000000e-01
      vertex 7.147996500e+00 9.755656790e-01 8.500000000e-01
      vertex 7.147996500e+00 9.755656790e-01 1.150000000e+00
    endloop
  endfacet
  facet normal 9.807852804e-01 -1.950903220e-01 0.000000000e+00
    outer loop
      vertex 7.146081547e+00 9.659385605e-01 8.500000000e-01
      vertex 7.147996500e+00 9.755656790e-01 1.150000000e+00
      vertex 7.146081547e+00 9.659385605e-01 1.150000000e+00
    endloop
  endfacet
  facet normal 0.000000000e+00 0.000000000e+00 -1.000000000e+00
    outer loop
      vertex 7.000000000e+00 1.000000000e+00 8.500000000e-01
      vertex 7.149277709e+00 9.852974290e-01 8.500000000e-01
      vertex 7.147996500e+00 9.755656790e-01 8.500000000e-01
    endloop
  endfacet
  facet normal 0.000000000e+00 0.000000000e+00 1.000000000e+00
    outer loop
      vertex 7.000000000e+00 1.000000000e+00 1.150000000e+00
      vertex 7.147996500e+00 9.755656790e-01 1.150000000e+00
      vertex 7.149277709e+00 9.852974290e-01 1.150000000e+00
    endloop
  endfacet
  facet normal 9.914448614e-01 -1.305261922e-01 0.000000000e+00
    outer loop
      vertex 7.147996500e+00 9.755656790e-01 8.500000000e-01
      vertex 7.149277709e+00 9.852974290e-01 8.500000000e-01
      vertex 7.149277709e+00 9.852974290e-01 1.150000000e+00
    endloop
  endfacet
  facet normal 9.914448614e-01 -1.305261922e-01 0.000000000e+00
    outer loop
      vertex 7.147996500e+00 9.755656790e-01 8.500000000e-01
      vertex 7.149277709e+00 9.852974290e-01 1.150000000e+00
      vertex 7.147996500e+00 9.755656790e-01 1.150000000e+00
    endloop
  endfacet
  facet normal 0.000000000e+00 0.000000000e+00 -1.000000000e+00
    outer loop
      vertex 7.000000000e+00 1.000000000e+00 8.500000000e-01
      vertex 7.149919688e+00 9.950921376e-01 8.500000000e-01
      vertex 7.149277709e+00 9.852974290e-01 8.500000000e-01
    endloop
  endfacet
  facet normal 0.000000000e+00 0.000000000e+00 1.000000000e+00
    outer loop
      vertex 7.000000000e+00 1.000000000e+00 1.150000000e+00
      vertex 7.149277709e+00 9.852974290e-01 1.150000000e+00
      vertex 7.149919688e+00 9.950921376e-01 1.150000000e+00
    endloop
  endfacet
  facet normal 9.978589232e-01 -6.540312923e-02 0.000000000e+00
    outer loop
      vertex 7.149277709e+00 9.852974290e-01 8.500000000e-01
      vertex 7.149919688e+00 9.950921376e-01 8.500000000e-01
      vertex 7.149919688e+00 9.950921376e-01 1.150000000e+00
    endloop
  endfacet
  facet normal 9.978589232e-01 -6.540312923e-02 0.000000000e+00
    outer loop
      vertex 7.149277709e+00 9.852974290e-01 8.500000000e-01
      vertex 7.149919688e+00 9.950921376e-01 1.150000000e+00
      vertex 7.149277709e+00 9.852974290e-01 1.150000000e+00
    endloop
  endfacet
  facet normal 0.000000000e+00 0.000000000e+00 -1.000000000e+00
    outer loop
      vertex 7.000000000e+00 1.000000000e+00 8.500000000e-01
      vertex 7.149919688e+00 1.004907862e+00 8.500000000e-01
      vertex 7.149919688e+00 9.950921376e-01 8.500000000e-01
    endloop
  endfacet
  facet normal -0.000000000e+00 0.000000000e+00 1.000000000e+00
    outer loop
      vertex 7.000000000e+00 1.000000000e+00 1.150000000e+00
      vertex 7.149919688e+00 9.950921376e-01 1.150000000e+00
      vertex 7.149919688e+00 1.004907862e+00 1.150000000e+00
    endloop
  endfacet
  facet normal 1.000000000e+00 0.000000000e+00 0.000000000e+00
    outer loop
      vertex 7.149919688e+00 9.950921376e-01 8.500000000e-01
      vertex 7.149919688e+00 1.004907862e+00 8.500000000e-01
      vertex 7.149919688e+00 1.004907862e+00 1.150000000e+00
    endloop
  endfacet
  facet normal 1.000000000e+00 0.000000000e+00 0.000000000e+00
    outer loop
      vertex 7.149919688e+00 9.950921376e-01 8.500000000e-01
      vertex 7.149919688e+00 1.004907862e+00 1.150000000e+00
      vertex 7.149919688e+00 9.950921376e-01 1.150000000e+00
    endloop
  endfacet
endsolid point_absorber
