solid sphere
  facet normal -0.546250 0.833679 0.081178
    outer loop
      vertex -0.10514622 0.17013016 0.00000000
      vertex -0.12312840 0.15676861 0.01621726
      vertex -0.09688833 0.17298587 0.02624008
    endloop
  endfacet
  facet normal -0.630461 0.759246 0.161444
    outer loop
      vertex -0.13875610 0.14040929 0.03212441
      vertex -0.11425033 0.15852985 0.04260457
      vertex -0.12312840 0.15676861 0.01621726
    endloop
  endfacet
  facet normal -0.500142 0.839788 0.211221
    outer loop
      vertex -0.08677771 0.17253370 0.05197838
      vertex -0.09688833 0.17298587 0.02624008
      vertex -0.11425033 0.15852985 0.04260457
    endloop
  endfacet
  facet normal -0.557284 0.819634 0.132793
    outer loop
      vertex -0.12312840 0.15676861 0.01621726
      vertex -0.11425033 0.15852985 0.04260457
      vertex -0.09688833 0.17298587 0.02624008
    endloop
  endfacet
  facet normal -0.759999 0.569358 0.313422
    outer loop
      vertex -0.16180340 0.10000000 0.06180340
      vertex -0.14142136 0.12030019 0.07434961
      vertex -0.15173046 0.12136503 0.04741727
    endloop
  endfacet
  facet normal -0.649101 0.663683 0.371743
    outer loop
      vertex -0.11755705 0.13763819 0.08506508
      vertex -0.12948238 0.14046197 0.05920092
      vertex -0.14142136 0.12030019 0.07434961
    endloop
  endfacet
  facet normal -0.702258 0.670528 0.239219
    outer loop
      vertex -0.13875610 0.14040929 0.03212441
      vertex -0.15173046 0.12136503 0.04741727
      vertex -0.12948238 0.14046197 0.05920092
    endloop
  endfacet
  facet normal -0.707576 0.641557 0.296210
    outer loop
      vertex -0.14142136 0.12030019 0.07434961
      vertex -0.12948238 0.14046197 0.05920092
      vertex -0.15173046 0.12136503 0.04741727
    endloop
  endfacet
  facet normal -0.382479 0.802678 0.457622
    outer loop
      vertex -0.06180340 0.16180340 0.10000000
      vertex -0.07500771 0.16878229 0.07672275
      vertex -0.09079810 0.15158708 0.09368597
    endloop
  endfacet
  facet normal -0.445068 0.829480 0.337457
    outer loop
      vertex -0.08677771 0.17253370 0.05197838
      vertex -0.10322432 0.15669034 0.06923060
      vertex -0.07500771 0.16878229 0.07672275
    endloop
  endfacet
  facet normal -0.522219 0.742100 0.420208
    outer loop
      vertex -0.11755705 0.13763819 0.08506508
      vertex -0.09079810 0.15158708 0.09368597
      vertex -0.10322432 0.15669034 0.06923060
    endloop
  endfacet
  facet normal -0.448483 0.801686 0.395175
    outer loop
      vertex -0.07500771 0.16878229 0.07672275
      vertex -0.10322432 0.15669034 0.06923060
      vertex -0.09079810 0.15158708 0.09368597
    endloop
  endfacet
  facet normal -0.638727 0.738104 0.217328
    outer loop
      vertex -0.13875610 0.14040929 0.03212441
      vertex -0.12948238 0.14046197 0.05920092
      vertex -0.11425033 0.15852985 0.04260457
    endloop
  endfacet
  facet normal -0.585563 0.731257 0.349826
    outer loop
      vertex -0.11755705 0.13763819 0.08506508
      vertex -0.10322432 0.15669034 0.06923060
      vertex -0.12948238 0.14046197 0.05920092
    endloop
  endfacet
  facet normal -0.508425 0.818634 0.267099
    outer loop
      vertex -0.08677771 0.17253370 0.05197838
      vertex -0.11425033 0.15852985 0.04260457
      vertex -0.10322432 0.15669034 0.06923060
    endloop
  endfacet
  facet normal -0.581154 0.759176 0.293108
    outer loop
      vertex -0.12948238 0.14046197 0.05920092
      vertex -0.10322432 0.15669034 0.06923060
      vertex -0.11425033 0.15852985 0.04260457
    endloop
  endfacet
  facet normal -0.833679 0.081178 0.546250
    outer loop
      vertex -0.17013016 0.00000000 0.10514622
      vertex -0.15676861 0.01621726 0.12312840
      vertex -0.17298587 0.02624008 0.09688833
    endloop
  endfacet
  facet normal -0.759246 0.161444 0.630461
    outer loop
      vertex -0.14040929 0.03212441 0.13875610
      vertex -0.15852985 0.04260457 0.11425033
      vertex -0.15676861 0.01621726 0.12312840
    endloop
  endfacet
  facet normal -0.839788 0.211221 0.500142
    outer loop
      vertex -0.17253370 0.05197838 0.08677771
      vertex -0.17298587 0.02624008 0.09688833
      vertex -0.15852985 0.04260457 0.11425033
    endloop
  endfacet
  facet normal -0.819634 0.132793 0.557284
    outer loop
      vertex -0.15676861 0.01621726 0.12312840
      vertex -0.15852985 0.04260457 0.11425033
      vertex -0.17298587 0.02624008 0.09688833
    endloop
  endfacet
  facet normal -0.569358 0.313422 0.759999
    outer loop
      vertex -0.10000000 0.06180340 0.16180340
      vertex -0.12030019 0.07434961 0.14142136
      vertex -0.12136503 0.04741727 0.15173046
    endloop
  endfacet
  facet normal -0.663683 0.371743 0.649101
    outer loop
      vertex -0.13763819 0.08506508 0.11755705
      vertex -0.14046197 0.05920092 0.12948238
      vertex -0.12030019 0.07434961 0.14142136
    endloop
  endfacet
  facet normal -0.670528 0.239219 0.702258
    outer loop
      vertex -0.14040929 0.03212441 0.13875610
      vertex -0.12136503 0.04741727 0.15173046
      vertex -0.14046197 0.05920092 0.12948238
    endloop
  endfacet
  facet normal -0.641557 0.296210 0.707576
    outer loop
      vertex -0.12030019 0.07434961 0.14142136
      vertex -0.14046197 0.05920092 0.12948238
      vertex -0.12136503 0.04741727 0.15173046
    endloop
  endfacet
  facet normal -0.802678 0.457622 0.382479
    outer loop
      vertex -0.16180340 0.10000000 0.06180340
      vertex -0.16878229 0.07672275 0.07500771
      vertex -0.15158708 0.09368597 0.09079810
    endloop
  endfacet
  facet normal -0.829480 0.337457 0.445068
    outer loop
      vertex -0.17253370 0.05197838 0.08677771
      vertex -0.15669034 0.06923060 0.10322432
      vertex -0.16878229 0.07672275 0.07500771
    endloop
  endfacet
  facet normal -0.742100 0.420208 0.522219
    outer loop
      vertex -0.13763819 0.08506508 0.11755705
      vertex -0.15158708 0.09368597 0.09079810
      vertex -0.15669034 0.06923060 0.10322432
    endloop
  endfacet
  facet normal -0.801686 0.395175 0.448483
    outer loop
      vertex -0.16878229 0.07672275 0.07500771
      vertex -0.15669034 0.06923060 0.10322432
      vertex -0.15158708 0.09368597 0.09079810
    endloop
  endfacet
  facet normal -0.738104 0.217328 0.638727
    outer loop
      vertex -0.14040929 0.03212441 0.13875610
      vertex -0.14046197 0.05920092 0.12948238
      vertex -0.15852985 0.04260457 0.11425033
    endloop
  endfacet
  facet normal -0.731257 0.349826 0.585563
    outer loop
      vertex -0.13763819 0.08506508 0.11755705
      vertex -0.15669034 0.06923060 0.10322432
      vertex -0.14046197 0.05920092 0.12948238
    endloop
  endfacet
  facet normal -0.818634 0.267099 0.508425
    outer loop
      vertex -0.17253370 0.05197838 0.08677771
      vertex -0.15852985 0.04260457 0.11425033
      vertex -0.15669034 0.06923060 0.10322432
    endloop
  endfacet
  facet normal -0.759176 0.293108 0.581154
    outer loop
      vertex -0.14046197 0.05920092 0.12948238
      vertex -0.15669034 0.06923060 0.10322432
      vertex -0.15852985 0.04260457 0.11425033
    endloop
  endfacet
  facet normal -0.081178 0.546250 0.833679
    outer loop
      vertex 0.00000000 0.10514622 0.17013016
      vertex -0.01621726 0.12312840 0.15676861
      vertex -0.02624008 0.09688833 0.17298587
    endloop
  endfacet
  facet normal -0.161444 0.630461 0.759246
    outer loop
      vertex -0.03212441 0.13875610 0.14040929
      vertex -0.04260457 0.11425033 0.15852985
      vertex -0.01621726 0.12312840 0.15676861
    endloop
  endfacet
  facet normal -0.211221 0.500142 0.839788
    outer loop
      vertex -0.05197838 0.08677771 0.17253370
      vertex -0.02624008 0.09688833 0.17298587
      vertex -0.04260457 0.11425033 0.15852985
    endloop
  endfacet
  facet normal -0.132793 0.557284 0.819634
    outer loop
      vertex -0.01621726 0.12312840 0.15676861
      vertex -0.04260457 0.11425033 0.15852985
      vertex -0.02624008 0.09688833 0.17298587
    endloop
  endfacet
  facet normal -0.313422 0.759999 0.569358
    outer loop
      vertex -0.06180340 0.16180340 0.10000000
      vertex -0.07434961 0.14142136 0.12030019
      vertex -0.04741727 0.15173046 0.12136503
    endloop
  endfacet
  facet normal -0.371743 0.649101 0.663683
    outer loop
      vertex -0.08506508 0.11755705 0.13763819
      vertex -0.05920092 0.12948238 0.14046197
      vertex -0.07434961 0.14142136 0.12030019
    endloop
  endfacet
  facet normal -0.239219 0.702258 0.670528
    outer loop
      vertex -0.03212441 0.13875610 0.14040929
      vertex -0.04741727 0.15173046 0.12136503
      vertex -0.05920092 0.12948238 0.14046197
    endloop
  endfacet
  facet normal -0.296210 0.707576 0.641557
    outer loop
      vertex -0.07434961 0.14142136 0.12030019
      vertex -0.05920092 0.12948238 0.14046197
      vertex -0.04741727 0.15173046 0.12136503
    endloop
  endfacet
  facet normal -0.457622 0.382479 0.802678
    outer loop
      vertex -0.10000000 0.06180340 0.16180340
      vertex -0.07672275 0.07500771 0.16878229
      vertex -0.09368597 0.09079810 0.15158708
    endloop
  endfacet
  facet normal -0.337457 0.445068 0.829480
    outer loop
      vertex -0.05197838 0.08677771 0.17253370
      vertex -0.06923060 0.10322432 0.15669034
      vertex -0.07672275 0.07500771 0.16878229
    endloop
  endfacet
  facet normal -0.420208 0.522219 0.742100
    outer loop
      vertex -0.08506508 0.11755705 0.13763819
      vertex -0.09368597 0.09079810 0.15158708
      vertex -0.06923060 0.10322432 0.15669034
    endloop
  endfacet
  facet normal -0.395175 0.448483 0.801686
    outer loop
      vertex -0.07672275 0.07500771 0.16878229
      vertex -0.06923060 0.10322432 0.15669034
      vertex -0.09368597 0.09079810 0.15158708
    endloop
  endfacet
  facet normal -0.217328 0.638727 0.738104
    outer loop
      vertex -0.03212441 0.13875610 0.14040929
      vertex -0.05920092 0.12948238 0.14046197
      vertex -0.04260457 0.11425033 0.15852985
    endloop
  endfacet
  facet normal -0.349826 0.585563 0.731257
    outer loop
      vertex -0.08506508 0.11755705 0.13763819
      vertex -0.06923060 0.10322432 0.15669034
      vertex -0.05920092 0.12948238 0.14046197
    endloop
  endfacet
  facet normal -0.267099 0.508425 0.818634
    outer loop
      vertex -0.05197838 0.08677771 0.17253370
      vertex -0.04260457 0.11425033 0.15852985
      vertex -0.06923060 0.10322432 0.15669034
    endloop
  endfacet
  facet normal -0.293108 0.581154 0.759176
    outer loop
      vertex -0.05920092 0.12948238 0.14046197
      vertex -0.06923060 0.10322432 0.15669034
      vertex -0.04260457 0.11425033 0.15852985
    endloop
  endfacet
  facet normal -0.759514 0.526342 0.382234
    outer loop
      vertex -0.16180340 0.10000000 0.06180340
      vertex -0.15158708 0.09368597 0.09079810
      vertex -0.14142136 0.12030019 0.07434961
    endloop
  endfacet
  facet normal -0.699011 0.488895 0.521887
    outer loop
      vertex -0.13763819 0.08506508 0.11755705
      vertex -0.12931556 0.11285084 0.10267509
      vertex -0.15158708 0.09368597 0.09079810
    endloop
  endfacet
  facet normal -0.648687 0.620644 0.440461
    outer loop
      vertex -0.11755705 0.13763819 0.08506508
      vertex -0.14142136 0.12030019 0.07434961
      vertex -0.12931556 0.11285084 0.10267509
    endloop
  endfacet
  facet normal -0.708443 0.546564 0.446517
    outer loop
      vertex -0.15158708 0.09368597 0.09079810
      vertex -0.12931556 0.11285084 0.10267509
      vertex -0.14142136 0.12030019 0.07434961
    endloop
  endfacet
  facet normal -0.526342 0.382234 0.759514
    outer loop
      vertex -0.10000000 0.06180340 0.16180340
      vertex -0.09368597 0.09079810 0.15158708
      vertex -0.12030019 0.07434961 0.14142136
    endloop
  endfacet
  facet normal -0.488895 0.521887 0.699011
    outer loop
      vertex -0.08506508 0.11755705 0.13763819
      vertex -0.11285084 0.10267509 0.12931556
      vertex -0.09368597 0.09079810 0.15158708
    endloop
  endfacet
  facet normal -0.620644 0.440461 0.648687
    outer loop
      vertex -0.13763819 0.08506508 0.11755705
      vertex -0.12030019 0.07434961 0.14142136
      vertex -0.11285084 0.10267509 0.12931556
    endloop
  endfacet
  facet normal -0.546564 0.446517 0.708443
    outer loop
      vertex -0.09368597 0.09079810 0.15158708
      vertex -0.11285084 0.10267509 0.12931556
      vertex -0.12030019 0.07434961 0.14142136
    endloop
  endfacet
  facet normal -0.382234 0.759514 0.526342
    outer loop
      vertex -0.06180340 0.16180340 0.10000000
      vertex -0.09079810 0.15158708 0.09368597
      vertex -0.07434961 0.14142136 0.12030019
    endloop
  endfacet
  facet normal -0.521887 0.699011 0.488895
    outer loop
      vertex -0.11755705 0.13763819 0.08506508
      vertex -0.10267509 0.12931556 0.11285084
      vertex -0.09079810 0.15158708 0.09368597
    endloop
  endfacet
  facet normal -0.440461 0.648687 0.620644
    outer loop
      vertex -0.08506508 0.11755705 0.13763819
      vertex -0.07434961 0.14142136 0.12030019
      vertex -0.10267509 0.12931556 0.11285084
    endloop
  endfacet
  facet normal -0.446517 0.708443 0.546564
    outer loop
      vertex -0.09079810 0.15158708 0.09368597
      vertex -0.10267509 0.12931556 0.11285084
      vertex -0.07434961 0.14142136 0.12030019
    endloop
  endfacet
  facet normal -0.635472 0.503751 0.585159
    outer loop
      vertex -0.13763819 0.08506508 0.11755705
      vertex -0.11285084 0.10267509 0.12931556
      vertex -0.12931556 0.11285084 0.10267509
    endloop
  endfacet
  facet normal -0.503751 0.585159 0.635472
    outer loop
      vertex -0.08506508 0.11755705 0.13763819
      vertex -0.10267509 0.12931556 0.11285084
      vertex -0.11285084 0.10267509 0.12931556
    endloop
  endfacet
  facet normal -0.585159 0.635472 0.503751
    outer loop
      vertex -0.11755705 0.13763819 0.08506508
      vertex -0.12931556 0.11285084 0.10267509
      vertex -0.10267509 0.12931556 0.11285084
    endloop
  endfacet
  facet normal -0.577350 0.577350 0.577350
    outer loop
      vertex -0.11285084 0.10267509 0.12931556
      vertex -0.10267509 0.12931556 0.11285084
      vertex -0.12931556 0.11285084 0.10267509
    endloop
  endfacet
  facet normal -0.465071 0.883850 0.050171
    outer loop
      vertex -0.10514622 0.17013016 0.00000000
      vertex -0.09688833 0.17298587 0.02624008
      vertex -0.08067107 0.18300868 0.00000000
    endloop
  endfacet
  facet normal -0.419240 0.889788 0.180319
    outer loop
      vertex -0.08677771 0.17253370 0.05197838
      vertex -0.07164576 0.18486092 0.02633107
      vertex -0.09688833 0.17298587 0.02624008
    endloop
  endfacet
  facet normal -0.338698 0.939566 0.050000
    outer loop
      vertex -0.05465331 0.19238767 0.00000000
      vertex -0.08067107 0.18300868 0.00000000
      vertex -0.07164576 0.18486092 0.02633107
    endloop
  endfacet
  facet normal -0.424492 0.901705 0.082070
    outer loop
      vertex -0.09688833 0.17298587 0.02624008
      vertex -0.07164576 0.18486092 0.02633107
      vertex -0.08067107 0.18300868 0.00000000
    endloop
  endfacet
  facet normal -0.302377 0.852184 0.427026
    outer loop
      vertex -0.06180340 0.16180340 0.10000000
      vertex -0.04773539 0.17820130 0.07723748
      vertex -0.07500771 0.16878229 0.07672275
    endloop
  endfacet
  facet normal -0.228893 0.923386 0.308167
    outer loop
      vertex -0.03249197 0.19021130 0.05257311
      vertex -0.06025178 0.18324884 0.05281655
      vertex -0.04773539 0.17820130 0.07723748
    endloop
  endfacet
  facet normal -0.364801 0.879088 0.306798
    outer loop
      vertex -0.08677771 0.17253370 0.05197838
      vertex -0.07500771 0.16878229 0.07672275
      vertex -0.06025178 0.18324884 0.05281655
    endloop
  endfacet
  facet normal -0.312401 0.885789 0.343197
    outer loop
      vertex -0.04773539 0.17820130 0.07723748
      vertex -0.06025178 0.18324884 0.05281655
      vertex -0.07500771 0.16878229 0.07672275
    endloop
  endfacet
  facet normal -0.069057 0.996384 0.049505
    outer loop
      vertex 0.00000000 0.20000000 0.00000000
      vertex -0.02759045 0.19808778 0.00000000
      vertex -0.01644849 0.19753767 0.02661422
    endloop
  endfacet
  facet normal -0.205849 0.977326 0.049608
    outer loop
      vertex -0.05465331 0.19238767 0.00000000
      vertex -0.04402341 0.19327852 0.02655850
      vertex -0.02759045 0.19808778 0.00000000
    endloop
  endfacet
  facet normal -0.150476 0.971850 0.181286
    outer loop
      vertex -0.03249197 0.19021130 0.05257311
      vertex -0.01644849 0.19753767 0.02661422
      vertex -0.04402341 0.19327852 0.02655850
    endloop
  endfacet
  facet normal -0.152272 0.984754 0.084103
    outer loop
      vertex -0.02759045 0.19808778 0.00000000
      vertex -0.04402341 0.19327852 0.02655850
      vertex -0.01644849 0.19753767 0.02661422
    endloop
  endfacet
  facet normal -0.371628 0.903180 0.214847
    outer loop
      vertex -0.08677771 0.17253370 0.05197838
      vertex -0.06025178 0.18324884 0.05281655
      vertex -0.07164576 0.18486092 0.02633107
    endloop
  endfacet
  facet normal -0.235738 0.947462 0.216204
    outer loop
      vertex -0.03249197 0.19021130 0.05257311
      vertex -0.04402341 0.19327852 0.02655850
      vertex -0.06025178 0.18324884 0.05281655
    endloop
  endfacet
  facet normal -0.291097 0.952950 0.084545
    outer loop
      vertex -0.05465331 0.19238767 0.00000000
      vertex -0.07164576 0.18486092 0.02633107
      vertex -0.04402341 0.19327852 0.02655850
    endloop
  endfacet
  facet normal -0.288045 0.940327 0.181151
    outer loop
      vertex -0.06025178 0.18324884 0.05281655
      vertex -0.04402341 0.19327852 0.02655850
      vertex -0.07164576 0.18486092 0.02633107
    endloop
  endfacet
  facet normal 0.000000 0.596421 0.802672
    outer loop
      vertex 0.00000000 0.10514622 0.17013016
      vertex 0.01621726 0.12312840 0.15676861
      vertex -0.01621726 0.12312840 0.15676861
    endloop
  endfacet
  facet normal 0.080541 0.680461 0.728345
    outer loop
      vertex 0.03212441 0.13875610 0.14040929
      vertex 0.00000000 0.14058141 0.14225635
      vertex 0.01621726 0.12312840 0.15676861
    endloop
  endfacet
  facet normal -0.080541 0.680461 0.728345
    outer loop
      vertex -0.03212441 0.13875610 0.14040929
      vertex -0.01621726 0.12312840 0.15676861
      vertex 0.00000000 0.14058141 0.14225635
    endloop
  endfacet
  facet normal 0.000000 0.639354 0.768912
    outer loop
      vertex 0.01621726 0.12312840 0.15676861
      vertex 0.00000000 0.14058141 0.14225635
      vertex -0.01621726 0.12312840 0.15676861
    endloop
  endfacet
  facet normal 0.233320 0.809504 0.538762
    outer loop
      vertex 0.06180340 0.16180340 0.10000000
      vertex 0.03128689 0.16803558 0.10385170
      vertex 0.04741727 0.15173046 0.12136503
    endloop
  endfacet
  facet normal 0.078417 0.830386 0.551642
    outer loop
      vertex 0.00000000 0.17013016 0.10514622
      vertex 0.01622837 0.15604087 0.12404792
      vertex 0.03128689 0.16803558 0.10385170
    endloop
  endfacet
  facet normal 0.158952 0.751866 0.639868
    outer loop
      vertex 0.03212441 0.13875610 0.14040929
      vertex 0.04741727 0.15173046 0.12136503
      vertex 0.01622837 0.15604087 0.12404792
    endloop
  endfacet
  facet normal 0.160129 0.791679 0.589579
    outer loop
      vertex 0.03128689 0.16803558 0.10385170
      vertex 0.01622837 0.15604087 0.12404792
      vertex 0.04741727 0.15173046 0.12136503
    endloop
  endfacet
  facet normal -0.233320 0.809504 0.538762
    outer loop
      vertex -0.06180340 0.16180340 0.10000000
      vertex -0.04741727 0.15173046 0.12136503
      vertex -0.03128689 0.16803558 0.10385170
    endloop
  endfacet
  facet normal -0.158952 0.751866 0.639868
    outer loop
      vertex -0.03212441 0.13875610 0.14040929
      vertex -0.01622837 0.15604087 0.12404792
      vertex -0.04741727 0.15173046 0.12136503
    endloop
  endfacet
  facet normal -0.078417 0.830386 0.551642
    outer loop
      vertex 0.00000000 0.17013016 0.10514622
      vertex -0.03128689 0.16803558 0.10385170
      vertex -0.01622837 0.15604087 0.12404792
    endloop
  endfacet
  facet normal -0.160129 0.791679 0.589579
    outer loop
      vertex -0.04741727 0.15173046 0.12136503
      vertex -0.01622837 0.15604087 0.12404792
      vertex -0.03128689 0.16803558 0.10385170
    endloop
  endfacet
  facet normal 0.080531 0.723272 0.685852
    outer loop
      vertex 0.03212441 0.13875610 0.14040929
      vertex 0.01622837 0.15604087 0.12404792
      vertex 0.00000000 0.14058141 0.14225635
    endloop
  endfacet
  facet normal 0.000000 0.801768 0.597636
    outer loop
      vertex 0.00000000 0.17013016 0.10514622
      vertex -0.01622837 0.15604087 0.12404792
      vertex 0.01622837 0.15604087 0.12404792
    endloop
  endfacet
  facet normal -0.080531 0.723272 0.685852
    outer loop
      vertex -0.03212441 0.13875610 0.14040929
      vertex 0.00000000 0.14058141 0.14225635
      vertex -0.01622837 0.15604087 0.12404792
    endloop
  endfacet
  facet normal 0.000000 0.762305 0.647218
    outer loop
      vertex 0.01622837 0.15604087 0.12404792
      vertex -0.01622837 0.15604087 0.12404792
      vertex 0.00000000 0.14058141 0.14225635
    endloop
  endfacet
  facet normal 0.465071 0.883850 0.050171
    outer loop
      vertex 0.10514622 0.17013016 0.00000000
      vertex 0.08067107 0.18300868 0.00000000
      vertex 0.09688833 0.17298587 0.02624008
    endloop
  endfacet
  facet normal 0.338698 0.939566 0.050000
    outer loop
      vertex 0.05465331 0.19238767 0.00000000
      vertex 0.07164576 0.18486092 0.02633107
      vertex 0.08067107 0.18300868 0.00000000
    endloop
  endfacet
  facet normal 0.419240 0.889788 0.180319
    outer loop
      vertex 0.08677771 0.17253370 0.05197838
      vertex 0.09688833 0.17298587 0.02624008
      vertex 0.07164576 0.18486092 0.02633107
    endloop
  endfacet
  facet normal 0.424492 0.901705 0.082070
    outer loop
      vertex 0.08067107 0.18300868 0.00000000
      vertex 0.07164576 0.18486092 0.02633107
      vertex 0.09688833 0.17298587 0.02624008
    endloop
  endfacet
  facet normal 0.069057 0.996384 0.049505
    outer loop
      vertex 0.00000000 0.20000000 0.00000000
      vertex 0.01644849 0.19753767 0.02661422
      vertex 0.02759045 0.19808778 0.00000000
    endloop
  endfacet
  facet normal 0.150476 0.971850 0.181286
    outer loop
      vertex 0.03249197 0.19021130 0.05257311
      vertex 0.04402341 0.19327852 0.02655850
      vertex 0.01644849 0.19753767 0.02661422
    endloop
  endfacet
  facet normal 0.205849 0.977326 0.049608
    outer loop
      vertex 0.05465331 0.19238767 0.00000000
      vertex 0.02759045 0.19808778 0.00000000
      vertex 0.04402341 0.19327852 0.02655850
    endloop
  endfacet
  facet normal 0.152272 0.984754 0.084103
    outer loop
      vertex 0.01644849 0.19753767 0.02661422
      vertex 0.04402341 0.19327852 0.02655850
      vertex 0.02759045 0.19808778 0.00000000
    endloop
  endfacet
  facet normal 0.302377 0.852184 0.427026
    outer loop
      vertex 0.06180340 0.16180340 0.10000000
      vertex 0.07500771 0.16878229 0.07672275
      vertex 0.04773539 0.17820130 0.07723748
    endloop
  endfacet
  facet normal 0.364801 0.879088 0.306798
    outer loop
      vertex 0.08677771 0.17253370 0.05197838
      vertex 0.06025178 0.18324884 0.05281655
      vertex 0.07500771 0.16878229 0.07672275
    endloop
  endfacet
  facet normal 0.228893 0.923386 0.308167
    outer loop
      vertex 0.03249197 0.19021130 0.05257311
      vertex 0.04773539 0.17820130 0.07723748
      vertex 0.06025178 0.18324884 0.05281655
    endloop
  endfacet
  facet normal 0.312401 0.885789 0.343197
    outer loop
      vertex 0.07500771 0.16878229 0.07672275
      vertex 0.06025178 0.18324884 0.05281655
      vertex 0.04773539 0.17820130 0.07723748
    endloop
  endfacet
  facet normal 0.291097 0.952950 0.084545
    outer loop
      vertex 0.05465331 0.19238767 0.00000000
      vertex 0.04402341 0.19327852 0.02655850
      vertex 0.07164576 0.18486092 0.02633107
    endloop
  endfacet
  facet normal 0.235738 0.947462 0.216204
    outer loop
      vertex 0.03249197 0.19021130 0.05257311
      vertex 0.06025178 0.18324884 0.05281655
      vertex 0.04402341 0.19327852 0.02655850
    endloop
  endfacet
  facet normal 0.371628 0.903180 0.214847
    outer loop
      vertex 0.08677771 0.17253370 0.05197838
      vertex 0.07164576 0.18486092 0.02633107
      vertex 0.06025178 0.18324884 0.05281655
    endloop
  endfacet
  facet normal 0.288045 0.940327 0.181151
    outer loop
      vertex 0.04402341 0.19327852 0.02655850
      vertex 0.06025178 0.18324884 0.05281655
      vertex 0.07164576 0.18486092 0.02633107
    endloop
  endfacet
  facet normal -0.233171 0.851640 0.469405
    outer loop
      vertex -0.06180340 0.16180340 0.10000000
      vertex -0.03128689 0.16803558 0.10385170
      vertex -0.04773539 0.17820130 0.07723748
    endloop
  endfacet
  facet normal -0.078367 0.872474 0.482336
    outer loop
      vertex 0.00000000 0.17013016 0.10514622
      vertex -0.01646472 0.18259650 0.07992141
      vertex -0.03128689 0.16803558 0.10385170
    endloop
  endfacet
  facet normal -0.159793 0.922797 0.350587
    outer loop
      vertex -0.03249197 0.19021130 0.05257311
      vertex -0.04773539 0.17820130 0.07723748
      vertex -0.01646472 0.18259650 0.07992141
    endloop
  endfacet
  facet normal -0.161879 0.884358 0.437842
    outer loop
      vertex -0.03128689 0.16803558 0.10385170
      vertex -0.01646472 0.18259650 0.07992141
      vertex -0.04773539 0.17820130 0.07723748
    endloop
  endfacet
  facet normal 0.233171 0.851640 0.469405
    outer loop
      vertex 0.06180340 0.16180340 0.10000000
      vertex 0.04773539 0.17820130 0.07723748
      vertex 0.03128689 0.16803558 0.10385170
    endloop
  endfacet
  facet normal 0.159793 0.922797 0.350587
    outer loop
      vertex 0.03249197 0.19021130 0.05257311
      vertex 0.01646472 0.18259650 0.07992141
      vertex 0.04773539 0.17820130 0.07723748
    endloop
  endfacet
  facet normal 0.078367 0.872474 0.482336
    outer loop
      vertex 0.00000000 0.17013016 0.10514622
      vertex 0.03128689 0.16803558 0.10385170
      vertex 0.01646472 0.18259650 0.07992141
    endloop
  endfacet
  facet normal 0.161879 0.884358 0.437842
    outer loop
      vertex 0.04773539 0.17820130 0.07723748
      vertex 0.01646472 0.18259650 0.07992141
      vertex 0.03128689 0.16803558 0.10385170
    endloop
  endfacet
  facet normal 0.000000 0.995747 0.092126
    outer loop
      vertex 0.00000000 0.20000000 0.00000000
      vertex -0.01644849 0.19753767 0.02661422
      vertex 0.01644849 0.19753767 0.02661422
    endloop
  endfacet
  facet normal -0.081426 0.971231 0.223786
    outer loop
      vertex -0.03249197 0.19021130 0.05257311
      vertex 0.00000000 0.19277225 0.05328094
      vertex -0.01644849 0.19753767 0.02661422
    endloop
  endfacet
  facet normal 0.081426 0.971231 0.223786
    outer loop
      vertex 0.03249197 0.19021130 0.05257311
      vertex 0.01644849 0.19753767 0.02661422
      vertex 0.00000000 0.19277225 0.05328094
    endloop
  endfacet
  facet normal -0.000000 0.984405 0.175916
    outer loop
      vertex -0.01644849 0.19753767 0.02661422
      vertex 0.00000000 0.19277225 0.05328094
      vertex 0.01644849 0.19753767 0.02661422
    endloop
  endfacet
  facet normal 0.000000 0.896494 0.443056
    outer loop
      vertex 0.00000000 0.17013016 0.10514622
      vertex 0.01646472 0.18259650 0.07992141
      vertex -0.01646472 0.18259650 0.07992141
    endloop
  endfacet
  facet normal 0.081408 0.946807 0.311335
    outer loop
      vertex 0.03249197 0.19021130 0.05257311
      vertex 0.00000000 0.19277225 0.05328094
      vertex 0.01646472 0.18259650 0.07992141
    endloop
  endfacet
  facet normal -0.081408 0.946807 0.311335
    outer loop
      vertex -0.03249197 0.19021130 0.05257311
      vertex -0.01646472 0.18259650 0.07992141
      vertex 0.00000000 0.19277225 0.05328094
    endloop
  endfacet
  facet normal 0.000000 0.934172 0.356822
    outer loop
      vertex 0.01646472 0.18259650 0.07992141
      vertex 0.00000000 0.19277225 0.05328094
      vertex -0.01646472 0.18259650 0.07992141
    endloop
  endfacet
  facet normal -0.465071 0.883850 -0.050171
    outer loop
      vertex -0.10514622 0.17013016 0.00000000
      vertex -0.08067107 0.18300868 0.00000000
      vertex -0.09688833 0.17298587 -0.02624008
    endloop
  endfacet
  facet normal -0.338698 0.939566 -0.050000
    outer loop
      vertex -0.05465331 0.19238767 0.00000000
      vertex -0.07164576 0.18486092 -0.02633107
      vertex -0.08067107 0.18300868 0.00000000
    endloop
  endfacet
  facet normal -0.419240 0.889788 -0.180319
    outer loop
      vertex -0.08677771 0.17253370 -0.05197838
      vertex -0.09688833 0.17298587 -0.02624008
      vertex -0.07164576 0.18486092 -0.02633107
    endloop
  endfacet
  facet normal -0.424492 0.901705 -0.082070
    outer loop
      vertex -0.08067107 0.18300868 0.00000000
      vertex -0.07164576 0.18486092 -0.02633107
      vertex -0.09688833 0.17298587 -0.02624008
    endloop
  endfacet
  facet normal -0.069057 0.996384 -0.049505
    outer loop
      vertex 0.00000000 0.20000000 0.00000000
      vertex -0.01644849 0.19753767 -0.02661422
      vertex -0.02759045 0.19808778 0.00000000
    endloop
  endfacet
  facet normal -0.150476 0.971850 -0.181286
    outer loop
      vertex -0.03249197 0.19021130 -0.05257311
      vertex -0.04402341 0.19327852 -0.02655850
      vertex -0.01644849 0.19753767 -0.02661422
    endloop
  endfacet
  facet normal -0.205849 0.977326 -0.049608
    outer loop
      vertex -0.05465331 0.19238767 0.00000000
      vertex -0.02759045 0.19808778 0.00000000
      vertex -0.04402341 0.19327852 -0.02655850
    endloop
  endfacet
  facet normal -0.152272 0.984754 -0.084103
    outer loop
      vertex -0.01644849 0.19753767 -0.02661422
      vertex -0.04402341 0.19327852 -0.02655850
      vertex -0.02759045 0.19808778 0.00000000
    endloop
  endfacet
  facet normal -0.302377 0.852184 -0.427026
    outer loop
      vertex -0.06180340 0.16180340 -0.10000000
      vertex -0.07500771 0.16878229 -0.07672275
      vertex -0.04773539 0.17820130 -0.07723748
    endloop
  endfacet
  facet normal -0.364801 0.879088 -0.306798
    outer loop
      vertex -0.08677771 0.17253370 -0.05197838
      vertex -0.06025178 0.18324884 -0.05281655
      vertex -0.07500771 0.16878229 -0.07672275
    endloop
  endfacet
  facet normal -0.228893 0.923386 -0.308167
    outer loop
      vertex -0.03249197 0.19021130 -0.05257311
      vertex -0.04773539 0.17820130 -0.07723748
      vertex -0.06025178 0.18324884 -0.05281655
    endloop
  endfacet
  facet normal -0.312401 0.885789 -0.343197
    outer loop
      vertex -0.07500771 0.16878229 -0.07672275
      vertex -0.06025178 0.18324884 -0.05281655
      vertex -0.04773539 0.17820130 -0.07723748
    endloop
  endfacet
  facet normal -0.291097 0.952950 -0.084545
    outer loop
      vertex -0.05465331 0.19238767 0.00000000
      vertex -0.04402341 0.19327852 -0.02655850
      vertex -0.07164576 0.18486092 -0.02633107
    endloop
  endfacet
  facet normal -0.235738 0.947462 -0.216204
    outer loop
      vertex -0.03249197 0.19021130 -0.05257311
      vertex -0.06025178 0.18324884 -0.05281655
      vertex -0.04402341 0.19327852 -0.02655850
    endloop
  endfacet
  facet normal -0.371628 0.903180 -0.214847
    outer loop
      vertex -0.08677771 0.17253370 -0.05197838
      vertex -0.07164576 0.18486092 -0.02633107
      vertex -0.06025178 0.18324884 -0.05281655
    endloop
  endfacet
  facet normal -0.288045 0.940327 -0.181151
    outer loop
      vertex -0.04402341 0.19327852 -0.02655850
      vertex -0.06025178 0.18324884 -0.05281655
      vertex -0.07164576 0.18486092 -0.02633107
    endloop
  endfacet
  facet normal 0.465071 0.883850 -0.050171
    outer loop
      vertex 0.10514622 0.17013016 0.00000000
      vertex 0.09688833 0.17298587 -0.02624008
      vertex 0.08067107 0.18300868 0.00000000
    endloop
  endfacet
  facet normal 0.419240 0.889788 -0.180319
    outer loop
      vertex 0.08677771 0.17253370 -0.05197838
      vertex 0.07164576 0.18486092 -0.02633107
      vertex 0.09688833 0.17298587 -0.02624008
    endloop
  endfacet
  facet normal 0.338698 0.939566 -0.050000
    outer loop
      vertex 0.05465331 0.19238767 0.00000000
      vertex 0.08067107 0.18300868 0.00000000
      vertex 0.07164576 0.18486092 -0.02633107
    endloop
  endfacet
  facet normal 0.424492 0.901705 -0.082070
    outer loop
      vertex 0.09688833 0.17298587 -0.02624008
      vertex 0.07164576 0.18486092 -0.02633107
      vertex 0.08067107 0.18300868 0.00000000
    endloop
  endfacet
  facet normal 0.302377 0.852184 -0.427026
    outer loop
      vertex 0.06180340 0.16180340 -0.10000000
      vertex 0.04773539 0.17820130 -0.07723748
      vertex 0.07500771 0.16878229 -0.07672275
    endloop
  endfacet
  facet normal 0.228893 0.923386 -0.308167
    outer loop
      vertex 0.03249197 0.19021130 -0.05257311
      vertex 0.06025178 0.18324884 -0.05281655
      vertex 0.04773539 0.17820130 -0.07723748
    endloop
  endfacet
  facet normal 0.364801 0.879088 -0.306798
    outer loop
      vertex 0.08677771 0.17253370 -0.05197838
      vertex 0.07500771 0.16878229 -0.07672275
      vertex 0.06025178 0.18324884 -0.05281655
    endloop
  endfacet
  facet normal 0.312401 0.885789 -0.343197
    outer loop
      vertex 0.04773539 0.17820130 -0.07723748
      vertex 0.06025178 0.18324884 -0.05281655
      vertex 0.07500771 0.16878229 -0.07672275
    endloop
  endfacet
  facet normal 0.069057 0.996384 -0.049505
    outer loop
      vertex 0.00000000 0.20000000 0.00000000
      vertex 0.02759045 0.19808778 0.00000000
      vertex 0.01644849 0.19753767 -0.02661422
    endloop
  endfacet
  facet normal 0.205849 0.977326 -0.049608
    outer loop
      vertex 0.05465331 0.19238767 0.00000000
      vertex 0.04402341 0.19327852 -0.02655850
      vertex 0.02759045 0.19808778 0.00000000
    endloop
  endfacet
  facet normal 0.150476 0.971850 -0.181286
    outer loop
      vertex 0.03249197 0.19021130 -0.05257311
      vertex 0.01644849 0.19753767 -0.02661422
      vertex 0.04402341 0.19327852 -0.02655850
    endloop
  endfacet
  facet normal 0.152272 0.984754 -0.084103
    outer loop
      vertex 0.02759045 0.19808778 0.00000000
      vertex 0.04402341 0.19327852 -0.02655850
      vertex 0.01644849 0.19753767 -0.02661422
    endloop
  endfacet
  facet normal 0.371628 0.903180 -0.214847
    outer loop
      vertex 0.08677771 0.17253370 -0.05197838
      vertex 0.06025178 0.18324884 -0.05281655
      vertex 0.07164576 0.18486092 -0.02633107
    endloop
  endfacet
  facet normal 0.235738 0.947462 -0.216204
    outer loop
      vertex 0.03249197 0.19021130 -0.05257311
      vertex 0.04402341 0.19327852 -0.02655850
      vertex 0.06025178 0.18324884 -0.05281655
    endloop
  endfacet
  facet normal 0.291097 0.952950 -0.084545
    outer loop
      vertex 0.05465331 0.19238767 0.00000000
      vertex 0.07164576 0.18486092 -0.02633107
      vertex 0.04402341 0.19327852 -0.02655850
    endloop
  endfacet
  facet normal 0.288045 0.940327 -0.181151
    outer loop
      vertex 0.06025178 0.18324884 -0.05281655
      vertex 0.04402341 0.19327852 -0.02655850
      vertex 0.07164576 0.18486092 -0.02633107
    endloop
  endfacet
  facet normal 0.000000 0.596421 -0.802672
    outer loop
      vertex 0.00000000 0.10514622 -0.17013016
      vertex -0.01621726 0.12312840 -0.15676861
      vertex 0.01621726 0.12312840 -0.15676861
    endloop
  endfacet
  facet normal -0.080541 0.680461 -0.728345
    outer loop
      vertex -0.03212441 0.13875610 -0.14040929
      vertex 0.00000000 0.14058141 -0.14225635
      vertex -0.01621726 0.12312840 -0.15676861
    endloop
  endfacet
  facet normal 0.080541 0.680461 -0.728345
    outer loop
      vertex 0.03212441 0.13875610 -0.14040929
      vertex 0.01621726 0.12312840 -0.15676861
      vertex 0.00000000 0.14058141 -0.14225635
    endloop
  endfacet
  facet normal 0.000000 0.639354 -0.768912
    outer loop
      vertex -0.01621726 0.12312840 -0.15676861
      vertex 0.00000000 0.14058141 -0.14225635
      vertex 0.01621726 0.12312840 -0.15676861
    endloop
  endfacet
  facet normal -0.233320 0.809504 -0.538762
    outer loop
      vertex -0.06180340 0.16180340 -0.10000000
      vertex -0.03128689 0.16803558 -0.10385170
      vertex -0.04741727 0.15173046 -0.12136503
    endloop
  endfacet
  facet normal -0.078417 0.830386 -0.551642
    outer loop
      vertex 0.00000000 0.17013016 -0.10514622
      vertex -0.01622837 0.15604087 -0.12404792
      vertex -0.03128689 0.16803558 -0.10385170
    endloop
  endfacet
  facet normal -0.158952 0.751866 -0.639868
    outer loop
      vertex -0.03212441 0.13875610 -0.14040929
      vertex -0.04741727 0.15173046 -0.12136503
      vertex -0.01622837 0.15604087 -0.12404792
    endloop
  endfacet
  facet normal -0.160129 0.791679 -0.589579
    outer loop
      vertex -0.03128689 0.16803558 -0.10385170
      vertex -0.01622837 0.15604087 -0.12404792
      vertex -0.04741727 0.15173046 -0.12136503
    endloop
  endfacet
  facet normal 0.233320 0.809504 -0.538762
    outer loop
      vertex 0.06180340 0.16180340 -0.10000000
      vertex 0.04741727 0.15173046 -0.12136503
      vertex 0.03128689 0.16803558 -0.10385170
    endloop
  endfacet
  facet normal 0.158952 0.751866 -0.639868
    outer loop
      vertex 0.03212441 0.13875610 -0.14040929
      vertex 0.01622837 0.15604087 -0.12404792
      vertex 0.04741727 0.15173046 -0.12136503
    endloop
  endfacet
  facet normal 0.078417 0.830386 -0.551642
    outer loop
      vertex 0.00000000 0.17013016 -0.10514622
      vertex 0.03128689 0.16803558 -0.10385170
      vertex 0.01622837 0.15604087 -0.12404792
    endloop
  endfacet
  facet normal 0.160129 0.791679 -0.589579
    outer loop
      vertex 0.04741727 0.15173046 -0.12136503
      vertex 0.01622837 0.15604087 -0.12404792
      vertex 0.03128689 0.16803558 -0.10385170
    endloop
  endfacet
  facet normal -0.080531 0.723272 -0.685852
    outer loop
      vertex -0.03212441 0.13875610 -0.14040929
      vertex -0.01622837 0.15604087 -0.12404792
      vertex 0.00000000 0.14058141 -0.14225635
    endloop
  endfacet
  facet normal 0.000000 0.801768 -0.597636
    outer loop
      vertex 0.00000000 0.17013016 -0.10514622
      vertex 0.01622837 0.15604087 -0.12404792
      vertex -0.01622837 0.15604087 -0.12404792
    endloop
  endfacet
  facet normal 0.080531 0.723272 -0.685852
    outer loop
      vertex 0.03212441 0.13875610 -0.14040929
      vertex 0.00000000 0.14058141 -0.14225635
      vertex 0.01622837 0.15604087 -0.12404792
    endloop
  endfacet
  facet normal 0.000000 0.762305 -0.647218
    outer loop
      vertex -0.01622837 0.15604087 -0.12404792
      vertex 0.01622837 0.15604087 -0.12404792
      vertex 0.00000000 0.14058141 -0.14225635
    endloop
  endfacet
  facet normal 0.000000 0.995747 -0.092126
    outer loop
      vertex 0.00000000 0.20000000 0.00000000
      vertex 0.01644849 0.19753767 -0.02661422
      vertex -0.01644849 0.19753767 -0.02661422
    endloop
  endfacet
  facet normal 0.081426 0.971231 -0.223786
    outer loop
      vertex 0.03249197 0.19021130 -0.05257311
      vertex 0.00000000 0.19277225 -0.05328094
      vertex 0.01644849 0.19753767 -0.02661422
    endloop
  endfacet
  facet normal -0.081426 0.971231 -0.223786
    outer loop
      vertex -0.03249197 0.19021130 -0.05257311
      vertex -0.01644849 0.19753767 -0.02661422
      vertex 0.00000000 0.19277225 -0.05328094
    endloop
  endfacet
  facet normal 0.000000 0.984405 -0.175916
    outer loop
      vertex 0.01644849 0.19753767 -0.02661422
      vertex 0.00000000 0.19277225 -0.05328094
      vertex -0.01644849 0.19753767 -0.02661422
    endloop
  endfacet
  facet normal 0.233171 0.851640 -0.469405
    outer loop
      vertex 0.06180340 0.16180340 -0.10000000
      vertex 0.03128689 0.16803558 -0.10385170
      vertex 0.04773539 0.17820130 -0.07723748
    endloop
  endfacet
  facet normal 0.078367 0.872474 -0.482336
    outer loop
      vertex 0.00000000 0.17013016 -0.10514622
      vertex 0.01646472 0.18259650 -0.07992141
      vertex 0.03128689 0.16803558 -0.10385170
    endloop
  endfacet
  facet normal 0.159793 0.922797 -0.350587
    outer loop
      vertex 0.03249197 0.19021130 -0.05257311
      vertex 0.04773539 0.17820130 -0.07723748
      vertex 0.01646472 0.18259650 -0.07992141
    endloop
  endfacet
  facet normal 0.161879 0.884358 -0.437842
    outer loop
      vertex 0.03128689 0.16803558 -0.10385170
      vertex 0.01646472 0.18259650 -0.07992141
      vertex 0.04773539 0.17820130 -0.07723748
    endloop
  endfacet
  facet normal -0.233171 0.851640 -0.469405
    outer loop
      vertex -0.06180340 0.16180340 -0.10000000
      vertex -0.04773539 0.17820130 -0.07723748
      vertex -0.03128689 0.16803558 -0.10385170
    endloop
  endfacet
  facet normal -0.159793 0.922797 -0.350587
    outer loop
      vertex -0.03249197 0.19021130 -0.05257311
      vertex -0.01646472 0.18259650 -0.07992141
      vertex -0.04773539 0.17820130 -0.07723748
    endloop
  endfacet
  facet normal -0.078367 0.872474 -0.482336
    outer loop
      vertex 0.00000000 0.17013016 -0.10514622
      vertex -0.03128689 0.16803558 -0.10385170
      vertex -0.01646472 0.18259650 -0.07992141
    endloop
  endfacet
  facet normal -0.161879 0.884358 -0.437842
    outer loop
      vertex -0.04773539 0.17820130 -0.07723748
      vertex -0.01646472 0.18259650 -0.07992141
      vertex -0.03128689 0.16803558 -0.10385170
    endloop
  endfacet
  facet normal 0.081408 0.946807 -0.311335
    outer loop
      vertex 0.03249197 0.19021130 -0.05257311
      vertex 0.01646472 0.18259650 -0.07992141
      vertex 0.00000000 0.19277225 -0.05328094
    endloop
  endfacet
  facet normal 0.000000 0.896494 -0.443056
    outer loop
      vertex 0.00000000 0.17013016 -0.10514622
      vertex -0.01646472 0.18259650 -0.07992141
      vertex 0.01646472 0.18259650 -0.07992141
    endloop
  endfacet
  facet normal -0.081408 0.946807 -0.311335
    outer loop
      vertex -0.03249197 0.19021130 -0.05257311
      vertex 0.00000000 0.19277225 -0.05328094
      vertex -0.01646472 0.18259650 -0.07992141
    endloop
  endfacet
  facet normal 0.000000 0.934172 -0.356822
    outer loop
      vertex 0.01646472 0.18259650 -0.07992141
      vertex -0.01646472 0.18259650 -0.07992141
      vertex 0.00000000 0.19277225 -0.05328094
    endloop
  endfacet
  facet normal -0.546250 0.833679 -0.081178
    outer loop
      vertex -0.10514622 0.17013016 0.00000000
      vertex -0.09688833 0.17298587 -0.02624008
      vertex -0.12312840 0.15676861 -0.01621726
    endloop
  endfacet
  facet normal -0.500142 0.839788 -0.211221
    outer loop
      vertex -0.08677771 0.17253370 -0.05197838
      vertex -0.11425033 0.15852985 -0.04260457
      vertex -0.09688833 0.17298587 -0.02624008
    endloop
  endfacet
  facet normal -0.630461 0.759246 -0.161444
    outer loop
      vertex -0.13875610 0.14040929 -0.03212441
      vertex -0.12312840 0.15676861 -0.01621726
      vertex -0.11425033 0.15852985 -0.04260457
    endloop
  endfacet
  facet normal -0.557284 0.819634 -0.132793
    outer loop
      vertex -0.09688833 0.17298587 -0.02624008
      vertex -0.11425033 0.15852985 -0.04260457
      vertex -0.12312840 0.15676861 -0.01621726
    endloop
  endfacet
  facet normal -0.382479 0.802678 -0.457622
    outer loop
      vertex -0.06180340 0.16180340 -0.10000000
      vertex -0.09079810 0.15158708 -0.09368597
      vertex -0.07500771 0.16878229 -0.07672275
    endloop
  endfacet
  facet normal -0.522219 0.742100 -0.420208
    outer loop
      vertex -0.11755705 0.13763819 -0.08506508
      vertex -0.10322432 0.15669034 -0.06923060
      vertex -0.09079810 0.15158708 -0.09368597
    endloop
  endfacet
  facet normal -0.445068 0.829480 -0.337457
    outer loop
      vertex -0.08677771 0.17253370 -0.05197838
      vertex -0.07500771 0.16878229 -0.07672275
      vertex -0.10322432 0.15669034 -0.06923060
    endloop
  endfacet
  facet normal -0.448483 0.801686 -0.395175
    outer loop
      vertex -0.09079810 0.15158708 -0.09368597
      vertex -0.10322432 0.15669034 -0.06923060
      vertex -0.07500771 0.16878229 -0.07672275
    endloop
  endfacet
  facet normal -0.759999 0.569358 -0.313422
    outer loop
      vertex -0.16180340 0.10000000 -0.06180340
      vertex -0.15173046 0.12136503 -0.04741727
      vertex -0.14142136 0.12030019 -0.07434961
    endloop
  endfacet
  facet normal -0.702258 0.670528 -0.239219
    outer loop
      vertex -0.13875610 0.14040929 -0.03212441
      vertex -0.12948238 0.14046197 -0.05920092
      vertex -0.15173046 0.12136503 -0.04741727
    endloop
  endfacet
  facet normal -0.649101 0.663683 -0.371743
    outer loop
      vertex -0.11755705 0.13763819 -0.08506508
      vertex -0.14142136 0.12030019 -0.07434961
      vertex -0.12948238 0.14046197 -0.05920092
    endloop
  endfacet
  facet normal -0.707576 0.641557 -0.296210
    outer loop
      vertex -0.15173046 0.12136503 -0.04741727
      vertex -0.12948238 0.14046197 -0.05920092
      vertex -0.14142136 0.12030019 -0.07434961
    endloop
  endfacet
  facet normal -0.508425 0.818634 -0.267099
    outer loop
      vertex -0.08677771 0.17253370 -0.05197838
      vertex -0.10322432 0.15669034 -0.06923060
      vertex -0.11425033 0.15852985 -0.04260457
    endloop
  endfacet
  facet normal -0.585563 0.731257 -0.349826
    outer loop
      vertex -0.11755705 0.13763819 -0.08506508
      vertex -0.12948238 0.14046197 -0.05920092
      vertex -0.10322432 0.15669034 -0.06923060
    endloop
  endfacet
  facet normal -0.638727 0.738104 -0.217328
    outer loop
      vertex -0.13875610 0.14040929 -0.03212441
      vertex -0.11425033 0.15852985 -0.04260457
      vertex -0.12948238 0.14046197 -0.05920092
    endloop
  endfacet
  facet normal -0.581154 0.759176 -0.293108
    outer loop
      vertex -0.10322432 0.15669034 -0.06923060
      vertex -0.12948238 0.14046197 -0.05920092
      vertex -0.11425033 0.15852985 -0.04260457
    endloop
  endfacet
  facet normal -0.081178 0.546250 -0.833679
    outer loop
      vertex 0.00000000 0.10514622 -0.17013016
      vertex -0.02624008 0.09688833 -0.17298587
      vertex -0.01621726 0.12312840 -0.15676861
    endloop
  endfacet
  facet normal -0.211221 0.500142 -0.839788
    outer loop
      vertex -0.05197838 0.08677771 -0.17253370
      vertex -0.04260457 0.11425033 -0.15852985
      vertex -0.02624008 0.09688833 -0.17298587
    endloop
  endfacet
  facet normal -0.161444 0.630461 -0.759246
    outer loop
      vertex -0.03212441 0.13875610 -0.14040929
      vertex -0.01621726 0.12312840 -0.15676861
      vertex -0.04260457 0.11425033 -0.15852985
    endloop
  endfacet
  facet normal -0.132793 0.557284 -0.819634
    outer loop
      vertex -0.02624008 0.09688833 -0.17298587
      vertex -0.04260457 0.11425033 -0.15852985
      vertex -0.01621726 0.12312840 -0.15676861
    endloop
  endfacet
  facet normal -0.457622 0.382479 -0.802678
    outer loop
      vertex -0.10000000 0.06180340 -0.16180340
      vertex -0.09368597 0.09079810 -0.15158708
      vertex -0.07672275 0.07500771 -0.16878229
    endloop
  endfacet
  facet normal -0.420208 0.522219 -0.742100
    outer loop
      vertex -0.08506508 0.11755705 -0.13763819
      vertex -0.06923060 0.10322432 -0.15669034
      vertex -0.09368597 0.09079810 -0.15158708
    endloop
  endfacet
  facet normal -0.337457 0.445068 -0.829480
    outer loop
      vertex -0.05197838 0.08677771 -0.17253370
      vertex -0.07672275 0.07500771 -0.16878229
      vertex -0.06923060 0.10322432 -0.15669034
    endloop
  endfacet
  facet normal -0.395175 0.448483 -0.801686
    outer loop
      vertex -0.09368597 0.09079810 -0.15158708
      vertex -0.06923060 0.10322432 -0.15669034
      vertex -0.07672275 0.07500771 -0.16878229
    endloop
  endfacet
  facet normal -0.313422 0.759999 -0.569358
    outer loop
      vertex -0.06180340 0.16180340 -0.10000000
      vertex -0.04741727 0.15173046 -0.12136503
      vertex -0.07434961 0.14142136 -0.12030019
    endloop
  endfacet
  facet normal -0.239219 0.702258 -0.670528
    outer loop
      vertex -0.03212441 0.13875610 -0.14040929
      vertex -0.05920092 0.12948238 -0.14046197
      vertex -0.04741727 0.15173046 -0.12136503
    endloop
  endfacet
  facet normal -0.371743 0.649101 -0.663683
    outer loop
      vertex -0.08506508 0.11755705 -0.13763819
      vertex -0.07434961 0.14142136 -0.12030019
      vertex -0.05920092 0.12948238 -0.14046197
    endloop
  endfacet
  facet normal -0.296210 0.707576 -0.641557
    outer loop
      vertex -0.04741727 0.15173046 -0.12136503
      vertex -0.05920092 0.12948238 -0.14046197
      vertex -0.07434961 0.14142136 -0.12030019
    endloop
  endfacet
  facet normal -0.267099 0.508425 -0.818634
    outer loop
      vertex -0.05197838 0.08677771 -0.17253370
      vertex -0.06923060 0.10322432 -0.15669034
      vertex -0.04260457 0.11425033 -0.15852985
    endloop
  endfacet
  facet normal -0.349826 0.585563 -0.731257
    outer loop
      vertex -0.08506508 0.11755705 -0.13763819
      vertex -0.05920092 0.12948238 -0.14046197
      vertex -0.06923060 0.10322432 -0.15669034
    endloop
  endfacet
  facet normal -0.217328 0.638727 -0.738104
    outer loop
      vertex -0.03212441 0.13875610 -0.14040929
      vertex -0.04260457 0.11425033 -0.15852985
      vertex -0.05920092 0.12948238 -0.14046197
    endloop
  endfacet
  facet normal -0.293108 0.581154 -0.759176
    outer loop
      vertex -0.06923060 0.10322432 -0.15669034
      vertex -0.05920092 0.12948238 -0.14046197
      vertex -0.04260457 0.11425033 -0.15852985
    endloop
  endfacet
  facet normal -0.833679 0.081178 -0.546250
    outer loop
      vertex -0.17013016 0.00000000 -0.10514622
      vertex -0.17298587 0.02624008 -0.09688833
      vertex -0.15676861 0.01621726 -0.12312840
    endloop
  endfacet
  facet normal -0.839788 0.211221 -0.500142
    outer loop
      vertex -0.17253370 0.05197838 -0.08677771
      vertex -0.15852985 0.04260457 -0.11425033
      vertex -0.17298587 0.02624008 -0.09688833
    endloop
  endfacet
  facet normal -0.759246 0.161444 -0.630461
    outer loop
      vertex -0.14040929 0.03212441 -0.13875610
      vertex -0.15676861 0.01621726 -0.12312840
      vertex -0.15852985 0.04260457 -0.11425033
    endloop
  endfacet
  facet normal -0.819634 0.132793 -0.557284
    outer loop
      vertex -0.17298587 0.02624008 -0.09688833
      vertex -0.15852985 0.04260457 -0.11425033
      vertex -0.15676861 0.01621726 -0.12312840
    endloop
  endfacet
  facet normal -0.802678 0.457622 -0.382479
    outer loop
      vertex -0.16180340 0.10000000 -0.06180340
      vertex -0.15158708 0.09368597 -0.09079810
      vertex -0.16878229 0.07672275 -0.07500771
    endloop
  endfacet
  facet normal -0.742100 0.420208 -0.522219
    outer loop
      vertex -0.13763819 0.08506508 -0.11755705
      vertex -0.15669034 0.06923060 -0.10322432
      vertex -0.15158708 0.09368597 -0.09079810
    endloop
  endfacet
  facet normal -0.829480 0.337457 -0.445068
    outer loop
      vertex -0.17253370 0.05197838 -0.08677771
      vertex -0.16878229 0.07672275 -0.07500771
      vertex -0.15669034 0.06923060 -0.10322432
    endloop
  endfacet
  facet normal -0.801686 0.395175 -0.448483
    outer loop
      vertex -0.15158708 0.09368597 -0.09079810
      vertex -0.15669034 0.06923060 -0.10322432
      vertex -0.16878229 0.07672275 -0.07500771
    endloop
  endfacet
  facet normal -0.569358 0.313422 -0.759999
    outer loop
      vertex -0.10000000 0.06180340 -0.16180340
      vertex -0.12136503 0.04741727 -0.15173046
      vertex -0.12030019 0.07434961 -0.14142136
    endloop
  endfacet
  facet normal -0.670528 0.239219 -0.702258
    outer loop
      vertex -0.14040929 0.03212441 -0.13875610
      vertex -0.14046197 0.05920092 -0.12948238
      vertex -0.12136503 0.04741727 -0.15173046
    endloop
  endfacet
  facet normal -0.663683 0.371743 -0.649101
    outer loop
      vertex -0.13763819 0.08506508 -0.11755705
      vertex -0.12030019 0.07434961 -0.14142136
      vertex -0.14046197 0.05920092 -0.12948238
    endloop
  endfacet
  facet normal -0.641557 0.296210 -0.707576
    outer loop
      vertex -0.12136503 0.04741727 -0.15173046
      vertex -0.14046197 0.05920092 -0.12948238
      vertex -0.12030019 0.07434961 -0.14142136
    endloop
  endfacet
  facet normal -0.818634 0.267099 -0.508425
    outer loop
      vertex -0.17253370 0.05197838 -0.08677771
      vertex -0.15669034 0.06923060 -0.10322432
      vertex -0.15852985 0.04260457 -0.11425033
    endloop
  endfacet
  facet normal -0.731257 0.349826 -0.585563
    outer loop
      vertex -0.13763819 0.08506508 -0.11755705
      vertex -0.14046197 0.05920092 -0.12948238
      vertex -0.15669034 0.06923060 -0.10322432
    endloop
  endfacet
  facet normal -0.738104 0.217328 -0.638727
    outer loop
      vertex -0.14040929 0.03212441 -0.13875610
      vertex -0.15852985 0.04260457 -0.11425033
      vertex -0.14046197 0.05920092 -0.12948238
    endloop
  endfacet
  facet normal -0.759176 0.293108 -0.581154
    outer loop
      vertex -0.15669034 0.06923060 -0.10322432
      vertex -0.14046197 0.05920092 -0.12948238
      vertex -0.15852985 0.04260457 -0.11425033
    endloop
  endfacet
  facet normal -0.382234 0.759514 -0.526342
    outer loop
      vertex -0.06180340 0.16180340 -0.10000000
      vertex -0.07434961 0.14142136 -0.12030019
      vertex -0.09079810 0.15158708 -0.09368597
    endloop
  endfacet
  facet normal -0.440461 0.648687 -0.620644
    outer loop
      vertex -0.08506508 0.11755705 -0.13763819
      vertex -0.10267509 0.12931556 -0.11285084
      vertex -0.07434961 0.14142136 -0.12030019
    endloop
  endfacet
  facet normal -0.521887 0.699011 -0.488895
    outer loop
      vertex -0.11755705 0.13763819 -0.08506508
      vertex -0.09079810 0.15158708 -0.09368597
      vertex -0.10267509 0.12931556 -0.11285084
    endloop
  endfacet
  facet normal -0.446517 0.708443 -0.546564
    outer loop
      vertex -0.07434961 0.14142136 -0.12030019
      vertex -0.10267509 0.12931556 -0.11285084
      vertex -0.09079810 0.15158708 -0.09368597
    endloop
  endfacet
  facet normal -0.526342 0.382234 -0.759514
    outer loop
      vertex -0.10000000 0.06180340 -0.16180340
      vertex -0.12030019 0.07434961 -0.14142136
      vertex -0.09368597 0.09079810 -0.15158708
    endloop
  endfacet
  facet normal -0.620644 0.440461 -0.648687
    outer loop
      vertex -0.13763819 0.08506508 -0.11755705
      vertex -0.11285084 0.10267509 -0.12931556
      vertex -0.12030019 0.07434961 -0.14142136
    endloop
  endfacet
  facet normal -0.488895 0.521887 -0.699011
    outer loop
      vertex -0.08506508 0.11755705 -0.13763819
      vertex -0.09368597 0.09079810 -0.15158708
      vertex -0.11285084 0.10267509 -0.12931556
    endloop
  endfacet
  facet normal -0.546564 0.446517 -0.708443
    outer loop
      vertex -0.12030019 0.07434961 -0.14142136
      vertex -0.11285084 0.10267509 -0.12931556
      vertex -0.09368597 0.09079810 -0.15158708
    endloop
  endfacet
  facet normal -0.759514 0.526342 -0.382234
    outer loop
      vertex -0.16180340 0.10000000 -0.06180340
      vertex -0.14142136 0.12030019 -0.07434961
      vertex -0.15158708 0.09368597 -0.09079810
    endloop
  endfacet
  facet normal -0.648687 0.620644 -0.440461
    outer loop
      vertex -0.11755705 0.13763819 -0.08506508
      vertex -0.12931556 0.11285084 -0.10267509
      vertex -0.14142136 0.12030019 -0.07434961
    endloop
  endfacet
  facet normal -0.699011 0.488895 -0.521887
    outer loop
      vertex -0.13763819 0.08506508 -0.11755705
      vertex -0.15158708 0.09368597 -0.09079810
      vertex -0.12931556 0.11285084 -0.10267509
    endloop
  endfacet
  facet normal -0.708443 0.546564 -0.446517
    outer loop
      vertex -0.14142136 0.12030019 -0.07434961
      vertex -0.12931556 0.11285084 -0.10267509
      vertex -0.15158708 0.09368597 -0.09079810
    endloop
  endfacet
  facet normal -0.503751 0.585159 -0.635472
    outer loop
      vertex -0.08506508 0.11755705 -0.13763819
      vertex -0.11285084 0.10267509 -0.12931556
      vertex -0.10267509 0.12931556 -0.11285084
    endloop
  endfacet
  facet normal -0.635472 0.503751 -0.585159
    outer loop
      vertex -0.13763819 0.08506508 -0.11755705
      vertex -0.12931556 0.11285084 -0.10267509
      vertex -0.11285084 0.10267509 -0.12931556
    endloop
  endfacet
  facet normal -0.585159 0.635472 -0.503751
    outer loop
      vertex -0.11755705 0.13763819 -0.08506508
      vertex -0.10267509 0.12931556 -0.11285084
      vertex -0.12931556 0.11285084 -0.10267509
    endloop
  endfacet
  facet normal -0.577350 0.577350 -0.577350
    outer loop
      vertex -0.11285084 0.10267509 -0.12931556
      vertex -0.12931556 0.11285084 -0.10267509
      vertex -0.10267509 0.12931556 -0.11285084
    endloop
  endfacet
  facet normal -0.596421 0.802672 0.000000
    outer loop
      vertex -0.10514622 0.17013016 0.00000000
      vertex -0.12312840 0.15676861 -0.01621726
      vertex -0.12312840 0.15676861 0.01621726
    endloop
  endfacet
  facet normal -0.680461 0.728345 -0.080541
    outer loop
      vertex -0.13875610 0.14040929 -0.03212441
      vertex -0.14058141 0.14225635 0.00000000
      vertex -0.12312840 0.15676861 -0.01621726
    endloop
  endfacet
  facet normal -0.680461 0.728345 0.080541
    outer loop
      vertex -0.13875610 0.14040929 0.03212441
      vertex -0.12312840 0.15676861 0.01621726
      vertex -0.14058141 0.14225635 0.00000000
    endloop
  endfacet
  facet normal -0.639354 0.768912 0.000000
    outer loop
      vertex -0.12312840 0.15676861 -0.01621726
      vertex -0.14058141 0.14225635 0.00000000
      vertex -0.12312840 0.15676861 0.01621726
    endloop
  endfacet
  facet normal -0.809504 0.538762 -0.233320
    outer loop
      vertex -0.16180340 0.10000000 -0.06180340
      vertex -0.16803558 0.10385170 -0.03128689
      vertex -0.15173046 0.12136503 -0.04741727
    endloop
  endfacet
  facet normal -0.830386 0.551642 -0.078417
    outer loop
      vertex -0.17013016 0.10514622 0.00000000
      vertex -0.15604087 0.12404792 -0.01622837
      vertex -0.16803558 0.10385170 -0.03128689
    endloop
  endfacet
  facet normal -0.751866 0.639868 -0.158952
    outer loop
      vertex -0.13875610 0.14040929 -0.03212441
      vertex -0.15173046 0.12136503 -0.04741727
      vertex -0.15604087 0.12404792 -0.01622837
    endloop
  endfacet
  facet normal -0.791679 0.589579 -0.160129
    outer loop
      vertex -0.16803558 0.10385170 -0.03128689
      vertex -0.15604087 0.12404792 -0.01622837
      vertex -0.15173046 0.12136503 -0.04741727
    endloop
  endfacet
  facet normal -0.809504 0.538762 0.233320
    outer loop
      vertex -0.16180340 0.10000000 0.06180340
      vertex -0.15173046 0.12136503 0.04741727
      vertex -0.16803558 0.10385170 0.03128689
    endloop
  endfacet
  facet normal -0.751866 0.639868 0.158952
    outer loop
      vertex -0.13875610 0.14040929 0.03212441
      vertex -0.15604087 0.12404792 0.01622837
      vertex -0.15173046 0.12136503 0.04741727
    endloop
  endfacet
  facet normal -0.830386 0.551642 0.078417
    outer loop
      vertex -0.17013016 0.10514622 0.00000000
      vertex -0.16803558 0.10385170 0.03128689
      vertex -0.15604087 0.12404792 0.01622837
    endloop
  endfacet
  facet normal -0.791679 0.589579 0.160129
    outer loop
      vertex -0.15173046 0.12136503 0.04741727
      vertex -0.15604087 0.12404792 0.01622837
      vertex -0.16803558 0.10385170 0.03128689
    endloop
  endfacet
  facet normal -0.723272 0.685852 -0.080531
    outer loop
      vertex -0.13875610 0.14040929 -0.03212441
      vertex -0.15604087 0.12404792 -0.01622837
      vertex -0.14058141 0.14225635 0.00000000
    endloop
  endfacet
  facet normal -0.801768 0.597636 0.000000
    outer loop
      vertex -0.17013016 0.10514622 0.00000000
      vertex -0.15604087 0.12404792 0.01622837
      vertex -0.15604087 0.12404792 -0.01622837
    endloop
  endfacet
  facet normal -0.723272 0.685852 0.080531
    outer loop
      vertex -0.13875610 0.14040929 0.03212441
      vertex -0.14058141 0.14225635 0.00000000
      vertex -0.15604087 0.12404792 0.01622837
    endloop
  endfacet
  facet normal -0.762305 0.647218 0.000000
    outer loop
      vertex -0.15604087 0.12404792 -0.01622837
      vertex -0.15604087 0.12404792 0.01622837
      vertex -0.14058141 0.14225635 0.00000000
    endloop
  endfacet
  facet normal -0.883850 0.050171 -0.465071
    outer loop
      vertex -0.17013016 0.00000000 -0.10514622
      vertex -0.18300868 0.00000000 -0.08067107
      vertex -0.17298587 0.02624008 -0.09688833
    endloop
  endfacet
  facet normal -0.939566 0.050000 -0.338698
    outer loop
      vertex -0.19238767 0.00000000 -0.05465331
      vertex -0.18486092 0.02633107 -0.07164576
      vertex -0.18300868 0.00000000 -0.08067107
    endloop
  endfacet
  facet normal -0.889788 0.180319 -0.419240
    outer loop
      vertex -0.17253370 0.05197838 -0.08677771
      vertex -0.17298587 0.02624008 -0.09688833
      vertex -0.18486092 0.02633107 -0.07164576
    endloop
  endfacet
  facet normal -0.901705 0.082070 -0.424492
    outer loop
      vertex -0.18300868 0.00000000 -0.08067107
      vertex -0.18486092 0.02633107 -0.07164576
      vertex -0.17298587 0.02624008 -0.09688833
    endloop
  endfacet
  facet normal -0.996384 0.049505 -0.069057
    outer loop
      vertex -0.20000000 0.00000000 0.00000000
      vertex -0.19753767 0.02661422 -0.01644849
      vertex -0.19808778 0.00000000 -0.02759045
    endloop
  endfacet
  facet normal -0.971850 0.181286 -0.150476
    outer loop
      vertex -0.19021130 0.05257311 -0.03249197
      vertex -0.19327852 0.02655850 -0.04402341
      vertex -0.19753767 0.02661422 -0.01644849
    endloop
  endfacet
  facet normal -0.977326 0.049608 -0.205849
    outer loop
      vertex -0.19238767 0.00000000 -0.05465331
      vertex -0.19808778 0.00000000 -0.02759045
      vertex -0.19327852 0.02655850 -0.04402341
    endloop
  endfacet
  facet normal -0.984754 0.084103 -0.152272
    outer loop
      vertex -0.19753767 0.02661422 -0.01644849
      vertex -0.19327852 0.02655850 -0.04402341
      vertex -0.19808778 0.00000000 -0.02759045
    endloop
  endfacet
  facet normal -0.852184 0.427026 -0.302377
    outer loop
      vertex -0.16180340 0.10000000 -0.06180340
      vertex -0.16878229 0.07672275 -0.07500771
      vertex -0.17820130 0.07723748 -0.04773539
    endloop
  endfacet
  facet normal -0.879088 0.306798 -0.364801
    outer loop
      vertex -0.17253370 0.05197838 -0.08677771
      vertex -0.18324884 0.05281655 -0.06025178
      vertex -0.16878229 0.07672275 -0.07500771
    endloop
  endfacet
  facet normal -0.923386 0.308167 -0.228893
    outer loop
      vertex -0.19021130 0.05257311 -0.03249197
      vertex -0.17820130 0.07723748 -0.04773539
      vertex -0.18324884 0.05281655 -0.06025178
    endloop
  endfacet
  facet normal -0.885789 0.343197 -0.312401
    outer loop
      vertex -0.16878229 0.07672275 -0.07500771
      vertex -0.18324884 0.05281655 -0.06025178
      vertex -0.17820130 0.07723748 -0.04773539
    endloop
  endfacet
  facet normal -0.952950 0.084545 -0.291097
    outer loop
      vertex -0.19238767 0.00000000 -0.05465331
      vertex -0.19327852 0.02655850 -0.04402341
      vertex -0.18486092 0.02633107 -0.07164576
    endloop
  endfacet
  facet normal -0.947462 0.216204 -0.235738
    outer loop
      vertex -0.19021130 0.05257311 -0.03249197
      vertex -0.18324884 0.05281655 -0.06025178
      vertex -0.19327852 0.02655850 -0.04402341
    endloop
  endfacet
  facet normal -0.903180 0.214847 -0.371628
    outer loop
      vertex -0.17253370 0.05197838 -0.08677771
      vertex -0.18486092 0.02633107 -0.07164576
      vertex -0.18324884 0.05281655 -0.06025178
    endloop
  endfacet
  facet normal -0.940327 0.181151 -0.288045
    outer loop
      vertex -0.19327852 0.02655850 -0.04402341
      vertex -0.18324884 0.05281655 -0.06025178
      vertex -0.18486092 0.02633107 -0.07164576
    endloop
  endfacet
  facet normal -0.883850 0.050171 0.465071
    outer loop
      vertex -0.17013016 0.00000000 0.10514622
      vertex -0.17298587 0.02624008 0.09688833
      vertex -0.18300868 0.00000000 0.08067107
    endloop
  endfacet
  facet normal -0.889788 0.180319 0.419240
    outer loop
      vertex -0.17253370 0.05197838 0.08677771
      vertex -0.18486092 0.02633107 0.07164576
      vertex -0.17298587 0.02624008 0.09688833
    endloop
  endfacet
  facet normal -0.939566 0.050000 0.338698
    outer loop
      vertex -0.19238767 0.00000000 0.05465331
      vertex -0.18300868 0.00000000 0.08067107
      vertex -0.18486092 0.02633107 0.07164576
    endloop
  endfacet
  facet normal -0.901705 0.082070 0.424492
    outer loop
      vertex -0.17298587 0.02624008 0.09688833
      vertex -0.18486092 0.02633107 0.07164576
      vertex -0.18300868 0.00000000 0.08067107
    endloop
  endfacet
  facet normal -0.852184 0.427026 0.302377
    outer loop
      vertex -0.16180340 0.10000000 0.06180340
      vertex -0.17820130 0.07723748 0.04773539
      vertex -0.16878229 0.07672275 0.07500771
    endloop
  endfacet
  facet normal -0.923386 0.308167 0.228893
    outer loop
      vertex -0.19021130 0.05257311 0.03249197
      vertex -0.18324884 0.05281655 0.06025178
      vertex -0.17820130 0.07723748 0.04773539
    endloop
  endfacet
  facet normal -0.879088 0.306798 0.364801
    outer loop
      vertex -0.17253370 0.05197838 0.08677771
      vertex -0.16878229 0.07672275 0.07500771
      vertex -0.18324884 0.05281655 0.06025178
    endloop
  endfacet
  facet normal -0.885789 0.343197 0.312401
    outer loop
      vertex -0.17820130 0.07723748 0.04773539
      vertex -0.18324884 0.05281655 0.06025178
      vertex -0.16878229 0.07672275 0.07500771
    endloop
  endfacet
  facet normal -0.996384 0.049505 0.069057
    outer loop
      vertex -0.20000000 0.00000000 0.00000000
      vertex -0.19808778 0.00000000 0.02759045
      vertex -0.19753767 0.02661422 0.01644849
    endloop
  endfacet
  facet normal -0.977326 0.049608 0.205849
    outer loop
      vertex -0.19238767 0.00000000 0.05465331
      vertex -0.19327852 0.02655850 0.04402341
      vertex -0.19808778 0.00000000 0.02759045
    endloop
  endfacet
  facet normal -0.971850 0.181286 0.150476
    outer loop
      vertex -0.19021130 0.05257311 0.03249197
      vertex -0.19753767 0.02661422 0.01644849
      vertex -0.19327852 0.02655850 0.04402341
    endloop
  endfacet
  facet normal -0.984754 0.084103 0.152272
    outer loop
      vertex -0.19808778 0.00000000 0.02759045
      vertex -0.19327852 0.02655850 0.04402341
      vertex -0.19753767 0.02661422 0.01644849
    endloop
  endfacet
  facet normal -0.903180 0.214847 0.371628
    outer loop
      vertex -0.17253370 0.05197838 0.08677771
      vertex -0.18324884 0.05281655 0.06025178
      vertex -0.18486092 0.02633107 0.07164576
    endloop
  endfacet
  facet normal -0.947462 0.216204 0.235738
    outer loop
      vertex -0.19021130 0.05257311 0.03249197
      vertex -0.19327852 0.02655850 0.04402341
      vertex -0.18324884 0.05281655 0.06025178
    endloop
  endfacet
  facet normal -0.952950 0.084545 0.291097
    outer loop
      vertex -0.19238767 0.00000000 0.05465331
      vertex -0.18486092 0.02633107 0.07164576
      vertex -0.19327852 0.02655850 0.04402341
    endloop
  endfacet
  facet normal -0.940327 0.181151 0.288045
    outer loop
      vertex -0.18324884 0.05281655 0.06025178
      vertex -0.19327852 0.02655850 0.04402341
      vertex -0.18486092 0.02633107 0.07164576
    endloop
  endfacet
  facet normal -0.851640 0.469405 -0.233171
    outer loop
      vertex -0.16180340 0.10000000 -0.06180340
      vertex -0.17820130 0.07723748 -0.04773539
      vertex -0.16803558 0.10385170 -0.03128689
    endloop
  endfacet
  facet normal -0.922797 0.350587 -0.159793
    outer loop
      vertex -0.19021130 0.05257311 -0.03249197
      vertex -0.18259650 0.07992141 -0.01646472
      vertex -0.17820130 0.07723748 -0.04773539
    endloop
  endfacet
  facet normal -0.872474 0.482336 -0.078367
    outer loop
      vertex -0.17013016 0.10514622 0.00000000
      vertex -0.16803558 0.10385170 -0.03128689
      vertex -0.18259650 0.07992141 -0.01646472
    endloop
  endfacet
  facet normal -0.884358 0.437842 -0.161879
    outer loop
      vertex -0.17820130 0.07723748 -0.04773539
      vertex -0.18259650 0.07992141 -0.01646472
      vertex -0.16803558 0.10385170 -0.03128689
    endloop
  endfacet
  facet normal -0.995747 0.092126 0.000000
    outer loop
      vertex -0.20000000 0.00000000 0.00000000
      vertex -0.19753767 0.02661422 0.01644849
      vertex -0.19753767 0.02661422 -0.01644849
    endloop
  endfacet
  facet normal -0.971231 0.223786 0.081426
    outer loop
      vertex -0.19021130 0.05257311 0.03249197
      vertex -0.19277225 0.05328094 0.00000000
      vertex -0.19753767 0.02661422 0.01644849
    endloop
  endfacet
  facet normal -0.971231 0.223786 -0.081426
    outer loop
      vertex -0.19021130 0.05257311 -0.03249197
      vertex -0.19753767 0.02661422 -0.01644849
      vertex -0.19277225 0.05328094 0.00000000
    endloop
  endfacet
  facet normal -0.984405 0.175916 0.000000
    outer loop
      vertex -0.19753767 0.02661422 0.01644849
      vertex -0.19277225 0.05328094 0.00000000
      vertex -0.19753767 0.02661422 -0.01644849
    endloop
  endfacet
  facet normal -0.851640 0.469405 0.233171
    outer loop
      vertex -0.16180340 0.10000000 0.06180340
      vertex -0.16803558 0.10385170 0.03128689
      vertex -0.17820130 0.07723748 0.04773539
    endloop
  endfacet
  facet normal -0.872474 0.482336 0.078367
    outer loop
      vertex -0.17013016 0.10514622 0.00000000
      vertex -0.18259650 0.07992141 0.01646472
      vertex -0.16803558 0.10385170 0.03128689
    endloop
  endfacet
  facet normal -0.922797 0.350587 0.159793
    outer loop
      vertex -0.19021130 0.05257311 0.03249197
      vertex -0.17820130 0.07723748 0.04773539
      vertex -0.18259650 0.07992141 0.01646472
    endloop
  endfacet
  facet normal -0.884358 0.437842 0.161879
    outer loop
      vertex -0.16803558 0.10385170 0.03128689
      vertex -0.18259650 0.07992141 0.01646472
      vertex -0.17820130 0.07723748 0.04773539
    endloop
  endfacet
  facet normal -0.946807 0.311335 -0.081408
    outer loop
      vertex -0.19021130 0.05257311 -0.03249197
      vertex -0.19277225 0.05328094 0.00000000
      vertex -0.18259650 0.07992141 -0.01646472
    endloop
  endfacet
  facet normal -0.946807 0.311335 0.081408
    outer loop
      vertex -0.19021130 0.05257311 0.03249197
      vertex -0.18259650 0.07992141 0.01646472
      vertex -0.19277225 0.05328094 0.00000000
    endloop
  endfacet
  facet normal -0.896494 0.443056 0.000000
    outer loop
      vertex -0.17013016 0.10514622 0.00000000
      vertex -0.18259650 0.07992141 -0.01646472
      vertex -0.18259650 0.07992141 0.01646472
    endloop
  endfacet
  facet normal -0.934172 0.356822 0.000000
    outer loop
      vertex -0.19277225 0.05328094 0.00000000
      vertex -0.18259650 0.07992141 0.01646472
      vertex -0.18259650 0.07992141 -0.01646472
    endloop
  endfacet
  facet normal 0.546250 0.833679 0.081178
    outer loop
      vertex 0.10514622 0.17013016 0.00000000
      vertex 0.09688833 0.17298587 0.02624008
      vertex 0.12312840 0.15676861 0.01621726
    endloop
  endfacet
  facet normal 0.500142 0.839788 0.211221
    outer loop
      vertex 0.08677771 0.17253370 0.05197838
      vertex 0.11425033 0.15852985 0.04260457
      vertex 0.09688833 0.17298587 0.02624008
    endloop
  endfacet
  facet normal 0.630461 0.759246 0.161444
    outer loop
      vertex 0.13875610 0.14040929 0.03212441
      vertex 0.12312840 0.15676861 0.01621726
      vertex 0.11425033 0.15852985 0.04260457
    endloop
  endfacet
  facet normal 0.557284 0.819634 0.132793
    outer loop
      vertex 0.09688833 0.17298587 0.02624008
      vertex 0.11425033 0.15852985 0.04260457
      vertex 0.12312840 0.15676861 0.01621726
    endloop
  endfacet
  facet normal 0.382479 0.802678 0.457622
    outer loop
      vertex 0.06180340 0.16180340 0.10000000
      vertex 0.09079810 0.15158708 0.09368597
      vertex 0.07500771 0.16878229 0.07672275
    endloop
  endfacet
  facet normal 0.522219 0.742100 0.420208
    outer loop
      vertex 0.11755705 0.13763819 0.08506508
      vertex 0.10322432 0.15669034 0.06923060
      vertex 0.09079810 0.15158708 0.09368597
    endloop
  endfacet
  facet normal 0.445068 0.829480 0.337457
    outer loop
      vertex 0.08677771 0.17253370 0.05197838
      vertex 0.07500771 0.16878229 0.07672275
      vertex 0.10322432 0.15669034 0.06923060
    endloop
  endfacet
  facet normal 0.448483 0.801686 0.395175
    outer loop
      vertex 0.09079810 0.15158708 0.09368597
      vertex 0.10322432 0.15669034 0.06923060
      vertex 0.07500771 0.16878229 0.07672275
    endloop
  endfacet
  facet normal 0.759999 0.569358 0.313422
    outer loop
      vertex 0.16180340 0.10000000 0.06180340
      vertex 0.15173046 0.12136503 0.04741727
      vertex 0.14142136 0.12030019 0.07434961
    endloop
  endfacet
  facet normal 0.702258 0.670528 0.239219
    outer loop
      vertex 0.13875610 0.14040929 0.03212441
      vertex 0.12948238 0.14046197 0.05920092
      vertex 0.15173046 0.12136503 0.04741727
    endloop
  endfacet
  facet normal 0.649101 0.663683 0.371743
    outer loop
      vertex 0.11755705 0.13763819 0.08506508
      vertex 0.14142136 0.12030019 0.07434961
      vertex 0.12948238 0.14046197 0.05920092
    endloop
  endfacet
  facet normal 0.707576 0.641557 0.296210
    outer loop
      vertex 0.15173046 0.12136503 0.04741727
      vertex 0.12948238 0.14046197 0.05920092
      vertex 0.14142136 0.12030019 0.07434961
    endloop
  endfacet
  facet normal 0.508425 0.818634 0.267099
    outer loop
      vertex 0.08677771 0.17253370 0.05197838
      vertex 0.10322432 0.15669034 0.06923060
      vertex 0.11425033 0.15852985 0.04260457
    endloop
  endfacet
  facet normal 0.585563 0.731257 0.349826
    outer loop
      vertex 0.11755705 0.13763819 0.08506508
      vertex 0.12948238 0.14046197 0.05920092
      vertex 0.10322432 0.15669034 0.06923060
    endloop
  endfacet
  facet normal 0.638727 0.738104 0.217328
    outer loop
      vertex 0.13875610 0.14040929 0.03212441
      vertex 0.11425033 0.15852985 0.04260457
      vertex 0.12948238 0.14046197 0.05920092
    endloop
  endfacet
  facet normal 0.581154 0.759176 0.293108
    outer loop
      vertex 0.10322432 0.15669034 0.06923060
      vertex 0.12948238 0.14046197 0.05920092
      vertex 0.11425033 0.15852985 0.04260457
    endloop
  endfacet
  facet normal 0.081178 0.546250 0.833679
    outer loop
      vertex 0.00000000 0.10514622 0.17013016
      vertex 0.02624008 0.09688833 0.17298587
      vertex 0.01621726 0.12312840 0.15676861
    endloop
  endfacet
  facet normal 0.211221 0.500142 0.839788
    outer loop
      vertex 0.05197838 0.08677771 0.17253370
      vertex 0.04260457 0.11425033 0.15852985
      vertex 0.02624008 0.09688833 0.17298587
    endloop
  endfacet
  facet normal 0.161444 0.630461 0.759246
    outer loop
      vertex 0.03212441 0.13875610 0.14040929
      vertex 0.01621726 0.12312840 0.15676861
      vertex 0.04260457 0.11425033 0.15852985
    endloop
  endfacet
  facet normal 0.132793 0.557284 0.819634
    outer loop
      vertex 0.02624008 0.09688833 0.17298587
      vertex 0.04260457 0.11425033 0.15852985
      vertex 0.01621726 0.12312840 0.15676861
    endloop
  endfacet
  facet normal 0.457622 0.382479 0.802678
    outer loop
      vertex 0.10000000 0.06180340 0.16180340
      vertex 0.09368597 0.09079810 0.15158708
      vertex 0.07672275 0.07500771 0.16878229
    endloop
  endfacet
  facet normal 0.420208 0.522219 0.742100
    outer loop
      vertex 0.08506508 0.11755705 0.13763819
      vertex 0.06923060 0.10322432 0.15669034
      vertex 0.09368597 0.09079810 0.15158708
    endloop
  endfacet
  facet normal 0.337457 0.445068 0.829480
    outer loop
      vertex 0.05197838 0.08677771 0.17253370
      vertex 0.07672275 0.07500771 0.16878229
      vertex 0.06923060 0.10322432 0.15669034
    endloop
  endfacet
  facet normal 0.395175 0.448483 0.801686
    outer loop
      vertex 0.09368597 0.09079810 0.15158708
      vertex 0.06923060 0.10322432 0.15669034
      vertex 0.07672275 0.07500771 0.16878229
    endloop
  endfacet
  facet normal 0.313422 0.759999 0.569358
    outer loop
      vertex 0.06180340 0.16180340 0.10000000
      vertex 0.04741727 0.15173046 0.12136503
      vertex 0.07434961 0.14142136 0.12030019
    endloop
  endfacet
  facet normal 0.239219 0.702258 0.670528
    outer loop
      vertex 0.03212441 0.13875610 0.14040929
      vertex 0.05920092 0.12948238 0.14046197
      vertex 0.04741727 0.15173046 0.12136503
    endloop
  endfacet
  facet normal 0.371743 0.649101 0.663683
    outer loop
      vertex 0.08506508 0.11755705 0.13763819
      vertex 0.07434961 0.14142136 0.12030019
      vertex 0.05920092 0.12948238 0.14046197
    endloop
  endfacet
  facet normal 0.296210 0.707576 0.641557
    outer loop
      vertex 0.04741727 0.15173046 0.12136503
      vertex 0.05920092 0.12948238 0.14046197
      vertex 0.07434961 0.14142136 0.12030019
    endloop
  endfacet
  facet normal 0.267099 0.508425 0.818634
    outer loop
      vertex 0.05197838 0.08677771 0.17253370
      vertex 0.06923060 0.10322432 0.15669034
      vertex 0.04260457 0.11425033 0.15852985
    endloop
  endfacet
  facet normal 0.349826 0.585563 0.731257
    outer loop
      vertex 0.08506508 0.11755705 0.13763819
      vertex 0.05920092 0.12948238 0.14046197
      vertex 0.06923060 0.10322432 0.15669034
    endloop
  endfacet
  facet normal 0.217328 0.638727 0.738104
    outer loop
      vertex 0.03212441 0.13875610 0.14040929
      vertex 0.04260457 0.11425033 0.15852985
      vertex 0.05920092 0.12948238 0.14046197
    endloop
  endfacet
  facet normal 0.293108 0.581154 0.759176
    outer loop
      vertex 0.06923060 0.10322432 0.15669034
      vertex 0.05920092 0.12948238 0.14046197
      vertex 0.04260457 0.11425033 0.15852985
    endloop
  endfacet
  facet normal 0.833679 0.081178 0.546250
    outer loop
      vertex 0.17013016 0.00000000 0.10514622
      vertex 0.17298587 0.02624008 0.09688833
      vertex 0.15676861 0.01621726 0.12312840
    endloop
  endfacet
  facet normal 0.839788 0.211221 0.500142
    outer loop
      vertex 0.17253370 0.05197838 0.08677771
      vertex 0.15852985 0.04260457 0.11425033
      vertex 0.17298587 0.02624008 0.09688833
    endloop
  endfacet
  facet normal 0.759246 0.161444 0.630461
    outer loop
      vertex 0.14040929 0.03212441 0.13875610
      vertex 0.15676861 0.01621726 0.12312840
      vertex 0.15852985 0.04260457 0.11425033
    endloop
  endfacet
  facet normal 0.819634 0.132793 0.557284
    outer loop
      vertex 0.17298587 0.02624008 0.09688833
      vertex 0.15852985 0.04260457 0.11425033
      vertex 0.15676861 0.01621726 0.12312840
    endloop
  endfacet
  facet normal 0.802678 0.457622 0.382479
    outer loop
      vertex 0.16180340 0.10000000 0.06180340
      vertex 0.15158708 0.09368597 0.09079810
      vertex 0.16878229 0.07672275 0.07500771
    endloop
  endfacet
  facet normal 0.742100 0.420208 0.522219
    outer loop
      vertex 0.13763819 0.08506508 0.11755705
      vertex 0.15669034 0.06923060 0.10322432
      vertex 0.15158708 0.09368597 0.09079810
    endloop
  endfacet
  facet normal 0.829480 0.337457 0.445068
    outer loop
      vertex 0.17253370 0.05197838 0.08677771
      vertex 0.16878229 0.07672275 0.07500771
      vertex 0.15669034 0.06923060 0.10322432
    endloop
  endfacet
  facet normal 0.801686 0.395175 0.448483
    outer loop
      vertex 0.15158708 0.09368597 0.09079810
      vertex 0.15669034 0.06923060 0.10322432
      vertex 0.16878229 0.07672275 0.07500771
    endloop
  endfacet
  facet normal 0.569358 0.313422 0.759999
    outer loop
      vertex 0.10000000 0.06180340 0.16180340
      vertex 0.12136503 0.04741727 0.15173046
      vertex 0.12030019 0.07434961 0.14142136
    endloop
  endfacet
  facet normal 0.670528 0.239219 0.702258
    outer loop
      vertex 0.14040929 0.03212441 0.13875610
      vertex 0.14046197 0.05920092 0.12948238
      vertex 0.12136503 0.04741727 0.15173046
    endloop
  endfacet
  facet normal 0.663683 0.371743 0.649101
    outer loop
      vertex 0.13763819 0.08506508 0.11755705
      vertex 0.12030019 0.07434961 0.14142136
      vertex 0.14046197 0.05920092 0.12948238
    endloop
  endfacet
  facet normal 0.641557 0.296210 0.707576
    outer loop
      vertex 0.12136503 0.04741727 0.15173046
      vertex 0.14046197 0.05920092 0.12948238
      vertex 0.12030019 0.07434961 0.14142136
    endloop
  endfacet
  facet normal 0.818634 0.267099 0.508425
    outer loop
      vertex 0.17253370 0.05197838 0.08677771
      vertex 0.15669034 0.06923060 0.10322432
      vertex 0.15852985 0.04260457 0.11425033
    endloop
  endfacet
  facet normal 0.731257 0.349826 0.585563
    outer loop
      vertex 0.13763819 0.08506508 0.11755705
      vertex 0.14046197 0.05920092 0.12948238
      vertex 0.15669034 0.06923060 0.10322432
    endloop
  endfacet
  facet normal 0.738104 0.217328 0.638727
    outer loop
      vertex 0.14040929 0.03212441 0.13875610
      vertex 0.15852985 0.04260457 0.11425033
      vertex 0.14046197 0.05920092 0.12948238
    endloop
  endfacet
  facet normal 0.759176 0.293108 0.581154
    outer loop
      vertex 0.15669034 0.06923060 0.10322432
      vertex 0.14046197 0.05920092 0.12948238
      vertex 0.15852985 0.04260457 0.11425033
    endloop
  endfacet
  facet normal 0.382234 0.759514 0.526342
    outer loop
      vertex 0.06180340 0.16180340 0.10000000
      vertex 0.07434961 0.14142136 0.12030019
      vertex 0.09079810 0.15158708 0.09368597
    endloop
  endfacet
  facet normal 0.440461 0.648687 0.620644
    outer loop
      vertex 0.08506508 0.11755705 0.13763819
      vertex 0.10267509 0.12931556 0.11285084
      vertex 0.07434961 0.14142136 0.12030019
    endloop
  endfacet
  facet normal 0.521887 0.699011 0.488895
    outer loop
      vertex 0.11755705 0.13763819 0.08506508
      vertex 0.09079810 0.15158708 0.09368597
      vertex 0.10267509 0.12931556 0.11285084
    endloop
  endfacet
  facet normal 0.446517 0.708443 0.546564
    outer loop
      vertex 0.07434961 0.14142136 0.12030019
      vertex 0.10267509 0.12931556 0.11285084
      vertex 0.09079810 0.15158708 0.09368597
    endloop
  endfacet
  facet normal 0.526342 0.382234 0.759514
    outer loop
      vertex 0.10000000 0.06180340 0.16180340
      vertex 0.12030019 0.07434961 0.14142136
      vertex 0.09368597 0.09079810 0.15158708
    endloop
  endfacet
  facet normal 0.620644 0.440461 0.648687
    outer loop
      vertex 0.13763819 0.08506508 0.11755705
      vertex 0.11285084 0.10267509 0.12931556
      vertex 0.12030019 0.07434961 0.14142136
    endloop
  endfacet
  facet normal 0.488895 0.521887 0.699011
    outer loop
      vertex 0.08506508 0.11755705 0.13763819
      vertex 0.09368597 0.09079810 0.15158708
      vertex 0.11285084 0.10267509 0.12931556
    endloop
  endfacet
  facet normal 0.546564 0.446517 0.708443
    outer loop
      vertex 0.12030019 0.07434961 0.14142136
      vertex 0.11285084 0.10267509 0.12931556
      vertex 0.09368597 0.09079810 0.15158708
    endloop
  endfacet
  facet normal 0.759514 0.526342 0.382234
    outer loop
      vertex 0.16180340 0.10000000 0.06180340
      vertex 0.14142136 0.12030019 0.07434961
      vertex 0.15158708 0.09368597 0.09079810
    endloop
  endfacet
  facet normal 0.648687 0.620644 0.440461
    outer loop
      vertex 0.11755705 0.13763819 0.08506508
      vertex 0.12931556 0.11285084 0.10267509
      vertex 0.14142136 0.12030019 0.07434961
    endloop
  endfacet
  facet normal 0.699011 0.488895 0.521887
    outer loop
      vertex 0.13763819 0.08506508 0.11755705
      vertex 0.15158708 0.09368597 0.09079810
      vertex 0.12931556 0.11285084 0.10267509
    endloop
  endfacet
  facet normal 0.708443 0.546564 0.446517
    outer loop
      vertex 0.14142136 0.12030019 0.07434961
      vertex 0.12931556 0.11285084 0.10267509
      vertex 0.15158708 0.09368597 0.09079810
    endloop
  endfacet
  facet normal 0.503751 0.585159 0.635472
    outer loop
      vertex 0.08506508 0.11755705 0.13763819
      vertex 0.11285084 0.10267509 0.12931556
      vertex 0.10267509 0.12931556 0.11285084
    endloop
  endfacet
  facet normal 0.635472 0.503751 0.585159
    outer loop
      vertex 0.13763819 0.08506508 0.11755705
      vertex 0.12931556 0.11285084 0.10267509
      vertex 0.11285084 0.10267509 0.12931556
    endloop
  endfacet
  facet normal 0.585159 0.635472 0.503751
    outer loop
      vertex 0.11755705 0.13763819 0.08506508
      vertex 0.10267509 0.12931556 0.11285084
      vertex 0.12931556 0.11285084 0.10267509
    endloop
  endfacet
  facet normal 0.577350 0.577350 0.577350
    outer loop
      vertex 0.11285084 0.10267509 0.12931556
      vertex 0.12931556 0.11285084 0.10267509
      vertex 0.10267509 0.12931556 0.11285084
    endloop
  endfacet
  facet normal -0.050171 0.465071 0.883850
    outer loop
      vertex 0.00000000 0.10514622 0.17013016
      vertex -0.02624008 0.09688833 0.17298587
      vertex 0.00000000 0.08067107 0.18300868
    endloop
  endfacet
  facet normal -0.180319 0.419240 0.889788
    outer loop
      vertex -0.05197838 0.08677771 0.17253370
      vertex -0.02633107 0.07164576 0.18486092
      vertex -0.02624008 0.09688833 0.17298587
    endloop
  endfacet
  facet normal -0.050000 0.338698 0.939566
    outer loop
      vertex 0.00000000 0.05465331 0.19238767
      vertex 0.00000000 0.08067107 0.18300868
      vertex -0.02633107 0.07164576 0.18486092
    endloop
  endfacet
  facet normal -0.082070 0.424492 0.901705
    outer loop
      vertex -0.02624008 0.09688833 0.17298587
      vertex -0.02633107 0.07164576 0.18486092
      vertex 0.00000000 0.08067107 0.18300868
    endloop
  endfacet
  facet normal -0.427026 0.302377 0.852184
    outer loop
      vertex -0.10000000 0.06180340 0.16180340
      vertex -0.07723748 0.04773539 0.17820130
      vertex -0.07672275 0.07500771 0.16878229
    endloop
  endfacet
  facet normal -0.308167 0.228893 0.923386
    outer loop
      vertex -0.05257311 0.03249197 0.19021130
      vertex -0.05281655 0.06025178 0.18324884
      vertex -0.07723748 0.04773539 0.17820130
    endloop
  endfacet
  facet normal -0.306798 0.364801 0.879088
    outer loop
      vertex -0.05197838 0.08677771 0.17253370
      vertex -0.07672275 0.07500771 0.16878229
      vertex -0.05281655 0.06025178 0.18324884
    endloop
  endfacet
  facet normal -0.343197 0.312401 0.885789
    outer loop
      vertex -0.07723748 0.04773539 0.17820130
      vertex -0.05281655 0.06025178 0.18324884
      vertex -0.07672275 0.07500771 0.16878229
    endloop
  endfacet
  facet normal -0.049505 0.069057 0.996384
    outer loop
      vertex 0.00000000 0.00000000 0.20000000
      vertex 0.00000000 0.02759045 0.19808778
      vertex -0.02661422 0.01644849 0.19753767
    endloop
  endfacet
  facet normal -0.049608 0.205849 0.977326
    outer loop
      vertex 0.00000000 0.05465331 0.19238767
      vertex -0.02655850 0.04402341 0.19327852
      vertex 0.00000000 0.02759045 0.19808778
    endloop
  endfacet
  facet normal -0.181286 0.150476 0.971850
    outer loop
      vertex -0.05257311 0.03249197 0.19021130
      vertex -0.02661422 0.01644849 0.19753767
      vertex -0.02655850 0.04402341 0.19327852
    endloop
  endfacet
  facet normal -0.084103 0.152272 0.984754
    outer loop
      vertex 0.00000000 0.02759045 0.19808778
      vertex -0.02655850 0.04402341 0.19327852
      vertex -0.02661422 0.01644849 0.19753767
    endloop
  endfacet
  facet normal -0.214847 0.371628 0.903180
    outer loop
      vertex -0.05197838 0.08677771 0.17253370
      vertex -0.05281655 0.06025178 0.18324884
      vertex -0.02633107 0.07164576 0.18486092
    endloop
  endfacet
  facet normal -0.216204 0.235738 0.947462
    outer loop
      vertex -0.05257311 0.03249197 0.19021130
      vertex -0.02655850 0.04402341 0.19327852
      vertex -0.05281655 0.06025178 0.18324884
    endloop
  endfacet
  facet normal -0.084545 0.291097 0.952950
    outer loop
      vertex 0.00000000 0.05465331 0.19238767
      vertex -0.02633107 0.07164576 0.18486092
      vertex -0.02655850 0.04402341 0.19327852
    endloop
  endfacet
  facet normal -0.181151 0.288045 0.940327
    outer loop
      vertex -0.05281655 0.06025178 0.18324884
      vertex -0.02655850 0.04402341 0.19327852
      vertex -0.02633107 0.07164576 0.18486092
    endloop
  endfacet
  facet normal -0.802672 0.000000 0.596421
    outer loop
      vertex -0.17013016 0.00000000 0.10514622
      vertex -0.15676861 -0.01621726 0.12312840
      vertex -0.15676861 0.01621726 0.12312840
    endloop
  endfacet
  facet normal -0.728345 -0.080541 0.680461
    outer loop
      vertex -0.14040929 -0.03212441 0.13875610
      vertex -0.14225635 0.00000000 0.14058141
      vertex -0.15676861 -0.01621726 0.12312840
    endloop
  endfacet
  facet normal -0.728345 0.080541 0.680461
    outer loop
      vertex -0.14040929 0.03212441 0.13875610
      vertex -0.15676861 0.01621726 0.12312840
      vertex -0.14225635 0.00000000 0.14058141
    endloop
  endfacet
  facet normal -0.768912 0.000000 0.639354
    outer loop
      vertex -0.15676861 -0.01621726 0.12312840
      vertex -0.14225635 0.00000000 0.14058141
      vertex -0.15676861 0.01621726 0.12312840
    endloop
  endfacet
  facet normal -0.538762 -0.233320 0.809504
    outer loop
      vertex -0.10000000 -0.06180340 0.16180340
      vertex -0.10385170 -0.03128689 0.16803558
      vertex -0.12136503 -0.04741727 0.15173046
    endloop
  endfacet
  facet normal -0.551642 -0.078417 0.830386
    outer loop
      vertex -0.10514622 0.00000000 0.17013016
      vertex -0.12404792 -0.01622837 0.15604087
      vertex -0.10385170 -0.03128689 0.16803558
    endloop
  endfacet
  facet normal -0.639868 -0.158952 0.751866
    outer loop
      vertex -0.14040929 -0.03212441 0.13875610
      vertex -0.12136503 -0.04741727 0.15173046
      vertex -0.12404792 -0.01622837 0.15604087
    endloop
  endfacet
  facet normal -0.589579 -0.160129 0.791679
    outer loop
      vertex -0.10385170 -0.03128689 0.16803558
      vertex -0.12404792 -0.01622837 0.15604087
      vertex -0.12136503 -0.04741727 0.15173046
    endloop
  endfacet
  facet normal -0.538762 0.233320 0.809504
    outer loop
      vertex -0.10000000 0.06180340 0.16180340
      vertex -0.12136503 0.04741727 0.15173046
      vertex -0.10385170 0.03128689 0.16803558
    endloop
  endfacet
  facet normal -0.639868 0.158952 0.751866
    outer loop
      vertex -0.14040929 0.03212441 0.13875610
      vertex -0.12404792 0.01622837 0.15604087
      vertex -0.12136503 0.04741727 0.15173046
    endloop
  endfacet
  facet normal -0.551642 0.078417 0.830386
    outer loop
      vertex -0.10514622 0.00000000 0.17013016
      vertex -0.10385170 0.03128689 0.16803558
      vertex -0.12404792 0.01622837 0.15604087
    endloop
  endfacet
  facet normal -0.589579 0.160129 0.791679
    outer loop
      vertex -0.12136503 0.04741727 0.15173046
      vertex -0.12404792 0.01622837 0.15604087
      vertex -0.10385170 0.03128689 0.16803558
    endloop
  endfacet
  facet normal -0.685852 -0.080531 0.723272
    outer loop
      vertex -0.14040929 -0.03212441 0.13875610
      vertex -0.12404792 -0.01622837 0.15604087
      vertex -0.14225635 0.00000000 0.14058141
    endloop
  endfacet
  facet normal -0.597636 0.000000 0.801768
    outer loop
      vertex -0.10514622 0.00000000 0.17013016
      vertex -0.12404792 0.01622837 0.15604087
      vertex -0.12404792 -0.01622837 0.15604087
    endloop
  endfacet
  facet normal -0.685852 0.080531 0.723272
    outer loop
      vertex -0.14040929 0.03212441 0.13875610
      vertex -0.14225635 0.00000000 0.14058141
      vertex -0.12404792 0.01622837 0.15604087
    endloop
  endfacet
  facet normal -0.647218 0.000000 0.762305
    outer loop
      vertex -0.12404792 -0.01622837 0.15604087
      vertex -0.12404792 0.01622837 0.15604087
      vertex -0.14225635 0.00000000 0.14058141
    endloop
  endfacet
  facet normal -0.050171 -0.465071 0.883850
    outer loop
      vertex 0.00000000 -0.10514622 0.17013016
      vertex 0.00000000 -0.08067107 0.18300868
      vertex -0.02624008 -0.09688833 0.17298587
    endloop
  endfacet
  facet normal -0.050000 -0.338698 0.939566
    outer loop
      vertex 0.00000000 -0.05465331 0.19238767
      vertex -0.02633107 -0.07164576 0.18486092
      vertex 0.00000000 -0.08067107 0.18300868
    endloop
  endfacet
  facet normal -0.180319 -0.419240 0.889788
    outer loop
      vertex -0.05197838 -0.08677771 0.17253370
      vertex -0.02624008 -0.09688833 0.17298587
      vertex -0.02633107 -0.07164576 0.18486092
    endloop
  endfacet
  facet normal -0.082070 -0.424492 0.901705
    outer loop
      vertex 0.00000000 -0.08067107 0.18300868
      vertex -0.02633107 -0.07164576 0.18486092
      vertex -0.02624008 -0.09688833 0.17298587
    endloop
  endfacet
  facet normal -0.049505 -0.069057 0.996384
    outer loop
      vertex 0.00000000 0.00000000 0.20000000
      vertex -0.02661422 -0.01644849 0.19753767
      vertex 0.00000000 -0.02759045 0.19808778
    endloop
  endfacet
  facet normal -0.181286 -0.150476 0.971850
    outer loop
      vertex -0.05257311 -0.03249197 0.19021130
      vertex -0.02655850 -0.04402341 0.19327852
      vertex -0.02661422 -0.01644849 0.19753767
    endloop
  endfacet
  facet normal -0.049608 -0.205849 0.977326
    outer loop
      vertex 0.00000000 -0.05465331 0.19238767
      vertex 0.00000000 -0.02759045 0.19808778
      vertex -0.02655850 -0.04402341 0.19327852
    endloop
  endfacet
  facet normal -0.084103 -0.152272 0.984754
    outer loop
      vertex -0.02661422 -0.01644849 0.19753767
      vertex -0.02655850 -0.04402341 0.19327852
      vertex 0.00000000 -0.02759045 0.19808778
    endloop
  endfacet
  facet normal -0.427026 -0.302377 0.852184
    outer loop
      vertex -0.10000000 -0.06180340 0.16180340
      vertex -0.07672275 -0.07500771 0.16878229
      vertex -0.07723748 -0.04773539 0.17820130
    endloop
  endfacet
  facet normal -0.306798 -0.364801 0.879088
    outer loop
      vertex -0.05197838 -0.08677771 0.17253370
      vertex -0.05281655 -0.06025178 0.18324884
      vertex -0.07672275 -0.07500771 0.16878229
    endloop
  endfacet
  facet normal -0.308167 -0.228893 0.923386
    outer loop
      vertex -0.05257311 -0.03249197 0.19021130
      vertex -0.07723748 -0.04773539 0.17820130
      vertex -0.05281655 -0.06025178 0.18324884
    endloop
  endfacet
  facet normal -0.343197 -0.312401 0.885789
    outer loop
      vertex -0.07672275 -0.07500771 0.16878229
      vertex -0.05281655 -0.06025178 0.18324884
      vertex -0.07723748 -0.04773539 0.17820130
    endloop
  endfacet
  facet normal -0.084545 -0.291097 0.952950
    outer loop
      vertex 0.00000000 -0.05465331 0.19238767
      vertex -0.02655850 -0.04402341 0.19327852
      vertex -0.02633107 -0.07164576 0.18486092
    endloop
  endfacet
  facet normal -0.216204 -0.235738 0.947462
    outer loop
      vertex -0.05257311 -0.03249197 0.19021130
      vertex -0.05281655 -0.06025178 0.18324884
      vertex -0.02655850 -0.04402341 0.19327852
    endloop
  endfacet
  facet normal -0.214847 -0.371628 0.903180
    outer loop
      vertex -0.05197838 -0.08677771 0.17253370
      vertex -0.02633107 -0.07164576 0.18486092
      vertex -0.05281655 -0.06025178 0.18324884
    endloop
  endfacet
  facet normal -0.181151 -0.288045 0.940327
    outer loop
      vertex -0.02655850 -0.04402341 0.19327852
      vertex -0.05281655 -0.06025178 0.18324884
      vertex -0.02633107 -0.07164576 0.18486092
    endloop
  endfacet
  facet normal -0.469405 0.233171 0.851640
    outer loop
      vertex -0.10000000 0.06180340 0.16180340
      vertex -0.10385170 0.03128689 0.16803558
      vertex -0.07723748 0.04773539 0.17820130
    endloop
  endfacet
  facet normal -0.482336 0.078367 0.872474
    outer loop
      vertex -0.10514622 0.00000000 0.17013016
      vertex -0.07992141 0.01646472 0.18259650
      vertex -0.10385170 0.03128689 0.16803558
    endloop
  endfacet
  facet normal -0.350587 0.159793 0.922797
    outer loop
      vertex -0.05257311 0.03249197 0.19021130
      vertex -0.07723748 0.04773539 0.17820130
      vertex -0.07992141 0.01646472 0.18259650
    endloop
  endfacet
  facet normal -0.437842 0.161879 0.884358
    outer loop
      vertex -0.10385170 0.03128689 0.16803558
      vertex -0.07992141 0.01646472 0.18259650
      vertex -0.07723748 0.04773539 0.17820130
    endloop
  endfacet
  facet normal -0.469405 -0.233171 0.851640
    outer loop
      vertex -0.10000000 -0.06180340 0.16180340
      vertex -0.07723748 -0.04773539 0.17820130
      vertex -0.10385170 -0.03128689 0.16803558
    endloop
  endfacet
  facet normal -0.350587 -0.159793 0.922797
    outer loop
      vertex -0.05257311 -0.03249197 0.19021130
      vertex -0.07992141 -0.01646472 0.18259650
      vertex -0.07723748 -0.04773539 0.17820130
    endloop
  endfacet
  facet normal -0.482336 -0.078367 0.872474
    outer loop
      vertex -0.10514622 0.00000000 0.17013016
      vertex -0.10385170 -0.03128689 0.16803558
      vertex -0.07992141 -0.01646472 0.18259650
    endloop
  endfacet
  facet normal -0.437842 -0.161879 0.884358
    outer loop
      vertex -0.07723748 -0.04773539 0.17820130
      vertex -0.07992141 -0.01646472 0.18259650
      vertex -0.10385170 -0.03128689 0.16803558
    endloop
  endfacet
  facet normal -0.092126 0.000000 0.995747
    outer loop
      vertex 0.00000000 0.00000000 0.20000000
      vertex -0.02661422 0.01644849 0.19753767
      vertex -0.02661422 -0.01644849 0.19753767
    endloop
  endfacet
  facet normal -0.223786 0.081426 0.971231
    outer loop
      vertex -0.05257311 0.03249197 0.19021130
      vertex -0.05328094 0.00000000 0.19277225
      vertex -0.02661422 0.01644849 0.19753767
    endloop
  endfacet
  facet normal -0.223786 -0.081426 0.971231
    outer loop
      vertex -0.05257311 -0.03249197 0.19021130
      vertex -0.02661422 -0.01644849 0.19753767
      vertex -0.05328094 0.00000000 0.19277225
    endloop
  endfacet
  facet normal -0.175916 0.000000 0.984405
    outer loop
      vertex -0.02661422 0.01644849 0.19753767
      vertex -0.05328094 0.00000000 0.19277225
      vertex -0.02661422 -0.01644849 0.19753767
    endloop
  endfacet
  facet normal -0.443056 0.000000 0.896494
    outer loop
      vertex -0.10514622 0.00000000 0.17013016
      vertex -0.07992141 -0.01646472 0.18259650
      vertex -0.07992141 0.01646472 0.18259650
    endloop
  endfacet
  facet normal -0.311335 -0.081408 0.946807
    outer loop
      vertex -0.05257311 -0.03249197 0.19021130
      vertex -0.05328094 0.00000000 0.19277225
      vertex -0.07992141 -0.01646472 0.18259650
    endloop
  endfacet
  facet normal -0.311335 0.081408 0.946807
    outer loop
      vertex -0.05257311 0.03249197 0.19021130
      vertex -0.07992141 0.01646472 0.18259650
      vertex -0.05328094 0.00000000 0.19277225
    endloop
  endfacet
  facet normal -0.356822 0.000000 0.934172
    outer loop
      vertex -0.07992141 -0.01646472 0.18259650
      vertex -0.05328094 0.00000000 0.19277225
      vertex -0.07992141 0.01646472 0.18259650
    endloop
  endfacet
  facet normal -0.883850 -0.050171 0.465071
    outer loop
      vertex -0.17013016 0.00000000 0.10514622
      vertex -0.18300868 0.00000000 0.08067107
      vertex -0.17298587 -0.02624008 0.09688833
    endloop
  endfacet
  facet normal -0.939566 -0.050000 0.338698
    outer loop
      vertex -0.19238767 0.00000000 0.05465331
      vertex -0.18486092 -0.02633107 0.07164576
      vertex -0.18300868 0.00000000 0.08067107
    endloop
  endfacet
  facet normal -0.889788 -0.180319 0.419240
    outer loop
      vertex -0.17253370 -0.05197838 0.08677771
      vertex -0.17298587 -0.02624008 0.09688833
      vertex -0.18486092 -0.02633107 0.07164576
    endloop
  endfacet
  facet normal -0.901705 -0.082070 0.424492
    outer loop
      vertex -0.18300868 0.00000000 0.08067107
      vertex -0.18486092 -0.02633107 0.07164576
      vertex -0.17298587 -0.02624008 0.09688833
    endloop
  endfacet
  facet normal -0.996384 -0.049505 0.069057
    outer loop
      vertex -0.20000000 0.00000000 0.00000000
      vertex -0.19753767 -0.02661422 0.01644849
      vertex -0.19808778 0.00000000 0.02759045
    endloop
  endfacet
  facet normal -0.971850 -0.181286 0.150476
    outer loop
      vertex -0.19021130 -0.05257311 0.03249197
      vertex -0.19327852 -0.02655850 0.04402341
      vertex -0.19753767 -0.02661422 0.01644849
    endloop
  endfacet
  facet normal -0.977326 -0.049608 0.205849
    outer loop
      vertex -0.19238767 0.00000000 0.05465331
      vertex -0.19808778 0.00000000 0.02759045
      vertex -0.19327852 -0.02655850 0.04402341
    endloop
  endfacet
  facet normal -0.984754 -0.084103 0.152272
    outer loop
      vertex -0.19753767 -0.02661422 0.01644849
      vertex -0.19327852 -0.02655850 0.04402341
      vertex -0.19808778 0.00000000 0.02759045
    endloop
  endfacet
  facet normal -0.852184 -0.427026 0.302377
    outer loop
      vertex -0.16180340 -0.10000000 0.06180340
      vertex -0.16878229 -0.07672275 0.07500771
      vertex -0.17820130 -0.07723748 0.04773539
    endloop
  endfacet
  facet normal -0.879088 -0.306798 0.364801
    outer loop
      vertex -0.17253370 -0.05197838 0.08677771
      vertex -0.18324884 -0.05281655 0.06025178
      vertex -0.16878229 -0.07672275 0.07500771
    endloop
  endfacet
  facet normal -0.923386 -0.308167 0.228893
    outer loop
      vertex -0.19021130 -0.05257311 0.03249197
      vertex -0.17820130 -0.07723748 0.04773539
      vertex -0.18324884 -0.05281655 0.06025178
    endloop
  endfacet
  facet normal -0.885789 -0.343197 0.312401
    outer loop
      vertex -0.16878229 -0.07672275 0.07500771
      vertex -0.18324884 -0.05281655 0.06025178
      vertex -0.17820130 -0.07723748 0.04773539
    endloop
  endfacet
  facet normal -0.952950 -0.084545 0.291097
    outer loop
      vertex -0.19238767 0.00000000 0.05465331
      vertex -0.19327852 -0.02655850 0.04402341
      vertex -0.18486092 -0.02633107 0.07164576
    endloop
  endfacet
  facet normal -0.947462 -0.216204 0.235738
    outer loop
      vertex -0.19021130 -0.05257311 0.03249197
      vertex -0.18324884 -0.05281655 0.06025178
      vertex -0.19327852 -0.02655850 0.04402341
    endloop
  endfacet
  facet normal -0.903180 -0.214847 0.371628
    outer loop
      vertex -0.17253370 -0.05197838 0.08677771
      vertex -0.18486092 -0.02633107 0.07164576
      vertex -0.18324884 -0.05281655 0.06025178
    endloop
  endfacet
  facet normal -0.940327 -0.181151 0.288045
    outer loop
      vertex -0.19327852 -0.02655850 0.04402341
      vertex -0.18324884 -0.05281655 0.06025178
      vertex -0.18486092 -0.02633107 0.07164576
    endloop
  endfacet
  facet normal -0.883850 -0.050171 -0.465071
    outer loop
      vertex -0.17013016 0.00000000 -0.10514622
      vertex -0.17298587 -0.02624008 -0.09688833
      vertex -0.18300868 0.00000000 -0.08067107
    endloop
  endfacet
  facet normal -0.889788 -0.180319 -0.419240
    outer loop
      vertex -0.17253370 -0.05197838 -0.08677771
      vertex -0.18486092 -0.02633107 -0.07164576
      vertex -0.17298587 -0.02624008 -0.09688833
    endloop
  endfacet
  facet normal -0.939566 -0.050000 -0.338698
    outer loop
      vertex -0.19238767 0.00000000 -0.05465331
      vertex -0.18300868 0.00000000 -0.08067107
      vertex -0.18486092 -0.02633107 -0.07164576
    endloop
  endfacet
  facet normal -0.901705 -0.082070 -0.424492
    outer loop
      vertex -0.17298587 -0.02624008 -0.09688833
      vertex -0.18486092 -0.02633107 -0.07164576
      vertex -0.18300868 0.00000000 -0.08067107
    endloop
  endfacet
  facet normal -0.852184 -0.427026 -0.302377
    outer loop
      vertex -0.16180340 -0.10000000 -0.06180340
      vertex -0.17820130 -0.07723748 -0.04773539
      vertex -0.16878229 -0.07672275 -0.07500771
    endloop
  endfacet
  facet normal -0.923386 -0.308167 -0.228893
    outer loop
      vertex -0.19021130 -0.05257311 -0.03249197
      vertex -0.18324884 -0.05281655 -0.06025178
      vertex -0.17820130 -0.07723748 -0.04773539
    endloop
  endfacet
  facet normal -0.879088 -0.306798 -0.364801
    outer loop
      vertex -0.17253370 -0.05197838 -0.08677771
      vertex -0.16878229 -0.07672275 -0.07500771
      vertex -0.18324884 -0.05281655 -0.06025178
    endloop
  endfacet
  facet normal -0.885789 -0.343197 -0.312401
    outer loop
      vertex -0.17820130 -0.07723748 -0.04773539
      vertex -0.18324884 -0.05281655 -0.06025178
      vertex -0.16878229 -0.07672275 -0.07500771
    endloop
  endfacet
  facet normal -0.996384 -0.049505 -0.069057
    outer loop
      vertex -0.20000000 0.00000000 0.00000000
      vertex -0.19808778 0.00000000 -0.02759045
      vertex -0.19753767 -0.02661422 -0.01644849
    endloop
  endfacet
  facet normal -0.977326 -0.049608 -0.205849
    outer loop
      vertex -0.19238767 0.00000000 -0.05465331
      vertex -0.19327852 -0.02655850 -0.04402341
      vertex -0.19808778 0.00000000 -0.02759045
    endloop
  endfacet
  facet normal -0.971850 -0.181286 -0.150476
    outer loop
      vertex -0.19021130 -0.05257311 -0.03249197
      vertex -0.19753767 -0.02661422 -0.01644849
      vertex -0.19327852 -0.02655850 -0.04402341
    endloop
  endfacet
  facet normal -0.984754 -0.084103 -0.152272
    outer loop
      vertex -0.19808778 0.00000000 -0.02759045
      vertex -0.19327852 -0.02655850 -0.04402341
      vertex -0.19753767 -0.02661422 -0.01644849
    endloop
  endfacet
  facet normal -0.903180 -0.214847 -0.371628
    outer loop
      vertex -0.17253370 -0.05197838 -0.08677771
      vertex -0.18324884 -0.05281655 -0.06025178
      vertex -0.18486092 -0.02633107 -0.07164576
    endloop
  endfacet
  facet normal -0.947462 -0.216204 -0.235738
    outer loop
      vertex -0.19021130 -0.05257311 -0.03249197
      vertex -0.19327852 -0.02655850 -0.04402341
      vertex -0.18324884 -0.05281655 -0.06025178
    endloop
  endfacet
  facet normal -0.952950 -0.084545 -0.291097
    outer loop
      vertex -0.19238767 0.00000000 -0.05465331
      vertex -0.18486092 -0.02633107 -0.07164576
      vertex -0.19327852 -0.02655850 -0.04402341
    endloop
  endfacet
  facet normal -0.940327 -0.181151 -0.288045
    outer loop
      vertex -0.18324884 -0.05281655 -0.06025178
      vertex -0.19327852 -0.02655850 -0.04402341
      vertex -0.18486092 -0.02633107 -0.07164576
    endloop
  endfacet
  facet normal -0.596421 -0.802672 0.000000
    outer loop
      vertex -0.10514622 -0.17013016 0.00000000
      vertex -0.12312840 -0.15676861 0.01621726
      vertex -0.12312840 -0.15676861 -0.01621726
    endloop
  endfacet
  facet normal -0.680461 -0.728345 0.080541
    outer loop
      vertex -0.13875610 -0.14040929 0.03212441
      vertex -0.14058141 -0.14225635 0.00000000
      vertex -0.12312840 -0.15676861 0.01621726
    endloop
  endfacet
  facet normal -0.680461 -0.728345 -0.080541
    outer loop
      vertex -0.13875610 -0.14040929 -0.03212441
      vertex -0.12312840 -0.15676861 -0.01621726
      vertex -0.14058141 -0.14225635 0.00000000
    endloop
  endfacet
  facet normal -0.639354 -0.768912 -0.000000
    outer loop
      vertex -0.12312840 -0.15676861 0.01621726
      vertex -0.14058141 -0.14225635 0.00000000
      vertex -0.12312840 -0.15676861 -0.01621726
    endloop
  endfacet
  facet normal -0.809504 -0.538762 0.233320
    outer loop
      vertex -0.16180340 -0.10000000 0.06180340
      vertex -0.16803558 -0.10385170 0.03128689
      vertex -0.15173046 -0.12136503 0.04741727
    endloop
  endfacet
  facet normal -0.830386 -0.551642 0.078417
    outer loop
      vertex -0.17013016 -0.10514622 0.00000000
      vertex -0.15604087 -0.12404792 0.01622837
      vertex -0.16803558 -0.10385170 0.03128689
    endloop
  endfacet
  facet normal -0.751866 -0.639868 0.158952
    outer loop
      vertex -0.13875610 -0.14040929 0.03212441
      vertex -0.15173046 -0.12136503 0.04741727
      vertex -0.15604087 -0.12404792 0.01622837
    endloop
  endfacet
  facet normal -0.791679 -0.589579 0.160129
    outer loop
      vertex -0.16803558 -0.10385170 0.03128689
      vertex -0.15604087 -0.12404792 0.01622837
      vertex -0.15173046 -0.12136503 0.04741727
    endloop
  endfacet
  facet normal -0.809504 -0.538762 -0.233320
    outer loop
      vertex -0.16180340 -0.10000000 -0.06180340
      vertex -0.15173046 -0.12136503 -0.04741727
      vertex -0.16803558 -0.10385170 -0.03128689
    endloop
  endfacet
  facet normal -0.751866 -0.639868 -0.158952
    outer loop
      vertex -0.13875610 -0.14040929 -0.03212441
      vertex -0.15604087 -0.12404792 -0.01622837
      vertex -0.15173046 -0.12136503 -0.04741727
    endloop
  endfacet
  facet normal -0.830386 -0.551642 -0.078417
    outer loop
      vertex -0.17013016 -0.10514622 0.00000000
      vertex -0.16803558 -0.10385170 -0.03128689
      vertex -0.15604087 -0.12404792 -0.01622837
    endloop
  endfacet
  facet normal -0.791679 -0.589579 -0.160129
    outer loop
      vertex -0.15173046 -0.12136503 -0.04741727
      vertex -0.15604087 -0.12404792 -0.01622837
      vertex -0.16803558 -0.10385170 -0.03128689
    endloop
  endfacet
  facet normal -0.723272 -0.685852 0.080531
    outer loop
      vertex -0.13875610 -0.14040929 0.03212441
      vertex -0.15604087 -0.12404792 0.01622837
      vertex -0.14058141 -0.14225635 0.00000000
    endloop
  endfacet
  facet normal -0.801768 -0.597636 0.000000
    outer loop
      vertex -0.17013016 -0.10514622 0.00000000
      vertex -0.15604087 -0.12404792 -0.01622837
      vertex -0.15604087 -0.12404792 0.01622837
    endloop
  endfacet
  facet normal -0.723272 -0.685852 -0.080531
    outer loop
      vertex -0.13875610 -0.14040929 -0.03212441
      vertex -0.14058141 -0.14225635 0.00000000
      vertex -0.15604087 -0.12404792 -0.01622837
    endloop
  endfacet
  facet normal -0.762305 -0.647218 -0.000000
    outer loop
      vertex -0.15604087 -0.12404792 0.01622837
      vertex -0.15604087 -0.12404792 -0.01622837
      vertex -0.14058141 -0.14225635 0.00000000
    endloop
  endfacet
  facet normal -0.995747 -0.092126 0.000000
    outer loop
      vertex -0.20000000 0.00000000 0.00000000
      vertex -0.19753767 -0.02661422 -0.01644849
      vertex -0.19753767 -0.02661422 0.01644849
    endloop
  endfacet
  facet normal -0.971231 -0.223786 -0.081426
    outer loop
      vertex -0.19021130 -0.05257311 -0.03249197
      vertex -0.19277225 -0.05328094 0.00000000
      vertex -0.19753767 -0.02661422 -0.01644849
    endloop
  endfacet
  facet normal -0.971231 -0.223786 0.081426
    outer loop
      vertex -0.19021130 -0.05257311 0.03249197
      vertex -0.19753767 -0.02661422 0.01644849
      vertex -0.19277225 -0.05328094 0.00000000
    endloop
  endfacet
  facet normal -0.984405 -0.175916 0.000000
    outer loop
      vertex -0.19753767 -0.02661422 -0.01644849
      vertex -0.19277225 -0.05328094 0.00000000
      vertex -0.19753767 -0.02661422 0.01644849
    endloop
  endfacet
  facet normal -0.851640 -0.469405 -0.233171
    outer loop
      vertex -0.16180340 -0.10000000 -0.06180340
      vertex -0.16803558 -0.10385170 -0.03128689
      vertex -0.17820130 -0.07723748 -0.04773539
    endloop
  endfacet
  facet normal -0.872474 -0.482336 -0.078367
    outer loop
      vertex -0.17013016 -0.10514622 0.00000000
      vertex -0.18259650 -0.07992141 -0.01646472
      vertex -0.16803558 -0.10385170 -0.03128689
    endloop
  endfacet
  facet normal -0.922797 -0.350587 -0.159793
    outer loop
      vertex -0.19021130 -0.05257311 -0.03249197
      vertex -0.17820130 -0.07723748 -0.04773539
      vertex -0.18259650 -0.07992141 -0.01646472
    endloop
  endfacet
  facet normal -0.884358 -0.437842 -0.161879
    outer loop
      vertex -0.16803558 -0.10385170 -0.03128689
      vertex -0.18259650 -0.07992141 -0.01646472
      vertex -0.17820130 -0.07723748 -0.04773539
    endloop
  endfacet
  facet normal -0.851640 -0.469405 0.233171
    outer loop
      vertex -0.16180340 -0.10000000 0.06180340
      vertex -0.17820130 -0.07723748 0.04773539
      vertex -0.16803558 -0.10385170 0.03128689
    endloop
  endfacet
  facet normal -0.922797 -0.350587 0.159793
    outer loop
      vertex -0.19021130 -0.05257311 0.03249197
      vertex -0.18259650 -0.07992141 0.01646472
      vertex -0.17820130 -0.07723748 0.04773539
    endloop
  endfacet
  facet normal -0.872474 -0.482336 0.078367
    outer loop
      vertex -0.17013016 -0.10514622 0.00000000
      vertex -0.16803558 -0.10385170 0.03128689
      vertex -0.18259650 -0.07992141 0.01646472
    endloop
  endfacet
  facet normal -0.884358 -0.437842 0.161879
    outer loop
      vertex -0.17820130 -0.07723748 0.04773539
      vertex -0.18259650 -0.07992141 0.01646472
      vertex -0.16803558 -0.10385170 0.03128689
    endloop
  endfacet
  facet normal -0.946807 -0.311335 -0.081408
    outer loop
      vertex -0.19021130 -0.05257311 -0.03249197
      vertex -0.18259650 -0.07992141 -0.01646472
      vertex -0.19277225 -0.05328094 0.00000000
    endloop
  endfacet
  facet normal -0.896494 -0.443056 0.000000
    outer loop
      vertex -0.17013016 -0.10514622 0.00000000
      vertex -0.18259650 -0.07992141 0.01646472
      vertex -0.18259650 -0.07992141 -0.01646472
    endloop
  endfacet
  facet normal -0.946807 -0.311335 0.081408
    outer loop
      vertex -0.19021130 -0.05257311 0.03249197
      vertex -0.19277225 -0.05328094 0.00000000
      vertex -0.18259650 -0.07992141 0.01646472
    endloop
  endfacet
  facet normal -0.934172 -0.356822 0.000000
    outer loop
      vertex -0.18259650 -0.07992141 -0.01646472
      vertex -0.18259650 -0.07992141 0.01646472
      vertex -0.19277225 -0.05328094 0.00000000
    endloop
  endfacet
  facet normal -0.802672 0.000000 -0.596421
    outer loop
      vertex -0.17013016 0.00000000 -0.10514622
      vertex -0.15676861 0.01621726 -0.12312840
      vertex -0.15676861 -0.01621726 -0.12312840
    endloop
  endfacet
  facet normal -0.728345 0.080541 -0.680461
    outer loop
      vertex -0.14040929 0.03212441 -0.13875610
      vertex -0.14225635 0.00000000 -0.14058141
      vertex -0.15676861 0.01621726 -0.12312840
    endloop
  endfacet
  facet normal -0.728345 -0.080541 -0.680461
    outer loop
      vertex -0.14040929 -0.03212441 -0.13875610
      vertex -0.15676861 -0.01621726 -0.12312840
      vertex -0.14225635 0.00000000 -0.14058141
    endloop
  endfacet
  facet normal -0.768912 -0.000000 -0.639354
    outer loop
      vertex -0.15676861 0.01621726 -0.12312840
      vertex -0.14225635 0.00000000 -0.14058141
      vertex -0.15676861 -0.01621726 -0.12312840
    endloop
  endfacet
  facet normal -0.538762 0.233320 -0.809504
    outer loop
      vertex -0.10000000 0.06180340 -0.16180340
      vertex -0.10385170 0.03128689 -0.16803558
      vertex -0.12136503 0.04741727 -0.15173046
    endloop
  endfacet
  facet normal -0.551642 0.078417 -0.830386
    outer loop
      vertex -0.10514622 0.00000000 -0.17013016
      vertex -0.12404792 0.01622837 -0.15604087
      vertex -0.10385170 0.03128689 -0.16803558
    endloop
  endfacet
  facet normal -0.639868 0.158952 -0.751866
    outer loop
      vertex -0.14040929 0.03212441 -0.13875610
      vertex -0.12136503 0.04741727 -0.15173046
      vertex -0.12404792 0.01622837 -0.15604087
    endloop
  endfacet
  facet normal -0.589579 0.160129 -0.791679
    outer loop
      vertex -0.10385170 0.03128689 -0.16803558
      vertex -0.12404792 0.01622837 -0.15604087
      vertex -0.12136503 0.04741727 -0.15173046
    endloop
  endfacet
  facet normal -0.538762 -0.233320 -0.809504
    outer loop
      vertex -0.10000000 -0.06180340 -0.16180340
      vertex -0.12136503 -0.04741727 -0.15173046
      vertex -0.10385170 -0.03128689 -0.16803558
    endloop
  endfacet
  facet normal -0.639868 -0.158952 -0.751866
    outer loop
      vertex -0.14040929 -0.03212441 -0.13875610
      vertex -0.12404792 -0.01622837 -0.15604087
      vertex -0.12136503 -0.04741727 -0.15173046
    endloop
  endfacet
  facet normal -0.551642 -0.078417 -0.830386
    outer loop
      vertex -0.10514622 0.00000000 -0.17013016
      vertex -0.10385170 -0.03128689 -0.16803558
      vertex -0.12404792 -0.01622837 -0.15604087
    endloop
  endfacet
  facet normal -0.589579 -0.160129 -0.791679
    outer loop
      vertex -0.12136503 -0.04741727 -0.15173046
      vertex -0.12404792 -0.01622837 -0.15604087
      vertex -0.10385170 -0.03128689 -0.16803558
    endloop
  endfacet
  facet normal -0.685852 0.080531 -0.723272
    outer loop
      vertex -0.14040929 0.03212441 -0.13875610
      vertex -0.12404792 0.01622837 -0.15604087
      vertex -0.14225635 0.00000000 -0.14058141
    endloop
  endfacet
  facet normal -0.597636 0.000000 -0.801768
    outer loop
      vertex -0.10514622 0.00000000 -0.17013016
      vertex -0.12404792 -0.01622837 -0.15604087
      vertex -0.12404792 0.01622837 -0.15604087
    endloop
  endfacet
  facet normal -0.685852 -0.080531 -0.723272
    outer loop
      vertex -0.14040929 -0.03212441 -0.13875610
      vertex -0.14225635 0.00000000 -0.14058141
      vertex -0.12404792 -0.01622837 -0.15604087
    endloop
  endfacet
  facet normal -0.647218 -0.000000 -0.762305
    outer loop
      vertex -0.12404792 0.01622837 -0.15604087
      vertex -0.12404792 -0.01622837 -0.15604087
      vertex -0.14225635 0.00000000 -0.14058141
    endloop
  endfacet
  facet normal -0.050171 0.465071 -0.883850
    outer loop
      vertex 0.00000000 0.10514622 -0.17013016
      vertex 0.00000000 0.08067107 -0.18300868
      vertex -0.02624008 0.09688833 -0.17298587
    endloop
  endfacet
  facet normal -0.050000 0.338698 -0.939566
    outer loop
      vertex 0.00000000 0.05465331 -0.19238767
      vertex -0.02633107 0.07164576 -0.18486092
      vertex 0.00000000 0.08067107 -0.18300868
    endloop
  endfacet
  facet normal -0.180319 0.419240 -0.889788
    outer loop
      vertex -0.05197838 0.08677771 -0.17253370
      vertex -0.02624008 0.09688833 -0.17298587
      vertex -0.02633107 0.07164576 -0.18486092
    endloop
  endfacet
  facet normal -0.082070 0.424492 -0.901705
    outer loop
      vertex 0.00000000 0.08067107 -0.18300868
      vertex -0.02633107 0.07164576 -0.18486092
      vertex -0.02624008 0.09688833 -0.17298587
    endloop
  endfacet
  facet normal -0.049505 0.069057 -0.996384
    outer loop
      vertex 0.00000000 0.00000000 -0.20000000
      vertex -0.02661422 0.01644849 -0.19753767
      vertex 0.00000000 0.02759045 -0.19808778
    endloop
  endfacet
  facet normal -0.181286 0.150476 -0.971850
    outer loop
      vertex -0.05257311 0.03249197 -0.19021130
      vertex -0.02655850 0.04402341 -0.19327852
      vertex -0.02661422 0.01644849 -0.19753767
    endloop
  endfacet
  facet normal -0.049608 0.205849 -0.977326
    outer loop
      vertex 0.00000000 0.05465331 -0.19238767
      vertex 0.00000000 0.02759045 -0.19808778
      vertex -0.02655850 0.04402341 -0.19327852
    endloop
  endfacet
  facet normal -0.084103 0.152272 -0.984754
    outer loop
      vertex -0.02661422 0.01644849 -0.19753767
      vertex -0.02655850 0.04402341 -0.19327852
      vertex 0.00000000 0.02759045 -0.19808778
    endloop
  endfacet
  facet normal -0.427026 0.302377 -0.852184
    outer loop
      vertex -0.10000000 0.06180340 -0.16180340
      vertex -0.07672275 0.07500771 -0.16878229
      vertex -0.07723748 0.04773539 -0.17820130
    endloop
  endfacet
  facet normal -0.306798 0.364801 -0.879088
    outer loop
      vertex -0.05197838 0.08677771 -0.17253370
      vertex -0.05281655 0.06025178 -0.18324884
      vertex -0.07672275 0.07500771 -0.16878229
    endloop
  endfacet
  facet normal -0.308167 0.228893 -0.923386
    outer loop
      vertex -0.05257311 0.03249197 -0.19021130
      vertex -0.07723748 0.04773539 -0.17820130
      vertex -0.05281655 0.06025178 -0.18324884
    endloop
  endfacet
  facet normal -0.343197 0.312401 -0.885789
    outer loop
      vertex -0.07672275 0.07500771 -0.16878229
      vertex -0.05281655 0.06025178 -0.18324884
      vertex -0.07723748 0.04773539 -0.17820130
    endloop
  endfacet
  facet normal -0.084545 0.291097 -0.952950
    outer loop
      vertex 0.00000000 0.05465331 -0.19238767
      vertex -0.02655850 0.04402341 -0.19327852
      vertex -0.02633107 0.07164576 -0.18486092
    endloop
  endfacet
  facet normal -0.216204 0.235738 -0.947462
    outer loop
      vertex -0.05257311 0.03249197 -0.19021130
      vertex -0.05281655 0.06025178 -0.18324884
      vertex -0.02655850 0.04402341 -0.19327852
    endloop
  endfacet
  facet normal -0.214847 0.371628 -0.903180
    outer loop
      vertex -0.05197838 0.08677771 -0.17253370
      vertex -0.02633107 0.07164576 -0.18486092
      vertex -0.05281655 0.06025178 -0.18324884
    endloop
  endfacet
  facet normal -0.181151 0.288045 -0.940327
    outer loop
      vertex -0.02655850 0.04402341 -0.19327852
      vertex -0.05281655 0.06025178 -0.18324884
      vertex -0.02633107 0.07164576 -0.18486092
    endloop
  endfacet
  facet normal -0.050171 -0.465071 -0.883850
    outer loop
      vertex 0.00000000 -0.10514622 -0.17013016
      vertex -0.02624008 -0.09688833 -0.17298587
      vertex 0.00000000 -0.08067107 -0.18300868
    endloop
  endfacet
  facet normal -0.180319 -0.419240 -0.889788
    outer loop
      vertex -0.05197838 -0.08677771 -0.17253370
      vertex -0.02633107 -0.07164576 -0.18486092
      vertex -0.02624008 -0.09688833 -0.17298587
    endloop
  endfacet
  facet normal -0.050000 -0.338698 -0.939566
    outer loop
      vertex 0.00000000 -0.05465331 -0.19238767
      vertex 0.00000000 -0.08067107 -0.18300868
      vertex -0.02633107 -0.07164576 -0.18486092
    endloop
  endfacet
  facet normal -0.082070 -0.424492 -0.901705
    outer loop
      vertex -0.02624008 -0.09688833 -0.17298587
      vertex -0.02633107 -0.07164576 -0.18486092
      vertex 0.00000000 -0.08067107 -0.18300868
    endloop
  endfacet
  facet normal -0.427026 -0.302377 -0.852184
    outer loop
      vertex -0.10000000 -0.06180340 -0.16180340
      vertex -0.07723748 -0.04773539 -0.17820130
      vertex -0.07672275 -0.07500771 -0.16878229
    endloop
  endfacet
  facet normal -0.308167 -0.228893 -0.923386
    outer loop
      vertex -0.05257311 -0.03249197 -0.19021130
      vertex -0.05281655 -0.06025178 -0.18324884
      vertex -0.07723748 -0.04773539 -0.17820130
    endloop
  endfacet
  facet normal -0.306798 -0.364801 -0.879088
    outer loop
      vertex -0.05197838 -0.08677771 -0.17253370
      vertex -0.07672275 -0.07500771 -0.16878229
      vertex -0.05281655 -0.06025178 -0.18324884
    endloop
  endfacet
  facet normal -0.343197 -0.312401 -0.885789
    outer loop
      vertex -0.07723748 -0.04773539 -0.17820130
      vertex -0.05281655 -0.06025178 -0.18324884
      vertex -0.07672275 -0.07500771 -0.16878229
    endloop
  endfacet
  facet normal -0.049505 -0.069057 -0.996384
    outer loop
      vertex 0.00000000 0.00000000 -0.20000000
      vertex 0.00000000 -0.02759045 -0.19808778
      vertex -0.02661422 -0.01644849 -0.19753767
    endloop
  endfacet
  facet normal -0.049608 -0.205849 -0.977326
    outer loop
      vertex 0.00000000 -0.05465331 -0.19238767
      vertex -0.02655850 -0.04402341 -0.19327852
      vertex 0.00000000 -0.02759045 -0.19808778
    endloop
  endfacet
  facet normal -0.181286 -0.150476 -0.971850
    outer loop
      vertex -0.05257311 -0.03249197 -0.19021130
      vertex -0.02661422 -0.01644849 -0.19753767
      vertex -0.02655850 -0.04402341 -0.19327852
    endloop
  endfacet
  facet normal -0.084103 -0.152272 -0.984754
    outer loop
      vertex 0.00000000 -0.02759045 -0.19808778
      vertex -0.02655850 -0.04402341 -0.19327852
      vertex -0.02661422 -0.01644849 -0.19753767
    endloop
  endfacet
  facet normal -0.214847 -0.371628 -0.903180
    outer loop
      vertex -0.05197838 -0.08677771 -0.17253370
      vertex -0.05281655 -0.06025178 -0.18324884
      vertex -0.02633107 -0.07164576 -0.18486092
    endloop
  endfacet
  facet normal -0.216204 -0.235738 -0.947462
    outer loop
      vertex -0.05257311 -0.03249197 -0.19021130
      vertex -0.02655850 -0.04402341 -0.19327852
      vertex -0.05281655 -0.06025178 -0.18324884
    endloop
  endfacet
  facet normal -0.084545 -0.291097 -0.952950
    outer loop
      vertex 0.00000000 -0.05465331 -0.19238767
      vertex -0.02633107 -0.07164576 -0.18486092
      vertex -0.02655850 -0.04402341 -0.19327852
    endloop
  endfacet
  facet normal -0.181151 -0.288045 -0.940327
    outer loop
      vertex -0.05281655 -0.06025178 -0.18324884
      vertex -0.02655850 -0.04402341 -0.19327852
      vertex -0.02633107 -0.07164576 -0.18486092
    endloop
  endfacet
  facet normal -0.469405 0.233171 -0.851640
    outer loop
      vertex -0.10000000 0.06180340 -0.16180340
      vertex -0.07723748 0.04773539 -0.17820130
      vertex -0.10385170 0.03128689 -0.16803558
    endloop
  endfacet
  facet normal -0.350587 0.159793 -0.922797
    outer loop
      vertex -0.05257311 0.03249197 -0.19021130
      vertex -0.07992141 0.01646472 -0.18259650
      vertex -0.07723748 0.04773539 -0.17820130
    endloop
  endfacet
  facet normal -0.482336 0.078367 -0.872474
    outer loop
      vertex -0.10514622 0.00000000 -0.17013016
      vertex -0.10385170 0.03128689 -0.16803558
      vertex -0.07992141 0.01646472 -0.18259650
    endloop
  endfacet
  facet normal -0.437842 0.161879 -0.884358
    outer loop
      vertex -0.07723748 0.04773539 -0.17820130
      vertex -0.07992141 0.01646472 -0.18259650
      vertex -0.10385170 0.03128689 -0.16803558
    endloop
  endfacet
  facet normal -0.092126 0.000000 -0.995747
    outer loop
      vertex 0.00000000 0.00000000 -0.20000000
      vertex -0.02661422 -0.01644849 -0.19753767
      vertex -0.02661422 0.01644849 -0.19753767
    endloop
  endfacet
  facet normal -0.223786 -0.081426 -0.971231
    outer loop
      vertex -0.05257311 -0.03249197 -0.19021130
      vertex -0.05328094 0.00000000 -0.19277225
      vertex -0.02661422 -0.01644849 -0.19753767
    endloop
  endfacet
  facet normal -0.223786 0.081426 -0.971231
    outer loop
      vertex -0.05257311 0.03249197 -0.19021130
      vertex -0.02661422 0.01644849 -0.19753767
      vertex -0.05328094 0.00000000 -0.19277225
    endloop
  endfacet
  facet normal -0.175916 0.000000 -0.984405
    outer loop
      vertex -0.02661422 -0.01644849 -0.19753767
      vertex -0.05328094 0.00000000 -0.19277225
      vertex -0.02661422 0.01644849 -0.19753767
    endloop
  endfacet
  facet normal -0.469405 -0.233171 -0.851640
    outer loop
      vertex -0.10000000 -0.06180340 -0.16180340
      vertex -0.10385170 -0.03128689 -0.16803558
      vertex -0.07723748 -0.04773539 -0.17820130
    endloop
  endfacet
  facet normal -0.482336 -0.078367 -0.872474
    outer loop
      vertex -0.10514622 0.00000000 -0.17013016
      vertex -0.07992141 -0.01646472 -0.18259650
      vertex -0.10385170 -0.03128689 -0.16803558
    endloop
  endfacet
  facet normal -0.350587 -0.159793 -0.922797
    outer loop
      vertex -0.05257311 -0.03249197 -0.19021130
      vertex -0.07723748 -0.04773539 -0.17820130
      vertex -0.07992141 -0.01646472 -0.18259650
    endloop
  endfacet
  facet normal -0.437842 -0.161879 -0.884358
    outer loop
      vertex -0.10385170 -0.03128689 -0.16803558
      vertex -0.07992141 -0.01646472 -0.18259650
      vertex -0.07723748 -0.04773539 -0.17820130
    endloop
  endfacet
  facet normal -0.311335 0.081408 -0.946807
    outer loop
      vertex -0.05257311 0.03249197 -0.19021130
      vertex -0.05328094 0.00000000 -0.19277225
      vertex -0.07992141 0.01646472 -0.18259650
    endloop
  endfacet
  facet normal -0.311335 -0.081408 -0.946807
    outer loop
      vertex -0.05257311 -0.03249197 -0.19021130
      vertex -0.07992141 -0.01646472 -0.18259650
      vertex -0.05328094 0.00000000 -0.19277225
    endloop
  endfacet
  facet normal -0.443056 0.000000 -0.896494
    outer loop
      vertex -0.10514622 0.00000000 -0.17013016
      vertex -0.07992141 0.01646472 -0.18259650
      vertex -0.07992141 -0.01646472 -0.18259650
    endloop
  endfacet
  facet normal -0.356822 0.000000 -0.934172
    outer loop
      vertex -0.05328094 0.00000000 -0.19277225
      vertex -0.07992141 -0.01646472 -0.18259650
      vertex -0.07992141 0.01646472 -0.18259650
    endloop
  endfacet
  facet normal 0.081178 0.546250 -0.833679
    outer loop
      vertex 0.00000000 0.10514622 -0.17013016
      vertex 0.01621726 0.12312840 -0.15676861
      vertex 0.02624008 0.09688833 -0.17298587
    endloop
  endfacet
  facet normal 0.161444 0.630461 -0.759246
    outer loop
      vertex 0.03212441 0.13875610 -0.14040929
      vertex 0.04260457 0.11425033 -0.15852985
      vertex 0.01621726 0.12312840 -0.15676861
    endloop
  endfacet
  facet normal 0.211221 0.500142 -0.839788
    outer loop
      vertex 0.05197838 0.08677771 -0.17253370
      vertex 0.02624008 0.09688833 -0.17298587
      vertex 0.04260457 0.11425033 -0.15852985
    endloop
  endfacet
  facet normal 0.132793 0.557284 -0.819634
    outer loop
      vertex 0.01621726 0.12312840 -0.15676861
      vertex 0.04260457 0.11425033 -0.15852985
      vertex 0.02624008 0.09688833 -0.17298587
    endloop
  endfacet
  facet normal 0.313422 0.759999 -0.569358
    outer loop
      vertex 0.06180340 0.16180340 -0.10000000
      vertex 0.07434961 0.14142136 -0.12030019
      vertex 0.04741727 0.15173046 -0.12136503
    endloop
  endfacet
  facet normal 0.371743 0.649101 -0.663683
    outer loop
      vertex 0.08506508 0.11755705 -0.13763819
      vertex 0.05920092 0.12948238 -0.14046197
      vertex 0.07434961 0.14142136 -0.12030019
    endloop
  endfacet
  facet normal 0.239219 0.702258 -0.670528
    outer loop
      vertex 0.03212441 0.13875610 -0.14040929
      vertex 0.04741727 0.15173046 -0.12136503
      vertex 0.05920092 0.12948238 -0.14046197
    endloop
  endfacet
  facet normal 0.296210 0.707576 -0.641557
    outer loop
      vertex 0.07434961 0.14142136 -0.12030019
      vertex 0.05920092 0.12948238 -0.14046197
      vertex 0.04741727 0.15173046 -0.12136503
    endloop
  endfacet
  facet normal 0.457622 0.382479 -0.802678
    outer loop
      vertex 0.10000000 0.06180340 -0.16180340
      vertex 0.07672275 0.07500771 -0.16878229
      vertex 0.09368597 0.09079810 -0.15158708
    endloop
  endfacet
  facet normal 0.337457 0.445068 -0.829480
    outer loop
      vertex 0.05197838 0.08677771 -0.17253370
      vertex 0.06923060 0.10322432 -0.15669034
      vertex 0.07672275 0.07500771 -0.16878229
    endloop
  endfacet
  facet normal 0.420208 0.522219 -0.742100
    outer loop
      vertex 0.08506508 0.11755705 -0.13763819
      vertex 0.09368597 0.09079810 -0.15158708
      vertex 0.06923060 0.10322432 -0.15669034
    endloop
  endfacet
  facet normal 0.395175 0.448483 -0.801686
    outer loop
      vertex 0.07672275 0.07500771 -0.16878229
      vertex 0.06923060 0.10322432 -0.15669034
      vertex 0.09368597 0.09079810 -0.15158708
    endloop
  endfacet
  facet normal 0.217328 0.638727 -0.738104
    outer loop
      vertex 0.03212441 0.13875610 -0.14040929
      vertex 0.05920092 0.12948238 -0.14046197
      vertex 0.04260457 0.11425033 -0.15852985
    endloop
  endfacet
  facet normal 0.349826 0.585563 -0.731257
    outer loop
      vertex 0.08506508 0.11755705 -0.13763819
      vertex 0.06923060 0.10322432 -0.15669034
      vertex 0.05920092 0.12948238 -0.14046197
    endloop
  endfacet
  facet normal 0.267099 0.508425 -0.818634
    outer loop
      vertex 0.05197838 0.08677771 -0.17253370
      vertex 0.04260457 0.11425033 -0.15852985
      vertex 0.06923060 0.10322432 -0.15669034
    endloop
  endfacet
  facet normal 0.293108 0.581154 -0.759176
    outer loop
      vertex 0.05920092 0.12948238 -0.14046197
      vertex 0.06923060 0.10322432 -0.15669034
      vertex 0.04260457 0.11425033 -0.15852985
    endloop
  endfacet
  facet normal 0.546250 0.833679 -0.081178
    outer loop
      vertex 0.10514622 0.17013016 0.00000000
      vertex 0.12312840 0.15676861 -0.01621726
      vertex 0.09688833 0.17298587 -0.02624008
    endloop
  endfacet
  facet normal 0.630461 0.759246 -0.161444
    outer loop
      vertex 0.13875610 0.14040929 -0.03212441
      vertex 0.11425033 0.15852985 -0.04260457
      vertex 0.12312840 0.15676861 -0.01621726
    endloop
  endfacet
  facet normal 0.500142 0.839788 -0.211221
    outer loop
      vertex 0.08677771 0.17253370 -0.05197838
      vertex 0.09688833 0.17298587 -0.02624008
      vertex 0.11425033 0.15852985 -0.04260457
    endloop
  endfacet
  facet normal 0.557284 0.819634 -0.132793
    outer loop
      vertex 0.12312840 0.15676861 -0.01621726
      vertex 0.11425033 0.15852985 -0.04260457
      vertex 0.09688833 0.17298587 -0.02624008
    endloop
  endfacet
  facet normal 0.759999 0.569358 -0.313422
    outer loop
      vertex 0.16180340 0.10000000 -0.06180340
      vertex 0.14142136 0.12030019 -0.07434961
      vertex 0.15173046 0.12136503 -0.04741727
    endloop
  endfacet
  facet normal 0.649101 0.663683 -0.371743
    outer loop
      vertex 0.11755705 0.13763819 -0.08506508
      vertex 0.12948238 0.14046197 -0.05920092
      vertex 0.14142136 0.12030019 -0.07434961
    endloop
  endfacet
  facet normal 0.702258 0.670528 -0.239219
    outer loop
      vertex 0.13875610 0.14040929 -0.03212441
      vertex 0.15173046 0.12136503 -0.04741727
      vertex 0.12948238 0.14046197 -0.05920092
    endloop
  endfacet
  facet normal 0.707576 0.641557 -0.296210
    outer loop
      vertex 0.14142136 0.12030019 -0.07434961
      vertex 0.12948238 0.14046197 -0.05920092
      vertex 0.15173046 0.12136503 -0.04741727
    endloop
  endfacet
  facet normal 0.382479 0.802678 -0.457622
    outer loop
      vertex 0.06180340 0.16180340 -0.10000000
      vertex 0.07500771 0.16878229 -0.07672275
      vertex 0.09079810 0.15158708 -0.09368597
    endloop
  endfacet
  facet normal 0.445068 0.829480 -0.337457
    outer loop
      vertex 0.08677771 0.17253370 -0.05197838
      vertex 0.10322432 0.15669034 -0.06923060
      vertex 0.07500771 0.16878229 -0.07672275
    endloop
  endfacet
  facet normal 0.522219 0.742100 -0.420208
    outer loop
      vertex 0.11755705 0.13763819 -0.08506508
      vertex 0.09079810 0.15158708 -0.09368597
      vertex 0.10322432 0.15669034 -0.06923060
    endloop
  endfacet
  facet normal 0.448483 0.801686 -0.395175
    outer loop
      vertex 0.07500771 0.16878229 -0.07672275
      vertex 0.10322432 0.15669034 -0.06923060
      vertex 0.09079810 0.15158708 -0.09368597
    endloop
  endfacet
  facet normal 0.638727 0.738104 -0.217328
    outer loop
      vertex 0.13875610 0.14040929 -0.03212441
      vertex 0.12948238 0.14046197 -0.05920092
      vertex 0.11425033 0.15852985 -0.04260457
    endloop
  endfacet
  facet normal 0.585563 0.731257 -0.349826
    outer loop
      vertex 0.11755705 0.13763819 -0.08506508
      vertex 0.10322432 0.15669034 -0.06923060
      vertex 0.12948238 0.14046197 -0.05920092
    endloop
  endfacet
  facet normal 0.508425 0.818634 -0.267099
    outer loop
      vertex 0.08677771 0.17253370 -0.05197838
      vertex 0.11425033 0.15852985 -0.04260457
      vertex 0.10322432 0.15669034 -0.06923060
    endloop
  endfacet
  facet normal 0.581154 0.759176 -0.293108
    outer loop
      vertex 0.12948238 0.14046197 -0.05920092
      vertex 0.10322432 0.15669034 -0.06923060
      vertex 0.11425033 0.15852985 -0.04260457
    endloop
  endfacet
  facet normal 0.833679 0.081178 -0.546250
    outer loop
      vertex 0.17013016 0.00000000 -0.10514622
      vertex 0.15676861 0.01621726 -0.12312840
      vertex 0.17298587 0.02624008 -0.09688833
    endloop
  endfacet
  facet normal 0.759246 0.161444 -0.630461
    outer loop
      vertex 0.14040929 0.03212441 -0.13875610
      vertex 0.15852985 0.04260457 -0.11425033
      vertex 0.15676861 0.01621726 -0.12312840
    endloop
  endfacet
  facet normal 0.839788 0.211221 -0.500142
    outer loop
      vertex 0.17253370 0.05197838 -0.08677771
      vertex 0.17298587 0.02624008 -0.09688833
      vertex 0.15852985 0.04260457 -0.11425033
    endloop
  endfacet
  facet normal 0.819634 0.132793 -0.557284
    outer loop
      vertex 0.15676861 0.01621726 -0.12312840
      vertex 0.15852985 0.04260457 -0.11425033
      vertex 0.17298587 0.02624008 -0.09688833
    endloop
  endfacet
  facet normal 0.569358 0.313422 -0.759999
    outer loop
      vertex 0.10000000 0.06180340 -0.16180340
      vertex 0.12030019 0.07434961 -0.14142136
      vertex 0.12136503 0.04741727 -0.15173046
    endloop
  endfacet
  facet normal 0.663683 0.371743 -0.649101
    outer loop
      vertex 0.13763819 0.08506508 -0.11755705
      vertex 0.14046197 0.05920092 -0.12948238
      vertex 0.12030019 0.07434961 -0.14142136
    endloop
  endfacet
  facet normal 0.670528 0.239219 -0.702258
    outer loop
      vertex 0.14040929 0.03212441 -0.13875610
      vertex 0.12136503 0.04741727 -0.15173046
      vertex 0.14046197 0.05920092 -0.12948238
    endloop
  endfacet
  facet normal 0.641557 0.296210 -0.707576
    outer loop
      vertex 0.12030019 0.07434961 -0.14142136
      vertex 0.14046197 0.05920092 -0.12948238
      vertex 0.12136503 0.04741727 -0.15173046
    endloop
  endfacet
  facet normal 0.802678 0.457622 -0.382479
    outer loop
      vertex 0.16180340 0.10000000 -0.06180340
      vertex 0.16878229 0.07672275 -0.07500771
      vertex 0.15158708 0.09368597 -0.09079810
    endloop
  endfacet
  facet normal 0.829480 0.337457 -0.445068
    outer loop
      vertex 0.17253370 0.05197838 -0.08677771
      vertex 0.15669034 0.06923060 -0.10322432
      vertex 0.16878229 0.07672275 -0.07500771
    endloop
  endfacet
  facet normal 0.742100 0.420208 -0.522219
    outer loop
      vertex 0.13763819 0.08506508 -0.11755705
      vertex 0.15158708 0.09368597 -0.09079810
      vertex 0.15669034 0.06923060 -0.10322432
    endloop
  endfacet
  facet normal 0.801686 0.395175 -0.448483
    outer loop
      vertex 0.16878229 0.07672275 -0.07500771
      vertex 0.15669034 0.06923060 -0.10322432
      vertex 0.15158708 0.09368597 -0.09079810
    endloop
  endfacet
  facet normal 0.738104 0.217328 -0.638727
    outer loop
      vertex 0.14040929 0.03212441 -0.13875610
      vertex 0.14046197 0.05920092 -0.12948238
      vertex 0.15852985 0.04260457 -0.11425033
    endloop
  endfacet
  facet normal 0.731257 0.349826 -0.585563
    outer loop
      vertex 0.13763819 0.08506508 -0.11755705
      vertex 0.15669034 0.06923060 -0.10322432
      vertex 0.14046197 0.05920092 -0.12948238
    endloop
  endfacet
  facet normal 0.818634 0.267099 -0.508425
    outer loop
      vertex 0.17253370 0.05197838 -0.08677771
      vertex 0.15852985 0.04260457 -0.11425033
      vertex 0.15669034 0.06923060 -0.10322432
    endloop
  endfacet
  facet normal 0.759176 0.293108 -0.581154
    outer loop
      vertex 0.14046197 0.05920092 -0.12948238
      vertex 0.15669034 0.06923060 -0.10322432
      vertex 0.15852985 0.04260457 -0.11425033
    endloop
  endfacet
  facet normal 0.382234 0.759514 -0.526342
    outer loop
      vertex 0.06180340 0.16180340 -0.10000000
      vertex 0.09079810 0.15158708 -0.09368597
      vertex 0.07434961 0.14142136 -0.12030019
    endloop
  endfacet
  facet normal 0.521887 0.699011 -0.488895
    outer loop
      vertex 0.11755705 0.13763819 -0.08506508
      vertex 0.10267509 0.12931556 -0.11285084
      vertex 0.09079810 0.15158708 -0.09368597
    endloop
  endfacet
  facet normal 0.440461 0.648687 -0.620644
    outer loop
      vertex 0.08506508 0.11755705 -0.13763819
      vertex 0.07434961 0.14142136 -0.12030019
      vertex 0.10267509 0.12931556 -0.11285084
    endloop
  endfacet
  facet normal 0.446517 0.708443 -0.546564
    outer loop
      vertex 0.09079810 0.15158708 -0.09368597
      vertex 0.10267509 0.12931556 -0.11285084
      vertex 0.07434961 0.14142136 -0.12030019
    endloop
  endfacet
  facet normal 0.759514 0.526342 -0.382234
    outer loop
      vertex 0.16180340 0.10000000 -0.06180340
      vertex 0.15158708 0.09368597 -0.09079810
      vertex 0.14142136 0.12030019 -0.07434961
    endloop
  endfacet
  facet normal 0.699011 0.488895 -0.521887
    outer loop
      vertex 0.13763819 0.08506508 -0.11755705
      vertex 0.12931556 0.11285084 -0.10267509
      vertex 0.15158708 0.09368597 -0.09079810
    endloop
  endfacet
  facet normal 0.648687 0.620644 -0.440461
    outer loop
      vertex 0.11755705 0.13763819 -0.08506508
      vertex 0.14142136 0.12030019 -0.07434961
      vertex 0.12931556 0.11285084 -0.10267509
    endloop
  endfacet
  facet normal 0.708443 0.546564 -0.446517
    outer loop
      vertex 0.15158708 0.09368597 -0.09079810
      vertex 0.12931556 0.11285084 -0.10267509
      vertex 0.14142136 0.12030019 -0.07434961
    endloop
  endfacet
  facet normal 0.526342 0.382234 -0.759514
    outer loop
      vertex 0.10000000 0.06180340 -0.16180340
      vertex 0.09368597 0.09079810 -0.15158708
      vertex 0.12030019 0.07434961 -0.14142136
    endloop
  endfacet
  facet normal 0.488895 0.521887 -0.699011
    outer loop
      vertex 0.08506508 0.11755705 -0.13763819
      vertex 0.11285084 0.10267509 -0.12931556
      vertex 0.09368597 0.09079810 -0.15158708
    endloop
  endfacet
  facet normal 0.620644 0.440461 -0.648687
    outer loop
      vertex 0.13763819 0.08506508 -0.11755705
      vertex 0.12030019 0.07434961 -0.14142136
      vertex 0.11285084 0.10267509 -0.12931556
    endloop
  endfacet
  facet normal 0.546564 0.446517 -0.708443
    outer loop
      vertex 0.09368597 0.09079810 -0.15158708
      vertex 0.11285084 0.10267509 -0.12931556
      vertex 0.12030019 0.07434961 -0.14142136
    endloop
  endfacet
  facet normal 0.585159 0.635472 -0.503751
    outer loop
      vertex 0.11755705 0.13763819 -0.08506508
      vertex 0.12931556 0.11285084 -0.10267509
      vertex 0.10267509 0.12931556 -0.11285084
    endloop
  endfacet
  facet normal 0.635472 0.503751 -0.585159
    outer loop
      vertex 0.13763819 0.08506508 -0.11755705
      vertex 0.11285084 0.10267509 -0.12931556
      vertex 0.12931556 0.11285084 -0.10267509
    endloop
  endfacet
  facet normal 0.503751 0.585159 -0.635472
    outer loop
      vertex 0.08506508 0.11755705 -0.13763819
      vertex 0.10267509 0.12931556 -0.11285084
      vertex 0.11285084 0.10267509 -0.12931556
    endloop
  endfacet
  facet normal 0.577350 0.577350 -0.577350
    outer loop
      vertex 0.12931556 0.11285084 -0.10267509
      vertex 0.11285084 0.10267509 -0.12931556
      vertex 0.10267509 0.12931556 -0.11285084
    endloop
  endfacet
  facet normal 0.546250 -0.833679 0.081178
    outer loop
      vertex 0.10514622 -0.17013016 0.00000000
      vertex 0.12312840 -0.15676861 0.01621726
      vertex 0.09688833 -0.17298587 0.02624008
    endloop
  endfacet
  facet normal 0.630461 -0.759246 0.161444
    outer loop
      vertex 0.13875610 -0.14040929 0.03212441
      vertex 0.11425033 -0.15852985 0.04260457
      vertex 0.12312840 -0.15676861 0.01621726
    endloop
  endfacet
  facet normal 0.500142 -0.839788 0.211221
    outer loop
      vertex 0.08677771 -0.17253370 0.05197838
      vertex 0.09688833 -0.17298587 0.02624008
      vertex 0.11425033 -0.15852985 0.04260457
    endloop
  endfacet
  facet normal 0.557284 -0.819634 0.132793
    outer loop
      vertex 0.12312840 -0.15676861 0.01621726
      vertex 0.11425033 -0.15852985 0.04260457
      vertex 0.09688833 -0.17298587 0.02624008
    endloop
  endfacet
  facet normal 0.759999 -0.569358 0.313422
    outer loop
      vertex 0.16180340 -0.10000000 0.06180340
      vertex 0.14142136 -0.12030019 0.07434961
      vertex 0.15173046 -0.12136503 0.04741727
    endloop
  endfacet
  facet normal 0.649101 -0.663683 0.371743
    outer loop
      vertex 0.11755705 -0.13763819 0.08506508
      vertex 0.12948238 -0.14046197 0.05920092
      vertex 0.14142136 -0.12030019 0.07434961
    endloop
  endfacet
  facet normal 0.702258 -0.670528 0.239219
    outer loop
      vertex 0.13875610 -0.14040929 0.03212441
      vertex 0.15173046 -0.12136503 0.04741727
      vertex 0.12948238 -0.14046197 0.05920092
    endloop
  endfacet
  facet normal 0.707576 -0.641557 0.296210
    outer loop
      vertex 0.14142136 -0.12030019 0.07434961
      vertex 0.12948238 -0.14046197 0.05920092
      vertex 0.15173046 -0.12136503 0.04741727
    endloop
  endfacet
  facet normal 0.382479 -0.802678 0.457622
    outer loop
      vertex 0.06180340 -0.16180340 0.10000000
      vertex 0.07500771 -0.16878229 0.07672275
      vertex 0.09079810 -0.15158708 0.09368597
    endloop
  endfacet
  facet normal 0.445068 -0.829480 0.337457
    outer loop
      vertex 0.08677771 -0.17253370 0.05197838
      vertex 0.10322432 -0.15669034 0.06923060
      vertex 0.07500771 -0.16878229 0.07672275
    endloop
  endfacet
  facet normal 0.522219 -0.742100 0.420208
    outer loop
      vertex 0.11755705 -0.13763819 0.08506508
      vertex 0.09079810 -0.15158708 0.09368597
      vertex 0.10322432 -0.15669034 0.06923060
    endloop
  endfacet
  facet normal 0.448483 -0.801686 0.395175
    outer loop
      vertex 0.07500771 -0.16878229 0.07672275
      vertex 0.10322432 -0.15669034 0.06923060
      vertex 0.09079810 -0.15158708 0.09368597
    endloop
  endfacet
  facet normal 0.638727 -0.738104 0.217328
    outer loop
      vertex 0.13875610 -0.14040929 0.03212441
      vertex 0.12948238 -0.14046197 0.05920092
      vertex 0.11425033 -0.15852985 0.04260457
    endloop
  endfacet
  facet normal 0.585563 -0.731257 0.349826
    outer loop
      vertex 0.11755705 -0.13763819 0.08506508
      vertex 0.10322432 -0.15669034 0.06923060
      vertex 0.12948238 -0.14046197 0.05920092
    endloop
  endfacet
  facet normal 0.508425 -0.818634 0.267099
    outer loop
      vertex 0.08677771 -0.17253370 0.05197838
      vertex 0.11425033 -0.15852985 0.04260457
      vertex 0.10322432 -0.15669034 0.06923060
    endloop
  endfacet
  facet normal 0.581154 -0.759176 0.293108
    outer loop
      vertex 0.12948238 -0.14046197 0.05920092
      vertex 0.10322432 -0.15669034 0.06923060
      vertex 0.11425033 -0.15852985 0.04260457
    endloop
  endfacet
  facet normal 0.833679 -0.081178 0.546250
    outer loop
      vertex 0.17013016 0.00000000 0.10514622
      vertex 0.15676861 -0.01621726 0.12312840
      vertex 0.17298587 -0.02624008 0.09688833
    endloop
  endfacet
  facet normal 0.759246 -0.161444 0.630461
    outer loop
      vertex 0.14040929 -0.03212441 0.13875610
      vertex 0.15852985 -0.04260457 0.11425033
      vertex 0.15676861 -0.01621726 0.12312840
    endloop
  endfacet
  facet normal 0.839788 -0.211221 0.500142
    outer loop
      vertex 0.17253370 -0.05197838 0.08677771
      vertex 0.17298587 -0.02624008 0.09688833
      vertex 0.15852985 -0.04260457 0.11425033
    endloop
  endfacet
  facet normal 0.819634 -0.132793 0.557284
    outer loop
      vertex 0.15676861 -0.01621726 0.12312840
      vertex 0.15852985 -0.04260457 0.11425033
      vertex 0.17298587 -0.02624008 0.09688833
    endloop
  endfacet
  facet normal 0.569358 -0.313422 0.759999
    outer loop
      vertex 0.10000000 -0.06180340 0.16180340
      vertex 0.12030019 -0.07434961 0.14142136
      vertex 0.12136503 -0.04741727 0.15173046
    endloop
  endfacet
  facet normal 0.663683 -0.371743 0.649101
    outer loop
      vertex 0.13763819 -0.08506508 0.11755705
      vertex 0.14046197 -0.05920092 0.12948238
      vertex 0.12030019 -0.07434961 0.14142136
    endloop
  endfacet
  facet normal 0.670528 -0.239219 0.702258
    outer loop
      vertex 0.14040929 -0.03212441 0.13875610
      vertex 0.12136503 -0.04741727 0.15173046
      vertex 0.14046197 -0.05920092 0.12948238
    endloop
  endfacet
  facet normal 0.641557 -0.296210 0.707576
    outer loop
      vertex 0.12030019 -0.07434961 0.14142136
      vertex 0.14046197 -0.05920092 0.12948238
      vertex 0.12136503 -0.04741727 0.15173046
    endloop
  endfacet
  facet normal 0.802678 -0.457622 0.382479
    outer loop
      vertex 0.16180340 -0.10000000 0.06180340
      vertex 0.16878229 -0.07672275 0.07500771
      vertex 0.15158708 -0.09368597 0.09079810
    endloop
  endfacet
  facet normal 0.829480 -0.337457 0.445068
    outer loop
      vertex 0.17253370 -0.05197838 0.08677771
      vertex 0.15669034 -0.06923060 0.10322432
      vertex 0.16878229 -0.07672275 0.07500771
    endloop
  endfacet
  facet normal 0.742100 -0.420208 0.522219
    outer loop
      vertex 0.13763819 -0.08506508 0.11755705
      vertex 0.15158708 -0.09368597 0.09079810
      vertex 0.15669034 -0.06923060 0.10322432
    endloop
  endfacet
  facet normal 0.801686 -0.395175 0.448483
    outer loop
      vertex 0.16878229 -0.07672275 0.07500771
      vertex 0.15669034 -0.06923060 0.10322432
      vertex 0.15158708 -0.09368597 0.09079810
    endloop
  endfacet
  facet normal 0.738104 -0.217328 0.638727
    outer loop
      vertex 0.14040929 -0.03212441 0.13875610
      vertex 0.14046197 -0.05920092 0.12948238
      vertex 0.15852985 -0.04260457 0.11425033
    endloop
  endfacet
  facet normal 0.731257 -0.349826 0.585563
    outer loop
      vertex 0.13763819 -0.08506508 0.11755705
      vertex 0.15669034 -0.06923060 0.10322432
      vertex 0.14046197 -0.05920092 0.12948238
    endloop
  endfacet
  facet normal 0.818634 -0.267099 0.508425
    outer loop
      vertex 0.17253370 -0.05197838 0.08677771
      vertex 0.15852985 -0.04260457 0.11425033
      vertex 0.15669034 -0.06923060 0.10322432
    endloop
  endfacet
  facet normal 0.759176 -0.293108 0.581154
    outer loop
      vertex 0.14046197 -0.05920092 0.12948238
      vertex 0.15669034 -0.06923060 0.10322432
      vertex 0.15852985 -0.04260457 0.11425033
    endloop
  endfacet
  facet normal 0.081178 -0.546250 0.833679
    outer loop
      vertex 0.00000000 -0.10514622 0.17013016
      vertex 0.01621726 -0.12312840 0.15676861
      vertex 0.02624008 -0.09688833 0.17298587
    endloop
  endfacet
  facet normal 0.161444 -0.630461 0.759246
    outer loop
      vertex 0.03212441 -0.13875610 0.14040929
      vertex 0.04260457 -0.11425033 0.15852985
      vertex 0.01621726 -0.12312840 0.15676861
    endloop
  endfacet
  facet normal 0.211221 -0.500142 0.839788
    outer loop
      vertex 0.05197838 -0.08677771 0.17253370
      vertex 0.02624008 -0.09688833 0.17298587
      vertex 0.04260457 -0.11425033 0.15852985
    endloop
  endfacet
  facet normal 0.132793 -0.557284 0.819634
    outer loop
      vertex 0.01621726 -0.12312840 0.15676861
      vertex 0.04260457 -0.11425033 0.15852985
      vertex 0.02624008 -0.09688833 0.17298587
    endloop
  endfacet
  facet normal 0.313422 -0.759999 0.569358
    outer loop
      vertex 0.06180340 -0.16180340 0.10000000
      vertex 0.07434961 -0.14142136 0.12030019
      vertex 0.04741727 -0.15173046 0.12136503
    endloop
  endfacet
  facet normal 0.371743 -0.649101 0.663683
    outer loop
      vertex 0.08506508 -0.11755705 0.13763819
      vertex 0.05920092 -0.12948238 0.14046197
      vertex 0.07434961 -0.14142136 0.12030019
    endloop
  endfacet
  facet normal 0.239219 -0.702258 0.670528
    outer loop
      vertex 0.03212441 -0.13875610 0.14040929
      vertex 0.04741727 -0.15173046 0.12136503
      vertex 0.05920092 -0.12948238 0.14046197
    endloop
  endfacet
  facet normal 0.296210 -0.707576 0.641557
    outer loop
      vertex 0.07434961 -0.14142136 0.12030019
      vertex 0.05920092 -0.12948238 0.14046197
      vertex 0.04741727 -0.15173046 0.12136503
    endloop
  endfacet
  facet normal 0.457622 -0.382479 0.802678
    outer loop
      vertex 0.10000000 -0.06180340 0.16180340
      vertex 0.07672275 -0.07500771 0.16878229
      vertex 0.09368597 -0.09079810 0.15158708
    endloop
  endfacet
  facet normal 0.337457 -0.445068 0.829480
    outer loop
      vertex 0.05197838 -0.08677771 0.17253370
      vertex 0.06923060 -0.10322432 0.15669034
      vertex 0.07672275 -0.07500771 0.16878229
    endloop
  endfacet
  facet normal 0.420208 -0.522219 0.742100
    outer loop
      vertex 0.08506508 -0.11755705 0.13763819
      vertex 0.09368597 -0.09079810 0.15158708
      vertex 0.06923060 -0.10322432 0.15669034
    endloop
  endfacet
  facet normal 0.395175 -0.448483 0.801686
    outer loop
      vertex 0.07672275 -0.07500771 0.16878229
      vertex 0.06923060 -0.10322432 0.15669034
      vertex 0.09368597 -0.09079810 0.15158708
    endloop
  endfacet
  facet normal 0.217328 -0.638727 0.738104
    outer loop
      vertex 0.03212441 -0.13875610 0.14040929
      vertex 0.05920092 -0.12948238 0.14046197
      vertex 0.04260457 -0.11425033 0.15852985
    endloop
  endfacet
  facet normal 0.349826 -0.585563 0.731257
    outer loop
      vertex 0.08506508 -0.11755705 0.13763819
      vertex 0.06923060 -0.10322432 0.15669034
      vertex 0.05920092 -0.12948238 0.14046197
    endloop
  endfacet
  facet normal 0.267099 -0.508425 0.818634
    outer loop
      vertex 0.05197838 -0.08677771 0.17253370
      vertex 0.04260457 -0.11425033 0.15852985
      vertex 0.06923060 -0.10322432 0.15669034
    endloop
  endfacet
  facet normal 0.293108 -0.581154 0.759176
    outer loop
      vertex 0.05920092 -0.12948238 0.14046197
      vertex 0.06923060 -0.10322432 0.15669034
      vertex 0.04260457 -0.11425033 0.15852985
    endloop
  endfacet
  facet normal 0.759514 -0.526342 0.382234
    outer loop
      vertex 0.16180340 -0.10000000 0.06180340
      vertex 0.15158708 -0.09368597 0.09079810
      vertex 0.14142136 -0.12030019 0.07434961
    endloop
  endfacet
  facet normal 0.699011 -0.488895 0.521887
    outer loop
      vertex 0.13763819 -0.08506508 0.11755705
      vertex 0.12931556 -0.11285084 0.10267509
      vertex 0.15158708 -0.09368597 0.09079810
    endloop
  endfacet
  facet normal 0.648687 -0.620644 0.440461
    outer loop
      vertex 0.11755705 -0.13763819 0.08506508
      vertex 0.14142136 -0.12030019 0.07434961
      vertex 0.12931556 -0.11285084 0.10267509
    endloop
  endfacet
  facet normal 0.708443 -0.546564 0.446517
    outer loop
      vertex 0.15158708 -0.09368597 0.09079810
      vertex 0.12931556 -0.11285084 0.10267509
      vertex 0.14142136 -0.12030019 0.07434961
    endloop
  endfacet
  facet normal 0.526342 -0.382234 0.759514
    outer loop
      vertex 0.10000000 -0.06180340 0.16180340
      vertex 0.09368597 -0.09079810 0.15158708
      vertex 0.12030019 -0.07434961 0.14142136
    endloop
  endfacet
  facet normal 0.488895 -0.521887 0.699011
    outer loop
      vertex 0.08506508 -0.11755705 0.13763819
      vertex 0.11285084 -0.10267509 0.12931556
      vertex 0.09368597 -0.09079810 0.15158708
    endloop
  endfacet
  facet normal 0.620644 -0.440461 0.648687
    outer loop
      vertex 0.13763819 -0.08506508 0.11755705
      vertex 0.12030019 -0.07434961 0.14142136
      vertex 0.11285084 -0.10267509 0.12931556
    endloop
  endfacet
  facet normal 0.546564 -0.446517 0.708443
    outer loop
      vertex 0.09368597 -0.09079810 0.15158708
      vertex 0.11285084 -0.10267509 0.12931556
      vertex 0.12030019 -0.07434961 0.14142136
    endloop
  endfacet
  facet normal 0.382234 -0.759514 0.526342
    outer loop
      vertex 0.06180340 -0.16180340 0.10000000
      vertex 0.09079810 -0.15158708 0.09368597
      vertex 0.07434961 -0.14142136 0.12030019
    endloop
  endfacet
  facet normal 0.521887 -0.699011 0.488895
    outer loop
      vertex 0.11755705 -0.13763819 0.08506508
      vertex 0.10267509 -0.12931556 0.11285084
      vertex 0.09079810 -0.15158708 0.09368597
    endloop
  endfacet
  facet normal 0.440461 -0.648687 0.620644
    outer loop
      vertex 0.08506508 -0.11755705 0.13763819
      vertex 0.07434961 -0.14142136 0.12030019
      vertex 0.10267509 -0.12931556 0.11285084
    endloop
  endfacet
  facet normal 0.446517 -0.708443 0.546564
    outer loop
      vertex 0.09079810 -0.15158708 0.09368597
      vertex 0.10267509 -0.12931556 0.11285084
      vertex 0.07434961 -0.14142136 0.12030019
    endloop
  endfacet
  facet normal 0.635472 -0.503751 0.585159
    outer loop
      vertex 0.13763819 -0.08506508 0.11755705
      vertex 0.11285084 -0.10267509 0.12931556
      vertex 0.12931556 -0.11285084 0.10267509
    endloop
  endfacet
  facet normal 0.503751 -0.585159 0.635472
    outer loop
      vertex 0.08506508 -0.11755705 0.13763819
      vertex 0.10267509 -0.12931556 0.11285084
      vertex 0.11285084 -0.10267509 0.12931556
    endloop
  endfacet
  facet normal 0.585159 -0.635472 0.503751
    outer loop
      vertex 0.11755705 -0.13763819 0.08506508
      vertex 0.12931556 -0.11285084 0.10267509
      vertex 0.10267509 -0.12931556 0.11285084
    endloop
  endfacet
  facet normal 0.577350 -0.577350 0.577350
    outer loop
      vertex 0.11285084 -0.10267509 0.12931556
      vertex 0.10267509 -0.12931556 0.11285084
      vertex 0.12931556 -0.11285084 0.10267509
    endloop
  endfacet
  facet normal 0.465071 -0.883850 0.050171
    outer loop
      vertex 0.10514622 -0.17013016 0.00000000
      vertex 0.09688833 -0.17298587 0.02624008
      vertex 0.08067107 -0.18300868 0.00000000
    endloop
  endfacet
  facet normal 0.419240 -0.889788 0.180319
    outer loop
      vertex 0.08677771 -0.17253370 0.05197838
      vertex 0.07164576 -0.18486092 0.02633107
      vertex 0.09688833 -0.17298587 0.02624008
    endloop
  endfacet
  facet normal 0.338698 -0.939566 0.050000
    outer loop
      vertex 0.05465331 -0.19238767 0.00000000
      vertex 0.08067107 -0.18300868 0.00000000
      vertex 0.07164576 -0.18486092 0.02633107
    endloop
  endfacet
  facet normal 0.424492 -0.901705 0.082070
    outer loop
      vertex 0.09688833 -0.17298587 0.02624008
      vertex 0.07164576 -0.18486092 0.02633107
      vertex 0.08067107 -0.18300868 0.00000000
    endloop
  endfacet
  facet normal 0.302377 -0.852184 0.427026
    outer loop
      vertex 0.06180340 -0.16180340 0.10000000
      vertex 0.04773539 -0.17820130 0.07723748
      vertex 0.07500771 -0.16878229 0.07672275
    endloop
  endfacet
  facet normal 0.228893 -0.923386 0.308167
    outer loop
      vertex 0.03249197 -0.19021130 0.05257311
      vertex 0.06025178 -0.18324884 0.05281655
      vertex 0.04773539 -0.17820130 0.07723748
    endloop
  endfacet
  facet normal 0.364801 -0.879088 0.306798
    outer loop
      vertex 0.08677771 -0.17253370 0.05197838
      vertex 0.07500771 -0.16878229 0.07672275
      vertex 0.06025178 -0.18324884 0.05281655
    endloop
  endfacet
  facet normal 0.312401 -0.885789 0.343197
    outer loop
      vertex 0.04773539 -0.17820130 0.07723748
      vertex 0.06025178 -0.18324884 0.05281655
      vertex 0.07500771 -0.16878229 0.07672275
    endloop
  endfacet
  facet normal 0.069057 -0.996384 0.049505
    outer loop
      vertex 0.00000000 -0.20000000 0.00000000
      vertex 0.02759045 -0.19808778 0.00000000
      vertex 0.01644849 -0.19753767 0.02661422
    endloop
  endfacet
  facet normal 0.205849 -0.977326 0.049608
    outer loop
      vertex 0.05465331 -0.19238767 0.00000000
      vertex 0.04402341 -0.19327852 0.02655850
      vertex 0.02759045 -0.19808778 0.00000000
    endloop
  endfacet
  facet normal 0.150476 -0.971850 0.181286
    outer loop
      vertex 0.03249197 -0.19021130 0.05257311
      vertex 0.01644849 -0.19753767 0.02661422
      vertex 0.04402341 -0.19327852 0.02655850
    endloop
  endfacet
  facet normal 0.152272 -0.984754 0.084103
    outer loop
      vertex 0.02759045 -0.19808778 0.00000000
      vertex 0.04402341 -0.19327852 0.02655850
      vertex 0.01644849 -0.19753767 0.02661422
    endloop
  endfacet
  facet normal 0.371628 -0.903180 0.214847
    outer loop
      vertex 0.08677771 -0.17253370 0.05197838
      vertex 0.06025178 -0.18324884 0.05281655
      vertex 0.07164576 -0.18486092 0.02633107
    endloop
  endfacet
  facet normal 0.235738 -0.947462 0.216204
    outer loop
      vertex 0.03249197 -0.19021130 0.05257311
      vertex 0.04402341 -0.19327852 0.02655850
      vertex 0.06025178 -0.18324884 0.05281655
    endloop
  endfacet
  facet normal 0.291097 -0.952950 0.084545
    outer loop
      vertex 0.05465331 -0.19238767 0.00000000
      vertex 0.07164576 -0.18486092 0.02633107
      vertex 0.04402341 -0.19327852 0.02655850
    endloop
  endfacet
  facet normal 0.288045 -0.940327 0.181151
    outer loop
      vertex 0.06025178 -0.18324884 0.05281655
      vertex 0.04402341 -0.19327852 0.02655850
      vertex 0.07164576 -0.18486092 0.02633107
    endloop
  endfacet
  facet normal 0.000000 -0.596421 0.802672
    outer loop
      vertex 0.00000000 -0.10514622 0.17013016
      vertex -0.01621726 -0.12312840 0.15676861
      vertex 0.01621726 -0.12312840 0.15676861
    endloop
  endfacet
  facet normal -0.080541 -0.680461 0.728345
    outer loop
      vertex -0.03212441 -0.13875610 0.14040929
      vertex 0.00000000 -0.14058141 0.14225635
      vertex -0.01621726 -0.12312840 0.15676861
    endloop
  endfacet
  facet normal 0.080541 -0.680461 0.728345
    outer loop
      vertex 0.03212441 -0.13875610 0.14040929
      vertex 0.01621726 -0.12312840 0.15676861
      vertex 0.00000000 -0.14058141 0.14225635
    endloop
  endfacet
  facet normal 0.000000 -0.639354 0.768912
    outer loop
      vertex -0.01621726 -0.12312840 0.15676861
      vertex 0.00000000 -0.14058141 0.14225635
      vertex 0.01621726 -0.12312840 0.15676861
    endloop
  endfacet
  facet normal -0.233320 -0.809504 0.538762
    outer loop
      vertex -0.06180340 -0.16180340 0.10000000
      vertex -0.03128689 -0.16803558 0.10385170
      vertex -0.04741727 -0.15173046 0.12136503
    endloop
  endfacet
  facet normal -0.078417 -0.830386 0.551642
    outer loop
      vertex 0.00000000 -0.17013016 0.10514622
      vertex -0.01622837 -0.15604087 0.12404792
      vertex -0.03128689 -0.16803558 0.10385170
    endloop
  endfacet
  facet normal -0.158952 -0.751866 0.639868
    outer loop
      vertex -0.03212441 -0.13875610 0.14040929
      vertex -0.04741727 -0.15173046 0.12136503
      vertex -0.01622837 -0.15604087 0.12404792
    endloop
  endfacet
  facet normal -0.160129 -0.791679 0.589579
    outer loop
      vertex -0.03128689 -0.16803558 0.10385170
      vertex -0.01622837 -0.15604087 0.12404792
      vertex -0.04741727 -0.15173046 0.12136503
    endloop
  endfacet
  facet normal 0.233320 -0.809504 0.538762
    outer loop
      vertex 0.06180340 -0.16180340 0.10000000
      vertex 0.04741727 -0.15173046 0.12136503
      vertex 0.03128689 -0.16803558 0.10385170
    endloop
  endfacet
  facet normal 0.158952 -0.751866 0.639868
    outer loop
      vertex 0.03212441 -0.13875610 0.14040929
      vertex 0.01622837 -0.15604087 0.12404792
      vertex 0.04741727 -0.15173046 0.12136503
    endloop
  endfacet
  facet normal 0.078417 -0.830386 0.551642
    outer loop
      vertex 0.00000000 -0.17013016 0.10514622
      vertex 0.03128689 -0.16803558 0.10385170
      vertex 0.01622837 -0.15604087 0.12404792
    endloop
  endfacet
  facet normal 0.160129 -0.791679 0.589579
    outer loop
      vertex 0.04741727 -0.15173046 0.12136503
      vertex 0.01622837 -0.15604087 0.12404792
      vertex 0.03128689 -0.16803558 0.10385170
    endloop
  endfacet
  facet normal -0.080531 -0.723272 0.685852
    outer loop
      vertex -0.03212441 -0.13875610 0.14040929
      vertex -0.01622837 -0.15604087 0.12404792
      vertex 0.00000000 -0.14058141 0.14225635
    endloop
  endfacet
  facet normal 0.000000 -0.801768 0.597636
    outer loop
      vertex 0.00000000 -0.17013016 0.10514622
      vertex 0.01622837 -0.15604087 0.12404792
      vertex -0.01622837 -0.15604087 0.12404792
    endloop
  endfacet
  facet normal 0.080531 -0.723272 0.685852
    outer loop
      vertex 0.03212441 -0.13875610 0.14040929
      vertex 0.00000000 -0.14058141 0.14225635
      vertex 0.01622837 -0.15604087 0.12404792
    endloop
  endfacet
  facet normal 0.000000 -0.762305 0.647218
    outer loop
      vertex -0.01622837 -0.15604087 0.12404792
      vertex 0.01622837 -0.15604087 0.12404792
      vertex 0.00000000 -0.14058141 0.14225635
    endloop
  endfacet
  facet normal -0.465071 -0.883850 0.050171
    outer loop
      vertex -0.10514622 -0.17013016 0.00000000
      vertex -0.08067107 -0.18300868 0.00000000
      vertex -0.09688833 -0.17298587 0.02624008
    endloop
  endfacet
  facet normal -0.338698 -0.939566 0.050000
    outer loop
      vertex -0.05465331 -0.19238767 0.00000000
      vertex -0.07164576 -0.18486092 0.02633107
      vertex -0.08067107 -0.18300868 0.00000000
    endloop
  endfacet
  facet normal -0.419240 -0.889788 0.180319
    outer loop
      vertex -0.08677771 -0.17253370 0.05197838
      vertex -0.09688833 -0.17298587 0.02624008
      vertex -0.07164576 -0.18486092 0.02633107
    endloop
  endfacet
  facet normal -0.424492 -0.901705 0.082070
    outer loop
      vertex -0.08067107 -0.18300868 0.00000000
      vertex -0.07164576 -0.18486092 0.02633107
      vertex -0.09688833 -0.17298587 0.02624008
    endloop
  endfacet
  facet normal -0.069057 -0.996384 0.049505
    outer loop
      vertex 0.00000000 -0.20000000 0.00000000
      vertex -0.01644849 -0.19753767 0.02661422
      vertex -0.02759045 -0.19808778 0.00000000
    endloop
  endfacet
  facet normal -0.150476 -0.971850 0.181286
    outer loop
      vertex -0.03249197 -0.19021130 0.05257311
      vertex -0.04402341 -0.19327852 0.02655850
      vertex -0.01644849 -0.19753767 0.02661422
    endloop
  endfacet
  facet normal -0.205849 -0.977326 0.049608
    outer loop
      vertex -0.05465331 -0.19238767 0.00000000
      vertex -0.02759045 -0.19808778 0.00000000
      vertex -0.04402341 -0.19327852 0.02655850
    endloop
  endfacet
  facet normal -0.152272 -0.984754 0.084103
    outer loop
      vertex -0.01644849 -0.19753767 0.02661422
      vertex -0.04402341 -0.19327852 0.02655850
      vertex -0.02759045 -0.19808778 0.00000000
    endloop
  endfacet
  facet normal -0.302377 -0.852184 0.427026
    outer loop
      vertex -0.06180340 -0.16180340 0.10000000
      vertex -0.07500771 -0.16878229 0.07672275
      vertex -0.04773539 -0.17820130 0.07723748
    endloop
  endfacet
  facet normal -0.364801 -0.879088 0.306798
    outer loop
      vertex -0.08677771 -0.17253370 0.05197838
      vertex -0.06025178 -0.18324884 0.05281655
      vertex -0.07500771 -0.16878229 0.07672275
    endloop
  endfacet
  facet normal -0.228893 -0.923386 0.308167
    outer loop
      vertex -0.03249197 -0.19021130 0.05257311
      vertex -0.04773539 -0.17820130 0.07723748
      vertex -0.06025178 -0.18324884 0.05281655
    endloop
  endfacet
  facet normal -0.312401 -0.885789 0.343197
    outer loop
      vertex -0.07500771 -0.16878229 0.07672275
      vertex -0.06025178 -0.18324884 0.05281655
      vertex -0.04773539 -0.17820130 0.07723748
    endloop
  endfacet
  facet normal -0.291097 -0.952950 0.084545
    outer loop
      vertex -0.05465331 -0.19238767 0.00000000
      vertex -0.04402341 -0.19327852 0.02655850
      vertex -0.07164576 -0.18486092 0.02633107
    endloop
  endfacet
  facet normal -0.235738 -0.947462 0.216204
    outer loop
      vertex -0.03249197 -0.19021130 0.05257311
      vertex -0.06025178 -0.18324884 0.05281655
      vertex -0.04402341 -0.19327852 0.02655850
    endloop
  endfacet
  facet normal -0.371628 -0.903180 0.214847
    outer loop
      vertex -0.08677771 -0.17253370 0.05197838
      vertex -0.07164576 -0.18486092 0.02633107
      vertex -0.06025178 -0.18324884 0.05281655
    endloop
  endfacet
  facet normal -0.288045 -0.940327 0.181151
    outer loop
      vertex -0.04402341 -0.19327852 0.02655850
      vertex -0.06025178 -0.18324884 0.05281655
      vertex -0.07164576 -0.18486092 0.02633107
    endloop
  endfacet
  facet normal 0.233171 -0.851640 0.469405
    outer loop
      vertex 0.06180340 -0.16180340 0.10000000
      vertex 0.03128689 -0.16803558 0.10385170
      vertex 0.04773539 -0.17820130 0.07723748
    endloop
  endfacet
  facet normal 0.078367 -0.872474 0.482336
    outer loop
      vertex 0.00000000 -0.17013016 0.10514622
      vertex 0.01646472 -0.18259650 0.07992141
      vertex 0.03128689 -0.16803558 0.10385170
    endloop
  endfacet
  facet normal 0.159793 -0.922797 0.350587
    outer loop
      vertex 0.03249197 -0.19021130 0.05257311
      vertex 0.04773539 -0.17820130 0.07723748
      vertex 0.01646472 -0.18259650 0.07992141
    endloop
  endfacet
  facet normal 0.161879 -0.884358 0.437842
    outer loop
      vertex 0.03128689 -0.16803558 0.10385170
      vertex 0.01646472 -0.18259650 0.07992141
      vertex 0.04773539 -0.17820130 0.07723748
    endloop
  endfacet
  facet normal -0.233171 -0.851640 0.469405
    outer loop
      vertex -0.06180340 -0.16180340 0.10000000
      vertex -0.04773539 -0.17820130 0.07723748
      vertex -0.03128689 -0.16803558 0.10385170
    endloop
  endfacet
  facet normal -0.159793 -0.922797 0.350587
    outer loop
      vertex -0.03249197 -0.19021130 0.05257311
      vertex -0.01646472 -0.18259650 0.07992141
      vertex -0.04773539 -0.17820130 0.07723748
    endloop
  endfacet
  facet normal -0.078367 -0.872474 0.482336
    outer loop
      vertex 0.00000000 -0.17013016 0.10514622
      vertex -0.03128689 -0.16803558 0.10385170
      vertex -0.01646472 -0.18259650 0.07992141
    endloop
  endfacet
  facet normal -0.161879 -0.884358 0.437842
    outer loop
      vertex -0.04773539 -0.17820130 0.07723748
      vertex -0.01646472 -0.18259650 0.07992141
      vertex -0.03128689 -0.16803558 0.10385170
    endloop
  endfacet
  facet normal 0.000000 -0.995747 0.092126
    outer loop
      vertex 0.00000000 -0.20000000 0.00000000
      vertex 0.01644849 -0.19753767 0.02661422
      vertex -0.01644849 -0.19753767 0.02661422
    endloop
  endfacet
  facet normal 0.081426 -0.971231 0.223786
    outer loop
      vertex 0.03249197 -0.19021130 0.05257311
      vertex 0.00000000 -0.19277225 0.05328094
      vertex 0.01644849 -0.19753767 0.02661422
    endloop
  endfacet
  facet normal -0.081426 -0.971231 0.223786
    outer loop
      vertex -0.03249197 -0.19021130 0.05257311
      vertex -0.01644849 -0.19753767 0.02661422
      vertex 0.00000000 -0.19277225 0.05328094
    endloop
  endfacet
  facet normal 0.000000 -0.984405 0.175916
    outer loop
      vertex 0.01644849 -0.19753767 0.02661422
      vertex 0.00000000 -0.19277225 0.05328094
      vertex -0.01644849 -0.19753767 0.02661422
    endloop
  endfacet
  facet normal 0.000000 -0.896494 0.443056
    outer loop
      vertex 0.00000000 -0.17013016 0.10514622
      vertex -0.01646472 -0.18259650 0.07992141
      vertex 0.01646472 -0.18259650 0.07992141
    endloop
  endfacet
  facet normal -0.081408 -0.946807 0.311335
    outer loop
      vertex -0.03249197 -0.19021130 0.05257311
      vertex 0.00000000 -0.19277225 0.05328094
      vertex -0.01646472 -0.18259650 0.07992141
    endloop
  endfacet
  facet normal 0.081408 -0.946807 0.311335
    outer loop
      vertex 0.03249197 -0.19021130 0.05257311
      vertex 0.01646472 -0.18259650 0.07992141
      vertex 0.00000000 -0.19277225 0.05328094
    endloop
  endfacet
  facet normal 0.000000 -0.934172 0.356822
    outer loop
      vertex -0.01646472 -0.18259650 0.07992141
      vertex 0.00000000 -0.19277225 0.05328094
      vertex 0.01646472 -0.18259650 0.07992141
    endloop
  endfacet
  facet normal 0.465071 -0.883850 -0.050171
    outer loop
      vertex 0.10514622 -0.17013016 0.00000000
      vertex 0.08067107 -0.18300868 0.00000000
      vertex 0.09688833 -0.17298587 -0.02624008
    endloop
  endfacet
  facet normal 0.338698 -0.939566 -0.050000
    outer loop
      vertex 0.05465331 -0.19238767 0.00000000
      vertex 0.07164576 -0.18486092 -0.02633107
      vertex 0.08067107 -0.18300868 0.00000000
    endloop
  endfacet
  facet normal 0.419240 -0.889788 -0.180319
    outer loop
      vertex 0.08677771 -0.17253370 -0.05197838
      vertex 0.09688833 -0.17298587 -0.02624008
      vertex 0.07164576 -0.18486092 -0.02633107
    endloop
  endfacet
  facet normal 0.424492 -0.901705 -0.082070
    outer loop
      vertex 0.08067107 -0.18300868 0.00000000
      vertex 0.07164576 -0.18486092 -0.02633107
      vertex 0.09688833 -0.17298587 -0.02624008
    endloop
  endfacet
  facet normal 0.069057 -0.996384 -0.049505
    outer loop
      vertex 0.00000000 -0.20000000 0.00000000
      vertex 0.01644849 -0.19753767 -0.02661422
      vertex 0.02759045 -0.19808778 0.00000000
    endloop
  endfacet
  facet normal 0.150476 -0.971850 -0.181286
    outer loop
      vertex 0.03249197 -0.19021130 -0.05257311
      vertex 0.04402341 -0.19327852 -0.02655850
      vertex 0.01644849 -0.19753767 -0.02661422
    endloop
  endfacet
  facet normal 0.205849 -0.977326 -0.049608
    outer loop
      vertex 0.05465331 -0.19238767 0.00000000
      vertex 0.02759045 -0.19808778 0.00000000
      vertex 0.04402341 -0.19327852 -0.02655850
    endloop
  endfacet
  facet normal 0.152272 -0.984754 -0.084103
    outer loop
      vertex 0.01644849 -0.19753767 -0.02661422
      vertex 0.04402341 -0.19327852 -0.02655850
      vertex 0.02759045 -0.19808778 0.00000000
    endloop
  endfacet
  facet normal 0.302377 -0.852184 -0.427026
    outer loop
      vertex 0.06180340 -0.16180340 -0.10000000
      vertex 0.07500771 -0.16878229 -0.07672275
      vertex 0.04773539 -0.17820130 -0.07723748
    endloop
  endfacet
  facet normal 0.364801 -0.879088 -0.306798
    outer loop
      vertex 0.08677771 -0.17253370 -0.05197838
      vertex 0.06025178 -0.18324884 -0.05281655
      vertex 0.07500771 -0.16878229 -0.07672275
    endloop
  endfacet
  facet normal 0.228893 -0.923386 -0.308167
    outer loop
      vertex 0.03249197 -0.19021130 -0.05257311
      vertex 0.04773539 -0.17820130 -0.07723748
      vertex 0.06025178 -0.18324884 -0.05281655
    endloop
  endfacet
  facet normal 0.312401 -0.885789 -0.343197
    outer loop
      vertex 0.07500771 -0.16878229 -0.07672275
      vertex 0.06025178 -0.18324884 -0.05281655
      vertex 0.04773539 -0.17820130 -0.07723748
    endloop
  endfacet
  facet normal 0.291097 -0.952950 -0.084545
    outer loop
      vertex 0.05465331 -0.19238767 0.00000000
      vertex 0.04402341 -0.19327852 -0.02655850
      vertex 0.07164576 -0.18486092 -0.02633107
    endloop
  endfacet
  facet normal 0.235738 -0.947462 -0.216204
    outer loop
      vertex 0.03249197 -0.19021130 -0.05257311
      vertex 0.06025178 -0.18324884 -0.05281655
      vertex 0.04402341 -0.19327852 -0.02655850
    endloop
  endfacet
  facet normal 0.371628 -0.903180 -0.214847
    outer loop
      vertex 0.08677771 -0.17253370 -0.05197838
      vertex 0.07164576 -0.18486092 -0.02633107
      vertex 0.06025178 -0.18324884 -0.05281655
    endloop
  endfacet
  facet normal 0.288045 -0.940327 -0.181151
    outer loop
      vertex 0.04402341 -0.19327852 -0.02655850
      vertex 0.06025178 -0.18324884 -0.05281655
      vertex 0.07164576 -0.18486092 -0.02633107
    endloop
  endfacet
  facet normal -0.465071 -0.883850 -0.050171
    outer loop
      vertex -0.10514622 -0.17013016 0.00000000
      vertex -0.09688833 -0.17298587 -0.02624008
      vertex -0.08067107 -0.18300868 0.00000000
    endloop
  endfacet
  facet normal -0.419240 -0.889788 -0.180319
    outer loop
      vertex -0.08677771 -0.17253370 -0.05197838
      vertex -0.07164576 -0.18486092 -0.02633107
      vertex -0.09688833 -0.17298587 -0.02624008
    endloop
  endfacet
  facet normal -0.338698 -0.939566 -0.050000
    outer loop
      vertex -0.05465331 -0.19238767 0.00000000
      vertex -0.08067107 -0.18300868 0.00000000
      vertex -0.07164576 -0.18486092 -0.02633107
    endloop
  endfacet
  facet normal -0.424492 -0.901705 -0.082070
    outer loop
      vertex -0.09688833 -0.17298587 -0.02624008
      vertex -0.07164576 -0.18486092 -0.02633107
      vertex -0.08067107 -0.18300868 0.00000000
    endloop
  endfacet
  facet normal -0.302377 -0.852184 -0.427026
    outer loop
      vertex -0.06180340 -0.16180340 -0.10000000
      vertex -0.04773539 -0.17820130 -0.07723748
      vertex -0.07500771 -0.16878229 -0.07672275
    endloop
  endfacet
  facet normal -0.228893 -0.923386 -0.308167
    outer loop
      vertex -0.03249197 -0.19021130 -0.05257311
      vertex -0.06025178 -0.18324884 -0.05281655
      vertex -0.04773539 -0.17820130 -0.07723748
    endloop
  endfacet
  facet normal -0.364801 -0.879088 -0.306798
    outer loop
      vertex -0.08677771 -0.17253370 -0.05197838
      vertex -0.07500771 -0.16878229 -0.07672275
      vertex -0.06025178 -0.18324884 -0.05281655
    endloop
  endfacet
  facet normal -0.312401 -0.885789 -0.343197
    outer loop
      vertex -0.04773539 -0.17820130 -0.07723748
      vertex -0.06025178 -0.18324884 -0.05281655
      vertex -0.07500771 -0.16878229 -0.07672275
    endloop
  endfacet
  facet normal -0.069057 -0.996384 -0.049505
    outer loop
      vertex 0.00000000 -0.20000000 0.00000000
      vertex -0.02759045 -0.19808778 0.00000000
      vertex -0.01644849 -0.19753767 -0.02661422
    endloop
  endfacet
  facet normal -0.205849 -0.977326 -0.049608
    outer loop
      vertex -0.05465331 -0.19238767 0.00000000
      vertex -0.04402341 -0.19327852 -0.02655850
      vertex -0.02759045 -0.19808778 0.00000000
    endloop
  endfacet
  facet normal -0.150476 -0.971850 -0.181286
    outer loop
      vertex -0.03249197 -0.19021130 -0.05257311
      vertex -0.01644849 -0.19753767 -0.02661422
      vertex -0.04402341 -0.19327852 -0.02655850
    endloop
  endfacet
  facet normal -0.152272 -0.984754 -0.084103
    outer loop
      vertex -0.02759045 -0.19808778 0.00000000
      vertex -0.04402341 -0.19327852 -0.02655850
      vertex -0.01644849 -0.19753767 -0.02661422
    endloop
  endfacet
  facet normal -0.371628 -0.903180 -0.214847
    outer loop
      vertex -0.08677771 -0.17253370 -0.05197838
      vertex -0.06025178 -0.18324884 -0.05281655
      vertex -0.07164576 -0.18486092 -0.02633107
    endloop
  endfacet
  facet normal -0.235738 -0.947462 -0.216204
    outer loop
      vertex -0.03249197 -0.19021130 -0.05257311
      vertex -0.04402341 -0.19327852 -0.02655850
      vertex -0.06025178 -0.18324884 -0.05281655
    endloop
  endfacet
  facet normal -0.291097 -0.952950 -0.084545
    outer loop
      vertex -0.05465331 -0.19238767 0.00000000
      vertex -0.07164576 -0.18486092 -0.02633107
      vertex -0.04402341 -0.19327852 -0.02655850
    endloop
  endfacet
  facet normal -0.288045 -0.940327 -0.181151
    outer loop
      vertex -0.06025178 -0.18324884 -0.05281655
      vertex -0.04402341 -0.19327852 -0.02655850
      vertex -0.07164576 -0.18486092 -0.02633107
    endloop
  endfacet
  facet normal 0.000000 -0.596421 -0.802672
    outer loop
      vertex 0.00000000 -0.10514622 -0.17013016
      vertex 0.01621726 -0.12312840 -0.15676861
      vertex -0.01621726 -0.12312840 -0.15676861
    endloop
  endfacet
  facet normal 0.080541 -0.680461 -0.728345
    outer loop
      vertex 0.03212441 -0.13875610 -0.14040929
      vertex 0.00000000 -0.14058141 -0.14225635
      vertex 0.01621726 -0.12312840 -0.15676861
    endloop
  endfacet
  facet normal -0.080541 -0.680461 -0.728345
    outer loop
      vertex -0.03212441 -0.13875610 -0.14040929
      vertex -0.01621726 -0.12312840 -0.15676861
      vertex 0.00000000 -0.14058141 -0.14225635
    endloop
  endfacet
  facet normal -0.000000 -0.639354 -0.768912
    outer loop
      vertex 0.01621726 -0.12312840 -0.15676861
      vertex 0.00000000 -0.14058141 -0.14225635
      vertex -0.01621726 -0.12312840 -0.15676861
    endloop
  endfacet
  facet normal 0.233320 -0.809504 -0.538762
    outer loop
      vertex 0.06180340 -0.16180340 -0.10000000
      vertex 0.03128689 -0.16803558 -0.10385170
      vertex 0.04741727 -0.15173046 -0.12136503
    endloop
  endfacet
  facet normal 0.078417 -0.830386 -0.551642
    outer loop
      vertex 0.00000000 -0.17013016 -0.10514622
      vertex 0.01622837 -0.15604087 -0.12404792
      vertex 0.03128689 -0.16803558 -0.10385170
    endloop
  endfacet
  facet normal 0.158952 -0.751866 -0.639868
    outer loop
      vertex 0.03212441 -0.13875610 -0.14040929
      vertex 0.04741727 -0.15173046 -0.12136503
      vertex 0.01622837 -0.15604087 -0.12404792
    endloop
  endfacet
  facet normal 0.160129 -0.791679 -0.589579
    outer loop
      vertex 0.03128689 -0.16803558 -0.10385170
      vertex 0.01622837 -0.15604087 -0.12404792
      vertex 0.04741727 -0.15173046 -0.12136503
    endloop
  endfacet
  facet normal -0.233320 -0.809504 -0.538762
    outer loop
      vertex -0.06180340 -0.16180340 -0.10000000
      vertex -0.04741727 -0.15173046 -0.12136503
      vertex -0.03128689 -0.16803558 -0.10385170
    endloop
  endfacet
  facet normal -0.158952 -0.751866 -0.639868
    outer loop
      vertex -0.03212441 -0.13875610 -0.14040929
      vertex -0.01622837 -0.15604087 -0.12404792
      vertex -0.04741727 -0.15173046 -0.12136503
    endloop
  endfacet
  facet normal -0.078417 -0.830386 -0.551642
    outer loop
      vertex 0.00000000 -0.17013016 -0.10514622
      vertex -0.03128689 -0.16803558 -0.10385170
      vertex -0.01622837 -0.15604087 -0.12404792
    endloop
  endfacet
  facet normal -0.160129 -0.791679 -0.589579
    outer loop
      vertex -0.04741727 -0.15173046 -0.12136503
      vertex -0.01622837 -0.15604087 -0.12404792
      vertex -0.03128689 -0.16803558 -0.10385170
    endloop
  endfacet
  facet normal 0.080531 -0.723272 -0.685852
    outer loop
      vertex 0.03212441 -0.13875610 -0.14040929
      vertex 0.01622837 -0.15604087 -0.12404792
      vertex 0.00000000 -0.14058141 -0.14225635
    endloop
  endfacet
  facet normal 0.000000 -0.801768 -0.597636
    outer loop
      vertex 0.00000000 -0.17013016 -0.10514622
      vertex -0.01622837 -0.15604087 -0.12404792
      vertex 0.01622837 -0.15604087 -0.12404792
    endloop
  endfacet
  facet normal -0.080531 -0.723272 -0.685852
    outer loop
      vertex -0.03212441 -0.13875610 -0.14040929
      vertex 0.00000000 -0.14058141 -0.14225635
      vertex -0.01622837 -0.15604087 -0.12404792
    endloop
  endfacet
  facet normal -0.000000 -0.762305 -0.647218
    outer loop
      vertex 0.01622837 -0.15604087 -0.12404792
      vertex -0.01622837 -0.15604087 -0.12404792
      vertex 0.00000000 -0.14058141 -0.14225635
    endloop
  endfacet
  facet normal 0.000000 -0.995747 -0.092126
    outer loop
      vertex 0.00000000 -0.20000000 0.00000000
      vertex -0.01644849 -0.19753767 -0.02661422
      vertex 0.01644849 -0.19753767 -0.02661422
    endloop
  endfacet
  facet normal -0.081426 -0.971231 -0.223786
    outer loop
      vertex -0.03249197 -0.19021130 -0.05257311
      vertex 0.00000000 -0.19277225 -0.05328094
      vertex -0.01644849 -0.19753767 -0.02661422
    endloop
  endfacet
  facet normal 0.081426 -0.971231 -0.223786
    outer loop
      vertex 0.03249197 -0.19021130 -0.05257311
      vertex 0.01644849 -0.19753767 -0.02661422
      vertex 0.00000000 -0.19277225 -0.05328094
    endloop
  endfacet
  facet normal 0.000000 -0.984405 -0.175916
    outer loop
      vertex -0.01644849 -0.19753767 -0.02661422
      vertex 0.00000000 -0.19277225 -0.05328094
      vertex 0.01644849 -0.19753767 -0.02661422
    endloop
  endfacet
  facet normal -0.233171 -0.851640 -0.469405
    outer loop
      vertex -0.06180340 -0.16180340 -0.10000000
      vertex -0.03128689 -0.16803558 -0.10385170
      vertex -0.04773539 -0.17820130 -0.07723748
    endloop
  endfacet
  facet normal -0.078367 -0.872474 -0.482336
    outer loop
      vertex 0.00000000 -0.17013016 -0.10514622
      vertex -0.01646472 -0.18259650 -0.07992141
      vertex -0.03128689 -0.16803558 -0.10385170
    endloop
  endfacet
  facet normal -0.159793 -0.922797 -0.350587
    outer loop
      vertex -0.03249197 -0.19021130 -0.05257311
      vertex -0.04773539 -0.17820130 -0.07723748
      vertex -0.01646472 -0.18259650 -0.07992141
    endloop
  endfacet
  facet normal -0.161879 -0.884358 -0.437842
    outer loop
      vertex -0.03128689 -0.16803558 -0.10385170
      vertex -0.01646472 -0.18259650 -0.07992141
      vertex -0.04773539 -0.17820130 -0.07723748
    endloop
  endfacet
  facet normal 0.233171 -0.851640 -0.469405
    outer loop
      vertex 0.06180340 -0.16180340 -0.10000000
      vertex 0.04773539 -0.17820130 -0.07723748
      vertex 0.03128689 -0.16803558 -0.10385170
    endloop
  endfacet
  facet normal 0.159793 -0.922797 -0.350587
    outer loop
      vertex 0.03249197 -0.19021130 -0.05257311
      vertex 0.01646472 -0.18259650 -0.07992141
      vertex 0.04773539 -0.17820130 -0.07723748
    endloop
  endfacet
  facet normal 0.078367 -0.872474 -0.482336
    outer loop
      vertex 0.00000000 -0.17013016 -0.10514622
      vertex 0.03128689 -0.16803558 -0.10385170
      vertex 0.01646472 -0.18259650 -0.07992141
    endloop
  endfacet
  facet normal 0.161879 -0.884358 -0.437842
    outer loop
      vertex 0.04773539 -0.17820130 -0.07723748
      vertex 0.01646472 -0.18259650 -0.07992141
      vertex 0.03128689 -0.16803558 -0.10385170
    endloop
  endfacet
  facet normal -0.081408 -0.946807 -0.311335
    outer loop
      vertex -0.03249197 -0.19021130 -0.05257311
      vertex -0.01646472 -0.18259650 -0.07992141
      vertex 0.00000000 -0.19277225 -0.05328094
    endloop
  endfacet
  facet normal 0.000000 -0.896494 -0.443056
    outer loop
      vertex 0.00000000 -0.17013016 -0.10514622
      vertex 0.01646472 -0.18259650 -0.07992141
      vertex -0.01646472 -0.18259650 -0.07992141
    endloop
  endfacet
  facet normal 0.081408 -0.946807 -0.311335
    outer loop
      vertex 0.03249197 -0.19021130 -0.05257311
      vertex 0.00000000 -0.19277225 -0.05328094
      vertex 0.01646472 -0.18259650 -0.07992141
    endloop
  endfacet
  facet normal 0.000000 -0.934172 -0.356822
    outer loop
      vertex -0.01646472 -0.18259650 -0.07992141
      vertex 0.01646472 -0.18259650 -0.07992141
      vertex 0.00000000 -0.19277225 -0.05328094
    endloop
  endfacet
  facet normal 0.546250 -0.833679 -0.081178
    outer loop
      vertex 0.10514622 -0.17013016 0.00000000
      vertex 0.09688833 -0.17298587 -0.02624008
      vertex 0.12312840 -0.15676861 -0.01621726
    endloop
  endfacet
  facet normal 0.500142 -0.839788 -0.211221
    outer loop
      vertex 0.08677771 -0.17253370 -0.05197838
      vertex 0.11425033 -0.15852985 -0.04260457
      vertex 0.09688833 -0.17298587 -0.02624008
    endloop
  endfacet
  facet normal 0.630461 -0.759246 -0.161444
    outer loop
      vertex 0.13875610 -0.14040929 -0.03212441
      vertex 0.12312840 -0.15676861 -0.01621726
      vertex 0.11425033 -0.15852985 -0.04260457
    endloop
  endfacet
  facet normal 0.557284 -0.819634 -0.132793
    outer loop
      vertex 0.09688833 -0.17298587 -0.02624008
      vertex 0.11425033 -0.15852985 -0.04260457
      vertex 0.12312840 -0.15676861 -0.01621726
    endloop
  endfacet
  facet normal 0.382479 -0.802678 -0.457622
    outer loop
      vertex 0.06180340 -0.16180340 -0.10000000
      vertex 0.09079810 -0.15158708 -0.09368597
      vertex 0.07500771 -0.16878229 -0.07672275
    endloop
  endfacet
  facet normal 0.522219 -0.742100 -0.420208
    outer loop
      vertex 0.11755705 -0.13763819 -0.08506508
      vertex 0.10322432 -0.15669034 -0.06923060
      vertex 0.09079810 -0.15158708 -0.09368597
    endloop
  endfacet
  facet normal 0.445068 -0.829480 -0.337457
    outer loop
      vertex 0.08677771 -0.17253370 -0.05197838
      vertex 0.07500771 -0.16878229 -0.07672275
      vertex 0.10322432 -0.15669034 -0.06923060
    endloop
  endfacet
  facet normal 0.448483 -0.801686 -0.395175
    outer loop
      vertex 0.09079810 -0.15158708 -0.09368597
      vertex 0.10322432 -0.15669034 -0.06923060
      vertex 0.07500771 -0.16878229 -0.07672275
    endloop
  endfacet
  facet normal 0.759999 -0.569358 -0.313422
    outer loop
      vertex 0.16180340 -0.10000000 -0.06180340
      vertex 0.15173046 -0.12136503 -0.04741727
      vertex 0.14142136 -0.12030019 -0.07434961
    endloop
  endfacet
  facet normal 0.702258 -0.670528 -0.239219
    outer loop
      vertex 0.13875610 -0.14040929 -0.03212441
      vertex 0.12948238 -0.14046197 -0.05920092
      vertex 0.15173046 -0.12136503 -0.04741727
    endloop
  endfacet
  facet normal 0.649101 -0.663683 -0.371743
    outer loop
      vertex 0.11755705 -0.13763819 -0.08506508
      vertex 0.14142136 -0.12030019 -0.07434961
      vertex 0.12948238 -0.14046197 -0.05920092
    endloop
  endfacet
  facet normal 0.707576 -0.641557 -0.296210
    outer loop
      vertex 0.15173046 -0.12136503 -0.04741727
      vertex 0.12948238 -0.14046197 -0.05920092
      vertex 0.14142136 -0.12030019 -0.07434961
    endloop
  endfacet
  facet normal 0.508425 -0.818634 -0.267099
    outer loop
      vertex 0.08677771 -0.17253370 -0.05197838
      vertex 0.10322432 -0.15669034 -0.06923060
      vertex 0.11425033 -0.15852985 -0.04260457
    endloop
  endfacet
  facet normal 0.585563 -0.731257 -0.349826
    outer loop
      vertex 0.11755705 -0.13763819 -0.08506508
      vertex 0.12948238 -0.14046197 -0.05920092
      vertex 0.10322432 -0.15669034 -0.06923060
    endloop
  endfacet
  facet normal 0.638727 -0.738104 -0.217328
    outer loop
      vertex 0.13875610 -0.14040929 -0.03212441
      vertex 0.11425033 -0.15852985 -0.04260457
      vertex 0.12948238 -0.14046197 -0.05920092
    endloop
  endfacet
  facet normal 0.581154 -0.759176 -0.293108
    outer loop
      vertex 0.10322432 -0.15669034 -0.06923060
      vertex 0.12948238 -0.14046197 -0.05920092
      vertex 0.11425033 -0.15852985 -0.04260457
    endloop
  endfacet
  facet normal 0.081178 -0.546250 -0.833679
    outer loop
      vertex 0.00000000 -0.10514622 -0.17013016
      vertex 0.02624008 -0.09688833 -0.17298587
      vertex 0.01621726 -0.12312840 -0.15676861
    endloop
  endfacet
  facet normal 0.211221 -0.500142 -0.839788
    outer loop
      vertex 0.05197838 -0.08677771 -0.17253370
      vertex 0.04260457 -0.11425033 -0.15852985
      vertex 0.02624008 -0.09688833 -0.17298587
    endloop
  endfacet
  facet normal 0.161444 -0.630461 -0.759246
    outer loop
      vertex 0.03212441 -0.13875610 -0.14040929
      vertex 0.01621726 -0.12312840 -0.15676861
      vertex 0.04260457 -0.11425033 -0.15852985
    endloop
  endfacet
  facet normal 0.132793 -0.557284 -0.819634
    outer loop
      vertex 0.02624008 -0.09688833 -0.17298587
      vertex 0.04260457 -0.11425033 -0.15852985
      vertex 0.01621726 -0.12312840 -0.15676861
    endloop
  endfacet
  facet normal 0.457622 -0.382479 -0.802678
    outer loop
      vertex 0.10000000 -0.06180340 -0.16180340
      vertex 0.09368597 -0.09079810 -0.15158708
      vertex 0.07672275 -0.07500771 -0.16878229
    endloop
  endfacet
  facet normal 0.420208 -0.522219 -0.742100
    outer loop
      vertex 0.08506508 -0.11755705 -0.13763819
      vertex 0.06923060 -0.10322432 -0.15669034
      vertex 0.09368597 -0.09079810 -0.15158708
    endloop
  endfacet
  facet normal 0.337457 -0.445068 -0.829480
    outer loop
      vertex 0.05197838 -0.08677771 -0.17253370
      vertex 0.07672275 -0.07500771 -0.16878229
      vertex 0.06923060 -0.10322432 -0.15669034
    endloop
  endfacet
  facet normal 0.395175 -0.448483 -0.801686
    outer loop
      vertex 0.09368597 -0.09079810 -0.15158708
      vertex 0.06923060 -0.10322432 -0.15669034
      vertex 0.07672275 -0.07500771 -0.16878229
    endloop
  endfacet
  facet normal 0.313422 -0.759999 -0.569358
    outer loop
      vertex 0.06180340 -0.16180340 -0.10000000
      vertex 0.04741727 -0.15173046 -0.12136503
      vertex 0.07434961 -0.14142136 -0.12030019
    endloop
  endfacet
  facet normal 0.239219 -0.702258 -0.670528
    outer loop
      vertex 0.03212441 -0.13875610 -0.14040929
      vertex 0.05920092 -0.12948238 -0.14046197
      vertex 0.04741727 -0.15173046 -0.12136503
    endloop
  endfacet
  facet normal 0.371743 -0.649101 -0.663683
    outer loop
      vertex 0.08506508 -0.11755705 -0.13763819
      vertex 0.07434961 -0.14142136 -0.12030019
      vertex 0.05920092 -0.12948238 -0.14046197
    endloop
  endfacet
  facet normal 0.296210 -0.707576 -0.641557
    outer loop
      vertex 0.04741727 -0.15173046 -0.12136503
      vertex 0.05920092 -0.12948238 -0.14046197
      vertex 0.07434961 -0.14142136 -0.12030019
    endloop
  endfacet
  facet normal 0.267099 -0.508425 -0.818634
    outer loop
      vertex 0.05197838 -0.08677771 -0.17253370
      vertex 0.06923060 -0.10322432 -0.15669034
      vertex 0.04260457 -0.11425033 -0.15852985
    endloop
  endfacet
  facet normal 0.349826 -0.585563 -0.731257
    outer loop
      vertex 0.08506508 -0.11755705 -0.13763819
      vertex 0.05920092 -0.12948238 -0.14046197
      vertex 0.06923060 -0.10322432 -0.15669034
    endloop
  endfacet
  facet normal 0.217328 -0.638727 -0.738104
    outer loop
      vertex 0.03212441 -0.13875610 -0.14040929
      vertex 0.04260457 -0.11425033 -0.15852985
      vertex 0.05920092 -0.12948238 -0.14046197
    endloop
  endfacet
  facet normal 0.293108 -0.581154 -0.759176
    outer loop
      vertex 0.06923060 -0.10322432 -0.15669034
      vertex 0.05920092 -0.12948238 -0.14046197
      vertex 0.04260457 -0.11425033 -0.15852985
    endloop
  endfacet
  facet normal 0.833679 -0.081178 -0.546250
    outer loop
      vertex 0.17013016 0.00000000 -0.10514622
      vertex 0.17298587 -0.02624008 -0.09688833
      vertex 0.15676861 -0.01621726 -0.12312840
    endloop
  endfacet
  facet normal 0.839788 -0.211221 -0.500142
    outer loop
      vertex 0.17253370 -0.05197838 -0.08677771
      vertex 0.15852985 -0.04260457 -0.11425033
      vertex 0.17298587 -0.02624008 -0.09688833
    endloop
  endfacet
  facet normal 0.759246 -0.161444 -0.630461
    outer loop
      vertex 0.14040929 -0.03212441 -0.13875610
      vertex 0.15676861 -0.01621726 -0.12312840
      vertex 0.15852985 -0.04260457 -0.11425033
    endloop
  endfacet
  facet normal 0.819634 -0.132793 -0.557284
    outer loop
      vertex 0.17298587 -0.02624008 -0.09688833
      vertex 0.15852985 -0.04260457 -0.11425033
      vertex 0.15676861 -0.01621726 -0.12312840
    endloop
  endfacet
  facet normal 0.802678 -0.457622 -0.382479
    outer loop
      vertex 0.16180340 -0.10000000 -0.06180340
      vertex 0.15158708 -0.09368597 -0.09079810
      vertex 0.16878229 -0.07672275 -0.07500771
    endloop
  endfacet
  facet normal 0.742100 -0.420208 -0.522219
    outer loop
      vertex 0.13763819 -0.08506508 -0.11755705
      vertex 0.15669034 -0.06923060 -0.10322432
      vertex 0.15158708 -0.09368597 -0.09079810
    endloop
  endfacet
  facet normal 0.829480 -0.337457 -0.445068
    outer loop
      vertex 0.17253370 -0.05197838 -0.08677771
      vertex 0.16878229 -0.07672275 -0.07500771
      vertex 0.15669034 -0.06923060 -0.10322432
    endloop
  endfacet
  facet normal 0.801686 -0.395175 -0.448483
    outer loop
      vertex 0.15158708 -0.09368597 -0.09079810
      vertex 0.15669034 -0.06923060 -0.10322432
      vertex 0.16878229 -0.07672275 -0.07500771
    endloop
  endfacet
  facet normal 0.569358 -0.313422 -0.759999
    outer loop
      vertex 0.10000000 -0.06180340 -0.16180340
      vertex 0.12136503 -0.04741727 -0.15173046
      vertex 0.12030019 -0.07434961 -0.14142136
    endloop
  endfacet
  facet normal 0.670528 -0.239219 -0.702258
    outer loop
      vertex 0.14040929 -0.03212441 -0.13875610
      vertex 0.14046197 -0.05920092 -0.12948238
      vertex 0.12136503 -0.04741727 -0.15173046
    endloop
  endfacet
  facet normal 0.663683 -0.371743 -0.649101
    outer loop
      vertex 0.13763819 -0.08506508 -0.11755705
      vertex 0.12030019 -0.07434961 -0.14142136
      vertex 0.14046197 -0.05920092 -0.12948238
    endloop
  endfacet
  facet normal 0.641557 -0.296210 -0.707576
    outer loop
      vertex 0.12136503 -0.04741727 -0.15173046
      vertex 0.14046197 -0.05920092 -0.12948238
      vertex 0.12030019 -0.07434961 -0.14142136
    endloop
  endfacet
  facet normal 0.818634 -0.267099 -0.508425
    outer loop
      vertex 0.17253370 -0.05197838 -0.08677771
      vertex 0.15669034 -0.06923060 -0.10322432
      vertex 0.15852985 -0.04260457 -0.11425033
    endloop
  endfacet
  facet normal 0.731257 -0.349826 -0.585563
    outer loop
      vertex 0.13763819 -0.08506508 -0.11755705
      vertex 0.14046197 -0.05920092 -0.12948238
      vertex 0.15669034 -0.06923060 -0.10322432
    endloop
  endfacet
  facet normal 0.738104 -0.217328 -0.638727
    outer loop
      vertex 0.14040929 -0.03212441 -0.13875610
      vertex 0.15852985 -0.04260457 -0.11425033
      vertex 0.14046197 -0.05920092 -0.12948238
    endloop
  endfacet
  facet normal 0.759176 -0.293108 -0.581154
    outer loop
      vertex 0.15669034 -0.06923060 -0.10322432
      vertex 0.14046197 -0.05920092 -0.12948238
      vertex 0.15852985 -0.04260457 -0.11425033
    endloop
  endfacet
  facet normal 0.382234 -0.759514 -0.526342
    outer loop
      vertex 0.06180340 -0.16180340 -0.10000000
      vertex 0.07434961 -0.14142136 -0.12030019
      vertex 0.09079810 -0.15158708 -0.09368597
    endloop
  endfacet
  facet normal 0.440461 -0.648687 -0.620644
    outer loop
      vertex 0.08506508 -0.11755705 -0.13763819
      vertex 0.10267509 -0.12931556 -0.11285084
      vertex 0.07434961 -0.14142136 -0.12030019
    endloop
  endfacet
  facet normal 0.521887 -0.699011 -0.488895
    outer loop
      vertex 0.11755705 -0.13763819 -0.08506508
      vertex 0.09079810 -0.15158708 -0.09368597
      vertex 0.10267509 -0.12931556 -0.11285084
    endloop
  endfacet
  facet normal 0.446517 -0.708443 -0.546564
    outer loop
      vertex 0.07434961 -0.14142136 -0.12030019
      vertex 0.10267509 -0.12931556 -0.11285084
      vertex 0.09079810 -0.15158708 -0.09368597
    endloop
  endfacet
  facet normal 0.526342 -0.382234 -0.759514
    outer loop
      vertex 0.10000000 -0.06180340 -0.16180340
      vertex 0.12030019 -0.07434961 -0.14142136
      vertex 0.09368597 -0.09079810 -0.15158708
    endloop
  endfacet
  facet normal 0.620644 -0.440461 -0.648687
    outer loop
      vertex 0.13763819 -0.08506508 -0.11755705
      vertex 0.11285084 -0.10267509 -0.12931556
      vertex 0.12030019 -0.07434961 -0.14142136
    endloop
  endfacet
  facet normal 0.488895 -0.521887 -0.699011
    outer loop
      vertex 0.08506508 -0.11755705 -0.13763819
      vertex 0.09368597 -0.09079810 -0.15158708
      vertex 0.11285084 -0.10267509 -0.12931556
    endloop
  endfacet
  facet normal 0.546564 -0.446517 -0.708443
    outer loop
      vertex 0.12030019 -0.07434961 -0.14142136
      vertex 0.11285084 -0.10267509 -0.12931556
      vertex 0.09368597 -0.09079810 -0.15158708
    endloop
  endfacet
  facet normal 0.759514 -0.526342 -0.382234
    outer loop
      vertex 0.16180340 -0.10000000 -0.06180340
      vertex 0.14142136 -0.12030019 -0.07434961
      vertex 0.15158708 -0.09368597 -0.09079810
    endloop
  endfacet
  facet normal 0.648687 -0.620644 -0.440461
    outer loop
      vertex 0.11755705 -0.13763819 -0.08506508
      vertex 0.12931556 -0.11285084 -0.10267509
      vertex 0.14142136 -0.12030019 -0.07434961
    endloop
  endfacet
  facet normal 0.699011 -0.488895 -0.521887
    outer loop
      vertex 0.13763819 -0.08506508 -0.11755705
      vertex 0.15158708 -0.09368597 -0.09079810
      vertex 0.12931556 -0.11285084 -0.10267509
    endloop
  endfacet
  facet normal 0.708443 -0.546564 -0.446517
    outer loop
      vertex 0.14142136 -0.12030019 -0.07434961
      vertex 0.12931556 -0.11285084 -0.10267509
      vertex 0.15158708 -0.09368597 -0.09079810
    endloop
  endfacet
  facet normal 0.503751 -0.585159 -0.635472
    outer loop
      vertex 0.08506508 -0.11755705 -0.13763819
      vertex 0.11285084 -0.10267509 -0.12931556
      vertex 0.10267509 -0.12931556 -0.11285084
    endloop
  endfacet
  facet normal 0.635472 -0.503751 -0.585159
    outer loop
      vertex 0.13763819 -0.08506508 -0.11755705
      vertex 0.12931556 -0.11285084 -0.10267509
      vertex 0.11285084 -0.10267509 -0.12931556
    endloop
  endfacet
  facet normal 0.585159 -0.635472 -0.503751
    outer loop
      vertex 0.11755705 -0.13763819 -0.08506508
      vertex 0.10267509 -0.12931556 -0.11285084
      vertex 0.12931556 -0.11285084 -0.10267509
    endloop
  endfacet
  facet normal 0.577350 -0.577350 -0.577350
    outer loop
      vertex 0.11285084 -0.10267509 -0.12931556
      vertex 0.12931556 -0.11285084 -0.10267509
      vertex 0.10267509 -0.12931556 -0.11285084
    endloop
  endfacet
  facet normal 0.596421 -0.802672 0.000000
    outer loop
      vertex 0.10514622 -0.17013016 0.00000000
      vertex 0.12312840 -0.15676861 -0.01621726
      vertex 0.12312840 -0.15676861 0.01621726
    endloop
  endfacet
  facet normal 0.680461 -0.728345 -0.080541
    outer loop
      vertex 0.13875610 -0.14040929 -0.03212441
      vertex 0.14058141 -0.14225635 0.00000000
      vertex 0.12312840 -0.15676861 -0.01621726
    endloop
  endfacet
  facet normal 0.680461 -0.728345 0.080541
    outer loop
      vertex 0.13875610 -0.14040929 0.03212441
      vertex 0.12312840 -0.15676861 0.01621726
      vertex 0.14058141 -0.14225635 0.00000000
    endloop
  endfacet
  facet normal 0.639354 -0.768912 0.000000
    outer loop
      vertex 0.12312840 -0.15676861 -0.01621726
      vertex 0.14058141 -0.14225635 0.00000000
      vertex 0.12312840 -0.15676861 0.01621726
    endloop
  endfacet
  facet normal 0.809504 -0.538762 -0.233320
    outer loop
      vertex 0.16180340 -0.10000000 -0.06180340
      vertex 0.16803558 -0.10385170 -0.03128689
      vertex 0.15173046 -0.12136503 -0.04741727
    endloop
  endfacet
  facet normal 0.830386 -0.551642 -0.078417
    outer loop
      vertex 0.17013016 -0.10514622 0.00000000
      vertex 0.15604087 -0.12404792 -0.01622837
      vertex 0.16803558 -0.10385170 -0.03128689
    endloop
  endfacet
  facet normal 0.751866 -0.639868 -0.158952
    outer loop
      vertex 0.13875610 -0.14040929 -0.03212441
      vertex 0.15173046 -0.12136503 -0.04741727
      vertex 0.15604087 -0.12404792 -0.01622837
    endloop
  endfacet
  facet normal 0.791679 -0.589579 -0.160129
    outer loop
      vertex 0.16803558 -0.10385170 -0.03128689
      vertex 0.15604087 -0.12404792 -0.01622837
      vertex 0.15173046 -0.12136503 -0.04741727
    endloop
  endfacet
  facet normal 0.809504 -0.538762 0.233320
    outer loop
      vertex 0.16180340 -0.10000000 0.06180340
      vertex 0.15173046 -0.12136503 0.04741727
      vertex 0.16803558 -0.10385170 0.03128689
    endloop
  endfacet
  facet normal 0.751866 -0.639868 0.158952
    outer loop
      vertex 0.13875610 -0.14040929 0.03212441
      vertex 0.15604087 -0.12404792 0.01622837
      vertex 0.15173046 -0.12136503 0.04741727
    endloop
  endfacet
  facet normal 0.830386 -0.551642 0.078417
    outer loop
      vertex 0.17013016 -0.10514622 0.00000000
      vertex 0.16803558 -0.10385170 0.03128689
      vertex 0.15604087 -0.12404792 0.01622837
    endloop
  endfacet
  facet normal 0.791679 -0.589579 0.160129
    outer loop
      vertex 0.15173046 -0.12136503 0.04741727
      vertex 0.15604087 -0.12404792 0.01622837
      vertex 0.16803558 -0.10385170 0.03128689
    endloop
  endfacet
  facet normal 0.723272 -0.685852 -0.080531
    outer loop
      vertex 0.13875610 -0.14040929 -0.03212441
      vertex 0.15604087 -0.12404792 -0.01622837
      vertex 0.14058141 -0.14225635 0.00000000
    endloop
  endfacet
  facet normal 0.801768 -0.597636 0.000000
    outer loop
      vertex 0.17013016 -0.10514622 0.00000000
      vertex 0.15604087 -0.12404792 0.01622837
      vertex 0.15604087 -0.12404792 -0.01622837
    endloop
  endfacet
  facet normal 0.723272 -0.685852 0.080531
    outer loop
      vertex 0.13875610 -0.14040929 0.03212441
      vertex 0.14058141 -0.14225635 0.00000000
      vertex 0.15604087 -0.12404792 0.01622837
    endloop
  endfacet
  facet normal 0.762305 -0.647218 0.000000
    outer loop
      vertex 0.15604087 -0.12404792 -0.01622837
      vertex 0.15604087 -0.12404792 0.01622837
      vertex 0.14058141 -0.14225635 0.00000000
    endloop
  endfacet
  facet normal 0.883850 -0.050171 -0.465071
    outer loop
      vertex 0.17013016 0.00000000 -0.10514622
      vertex 0.18300868 0.00000000 -0.08067107
      vertex 0.17298587 -0.02624008 -0.09688833
    endloop
  endfacet
  facet normal 0.939566 -0.050000 -0.338698
    outer loop
      vertex 0.19238767 0.00000000 -0.05465331
      vertex 0.18486092 -0.02633107 -0.07164576
      vertex 0.18300868 0.00000000 -0.08067107
    endloop
  endfacet
  facet normal 0.889788 -0.180319 -0.419240
    outer loop
      vertex 0.17253370 -0.05197838 -0.08677771
      vertex 0.17298587 -0.02624008 -0.09688833
      vertex 0.18486092 -0.02633107 -0.07164576
    endloop
  endfacet
  facet normal 0.901705 -0.082070 -0.424492
    outer loop
      vertex 0.18300868 0.00000000 -0.08067107
      vertex 0.18486092 -0.02633107 -0.07164576
      vertex 0.17298587 -0.02624008 -0.09688833
    endloop
  endfacet
  facet normal 0.996384 -0.049505 -0.069057
    outer loop
      vertex 0.20000000 0.00000000 0.00000000
      vertex 0.19753767 -0.02661422 -0.01644849
      vertex 0.19808778 0.00000000 -0.02759045
    endloop
  endfacet
  facet normal 0.971850 -0.181286 -0.150476
    outer loop
      vertex 0.19021130 -0.05257311 -0.03249197
      vertex 0.19327852 -0.02655850 -0.04402341
      vertex 0.19753767 -0.02661422 -0.01644849
    endloop
  endfacet
  facet normal 0.977326 -0.049608 -0.205849
    outer loop
      vertex 0.19238767 0.00000000 -0.05465331
      vertex 0.19808778 0.00000000 -0.02759045
      vertex 0.19327852 -0.02655850 -0.04402341
    endloop
  endfacet
  facet normal 0.984754 -0.084103 -0.152272
    outer loop
      vertex 0.19753767 -0.02661422 -0.01644849
      vertex 0.19327852 -0.02655850 -0.04402341
      vertex 0.19808778 0.00000000 -0.02759045
    endloop
  endfacet
  facet normal 0.852184 -0.427026 -0.302377
    outer loop
      vertex 0.16180340 -0.10000000 -0.06180340
      vertex 0.16878229 -0.07672275 -0.07500771
      vertex 0.17820130 -0.07723748 -0.04773539
    endloop
  endfacet
  facet normal 0.879088 -0.306798 -0.364801
    outer loop
      vertex 0.17253370 -0.05197838 -0.08677771
      vertex 0.18324884 -0.05281655 -0.06025178
      vertex 0.16878229 -0.07672275 -0.07500771
    endloop
  endfacet
  facet normal 0.923386 -0.308167 -0.228893
    outer loop
      vertex 0.19021130 -0.05257311 -0.03249197
      vertex 0.17820130 -0.07723748 -0.04773539
      vertex 0.18324884 -0.05281655 -0.06025178
    endloop
  endfacet
  facet normal 0.885789 -0.343197 -0.312401
    outer loop
      vertex 0.16878229 -0.07672275 -0.07500771
      vertex 0.18324884 -0.05281655 -0.06025178
      vertex 0.17820130 -0.07723748 -0.04773539
    endloop
  endfacet
  facet normal 0.952950 -0.084545 -0.291097
    outer loop
      vertex 0.19238767 0.00000000 -0.05465331
      vertex 0.19327852 -0.02655850 -0.04402341
      vertex 0.18486092 -0.02633107 -0.07164576
    endloop
  endfacet
  facet normal 0.947462 -0.216204 -0.235738
    outer loop
      vertex 0.19021130 -0.05257311 -0.03249197
      vertex 0.18324884 -0.05281655 -0.06025178
      vertex 0.19327852 -0.02655850 -0.04402341
    endloop
  endfacet
  facet normal 0.903180 -0.214847 -0.371628
    outer loop
      vertex 0.17253370 -0.05197838 -0.08677771
      vertex 0.18486092 -0.02633107 -0.07164576
      vertex 0.18324884 -0.05281655 -0.06025178
    endloop
  endfacet
  facet normal 0.940327 -0.181151 -0.288045
    outer loop
      vertex 0.19327852 -0.02655850 -0.04402341
      vertex 0.18324884 -0.05281655 -0.06025178
      vertex 0.18486092 -0.02633107 -0.07164576
    endloop
  endfacet
  facet normal 0.883850 -0.050171 0.465071
    outer loop
      vertex 0.17013016 0.00000000 0.10514622
      vertex 0.17298587 -0.02624008 0.09688833
      vertex 0.18300868 0.00000000 0.08067107
    endloop
  endfacet
  facet normal 0.889788 -0.180319 0.419240
    outer loop
      vertex 0.17253370 -0.05197838 0.08677771
      vertex 0.18486092 -0.02633107 0.07164576
      vertex 0.17298587 -0.02624008 0.09688833
    endloop
  endfacet
  facet normal 0.939566 -0.050000 0.338698
    outer loop
      vertex 0.19238767 0.00000000 0.05465331
      vertex 0.18300868 0.00000000 0.08067107
      vertex 0.18486092 -0.02633107 0.07164576
    endloop
  endfacet
  facet normal 0.901705 -0.082070 0.424492
    outer loop
      vertex 0.17298587 -0.02624008 0.09688833
      vertex 0.18486092 -0.02633107 0.07164576
      vertex 0.18300868 0.00000000 0.08067107
    endloop
  endfacet
  facet normal 0.852184 -0.427026 0.302377
    outer loop
      vertex 0.16180340 -0.10000000 0.06180340
      vertex 0.17820130 -0.07723748 0.04773539
      vertex 0.16878229 -0.07672275 0.07500771
    endloop
  endfacet
  facet normal 0.923386 -0.308167 0.228893
    outer loop
      vertex 0.19021130 -0.05257311 0.03249197
      vertex 0.18324884 -0.05281655 0.06025178
      vertex 0.17820130 -0.07723748 0.04773539
    endloop
  endfacet
  facet normal 0.879088 -0.306798 0.364801
    outer loop
      vertex 0.17253370 -0.05197838 0.08677771
      vertex 0.16878229 -0.07672275 0.07500771
      vertex 0.18324884 -0.05281655 0.06025178
    endloop
  endfacet
  facet normal 0.885789 -0.343197 0.312401
    outer loop
      vertex 0.17820130 -0.07723748 0.04773539
      vertex 0.18324884 -0.05281655 0.06025178
      vertex 0.16878229 -0.07672275 0.07500771
    endloop
  endfacet
  facet normal 0.996384 -0.049505 0.069057
    outer loop
      vertex 0.20000000 0.00000000 0.00000000
      vertex 0.19808778 0.00000000 0.02759045
      vertex 0.19753767 -0.02661422 0.01644849
    endloop
  endfacet
  facet normal 0.977326 -0.049608 0.205849
    outer loop
      vertex 0.19238767 0.00000000 0.05465331
      vertex 0.19327852 -0.02655850 0.04402341
      vertex 0.19808778 0.00000000 0.02759045
    endloop
  endfacet
  facet normal 0.971850 -0.181286 0.150476
    outer loop
      vertex 0.19021130 -0.05257311 0.03249197
      vertex 0.19753767 -0.02661422 0.01644849
      vertex 0.19327852 -0.02655850 0.04402341
    endloop
  endfacet
  facet normal 0.984754 -0.084103 0.152272
    outer loop
      vertex 0.19808778 0.00000000 0.02759045
      vertex 0.19327852 -0.02655850 0.04402341
      vertex 0.19753767 -0.02661422 0.01644849
    endloop
  endfacet
  facet normal 0.903180 -0.214847 0.371628
    outer loop
      vertex 0.17253370 -0.05197838 0.08677771
      vertex 0.18324884 -0.05281655 0.06025178
      vertex 0.18486092 -0.02633107 0.07164576
    endloop
  endfacet
  facet normal 0.947462 -0.216204 0.235738
    outer loop
      vertex 0.19021130 -0.05257311 0.03249197
      vertex 0.19327852 -0.02655850 0.04402341
      vertex 0.18324884 -0.05281655 0.06025178
    endloop
  endfacet
  facet normal 0.952950 -0.084545 0.291097
    outer loop
      vertex 0.19238767 0.00000000 0.05465331
      vertex 0.18486092 -0.02633107 0.07164576
      vertex 0.19327852 -0.02655850 0.04402341
    endloop
  endfacet
  facet normal 0.940327 -0.181151 0.288045
    outer loop
      vertex 0.18324884 -0.05281655 0.06025178
      vertex 0.19327852 -0.02655850 0.04402341
      vertex 0.18486092 -0.02633107 0.07164576
    endloop
  endfacet
  facet normal 0.851640 -0.469405 -0.233171
    outer loop
      vertex 0.16180340 -0.10000000 -0.06180340
      vertex 0.17820130 -0.07723748 -0.04773539
      vertex 0.16803558 -0.10385170 -0.03128689
    endloop
  endfacet
  facet normal 0.922797 -0.350587 -0.159793
    outer loop
      vertex 0.19021130 -0.05257311 -0.03249197
      vertex 0.18259650 -0.07992141 -0.01646472
      vertex 0.17820130 -0.07723748 -0.04773539
    endloop
  endfacet
  facet normal 0.872474 -0.482336 -0.078367
    outer loop
      vertex 0.17013016 -0.10514622 0.00000000
      vertex 0.16803558 -0.10385170 -0.03128689
      vertex 0.18259650 -0.07992141 -0.01646472
    endloop
  endfacet
  facet normal 0.884358 -0.437842 -0.161879
    outer loop
      vertex 0.17820130 -0.07723748 -0.04773539
      vertex 0.18259650 -0.07992141 -0.01646472
      vertex 0.16803558 -0.10385170 -0.03128689
    endloop
  endfacet
  facet normal 0.995747 -0.092126 0.000000
    outer loop
      vertex 0.20000000 0.00000000 0.00000000
      vertex 0.19753767 -0.02661422 0.01644849
      vertex 0.19753767 -0.02661422 -0.01644849
    endloop
  endfacet
  facet normal 0.971231 -0.223786 0.081426
    outer loop
      vertex 0.19021130 -0.05257311 0.03249197
      vertex 0.19277225 -0.05328094 0.00000000
      vertex 0.19753767 -0.02661422 0.01644849
    endloop
  endfacet
  facet normal 0.971231 -0.223786 -0.081426
    outer loop
      vertex 0.19021130 -0.05257311 -0.03249197
      vertex 0.19753767 -0.02661422 -0.01644849
      vertex 0.19277225 -0.05328094 0.00000000
    endloop
  endfacet
  facet normal 0.984405 -0.175916 0.000000
    outer loop
      vertex 0.19753767 -0.02661422 0.01644849
      vertex 0.19277225 -0.05328094 0.00000000
      vertex 0.19753767 -0.02661422 -0.01644849
    endloop
  endfacet
  facet normal 0.851640 -0.469405 0.233171
    outer loop
      vertex 0.16180340 -0.10000000 0.06180340
      vertex 0.16803558 -0.10385170 0.03128689
      vertex 0.17820130 -0.07723748 0.04773539
    endloop
  endfacet
  facet normal 0.872474 -0.482336 0.078367
    outer loop
      vertex 0.17013016 -0.10514622 0.00000000
      vertex 0.18259650 -0.07992141 0.01646472
      vertex 0.16803558 -0.10385170 0.03128689
    endloop
  endfacet
  facet normal 0.922797 -0.350587 0.159793
    outer loop
      vertex 0.19021130 -0.05257311 0.03249197
      vertex 0.17820130 -0.07723748 0.04773539
      vertex 0.18259650 -0.07992141 0.01646472
    endloop
  endfacet
  facet normal 0.884358 -0.437842 0.161879
    outer loop
      vertex 0.16803558 -0.10385170 0.03128689
      vertex 0.18259650 -0.07992141 0.01646472
      vertex 0.17820130 -0.07723748 0.04773539
    endloop
  endfacet
  facet normal 0.946807 -0.311335 -0.081408
    outer loop
      vertex 0.19021130 -0.05257311 -0.03249197
      vertex 0.19277225 -0.05328094 0.00000000
      vertex 0.18259650 -0.07992141 -0.01646472
    endloop
  endfacet
  facet normal 0.946807 -0.311335 0.081408
    outer loop
      vertex 0.19021130 -0.05257311 0.03249197
      vertex 0.18259650 -0.07992141 0.01646472
      vertex 0.19277225 -0.05328094 0.00000000
    endloop
  endfacet
  facet normal 0.896494 -0.443056 0.000000
    outer loop
      vertex 0.17013016 -0.10514622 0.00000000
      vertex 0.18259650 -0.07992141 -0.01646472
      vertex 0.18259650 -0.07992141 0.01646472
    endloop
  endfacet
  facet normal 0.934172 -0.356822 0.000000
    outer loop
      vertex 0.19277225 -0.05328094 0.00000000
      vertex 0.18259650 -0.07992141 0.01646472
      vertex 0.18259650 -0.07992141 -0.01646472
    endloop
  endfacet
  facet normal 0.050171 -0.465071 0.883850
    outer loop
      vertex 0.00000000 -0.10514622 0.17013016
      vertex 0.02624008 -0.09688833 0.17298587
      vertex 0.00000000 -0.08067107 0.18300868
    endloop
  endfacet
  facet normal 0.180319 -0.419240 0.889788
    outer loop
      vertex 0.05197838 -0.08677771 0.17253370
      vertex 0.02633107 -0.07164576 0.18486092
      vertex 0.02624008 -0.09688833 0.17298587
    endloop
  endfacet
  facet normal 0.050000 -0.338698 0.939566
    outer loop
      vertex 0.00000000 -0.05465331 0.19238767
      vertex 0.00000000 -0.08067107 0.18300868
      vertex 0.02633107 -0.07164576 0.18486092
    endloop
  endfacet
  facet normal 0.082070 -0.424492 0.901705
    outer loop
      vertex 0.02624008 -0.09688833 0.17298587
      vertex 0.02633107 -0.07164576 0.18486092
      vertex 0.00000000 -0.08067107 0.18300868
    endloop
  endfacet
  facet normal 0.427026 -0.302377 0.852184
    outer loop
      vertex 0.10000000 -0.06180340 0.16180340
      vertex 0.07723748 -0.04773539 0.17820130
      vertex 0.07672275 -0.07500771 0.16878229
    endloop
  endfacet
  facet normal 0.308167 -0.228893 0.923386
    outer loop
      vertex 0.05257311 -0.03249197 0.19021130
      vertex 0.05281655 -0.06025178 0.18324884
      vertex 0.07723748 -0.04773539 0.17820130
    endloop
  endfacet
  facet normal 0.306798 -0.364801 0.879088
    outer loop
      vertex 0.05197838 -0.08677771 0.17253370
      vertex 0.07672275 -0.07500771 0.16878229
      vertex 0.05281655 -0.06025178 0.18324884
    endloop
  endfacet
  facet normal 0.343197 -0.312401 0.885789
    outer loop
      vertex 0.07723748 -0.04773539 0.17820130
      vertex 0.05281655 -0.06025178 0.18324884
      vertex 0.07672275 -0.07500771 0.16878229
    endloop
  endfacet
  facet normal 0.049505 -0.069057 0.996384
    outer loop
      vertex 0.00000000 0.00000000 0.20000000
      vertex 0.00000000 -0.02759045 0.19808778
      vertex 0.02661422 -0.01644849 0.19753767
    endloop
  endfacet
  facet normal 0.049608 -0.205849 0.977326
    outer loop
      vertex 0.00000000 -0.05465331 0.19238767
      vertex 0.02655850 -0.04402341 0.19327852
      vertex 0.00000000 -0.02759045 0.19808778
    endloop
  endfacet
  facet normal 0.181286 -0.150476 0.971850
    outer loop
      vertex 0.05257311 -0.03249197 0.19021130
      vertex 0.02661422 -0.01644849 0.19753767
      vertex 0.02655850 -0.04402341 0.19327852
    endloop
  endfacet
  facet normal 0.084103 -0.152272 0.984754
    outer loop
      vertex 0.00000000 -0.02759045 0.19808778
      vertex 0.02655850 -0.04402341 0.19327852
      vertex 0.02661422 -0.01644849 0.19753767
    endloop
  endfacet
  facet normal 0.214847 -0.371628 0.903180
    outer loop
      vertex 0.05197838 -0.08677771 0.17253370
      vertex 0.05281655 -0.06025178 0.18324884
      vertex 0.02633107 -0.07164576 0.18486092
    endloop
  endfacet
  facet normal 0.216204 -0.235738 0.947462
    outer loop
      vertex 0.05257311 -0.03249197 0.19021130
      vertex 0.02655850 -0.04402341 0.19327852
      vertex 0.05281655 -0.06025178 0.18324884
    endloop
  endfacet
  facet normal 0.084545 -0.291097 0.952950
    outer loop
      vertex 0.00000000 -0.05465331 0.19238767
      vertex 0.02633107 -0.07164576 0.18486092
      vertex 0.02655850 -0.04402341 0.19327852
    endloop
  endfacet
  facet normal 0.181151 -0.288045 0.940327
    outer loop
      vertex 0.05281655 -0.06025178 0.18324884
      vertex 0.02655850 -0.04402341 0.19327852
      vertex 0.02633107 -0.07164576 0.18486092
    endloop
  endfacet
  facet normal 0.802672 0.000000 0.596421
    outer loop
      vertex 0.17013016 0.00000000 0.10514622
      vertex 0.15676861 0.01621726 0.12312840
      vertex 0.15676861 -0.01621726 0.12312840
    endloop
  endfacet
  facet normal 0.728345 0.080541 0.680461
    outer loop
      vertex 0.14040929 0.03212441 0.13875610
      vertex 0.14225635 0.00000000 0.14058141
      vertex 0.15676861 0.01621726 0.12312840
    endloop
  endfacet
  facet normal 0.728345 -0.080541 0.680461
    outer loop
      vertex 0.14040929 -0.03212441 0.13875610
      vertex 0.15676861 -0.01621726 0.12312840
      vertex 0.14225635 0.00000000 0.14058141
    endloop
  endfacet
  facet normal 0.768912 0.000000 0.639354
    outer loop
      vertex 0.15676861 0.01621726 0.12312840
      vertex 0.14225635 0.00000000 0.14058141
      vertex 0.15676861 -0.01621726 0.12312840
    endloop
  endfacet
  facet normal 0.538762 0.233320 0.809504
    outer loop
      vertex 0.10000000 0.06180340 0.16180340
      vertex 0.10385170 0.03128689 0.16803558
      vertex 0.12136503 0.04741727 0.15173046
    endloop
  endfacet
  facet normal 0.551642 0.078417 0.830386
    outer loop
      vertex 0.10514622 0.00000000 0.17013016
      vertex 0.12404792 0.01622837 0.15604087
      vertex 0.10385170 0.03128689 0.16803558
    endloop
  endfacet
  facet normal 0.639868 0.158952 0.751866
    outer loop
      vertex 0.14040929 0.03212441 0.13875610
      vertex 0.12136503 0.04741727 0.15173046
      vertex 0.12404792 0.01622837 0.15604087
    endloop
  endfacet
  facet normal 0.589579 0.160129 0.791679
    outer loop
      vertex 0.10385170 0.03128689 0.16803558
      vertex 0.12404792 0.01622837 0.15604087
      vertex 0.12136503 0.04741727 0.15173046
    endloop
  endfacet
  facet normal 0.538762 -0.233320 0.809504
    outer loop
      vertex 0.10000000 -0.06180340 0.16180340
      vertex 0.12136503 -0.04741727 0.15173046
      vertex 0.10385170 -0.03128689 0.16803558
    endloop
  endfacet
  facet normal 0.639868 -0.158952 0.751866
    outer loop
      vertex 0.14040929 -0.03212441 0.13875610
      vertex 0.12404792 -0.01622837 0.15604087
      vertex 0.12136503 -0.04741727 0.15173046
    endloop
  endfacet
  facet normal 0.551642 -0.078417 0.830386
    outer loop
      vertex 0.10514622 0.00000000 0.17013016
      vertex 0.10385170 -0.03128689 0.16803558
      vertex 0.12404792 -0.01622837 0.15604087
    endloop
  endfacet
  facet normal 0.589579 -0.160129 0.791679
    outer loop
      vertex 0.12136503 -0.04741727 0.15173046
      vertex 0.12404792 -0.01622837 0.15604087
      vertex 0.10385170 -0.03128689 0.16803558
    endloop
  endfacet
  facet normal 0.685852 0.080531 0.723272
    outer loop
      vertex 0.14040929 0.03212441 0.13875610
      vertex 0.12404792 0.01622837 0.15604087
      vertex 0.14225635 0.00000000 0.14058141
    endloop
  endfacet
  facet normal 0.597636 0.000000 0.801768
    outer loop
      vertex 0.10514622 0.00000000 0.17013016
      vertex 0.12404792 -0.01622837 0.15604087
      vertex 0.12404792 0.01622837 0.15604087
    endloop
  endfacet
  facet normal 0.685852 -0.080531 0.723272
    outer loop
      vertex 0.14040929 -0.03212441 0.13875610
      vertex 0.14225635 0.00000000 0.14058141
      vertex 0.12404792 -0.01622837 0.15604087
    endloop
  endfacet
  facet normal 0.647218 0.000000 0.762305
    outer loop
      vertex 0.12404792 0.01622837 0.15604087
      vertex 0.12404792 -0.01622837 0.15604087
      vertex 0.14225635 0.00000000 0.14058141
    endloop
  endfacet
  facet normal 0.050171 0.465071 0.883850
    outer loop
      vertex 0.00000000 0.10514622 0.17013016
      vertex 0.00000000 0.08067107 0.18300868
      vertex 0.02624008 0.09688833 0.17298587
    endloop
  endfacet
  facet normal 0.050000 0.338698 0.939566
    outer loop
      vertex 0.00000000 0.05465331 0.19238767
      vertex 0.02633107 0.07164576 0.18486092
      vertex 0.00000000 0.08067107 0.18300868
    endloop
  endfacet
  facet normal 0.180319 0.419240 0.889788
    outer loop
      vertex 0.05197838 0.08677771 0.17253370
      vertex 0.02624008 0.09688833 0.17298587
      vertex 0.02633107 0.07164576 0.18486092
    endloop
  endfacet
  facet normal 0.082070 0.424492 0.901705
    outer loop
      vertex 0.00000000 0.08067107 0.18300868
      vertex 0.02633107 0.07164576 0.18486092
      vertex 0.02624008 0.09688833 0.17298587
    endloop
  endfacet
  facet normal 0.049505 0.069057 0.996384
    outer loop
      vertex 0.00000000 0.00000000 0.20000000
      vertex 0.02661422 0.01644849 0.19753767
      vertex 0.00000000 0.02759045 0.19808778
    endloop
  endfacet
  facet normal 0.181286 0.150476 0.971850
    outer loop
      vertex 0.05257311 0.03249197 0.19021130
      vertex 0.02655850 0.04402341 0.19327852
      vertex 0.02661422 0.01644849 0.19753767
    endloop
  endfacet
  facet normal 0.049608 0.205849 0.977326
    outer loop
      vertex 0.00000000 0.05465331 0.19238767
      vertex 0.00000000 0.02759045 0.19808778
      vertex 0.02655850 0.04402341 0.19327852
    endloop
  endfacet
  facet normal 0.084103 0.152272 0.984754
    outer loop
      vertex 0.02661422 0.01644849 0.19753767
      vertex 0.02655850 0.04402341 0.19327852
      vertex 0.00000000 0.02759045 0.19808778
    endloop
  endfacet
  facet normal 0.427026 0.302377 0.852184
    outer loop
      vertex 0.10000000 0.06180340 0.16180340
      vertex 0.07672275 0.07500771 0.16878229
      vertex 0.07723748 0.04773539 0.17820130
    endloop
  endfacet
  facet normal 0.306798 0.364801 0.879088
    outer loop
      vertex 0.05197838 0.08677771 0.17253370
      vertex 0.05281655 0.06025178 0.18324884
      vertex 0.07672275 0.07500771 0.16878229
    endloop
  endfacet
  facet normal 0.308167 0.228893 0.923386
    outer loop
      vertex 0.05257311 0.03249197 0.19021130
      vertex 0.07723748 0.04773539 0.17820130
      vertex 0.05281655 0.06025178 0.18324884
    endloop
  endfacet
  facet normal 0.343197 0.312401 0.885789
    outer loop
      vertex 0.07672275 0.07500771 0.16878229
      vertex 0.05281655 0.06025178 0.18324884
      vertex 0.07723748 0.04773539 0.17820130
    endloop
  endfacet
  facet normal 0.084545 0.291097 0.952950
    outer loop
      vertex 0.00000000 0.05465331 0.19238767
      vertex 0.02655850 0.04402341 0.19327852
      vertex 0.02633107 0.07164576 0.18486092
    endloop
  endfacet
  facet normal 0.216204 0.235738 0.947462
    outer loop
      vertex 0.05257311 0.03249197 0.19021130
      vertex 0.05281655 0.06025178 0.18324884
      vertex 0.02655850 0.04402341 0.19327852
    endloop
  endfacet
  facet normal 0.214847 0.371628 0.903180
    outer loop
      vertex 0.05197838 0.08677771 0.17253370
      vertex 0.02633107 0.07164576 0.18486092
      vertex 0.05281655 0.06025178 0.18324884
    endloop
  endfacet
  facet normal 0.181151 0.288045 0.940327
    outer loop
      vertex 0.02655850 0.04402341 0.19327852
      vertex 0.05281655 0.06025178 0.18324884
      vertex 0.02633107 0.07164576 0.18486092
    endloop
  endfacet
  facet normal 0.469405 -0.233171 0.851640
    outer loop
      vertex 0.10000000 -0.06180340 0.16180340
      vertex 0.10385170 -0.03128689 0.16803558
      vertex 0.07723748 -0.04773539 0.17820130
    endloop
  endfacet
  facet normal 0.482336 -0.078367 0.872474
    outer loop
      vertex 0.10514622 0.00000000 0.17013016
      vertex 0.07992141 -0.01646472 0.18259650
      vertex 0.10385170 -0.03128689 0.16803558
    endloop
  endfacet
  facet normal 0.350587 -0.159793 0.922797
    outer loop
      vertex 0.05257311 -0.03249197 0.19021130
      vertex 0.07723748 -0.04773539 0.17820130
      vertex 0.07992141 -0.01646472 0.18259650
    endloop
  endfacet
  facet normal 0.437842 -0.161879 0.884358
    outer loop
      vertex 0.10385170 -0.03128689 0.16803558
      vertex 0.07992141 -0.01646472 0.18259650
      vertex 0.07723748 -0.04773539 0.17820130
    endloop
  endfacet
  facet normal 0.469405 0.233171 0.851640
    outer loop
      vertex 0.10000000 0.06180340 0.16180340
      vertex 0.07723748 0.04773539 0.17820130
      vertex 0.10385170 0.03128689 0.16803558
    endloop
  endfacet
  facet normal 0.350587 0.159793 0.922797
    outer loop
      vertex 0.05257311 0.03249197 0.19021130
      vertex 0.07992141 0.01646472 0.18259650
      vertex 0.07723748 0.04773539 0.17820130
    endloop
  endfacet
  facet normal 0.482336 0.078367 0.872474
    outer loop
      vertex 0.10514622 0.00000000 0.17013016
      vertex 0.10385170 0.03128689 0.16803558
      vertex 0.07992141 0.01646472 0.18259650
    endloop
  endfacet
  facet normal 0.437842 0.161879 0.884358
    outer loop
      vertex 0.07723748 0.04773539 0.17820130
      vertex 0.07992141 0.01646472 0.18259650
      vertex 0.10385170 0.03128689 0.16803558
    endloop
  endfacet
  facet normal 0.092126 0.000000 0.995747
    outer loop
      vertex 0.00000000 0.00000000 0.20000000
      vertex 0.02661422 -0.01644849 0.19753767
      vertex 0.02661422 0.01644849 0.19753767
    endloop
  endfacet
  facet normal 0.223786 -0.081426 0.971231
    outer loop
      vertex 0.05257311 -0.03249197 0.19021130
      vertex 0.05328094 0.00000000 0.19277225
      vertex 0.02661422 -0.01644849 0.19753767
    endloop
  endfacet
  facet normal 0.223786 0.081426 0.971231
    outer loop
      vertex 0.05257311 0.03249197 0.19021130
      vertex 0.02661422 0.01644849 0.19753767
      vertex 0.05328094 0.00000000 0.19277225
    endloop
  endfacet
  facet normal 0.175916 -0.000000 0.984405
    outer loop
      vertex 0.02661422 -0.01644849 0.19753767
      vertex 0.05328094 0.00000000 0.19277225
      vertex 0.02661422 0.01644849 0.19753767
    endloop
  endfacet
  facet normal 0.443056 0.000000 0.896494
    outer loop
      vertex 0.10514622 0.00000000 0.17013016
      vertex 0.07992141 0.01646472 0.18259650
      vertex 0.07992141 -0.01646472 0.18259650
    endloop
  endfacet
  facet normal 0.311335 0.081408 0.946807
    outer loop
      vertex 0.05257311 0.03249197 0.19021130
      vertex 0.05328094 0.00000000 0.19277225
      vertex 0.07992141 0.01646472 0.18259650
    endloop
  endfacet
  facet normal 0.311335 -0.081408 0.946807
    outer loop
      vertex 0.05257311 -0.03249197 0.19021130
      vertex 0.07992141 -0.01646472 0.18259650
      vertex 0.05328094 0.00000000 0.19277225
    endloop
  endfacet
  facet normal 0.356822 0.000000 0.934172
    outer loop
      vertex 0.07992141 0.01646472 0.18259650
      vertex 0.05328094 0.00000000 0.19277225
      vertex 0.07992141 -0.01646472 0.18259650
    endloop
  endfacet
  facet normal -0.546250 -0.833679 0.081178
    outer loop
      vertex -0.10514622 -0.17013016 0.00000000
      vertex -0.09688833 -0.17298587 0.02624008
      vertex -0.12312840 -0.15676861 0.01621726
    endloop
  endfacet
  facet normal -0.500142 -0.839788 0.211221
    outer loop
      vertex -0.08677771 -0.17253370 0.05197838
      vertex -0.11425033 -0.15852985 0.04260457
      vertex -0.09688833 -0.17298587 0.02624008
    endloop
  endfacet
  facet normal -0.630461 -0.759246 0.161444
    outer loop
      vertex -0.13875610 -0.14040929 0.03212441
      vertex -0.12312840 -0.15676861 0.01621726
      vertex -0.11425033 -0.15852985 0.04260457
    endloop
  endfacet
  facet normal -0.557284 -0.819634 0.132793
    outer loop
      vertex -0.09688833 -0.17298587 0.02624008
      vertex -0.11425033 -0.15852985 0.04260457
      vertex -0.12312840 -0.15676861 0.01621726
    endloop
  endfacet
  facet normal -0.382479 -0.802678 0.457622
    outer loop
      vertex -0.06180340 -0.16180340 0.10000000
      vertex -0.09079810 -0.15158708 0.09368597
      vertex -0.07500771 -0.16878229 0.07672275
    endloop
  endfacet
  facet normal -0.522219 -0.742100 0.420208
    outer loop
      vertex -0.11755705 -0.13763819 0.08506508
      vertex -0.10322432 -0.15669034 0.06923060
      vertex -0.09079810 -0.15158708 0.09368597
    endloop
  endfacet
  facet normal -0.445068 -0.829480 0.337457
    outer loop
      vertex -0.08677771 -0.17253370 0.05197838
      vertex -0.07500771 -0.16878229 0.07672275
      vertex -0.10322432 -0.15669034 0.06923060
    endloop
  endfacet
  facet normal -0.448483 -0.801686 0.395175
    outer loop
      vertex -0.09079810 -0.15158708 0.09368597
      vertex -0.10322432 -0.15669034 0.06923060
      vertex -0.07500771 -0.16878229 0.07672275
    endloop
  endfacet
  facet normal -0.759999 -0.569358 0.313422
    outer loop
      vertex -0.16180340 -0.10000000 0.06180340
      vertex -0.15173046 -0.12136503 0.04741727
      vertex -0.14142136 -0.12030019 0.07434961
    endloop
  endfacet
  facet normal -0.702258 -0.670528 0.239219
    outer loop
      vertex -0.13875610 -0.14040929 0.03212441
      vertex -0.12948238 -0.14046197 0.05920092
      vertex -0.15173046 -0.12136503 0.04741727
    endloop
  endfacet
  facet normal -0.649101 -0.663683 0.371743
    outer loop
      vertex -0.11755705 -0.13763819 0.08506508
      vertex -0.14142136 -0.12030019 0.07434961
      vertex -0.12948238 -0.14046197 0.05920092
    endloop
  endfacet
  facet normal -0.707576 -0.641557 0.296210
    outer loop
      vertex -0.15173046 -0.12136503 0.04741727
      vertex -0.12948238 -0.14046197 0.05920092
      vertex -0.14142136 -0.12030019 0.07434961
    endloop
  endfacet
  facet normal -0.508425 -0.818634 0.267099
    outer loop
      vertex -0.08677771 -0.17253370 0.05197838
      vertex -0.10322432 -0.15669034 0.06923060
      vertex -0.11425033 -0.15852985 0.04260457
    endloop
  endfacet
  facet normal -0.585563 -0.731257 0.349826
    outer loop
      vertex -0.11755705 -0.13763819 0.08506508
      vertex -0.12948238 -0.14046197 0.05920092
      vertex -0.10322432 -0.15669034 0.06923060
    endloop
  endfacet
  facet normal -0.638727 -0.738104 0.217328
    outer loop
      vertex -0.13875610 -0.14040929 0.03212441
      vertex -0.11425033 -0.15852985 0.04260457
      vertex -0.12948238 -0.14046197 0.05920092
    endloop
  endfacet
  facet normal -0.581154 -0.759176 0.293108
    outer loop
      vertex -0.10322432 -0.15669034 0.06923060
      vertex -0.12948238 -0.14046197 0.05920092
      vertex -0.11425033 -0.15852985 0.04260457
    endloop
  endfacet
  facet normal -0.081178 -0.546250 0.833679
    outer loop
      vertex 0.00000000 -0.10514622 0.17013016
      vertex -0.02624008 -0.09688833 0.17298587
      vertex -0.01621726 -0.12312840 0.15676861
    endloop
  endfacet
  facet normal -0.211221 -0.500142 0.839788
    outer loop
      vertex -0.05197838 -0.08677771 0.17253370
      vertex -0.04260457 -0.11425033 0.15852985
      vertex -0.02624008 -0.09688833 0.17298587
    endloop
  endfacet
  facet normal -0.161444 -0.630461 0.759246
    outer loop
      vertex -0.03212441 -0.13875610 0.14040929
      vertex -0.01621726 -0.12312840 0.15676861
      vertex -0.04260457 -0.11425033 0.15852985
    endloop
  endfacet
  facet normal -0.132793 -0.557284 0.819634
    outer loop
      vertex -0.02624008 -0.09688833 0.17298587
      vertex -0.04260457 -0.11425033 0.15852985
      vertex -0.01621726 -0.12312840 0.15676861
    endloop
  endfacet
  facet normal -0.457622 -0.382479 0.802678
    outer loop
      vertex -0.10000000 -0.06180340 0.16180340
      vertex -0.09368597 -0.09079810 0.15158708
      vertex -0.07672275 -0.07500771 0.16878229
    endloop
  endfacet
  facet normal -0.420208 -0.522219 0.742100
    outer loop
      vertex -0.08506508 -0.11755705 0.13763819
      vertex -0.06923060 -0.10322432 0.15669034
      vertex -0.09368597 -0.09079810 0.15158708
    endloop
  endfacet
  facet normal -0.337457 -0.445068 0.829480
    outer loop
      vertex -0.05197838 -0.08677771 0.17253370
      vertex -0.07672275 -0.07500771 0.16878229
      vertex -0.06923060 -0.10322432 0.15669034
    endloop
  endfacet
  facet normal -0.395175 -0.448483 0.801686
    outer loop
      vertex -0.09368597 -0.09079810 0.15158708
      vertex -0.06923060 -0.10322432 0.15669034
      vertex -0.07672275 -0.07500771 0.16878229
    endloop
  endfacet
  facet normal -0.313422 -0.759999 0.569358
    outer loop
      vertex -0.06180340 -0.16180340 0.10000000
      vertex -0.04741727 -0.15173046 0.12136503
      vertex -0.07434961 -0.14142136 0.12030019
    endloop
  endfacet
  facet normal -0.239219 -0.702258 0.670528
    outer loop
      vertex -0.03212441 -0.13875610 0.14040929
      vertex -0.05920092 -0.12948238 0.14046197
      vertex -0.04741727 -0.15173046 0.12136503
    endloop
  endfacet
  facet normal -0.371743 -0.649101 0.663683
    outer loop
      vertex -0.08506508 -0.11755705 0.13763819
      vertex -0.07434961 -0.14142136 0.12030019
      vertex -0.05920092 -0.12948238 0.14046197
    endloop
  endfacet
  facet normal -0.296210 -0.707576 0.641557
    outer loop
      vertex -0.04741727 -0.15173046 0.12136503
      vertex -0.05920092 -0.12948238 0.14046197
      vertex -0.07434961 -0.14142136 0.12030019
    endloop
  endfacet
  facet normal -0.267099 -0.508425 0.818634
    outer loop
      vertex -0.05197838 -0.08677771 0.17253370
      vertex -0.06923060 -0.10322432 0.15669034
      vertex -0.04260457 -0.11425033 0.15852985
    endloop
  endfacet
  facet normal -0.349826 -0.585563 0.731257
    outer loop
      vertex -0.08506508 -0.11755705 0.13763819
      vertex -0.05920092 -0.12948238 0.14046197
      vertex -0.06923060 -0.10322432 0.15669034
    endloop
  endfacet
  facet normal -0.217328 -0.638727 0.738104
    outer loop
      vertex -0.03212441 -0.13875610 0.14040929
      vertex -0.04260457 -0.11425033 0.15852985
      vertex -0.05920092 -0.12948238 0.14046197
    endloop
  endfacet
  facet normal -0.293108 -0.581154 0.759176
    outer loop
      vertex -0.06923060 -0.10322432 0.15669034
      vertex -0.05920092 -0.12948238 0.14046197
      vertex -0.04260457 -0.11425033 0.15852985
    endloop
  endfacet
  facet normal -0.833679 -0.081178 0.546250
    outer loop
      vertex -0.17013016 0.00000000 0.10514622
      vertex -0.17298587 -0.02624008 0.09688833
      vertex -0.15676861 -0.01621726 0.12312840
    endloop
  endfacet
  facet normal -0.839788 -0.211221 0.500142
    outer loop
      vertex -0.17253370 -0.05197838 0.08677771
      vertex -0.15852985 -0.04260457 0.11425033
      vertex -0.17298587 -0.02624008 0.09688833
    endloop
  endfacet
  facet normal -0.759246 -0.161444 0.630461
    outer loop
      vertex -0.14040929 -0.03212441 0.13875610
      vertex -0.15676861 -0.01621726 0.12312840
      vertex -0.15852985 -0.04260457 0.11425033
    endloop
  endfacet
  facet normal -0.819634 -0.132793 0.557284
    outer loop
      vertex -0.17298587 -0.02624008 0.09688833
      vertex -0.15852985 -0.04260457 0.11425033
      vertex -0.15676861 -0.01621726 0.12312840
    endloop
  endfacet
  facet normal -0.802678 -0.457622 0.382479
    outer loop
      vertex -0.16180340 -0.10000000 0.06180340
      vertex -0.15158708 -0.09368597 0.09079810
      vertex -0.16878229 -0.07672275 0.07500771
    endloop
  endfacet
  facet normal -0.742100 -0.420208 0.522219
    outer loop
      vertex -0.13763819 -0.08506508 0.11755705
      vertex -0.15669034 -0.06923060 0.10322432
      vertex -0.15158708 -0.09368597 0.09079810
    endloop
  endfacet
  facet normal -0.829480 -0.337457 0.445068
    outer loop
      vertex -0.17253370 -0.05197838 0.08677771
      vertex -0.16878229 -0.07672275 0.07500771
      vertex -0.15669034 -0.06923060 0.10322432
    endloop
  endfacet
  facet normal -0.801686 -0.395175 0.448483
    outer loop
      vertex -0.15158708 -0.09368597 0.09079810
      vertex -0.15669034 -0.06923060 0.10322432
      vertex -0.16878229 -0.07672275 0.07500771
    endloop
  endfacet
  facet normal -0.569358 -0.313422 0.759999
    outer loop
      vertex -0.10000000 -0.06180340 0.16180340
      vertex -0.12136503 -0.04741727 0.15173046
      vertex -0.12030019 -0.07434961 0.14142136
    endloop
  endfacet
  facet normal -0.670528 -0.239219 0.702258
    outer loop
      vertex -0.14040929 -0.03212441 0.13875610
      vertex -0.14046197 -0.05920092 0.12948238
      vertex -0.12136503 -0.04741727 0.15173046
    endloop
  endfacet
  facet normal -0.663683 -0.371743 0.649101
    outer loop
      vertex -0.13763819 -0.08506508 0.11755705
      vertex -0.12030019 -0.07434961 0.14142136
      vertex -0.14046197 -0.05920092 0.12948238
    endloop
  endfacet
  facet normal -0.641557 -0.296210 0.707576
    outer loop
      vertex -0.12136503 -0.04741727 0.15173046
      vertex -0.14046197 -0.05920092 0.12948238
      vertex -0.12030019 -0.07434961 0.14142136
    endloop
  endfacet
  facet normal -0.818634 -0.267099 0.508425
    outer loop
      vertex -0.17253370 -0.05197838 0.08677771
      vertex -0.15669034 -0.06923060 0.10322432
      vertex -0.15852985 -0.04260457 0.11425033
    endloop
  endfacet
  facet normal -0.731257 -0.349826 0.585563
    outer loop
      vertex -0.13763819 -0.08506508 0.11755705
      vertex -0.14046197 -0.05920092 0.12948238
      vertex -0.15669034 -0.06923060 0.10322432
    endloop
  endfacet
  facet normal -0.738104 -0.217328 0.638727
    outer loop
      vertex -0.14040929 -0.03212441 0.13875610
      vertex -0.15852985 -0.04260457 0.11425033
      vertex -0.14046197 -0.05920092 0.12948238
    endloop
  endfacet
  facet normal -0.759176 -0.293108 0.581154
    outer loop
      vertex -0.15669034 -0.06923060 0.10322432
      vertex -0.14046197 -0.05920092 0.12948238
      vertex -0.15852985 -0.04260457 0.11425033
    endloop
  endfacet
  facet normal -0.382234 -0.759514 0.526342
    outer loop
      vertex -0.06180340 -0.16180340 0.10000000
      vertex -0.07434961 -0.14142136 0.12030019
      vertex -0.09079810 -0.15158708 0.09368597
    endloop
  endfacet
  facet normal -0.440461 -0.648687 0.620644
    outer loop
      vertex -0.08506508 -0.11755705 0.13763819
      vertex -0.10267509 -0.12931556 0.11285084
      vertex -0.07434961 -0.14142136 0.12030019
    endloop
  endfacet
  facet normal -0.521887 -0.699011 0.488895
    outer loop
      vertex -0.11755705 -0.13763819 0.08506508
      vertex -0.09079810 -0.15158708 0.09368597
      vertex -0.10267509 -0.12931556 0.11285084
    endloop
  endfacet
  facet normal -0.446517 -0.708443 0.546564
    outer loop
      vertex -0.07434961 -0.14142136 0.12030019
      vertex -0.10267509 -0.12931556 0.11285084
      vertex -0.09079810 -0.15158708 0.09368597
    endloop
  endfacet
  facet normal -0.526342 -0.382234 0.759514
    outer loop
      vertex -0.10000000 -0.06180340 0.16180340
      vertex -0.12030019 -0.07434961 0.14142136
      vertex -0.09368597 -0.09079810 0.15158708
    endloop
  endfacet
  facet normal -0.620644 -0.440461 0.648687
    outer loop
      vertex -0.13763819 -0.08506508 0.11755705
      vertex -0.11285084 -0.10267509 0.12931556
      vertex -0.12030019 -0.07434961 0.14142136
    endloop
  endfacet
  facet normal -0.488895 -0.521887 0.699011
    outer loop
      vertex -0.08506508 -0.11755705 0.13763819
      vertex -0.09368597 -0.09079810 0.15158708
      vertex -0.11285084 -0.10267509 0.12931556
    endloop
  endfacet
  facet normal -0.546564 -0.446517 0.708443
    outer loop
      vertex -0.12030019 -0.07434961 0.14142136
      vertex -0.11285084 -0.10267509 0.12931556
      vertex -0.09368597 -0.09079810 0.15158708
    endloop
  endfacet
  facet normal -0.759514 -0.526342 0.382234
    outer loop
      vertex -0.16180340 -0.10000000 0.06180340
      vertex -0.14142136 -0.12030019 0.07434961
      vertex -0.15158708 -0.09368597 0.09079810
    endloop
  endfacet
  facet normal -0.648687 -0.620644 0.440461
    outer loop
      vertex -0.11755705 -0.13763819 0.08506508
      vertex -0.12931556 -0.11285084 0.10267509
      vertex -0.14142136 -0.12030019 0.07434961
    endloop
  endfacet
  facet normal -0.699011 -0.488895 0.521887
    outer loop
      vertex -0.13763819 -0.08506508 0.11755705
      vertex -0.15158708 -0.09368597 0.09079810
      vertex -0.12931556 -0.11285084 0.10267509
    endloop
  endfacet
  facet normal -0.708443 -0.546564 0.446517
    outer loop
      vertex -0.14142136 -0.12030019 0.07434961
      vertex -0.12931556 -0.11285084 0.10267509
      vertex -0.15158708 -0.09368597 0.09079810
    endloop
  endfacet
  facet normal -0.503751 -0.585159 0.635472
    outer loop
      vertex -0.08506508 -0.11755705 0.13763819
      vertex -0.11285084 -0.10267509 0.12931556
      vertex -0.10267509 -0.12931556 0.11285084
    endloop
  endfacet
  facet normal -0.635472 -0.503751 0.585159
    outer loop
      vertex -0.13763819 -0.08506508 0.11755705
      vertex -0.12931556 -0.11285084 0.10267509
      vertex -0.11285084 -0.10267509 0.12931556
    endloop
  endfacet
  facet normal -0.585159 -0.635472 0.503751
    outer loop
      vertex -0.11755705 -0.13763819 0.08506508
      vertex -0.10267509 -0.12931556 0.11285084
      vertex -0.12931556 -0.11285084 0.10267509
    endloop
  endfacet
  facet normal -0.577350 -0.577350 0.577350
    outer loop
      vertex -0.11285084 -0.10267509 0.12931556
      vertex -0.12931556 -0.11285084 0.10267509
      vertex -0.10267509 -0.12931556 0.11285084
    endloop
  endfacet
  facet normal -0.081178 -0.546250 -0.833679
    outer loop
      vertex 0.00000000 -0.10514622 -0.17013016
      vertex -0.01621726 -0.12312840 -0.15676861
      vertex -0.02624008 -0.09688833 -0.17298587
    endloop
  endfacet
  facet normal -0.161444 -0.630461 -0.759246
    outer loop
      vertex -0.03212441 -0.13875610 -0.14040929
      vertex -0.04260457 -0.11425033 -0.15852985
      vertex -0.01621726 -0.12312840 -0.15676861
    endloop
  endfacet
  facet normal -0.211221 -0.500142 -0.839788
    outer loop
      vertex -0.05197838 -0.08677771 -0.17253370
      vertex -0.02624008 -0.09688833 -0.17298587
      vertex -0.04260457 -0.11425033 -0.15852985
    endloop
  endfacet
  facet normal -0.132793 -0.557284 -0.819634
    outer loop
      vertex -0.01621726 -0.12312840 -0.15676861
      vertex -0.04260457 -0.11425033 -0.15852985
      vertex -0.02624008 -0.09688833 -0.17298587
    endloop
  endfacet
  facet normal -0.313422 -0.759999 -0.569358
    outer loop
      vertex -0.06180340 -0.16180340 -0.10000000
      vertex -0.07434961 -0.14142136 -0.12030019
      vertex -0.04741727 -0.15173046 -0.12136503
    endloop
  endfacet
  facet normal -0.371743 -0.649101 -0.663683
    outer loop
      vertex -0.08506508 -0.11755705 -0.13763819
      vertex -0.05920092 -0.12948238 -0.14046197
      vertex -0.07434961 -0.14142136 -0.12030019
    endloop
  endfacet
  facet normal -0.239219 -0.702258 -0.670528
    outer loop
      vertex -0.03212441 -0.13875610 -0.14040929
      vertex -0.04741727 -0.15173046 -0.12136503
      vertex -0.05920092 -0.12948238 -0.14046197
    endloop
  endfacet
  facet normal -0.296210 -0.707576 -0.641557
    outer loop
      vertex -0.07434961 -0.14142136 -0.12030019
      vertex -0.05920092 -0.12948238 -0.14046197
      vertex -0.04741727 -0.15173046 -0.12136503
    endloop
  endfacet
  facet normal -0.457622 -0.382479 -0.802678
    outer loop
      vertex -0.10000000 -0.06180340 -0.16180340
      vertex -0.07672275 -0.07500771 -0.16878229
      vertex -0.09368597 -0.09079810 -0.15158708
    endloop
  endfacet
  facet normal -0.337457 -0.445068 -0.829480
    outer loop
      vertex -0.05197838 -0.08677771 -0.17253370
      vertex -0.06923060 -0.10322432 -0.15669034
      vertex -0.07672275 -0.07500771 -0.16878229
    endloop
  endfacet
  facet normal -0.420208 -0.522219 -0.742100
    outer loop
      vertex -0.08506508 -0.11755705 -0.13763819
      vertex -0.09368597 -0.09079810 -0.15158708
      vertex -0.06923060 -0.10322432 -0.15669034
    endloop
  endfacet
  facet normal -0.395175 -0.448483 -0.801686
    outer loop
      vertex -0.07672275 -0.07500771 -0.16878229
      vertex -0.06923060 -0.10322432 -0.15669034
      vertex -0.09368597 -0.09079810 -0.15158708
    endloop
  endfacet
  facet normal -0.217328 -0.638727 -0.738104
    outer loop
      vertex -0.03212441 -0.13875610 -0.14040929
      vertex -0.05920092 -0.12948238 -0.14046197
      vertex -0.04260457 -0.11425033 -0.15852985
    endloop
  endfacet
  facet normal -0.349826 -0.585563 -0.731257
    outer loop
      vertex -0.08506508 -0.11755705 -0.13763819
      vertex -0.06923060 -0.10322432 -0.15669034
      vertex -0.05920092 -0.12948238 -0.14046197
    endloop
  endfacet
  facet normal -0.267099 -0.508425 -0.818634
    outer loop
      vertex -0.05197838 -0.08677771 -0.17253370
      vertex -0.04260457 -0.11425033 -0.15852985
      vertex -0.06923060 -0.10322432 -0.15669034
    endloop
  endfacet
  facet normal -0.293108 -0.581154 -0.759176
    outer loop
      vertex -0.05920092 -0.12948238 -0.14046197
      vertex -0.06923060 -0.10322432 -0.15669034
      vertex -0.04260457 -0.11425033 -0.15852985
    endloop
  endfacet
  facet normal -0.546250 -0.833679 -0.081178
    outer loop
      vertex -0.10514622 -0.17013016 0.00000000
      vertex -0.12312840 -0.15676861 -0.01621726
      vertex -0.09688833 -0.17298587 -0.02624008
    endloop
  endfacet
  facet normal -0.630461 -0.759246 -0.161444
    outer loop
      vertex -0.13875610 -0.14040929 -0.03212441
      vertex -0.11425033 -0.15852985 -0.04260457
      vertex -0.12312840 -0.15676861 -0.01621726
    endloop
  endfacet
  facet normal -0.500142 -0.839788 -0.211221
    outer loop
      vertex -0.08677771 -0.17253370 -0.05197838
      vertex -0.09688833 -0.17298587 -0.02624008
      vertex -0.11425033 -0.15852985 -0.04260457
    endloop
  endfacet
  facet normal -0.557284 -0.819634 -0.132793
    outer loop
      vertex -0.12312840 -0.15676861 -0.01621726
      vertex -0.11425033 -0.15852985 -0.04260457
      vertex -0.09688833 -0.17298587 -0.02624008
    endloop
  endfacet
  facet normal -0.759999 -0.569358 -0.313422
    outer loop
      vertex -0.16180340 -0.10000000 -0.06180340
      vertex -0.14142136 -0.12030019 -0.07434961
      vertex -0.15173046 -0.12136503 -0.04741727
    endloop
  endfacet
  facet normal -0.649101 -0.663683 -0.371743
    outer loop
      vertex -0.11755705 -0.13763819 -0.08506508
      vertex -0.12948238 -0.14046197 -0.05920092
      vertex -0.14142136 -0.12030019 -0.07434961
    endloop
  endfacet
  facet normal -0.702258 -0.670528 -0.239219
    outer loop
      vertex -0.13875610 -0.14040929 -0.03212441
      vertex -0.15173046 -0.12136503 -0.04741727
      vertex -0.12948238 -0.14046197 -0.05920092
    endloop
  endfacet
  facet normal -0.707576 -0.641557 -0.296210
    outer loop
      vertex -0.14142136 -0.12030019 -0.07434961
      vertex -0.12948238 -0.14046197 -0.05920092
      vertex -0.15173046 -0.12136503 -0.04741727
    endloop
  endfacet
  facet normal -0.382479 -0.802678 -0.457622
    outer loop
      vertex -0.06180340 -0.16180340 -0.10000000
      vertex -0.07500771 -0.16878229 -0.07672275
      vertex -0.09079810 -0.15158708 -0.09368597
    endloop
  endfacet
  facet normal -0.445068 -0.829480 -0.337457
    outer loop
      vertex -0.08677771 -0.17253370 -0.05197838
      vertex -0.10322432 -0.15669034 -0.06923060
      vertex -0.07500771 -0.16878229 -0.07672275
    endloop
  endfacet
  facet normal -0.522219 -0.742100 -0.420208
    outer loop
      vertex -0.11755705 -0.13763819 -0.08506508
      vertex -0.09079810 -0.15158708 -0.09368597
      vertex -0.10322432 -0.15669034 -0.06923060
    endloop
  endfacet
  facet normal -0.448483 -0.801686 -0.395175
    outer loop
      vertex -0.07500771 -0.16878229 -0.07672275
      vertex -0.10322432 -0.15669034 -0.06923060
      vertex -0.09079810 -0.15158708 -0.09368597
    endloop
  endfacet
  facet normal -0.638727 -0.738104 -0.217328
    outer loop
      vertex -0.13875610 -0.14040929 -0.03212441
      vertex -0.12948238 -0.14046197 -0.05920092
      vertex -0.11425033 -0.15852985 -0.04260457
    endloop
  endfacet
  facet normal -0.585563 -0.731257 -0.349826
    outer loop
      vertex -0.11755705 -0.13763819 -0.08506508
      vertex -0.10322432 -0.15669034 -0.06923060
      vertex -0.12948238 -0.14046197 -0.05920092
    endloop
  endfacet
  facet normal -0.508425 -0.818634 -0.267099
    outer loop
      vertex -0.08677771 -0.17253370 -0.05197838
      vertex -0.11425033 -0.15852985 -0.04260457
      vertex -0.10322432 -0.15669034 -0.06923060
    endloop
  endfacet
  facet normal -0.581154 -0.759176 -0.293108
    outer loop
      vertex -0.12948238 -0.14046197 -0.05920092
      vertex -0.10322432 -0.15669034 -0.06923060
      vertex -0.11425033 -0.15852985 -0.04260457
    endloop
  endfacet
  facet normal -0.833679 -0.081178 -0.546250
    outer loop
      vertex -0.17013016 0.00000000 -0.10514622
      vertex -0.15676861 -0.01621726 -0.12312840
      vertex -0.17298587 -0.02624008 -0.09688833
    endloop
  endfacet
  facet normal -0.759246 -0.161444 -0.630461
    outer loop
      vertex -0.14040929 -0.03212441 -0.13875610
      vertex -0.15852985 -0.04260457 -0.11425033
      vertex -0.15676861 -0.01621726 -0.12312840
    endloop
  endfacet
  facet normal -0.839788 -0.211221 -0.500142
    outer loop
      vertex -0.17253370 -0.05197838 -0.08677771
      vertex -0.17298587 -0.02624008 -0.09688833
      vertex -0.15852985 -0.04260457 -0.11425033
    endloop
  endfacet
  facet normal -0.819634 -0.132793 -0.557284
    outer loop
      vertex -0.15676861 -0.01621726 -0.12312840
      vertex -0.15852985 -0.04260457 -0.11425033
      vertex -0.17298587 -0.02624008 -0.09688833
    endloop
  endfacet
  facet normal -0.569358 -0.313422 -0.759999
    outer loop
      vertex -0.10000000 -0.06180340 -0.16180340
      vertex -0.12030019 -0.07434961 -0.14142136
      vertex -0.12136503 -0.04741727 -0.15173046
    endloop
  endfacet
  facet normal -0.663683 -0.371743 -0.649101
    outer loop
      vertex -0.13763819 -0.08506508 -0.11755705
      vertex -0.14046197 -0.05920092 -0.12948238
      vertex -0.12030019 -0.07434961 -0.14142136
    endloop
  endfacet
  facet normal -0.670528 -0.239219 -0.702258
    outer loop
      vertex -0.14040929 -0.03212441 -0.13875610
      vertex -0.12136503 -0.04741727 -0.15173046
      vertex -0.14046197 -0.05920092 -0.12948238
    endloop
  endfacet
  facet normal -0.641557 -0.296210 -0.707576
    outer loop
      vertex -0.12030019 -0.07434961 -0.14142136
      vertex -0.14046197 -0.05920092 -0.12948238
      vertex -0.12136503 -0.04741727 -0.15173046
    endloop
  endfacet
  facet normal -0.802678 -0.457622 -0.382479
    outer loop
      vertex -0.16180340 -0.10000000 -0.06180340
      vertex -0.16878229 -0.07672275 -0.07500771
      vertex -0.15158708 -0.09368597 -0.09079810
    endloop
  endfacet
  facet normal -0.829480 -0.337457 -0.445068
    outer loop
      vertex -0.17253370 -0.05197838 -0.08677771
      vertex -0.15669034 -0.06923060 -0.10322432
      vertex -0.16878229 -0.07672275 -0.07500771
    endloop
  endfacet
  facet normal -0.742100 -0.420208 -0.522219
    outer loop
      vertex -0.13763819 -0.08506508 -0.11755705
      vertex -0.15158708 -0.09368597 -0.09079810
      vertex -0.15669034 -0.06923060 -0.10322432
    endloop
  endfacet
  facet normal -0.801686 -0.395175 -0.448483
    outer loop
      vertex -0.16878229 -0.07672275 -0.07500771
      vertex -0.15669034 -0.06923060 -0.10322432
      vertex -0.15158708 -0.09368597 -0.09079810
    endloop
  endfacet
  facet normal -0.738104 -0.217328 -0.638727
    outer loop
      vertex -0.14040929 -0.03212441 -0.13875610
      vertex -0.14046197 -0.05920092 -0.12948238
      vertex -0.15852985 -0.04260457 -0.11425033
    endloop
  endfacet
  facet normal -0.731257 -0.349826 -0.585563
    outer loop
      vertex -0.13763819 -0.08506508 -0.11755705
      vertex -0.15669034 -0.06923060 -0.10322432
      vertex -0.14046197 -0.05920092 -0.12948238
    endloop
  endfacet
  facet normal -0.818634 -0.267099 -0.508425
    outer loop
      vertex -0.17253370 -0.05197838 -0.08677771
      vertex -0.15852985 -0.04260457 -0.11425033
      vertex -0.15669034 -0.06923060 -0.10322432
    endloop
  endfacet
  facet normal -0.759176 -0.293108 -0.581154
    outer loop
      vertex -0.14046197 -0.05920092 -0.12948238
      vertex -0.15669034 -0.06923060 -0.10322432
      vertex -0.15852985 -0.04260457 -0.11425033
    endloop
  endfacet
  facet normal -0.382234 -0.759514 -0.526342
    outer loop
      vertex -0.06180340 -0.16180340 -0.10000000
      vertex -0.09079810 -0.15158708 -0.09368597
      vertex -0.07434961 -0.14142136 -0.12030019
    endloop
  endfacet
  facet normal -0.521887 -0.699011 -0.488895
    outer loop
      vertex -0.11755705 -0.13763819 -0.08506508
      vertex -0.10267509 -0.12931556 -0.11285084
      vertex -0.09079810 -0.15158708 -0.09368597
    endloop
  endfacet
  facet normal -0.440461 -0.648687 -0.620644
    outer loop
      vertex -0.08506508 -0.11755705 -0.13763819
      vertex -0.07434961 -0.14142136 -0.12030019
      vertex -0.10267509 -0.12931556 -0.11285084
    endloop
  endfacet
  facet normal -0.446517 -0.708443 -0.546564
    outer loop
      vertex -0.09079810 -0.15158708 -0.09368597
      vertex -0.10267509 -0.12931556 -0.11285084
      vertex -0.07434961 -0.14142136 -0.12030019
    endloop
  endfacet
  facet normal -0.759514 -0.526342 -0.382234
    outer loop
      vertex -0.16180340 -0.10000000 -0.06180340
      vertex -0.15158708 -0.09368597 -0.09079810
      vertex -0.14142136 -0.12030019 -0.07434961
    endloop
  endfacet
  facet normal -0.699011 -0.488895 -0.521887
    outer loop
      vertex -0.13763819 -0.08506508 -0.11755705
      vertex -0.12931556 -0.11285084 -0.10267509
      vertex -0.15158708 -0.09368597 -0.09079810
    endloop
  endfacet
  facet normal -0.648687 -0.620644 -0.440461
    outer loop
      vertex -0.11755705 -0.13763819 -0.08506508
      vertex -0.14142136 -0.12030019 -0.07434961
      vertex -0.12931556 -0.11285084 -0.10267509
    endloop
  endfacet
  facet normal -0.708443 -0.546564 -0.446517
    outer loop
      vertex -0.15158708 -0.09368597 -0.09079810
      vertex -0.12931556 -0.11285084 -0.10267509
      vertex -0.14142136 -0.12030019 -0.07434961
    endloop
  endfacet
  facet normal -0.526342 -0.382234 -0.759514
    outer loop
      vertex -0.10000000 -0.06180340 -0.16180340
      vertex -0.09368597 -0.09079810 -0.15158708
      vertex -0.12030019 -0.07434961 -0.14142136
    endloop
  endfacet
  facet normal -0.488895 -0.521887 -0.699011
    outer loop
      vertex -0.08506508 -0.11755705 -0.13763819
      vertex -0.11285084 -0.10267509 -0.12931556
      vertex -0.09368597 -0.09079810 -0.15158708
    endloop
  endfacet
  facet normal -0.620644 -0.440461 -0.648687
    outer loop
      vertex -0.13763819 -0.08506508 -0.11755705
      vertex -0.12030019 -0.07434961 -0.14142136
      vertex -0.11285084 -0.10267509 -0.12931556
    endloop
  endfacet
  facet normal -0.546564 -0.446517 -0.708443
    outer loop
      vertex -0.09368597 -0.09079810 -0.15158708
      vertex -0.11285084 -0.10267509 -0.12931556
      vertex -0.12030019 -0.07434961 -0.14142136
    endloop
  endfacet
  facet normal -0.585159 -0.635472 -0.503751
    outer loop
      vertex -0.11755705 -0.13763819 -0.08506508
      vertex -0.12931556 -0.11285084 -0.10267509
      vertex -0.10267509 -0.12931556 -0.11285084
    endloop
  endfacet
  facet normal -0.635472 -0.503751 -0.585159
    outer loop
      vertex -0.13763819 -0.08506508 -0.11755705
      vertex -0.11285084 -0.10267509 -0.12931556
      vertex -0.12931556 -0.11285084 -0.10267509
    endloop
  endfacet
  facet normal -0.503751 -0.585159 -0.635472
    outer loop
      vertex -0.08506508 -0.11755705 -0.13763819
      vertex -0.10267509 -0.12931556 -0.11285084
      vertex -0.11285084 -0.10267509 -0.12931556
    endloop
  endfacet
  facet normal -0.577350 -0.577350 -0.577350
    outer loop
      vertex -0.12931556 -0.11285084 -0.10267509
      vertex -0.11285084 -0.10267509 -0.12931556
      vertex -0.10267509 -0.12931556 -0.11285084
    endloop
  endfacet
  facet normal 0.802672 0.000000 -0.596421
    outer loop
      vertex 0.17013016 0.00000000 -0.10514622
      vertex 0.15676861 -0.01621726 -0.12312840
      vertex 0.15676861 0.01621726 -0.12312840
    endloop
  endfacet
  facet normal 0.728345 -0.080541 -0.680461
    outer loop
      vertex 0.14040929 -0.03212441 -0.13875610
      vertex 0.14225635 0.00000000 -0.14058141
      vertex 0.15676861 -0.01621726 -0.12312840
    endloop
  endfacet
  facet normal 0.728345 0.080541 -0.680461
    outer loop
      vertex 0.14040929 0.03212441 -0.13875610
      vertex 0.15676861 0.01621726 -0.12312840
      vertex 0.14225635 0.00000000 -0.14058141
    endloop
  endfacet
  facet normal 0.768912 0.000000 -0.639354
    outer loop
      vertex 0.15676861 -0.01621726 -0.12312840
      vertex 0.14225635 0.00000000 -0.14058141
      vertex 0.15676861 0.01621726 -0.12312840
    endloop
  endfacet
  facet normal 0.538762 -0.233320 -0.809504
    outer loop
      vertex 0.10000000 -0.06180340 -0.16180340
      vertex 0.10385170 -0.03128689 -0.16803558
      vertex 0.12136503 -0.04741727 -0.15173046
    endloop
  endfacet
  facet normal 0.551642 -0.078417 -0.830386
    outer loop
      vertex 0.10514622 0.00000000 -0.17013016
      vertex 0.12404792 -0.01622837 -0.15604087
      vertex 0.10385170 -0.03128689 -0.16803558
    endloop
  endfacet
  facet normal 0.639868 -0.158952 -0.751866
    outer loop
      vertex 0.14040929 -0.03212441 -0.13875610
      vertex 0.12136503 -0.04741727 -0.15173046
      vertex 0.12404792 -0.01622837 -0.15604087
    endloop
  endfacet
  facet normal 0.589579 -0.160129 -0.791679
    outer loop
      vertex 0.10385170 -0.03128689 -0.16803558
      vertex 0.12404792 -0.01622837 -0.15604087
      vertex 0.12136503 -0.04741727 -0.15173046
    endloop
  endfacet
  facet normal 0.538762 0.233320 -0.809504
    outer loop
      vertex 0.10000000 0.06180340 -0.16180340
      vertex 0.12136503 0.04741727 -0.15173046
      vertex 0.10385170 0.03128689 -0.16803558
    endloop
  endfacet
  facet normal 0.639868 0.158952 -0.751866
    outer loop
      vertex 0.14040929 0.03212441 -0.13875610
      vertex 0.12404792 0.01622837 -0.15604087
      vertex 0.12136503 0.04741727 -0.15173046
    endloop
  endfacet
  facet normal 0.551642 0.078417 -0.830386
    outer loop
      vertex 0.10514622 0.00000000 -0.17013016
      vertex 0.10385170 0.03128689 -0.16803558
      vertex 0.12404792 0.01622837 -0.15604087
    endloop
  endfacet
  facet normal 0.589579 0.160129 -0.791679
    outer loop
      vertex 0.12136503 0.04741727 -0.15173046
      vertex 0.12404792 0.01622837 -0.15604087
      vertex 0.10385170 0.03128689 -0.16803558
    endloop
  endfacet
  facet normal 0.685852 -0.080531 -0.723272
    outer loop
      vertex 0.14040929 -0.03212441 -0.13875610
      vertex 0.12404792 -0.01622837 -0.15604087
      vertex 0.14225635 0.00000000 -0.14058141
    endloop
  endfacet
  facet normal 0.597636 0.000000 -0.801768
    outer loop
      vertex 0.10514622 0.00000000 -0.17013016
      vertex 0.12404792 0.01622837 -0.15604087
      vertex 0.12404792 -0.01622837 -0.15604087
    endloop
  endfacet
  facet normal 0.685852 0.080531 -0.723272
    outer loop
      vertex 0.14040929 0.03212441 -0.13875610
      vertex 0.14225635 0.00000000 -0.14058141
      vertex 0.12404792 0.01622837 -0.15604087
    endloop
  endfacet
  facet normal 0.647218 0.000000 -0.762305
    outer loop
      vertex 0.12404792 -0.01622837 -0.15604087
      vertex 0.12404792 0.01622837 -0.15604087
      vertex 0.14225635 0.00000000 -0.14058141
    endloop
  endfacet
  facet normal 0.050171 -0.465071 -0.883850
    outer loop
      vertex 0.00000000 -0.10514622 -0.17013016
      vertex 0.00000000 -0.08067107 -0.18300868
      vertex 0.02624008 -0.09688833 -0.17298587
    endloop
  endfacet
  facet normal 0.050000 -0.338698 -0.939566
    outer loop
      vertex 0.00000000 -0.05465331 -0.19238767
      vertex 0.02633107 -0.07164576 -0.18486092
      vertex 0.00000000 -0.08067107 -0.18300868
    endloop
  endfacet
  facet normal 0.180319 -0.419240 -0.889788
    outer loop
      vertex 0.05197838 -0.08677771 -0.17253370
      vertex 0.02624008 -0.09688833 -0.17298587
      vertex 0.02633107 -0.07164576 -0.18486092
    endloop
  endfacet
  facet normal 0.082070 -0.424492 -0.901705
    outer loop
      vertex 0.00000000 -0.08067107 -0.18300868
      vertex 0.02633107 -0.07164576 -0.18486092
      vertex 0.02624008 -0.09688833 -0.17298587
    endloop
  endfacet
  facet normal 0.049505 -0.069057 -0.996384
    outer loop
      vertex 0.00000000 0.00000000 -0.20000000
      vertex 0.02661422 -0.01644849 -0.19753767
      vertex 0.00000000 -0.02759045 -0.19808778
    endloop
  endfacet
  facet normal 0.181286 -0.150476 -0.971850
    outer loop
      vertex 0.05257311 -0.03249197 -0.19021130
      vertex 0.02655850 -0.04402341 -0.19327852
      vertex 0.02661422 -0.01644849 -0.19753767
    endloop
  endfacet
  facet normal 0.049608 -0.205849 -0.977326
    outer loop
      vertex 0.00000000 -0.05465331 -0.19238767
      vertex 0.00000000 -0.02759045 -0.19808778
      vertex 0.02655850 -0.04402341 -0.19327852
    endloop
  endfacet
  facet normal 0.084103 -0.152272 -0.984754
    outer loop
      vertex 0.02661422 -0.01644849 -0.19753767
      vertex 0.02655850 -0.04402341 -0.19327852
      vertex 0.00000000 -0.02759045 -0.19808778
    endloop
  endfacet
  facet normal 0.427026 -0.302377 -0.852184
    outer loop
      vertex 0.10000000 -0.06180340 -0.16180340
      vertex 0.07672275 -0.07500771 -0.16878229
      vertex 0.07723748 -0.04773539 -0.17820130
    endloop
  endfacet
  facet normal 0.306798 -0.364801 -0.879088
    outer loop
      vertex 0.05197838 -0.08677771 -0.17253370
      vertex 0.05281655 -0.06025178 -0.18324884
      vertex 0.07672275 -0.07500771 -0.16878229
    endloop
  endfacet
  facet normal 0.308167 -0.228893 -0.923386
    outer loop
      vertex 0.05257311 -0.03249197 -0.19021130
      vertex 0.07723748 -0.04773539 -0.17820130
      vertex 0.05281655 -0.06025178 -0.18324884
    endloop
  endfacet
  facet normal 0.343197 -0.312401 -0.885789
    outer loop
      vertex 0.07672275 -0.07500771 -0.16878229
      vertex 0.05281655 -0.06025178 -0.18324884
      vertex 0.07723748 -0.04773539 -0.17820130
    endloop
  endfacet
  facet normal 0.084545 -0.291097 -0.952950
    outer loop
      vertex 0.00000000 -0.05465331 -0.19238767
      vertex 0.02655850 -0.04402341 -0.19327852
      vertex 0.02633107 -0.07164576 -0.18486092
    endloop
  endfacet
  facet normal 0.216204 -0.235738 -0.947462
    outer loop
      vertex 0.05257311 -0.03249197 -0.19021130
      vertex 0.05281655 -0.06025178 -0.18324884
      vertex 0.02655850 -0.04402341 -0.19327852
    endloop
  endfacet
  facet normal 0.214847 -0.371628 -0.903180
    outer loop
      vertex 0.05197838 -0.08677771 -0.17253370
      vertex 0.02633107 -0.07164576 -0.18486092
      vertex 0.05281655 -0.06025178 -0.18324884
    endloop
  endfacet
  facet normal 0.181151 -0.288045 -0.940327
    outer loop
      vertex 0.02655850 -0.04402341 -0.19327852
      vertex 0.05281655 -0.06025178 -0.18324884
      vertex 0.02633107 -0.07164576 -0.18486092
    endloop
  endfacet
  facet normal 0.050171 0.465071 -0.883850
    outer loop
      vertex 0.00000000 0.10514622 -0.17013016
      vertex 0.02624008 0.09688833 -0.17298587
      vertex 0.00000000 0.08067107 -0.18300868
    endloop
  endfacet
  facet normal 0.180319 0.419240 -0.889788
    outer loop
      vertex 0.05197838 0.08677771 -0.17253370
      vertex 0.02633107 0.07164576 -0.18486092
      vertex 0.02624008 0.09688833 -0.17298587
    endloop
  endfacet
  facet normal 0.050000 0.338698 -0.939566
    outer loop
      vertex 0.00000000 0.05465331 -0.19238767
      vertex 0.00000000 0.08067107 -0.18300868
      vertex 0.02633107 0.07164576 -0.18486092
    endloop
  endfacet
  facet normal 0.082070 0.424492 -0.901705
    outer loop
      vertex 0.02624008 0.09688833 -0.17298587
      vertex 0.02633107 0.07164576 -0.18486092
      vertex 0.00000000 0.08067107 -0.18300868
    endloop
  endfacet
  facet normal 0.427026 0.302377 -0.852184
    outer loop
      vertex 0.10000000 0.06180340 -0.16180340
      vertex 0.07723748 0.04773539 -0.17820130
      vertex 0.07672275 0.07500771 -0.16878229
    endloop
  endfacet
  facet normal 0.308167 0.228893 -0.923386
    outer loop
      vertex 0.05257311 0.03249197 -0.19021130
      vertex 0.05281655 0.06025178 -0.18324884
      vertex 0.07723748 0.04773539 -0.17820130
    endloop
  endfacet
  facet normal 0.306798 0.364801 -0.879088
    outer loop
      vertex 0.05197838 0.08677771 -0.17253370
      vertex 0.07672275 0.07500771 -0.16878229
      vertex 0.05281655 0.06025178 -0.18324884
    endloop
  endfacet
  facet normal 0.343197 0.312401 -0.885789
    outer loop
      vertex 0.07723748 0.04773539 -0.17820130
      vertex 0.05281655 0.06025178 -0.18324884
      vertex 0.07672275 0.07500771 -0.16878229
    endloop
  endfacet
  facet normal 0.049505 0.069057 -0.996384
    outer loop
      vertex 0.00000000 0.00000000 -0.20000000
      vertex 0.00000000 0.02759045 -0.19808778
      vertex 0.02661422 0.01644849 -0.19753767
    endloop
  endfacet
  facet normal 0.049608 0.205849 -0.977326
    outer loop
      vertex 0.00000000 0.05465331 -0.19238767
      vertex 0.02655850 0.04402341 -0.19327852
      vertex 0.00000000 0.02759045 -0.19808778
    endloop
  endfacet
  facet normal 0.181286 0.150476 -0.971850
    outer loop
      vertex 0.05257311 0.03249197 -0.19021130
      vertex 0.02661422 0.01644849 -0.19753767
      vertex 0.02655850 0.04402341 -0.19327852
    endloop
  endfacet
  facet normal 0.084103 0.152272 -0.984754
    outer loop
      vertex 0.00000000 0.02759045 -0.19808778
      vertex 0.02655850 0.04402341 -0.19327852
      vertex 0.02661422 0.01644849 -0.19753767
    endloop
  endfacet
  facet normal 0.214847 0.371628 -0.903180
    outer loop
      vertex 0.05197838 0.08677771 -0.17253370
      vertex 0.05281655 0.06025178 -0.18324884
      vertex 0.02633107 0.07164576 -0.18486092
    endloop
  endfacet
  facet normal 0.216204 0.235738 -0.947462
    outer loop
      vertex 0.05257311 0.03249197 -0.19021130
      vertex 0.02655850 0.04402341 -0.19327852
      vertex 0.05281655 0.06025178 -0.18324884
    endloop
  endfacet
  facet normal 0.084545 0.291097 -0.952950
    outer loop
      vertex 0.00000000 0.05465331 -0.19238767
      vertex 0.02633107 0.07164576 -0.18486092
      vertex 0.02655850 0.04402341 -0.19327852
    endloop
  endfacet
  facet normal 0.181151 0.288045 -0.940327
    outer loop
      vertex 0.05281655 0.06025178 -0.18324884
      vertex 0.02655850 0.04402341 -0.19327852
      vertex 0.02633107 0.07164576 -0.18486092
    endloop
  endfacet
  facet normal 0.469405 -0.233171 -0.851640
    outer loop
      vertex 0.10000000 -0.06180340 -0.16180340
      vertex 0.07723748 -0.04773539 -0.17820130
      vertex 0.10385170 -0.03128689 -0.16803558
    endloop
  endfacet
  facet normal 0.350587 -0.159793 -0.922797
    outer loop
      vertex 0.05257311 -0.03249197 -0.19021130
      vertex 0.07992141 -0.01646472 -0.18259650
      vertex 0.07723748 -0.04773539 -0.17820130
    endloop
  endfacet
  facet normal 0.482336 -0.078367 -0.872474
    outer loop
      vertex 0.10514622 0.00000000 -0.17013016
      vertex 0.10385170 -0.03128689 -0.16803558
      vertex 0.07992141 -0.01646472 -0.18259650
    endloop
  endfacet
  facet normal 0.437842 -0.161879 -0.884358
    outer loop
      vertex 0.07723748 -0.04773539 -0.17820130
      vertex 0.07992141 -0.01646472 -0.18259650
      vertex 0.10385170 -0.03128689 -0.16803558
    endloop
  endfacet
  facet normal 0.092126 0.000000 -0.995747
    outer loop
      vertex 0.00000000 0.00000000 -0.20000000
      vertex 0.02661422 0.01644849 -0.19753767
      vertex 0.02661422 -0.01644849 -0.19753767
    endloop
  endfacet
  facet normal 0.223786 0.081426 -0.971231
    outer loop
      vertex 0.05257311 0.03249197 -0.19021130
      vertex 0.05328094 0.00000000 -0.19277225
      vertex 0.02661422 0.01644849 -0.19753767
    endloop
  endfacet
  facet normal 0.223786 -0.081426 -0.971231
    outer loop
      vertex 0.05257311 -0.03249197 -0.19021130
      vertex 0.02661422 -0.01644849 -0.19753767
      vertex 0.05328094 0.00000000 -0.19277225
    endloop
  endfacet
  facet normal 0.175916 0.000000 -0.984405
    outer loop
      vertex 0.02661422 0.01644849 -0.19753767
      vertex 0.05328094 0.00000000 -0.19277225
      vertex 0.02661422 -0.01644849 -0.19753767
    endloop
  endfacet
  facet normal 0.469405 0.233171 -0.851640
    outer loop
      vertex 0.10000000 0.06180340 -0.16180340
      vertex 0.10385170 0.03128689 -0.16803558
      vertex 0.07723748 0.04773539 -0.17820130
    endloop
  endfacet
  facet normal 0.482336 0.078367 -0.872474
    outer loop
      vertex 0.10514622 0.00000000 -0.17013016
      vertex 0.07992141 0.01646472 -0.18259650
      vertex 0.10385170 0.03128689 -0.16803558
    endloop
  endfacet
  facet normal 0.350587 0.159793 -0.922797
    outer loop
      vertex 0.05257311 0.03249197 -0.19021130
      vertex 0.07723748 0.04773539 -0.17820130
      vertex 0.07992141 0.01646472 -0.18259650
    endloop
  endfacet
  facet normal 0.437842 0.161879 -0.884358
    outer loop
      vertex 0.10385170 0.03128689 -0.16803558
      vertex 0.07992141 0.01646472 -0.18259650
      vertex 0.07723748 0.04773539 -0.17820130
    endloop
  endfacet
  facet normal 0.311335 -0.081408 -0.946807
    outer loop
      vertex 0.05257311 -0.03249197 -0.19021130
      vertex 0.05328094 0.00000000 -0.19277225
      vertex 0.07992141 -0.01646472 -0.18259650
    endloop
  endfacet
  facet normal 0.311335 0.081408 -0.946807
    outer loop
      vertex 0.05257311 0.03249197 -0.19021130
      vertex 0.07992141 0.01646472 -0.18259650
      vertex 0.05328094 0.00000000 -0.19277225
    endloop
  endfacet
  facet normal 0.443056 0.000000 -0.896494
    outer loop
      vertex 0.10514622 0.00000000 -0.17013016
      vertex 0.07992141 -0.01646472 -0.18259650
      vertex 0.07992141 0.01646472 -0.18259650
    endloop
  endfacet
  facet normal 0.356822 0.000000 -0.934172
    outer loop
      vertex 0.05328094 0.00000000 -0.19277225
      vertex 0.07992141 0.01646472 -0.18259650
      vertex 0.07992141 -0.01646472 -0.18259650
    endloop
  endfacet
  facet normal 0.883850 0.050171 0.465071
    outer loop
      vertex 0.17013016 0.00000000 0.10514622
      vertex 0.18300868 0.00000000 0.08067107
      vertex 0.17298587 0.02624008 0.09688833
    endloop
  endfacet
  facet normal 0.939566 0.050000 0.338698
    outer loop
      vertex 0.19238767 0.00000000 0.05465331
      vertex 0.18486092 0.02633107 0.07164576
      vertex 0.18300868 0.00000000 0.08067107
    endloop
  endfacet
  facet normal 0.889788 0.180319 0.419240
    outer loop
      vertex 0.17253370 0.05197838 0.08677771
      vertex 0.17298587 0.02624008 0.09688833
      vertex 0.18486092 0.02633107 0.07164576
    endloop
  endfacet
  facet normal 0.901705 0.082070 0.424492
    outer loop
      vertex 0.18300868 0.00000000 0.08067107
      vertex 0.18486092 0.02633107 0.07164576
      vertex 0.17298587 0.02624008 0.09688833
    endloop
  endfacet
  facet normal 0.996384 0.049505 0.069057
    outer loop
      vertex 0.20000000 0.00000000 0.00000000
      vertex 0.19753767 0.02661422 0.01644849
      vertex 0.19808778 0.00000000 0.02759045
    endloop
  endfacet
  facet normal 0.971850 0.181286 0.150476
    outer loop
      vertex 0.19021130 0.05257311 0.03249197
      vertex 0.19327852 0.02655850 0.04402341
      vertex 0.19753767 0.02661422 0.01644849
    endloop
  endfacet
  facet normal 0.977326 0.049608 0.205849
    outer loop
      vertex 0.19238767 0.00000000 0.05465331
      vertex 0.19808778 0.00000000 0.02759045
      vertex 0.19327852 0.02655850 0.04402341
    endloop
  endfacet
  facet normal 0.984754 0.084103 0.152272
    outer loop
      vertex 0.19753767 0.02661422 0.01644849
      vertex 0.19327852 0.02655850 0.04402341
      vertex 0.19808778 0.00000000 0.02759045
    endloop
  endfacet
  facet normal 0.852184 0.427026 0.302377
    outer loop
      vertex 0.16180340 0.10000000 0.06180340
      vertex 0.16878229 0.07672275 0.07500771
      vertex 0.17820130 0.07723748 0.04773539
    endloop
  endfacet
  facet normal 0.879088 0.306798 0.364801
    outer loop
      vertex 0.17253370 0.05197838 0.08677771
      vertex 0.18324884 0.05281655 0.06025178
      vertex 0.16878229 0.07672275 0.07500771
    endloop
  endfacet
  facet normal 0.923386 0.308167 0.228893
    outer loop
      vertex 0.19021130 0.05257311 0.03249197
      vertex 0.17820130 0.07723748 0.04773539
      vertex 0.18324884 0.05281655 0.06025178
    endloop
  endfacet
  facet normal 0.885789 0.343197 0.312401
    outer loop
      vertex 0.16878229 0.07672275 0.07500771
      vertex 0.18324884 0.05281655 0.06025178
      vertex 0.17820130 0.07723748 0.04773539
    endloop
  endfacet
  facet normal 0.952950 0.084545 0.291097
    outer loop
      vertex 0.19238767 0.00000000 0.05465331
      vertex 0.19327852 0.02655850 0.04402341
      vertex 0.18486092 0.02633107 0.07164576
    endloop
  endfacet
  facet normal 0.947462 0.216204 0.235738
    outer loop
      vertex 0.19021130 0.05257311 0.03249197
      vertex 0.18324884 0.05281655 0.06025178
      vertex 0.19327852 0.02655850 0.04402341
    endloop
  endfacet
  facet normal 0.903180 0.214847 0.371628
    outer loop
      vertex 0.17253370 0.05197838 0.08677771
      vertex 0.18486092 0.02633107 0.07164576
      vertex 0.18324884 0.05281655 0.06025178
    endloop
  endfacet
  facet normal 0.940327 0.181151 0.288045
    outer loop
      vertex 0.19327852 0.02655850 0.04402341
      vertex 0.18324884 0.05281655 0.06025178
      vertex 0.18486092 0.02633107 0.07164576
    endloop
  endfacet
  facet normal 0.883850 0.050171 -0.465071
    outer loop
      vertex 0.17013016 0.00000000 -0.10514622
      vertex 0.17298587 0.02624008 -0.09688833
      vertex 0.18300868 0.00000000 -0.08067107
    endloop
  endfacet
  facet normal 0.889788 0.180319 -0.419240
    outer loop
      vertex 0.17253370 0.05197838 -0.08677771
      vertex 0.18486092 0.02633107 -0.07164576
      vertex 0.17298587 0.02624008 -0.09688833
    endloop
  endfacet
  facet normal 0.939566 0.050000 -0.338698
    outer loop
      vertex 0.19238767 0.00000000 -0.05465331
      vertex 0.18300868 0.00000000 -0.08067107
      vertex 0.18486092 0.02633107 -0.07164576
    endloop
  endfacet
  facet normal 0.901705 0.082070 -0.424492
    outer loop
      vertex 0.17298587 0.02624008 -0.09688833
      vertex 0.18486092 0.02633107 -0.07164576
      vertex 0.18300868 0.00000000 -0.08067107
    endloop
  endfacet
  facet normal 0.852184 0.427026 -0.302377
    outer loop
      vertex 0.16180340 0.10000000 -0.06180340
      vertex 0.17820130 0.07723748 -0.04773539
      vertex 0.16878229 0.07672275 -0.07500771
    endloop
  endfacet
  facet normal 0.923386 0.308167 -0.228893
    outer loop
      vertex 0.19021130 0.05257311 -0.03249197
      vertex 0.18324884 0.05281655 -0.06025178
      vertex 0.17820130 0.07723748 -0.04773539
    endloop
  endfacet
  facet normal 0.879088 0.306798 -0.364801
    outer loop
      vertex 0.17253370 0.05197838 -0.08677771
      vertex 0.16878229 0.07672275 -0.07500771
      vertex 0.18324884 0.05281655 -0.06025178
    endloop
  endfacet
  facet normal 0.885789 0.343197 -0.312401
    outer loop
      vertex 0.17820130 0.07723748 -0.04773539
      vertex 0.18324884 0.05281655 -0.06025178
      vertex 0.16878229 0.07672275 -0.07500771
    endloop
  endfacet
  facet normal 0.996384 0.049505 -0.069057
    outer loop
      vertex 0.20000000 0.00000000 0.00000000
      vertex 0.19808778 0.00000000 -0.02759045
      vertex 0.19753767 0.02661422 -0.01644849
    endloop
  endfacet
  facet normal 0.977326 0.049608 -0.205849
    outer loop
      vertex 0.19238767 0.00000000 -0.05465331
      vertex 0.19327852 0.02655850 -0.04402341
      vertex 0.19808778 0.00000000 -0.02759045
    endloop
  endfacet
  facet normal 0.971850 0.181286 -0.150476
    outer loop
      vertex 0.19021130 0.05257311 -0.03249197
      vertex 0.19753767 0.02661422 -0.01644849
      vertex 0.19327852 0.02655850 -0.04402341
    endloop
  endfacet
  facet normal 0.984754 0.084103 -0.152272
    outer loop
      vertex 0.19808778 0.00000000 -0.02759045
      vertex 0.19327852 0.02655850 -0.04402341
      vertex 0.19753767 0.02661422 -0.01644849
    endloop
  endfacet
  facet normal 0.903180 0.214847 -0.371628
    outer loop
      vertex 0.17253370 0.05197838 -0.08677771
      vertex 0.18324884 0.05281655 -0.06025178
      vertex 0.18486092 0.02633107 -0.07164576
    endloop
  endfacet
  facet normal 0.947462 0.216204 -0.235738
    outer loop
      vertex 0.19021130 0.05257311 -0.03249197
      vertex 0.19327852 0.02655850 -0.04402341
      vertex 0.18324884 0.05281655 -0.06025178
    endloop
  endfacet
  facet normal 0.952950 0.084545 -0.291097
    outer loop
      vertex 0.19238767 0.00000000 -0.05465331
      vertex 0.18486092 0.02633107 -0.07164576
      vertex 0.19327852 0.02655850 -0.04402341
    endloop
  endfacet
  facet normal 0.940327 0.181151 -0.288045
    outer loop
      vertex 0.18324884 0.05281655 -0.06025178
      vertex 0.19327852 0.02655850 -0.04402341
      vertex 0.18486092 0.02633107 -0.07164576
    endloop
  endfacet
  facet normal 0.596421 0.802672 0.000000
    outer loop
      vertex 0.10514622 0.17013016 0.00000000
      vertex 0.12312840 0.15676861 0.01621726
      vertex 0.12312840 0.15676861 -0.01621726
    endloop
  endfacet
  facet normal 0.680461 0.728345 0.080541
    outer loop
      vertex 0.13875610 0.14040929 0.03212441
      vertex 0.14058141 0.14225635 0.00000000
      vertex 0.12312840 0.15676861 0.01621726
    endloop
  endfacet
  facet normal 0.680461 0.728345 -0.080541
    outer loop
      vertex 0.13875610 0.14040929 -0.03212441
      vertex 0.12312840 0.15676861 -0.01621726
      vertex 0.14058141 0.14225635 0.00000000
    endloop
  endfacet
  facet normal 0.639354 0.768912 0.000000
    outer loop
      vertex 0.12312840 0.15676861 0.01621726
      vertex 0.14058141 0.14225635 0.00000000
      vertex 0.12312840 0.15676861 -0.01621726
    endloop
  endfacet
  facet normal 0.809504 0.538762 0.233320
    outer loop
      vertex 0.16180340 0.10000000 0.06180340
      vertex 0.16803558 0.10385170 0.03128689
      vertex 0.15173046 0.12136503 0.04741727
    endloop
  endfacet
  facet normal 0.830386 0.551642 0.078417
    outer loop
      vertex 0.17013016 0.10514622 0.00000000
      vertex 0.15604087 0.12404792 0.01622837
      vertex 0.16803558 0.10385170 0.03128689
    endloop
  endfacet
  facet normal 0.751866 0.639868 0.158952
    outer loop
      vertex 0.13875610 0.14040929 0.03212441
      vertex 0.15173046 0.12136503 0.04741727
      vertex 0.15604087 0.12404792 0.01622837
    endloop
  endfacet
  facet normal 0.791679 0.589579 0.160129
    outer loop
      vertex 0.16803558 0.10385170 0.03128689
      vertex 0.15604087 0.12404792 0.01622837
      vertex 0.15173046 0.12136503 0.04741727
    endloop
  endfacet
  facet normal 0.809504 0.538762 -0.233320
    outer loop
      vertex 0.16180340 0.10000000 -0.06180340
      vertex 0.15173046 0.12136503 -0.04741727
      vertex 0.16803558 0.10385170 -0.03128689
    endloop
  endfacet
  facet normal 0.751866 0.639868 -0.158952
    outer loop
      vertex 0.13875610 0.14040929 -0.03212441
      vertex 0.15604087 0.12404792 -0.01622837
      vertex 0.15173046 0.12136503 -0.04741727
    endloop
  endfacet
  facet normal 0.830386 0.551642 -0.078417
    outer loop
      vertex 0.17013016 0.10514622 0.00000000
      vertex 0.16803558 0.10385170 -0.03128689
      vertex 0.15604087 0.12404792 -0.01622837
    endloop
  endfacet
  facet normal 0.791679 0.589579 -0.160129
    outer loop
      vertex 0.15173046 0.12136503 -0.04741727
      vertex 0.15604087 0.12404792 -0.01622837
      vertex 0.16803558 0.10385170 -0.03128689
    endloop
  endfacet
  facet normal 0.723272 0.685852 0.080531
    outer loop
      vertex 0.13875610 0.14040929 0.03212441
      vertex 0.15604087 0.12404792 0.01622837
      vertex 0.14058141 0.14225635 0.00000000
    endloop
  endfacet
  facet normal 0.801768 0.597636 0.000000
    outer loop
      vertex 0.17013016 0.10514622 0.00000000
      vertex 0.15604087 0.12404792 -0.01622837
      vertex 0.15604087 0.12404792 0.01622837
    endloop
  endfacet
  facet normal 0.723272 0.685852 -0.080531
    outer loop
      vertex 0.13875610 0.14040929 -0.03212441
      vertex 0.14058141 0.14225635 0.00000000
      vertex 0.15604087 0.12404792 -0.01622837
    endloop
  endfacet
  facet normal 0.762305 0.647218 0.000000
    outer loop
      vertex 0.15604087 0.12404792 0.01622837
      vertex 0.15604087 0.12404792 -0.01622837
      vertex 0.14058141 0.14225635 0.00000000
    endloop
  endfacet
  facet normal 0.995747 0.092126 0.000000
    outer loop
      vertex 0.20000000 0.00000000 0.00000000
      vertex 0.19753767 0.02661422 -0.01644849
      vertex 0.19753767 0.02661422 0.01644849
    endloop
  endfacet
  facet normal 0.971231 0.223786 -0.081426
    outer loop
      vertex 0.19021130 0.05257311 -0.03249197
      vertex 0.19277225 0.05328094 0.00000000
      vertex 0.19753767 0.02661422 -0.01644849
    endloop
  endfacet
  facet normal 0.971231 0.223786 0.081426
    outer loop
      vertex 0.19021130 0.05257311 0.03249197
      vertex 0.19753767 0.02661422 0.01644849
      vertex 0.19277225 0.05328094 0.00000000
    endloop
  endfacet
  facet normal 0.984405 0.175916 -0.000000
    outer loop
      vertex 0.19753767 0.02661422 -0.01644849
      vertex 0.19277225 0.05328094 0.00000000
      vertex 0.19753767 0.02661422 0.01644849
    endloop
  endfacet
  facet normal 0.851640 0.469405 -0.233171
    outer loop
      vertex 0.16180340 0.10000000 -0.06180340
      vertex 0.16803558 0.10385170 -0.03128689
      vertex 0.17820130 0.07723748 -0.04773539
    endloop
  endfacet
  facet normal 0.872474 0.482336 -0.078367
    outer loop
      vertex 0.17013016 0.10514622 0.00000000
      vertex 0.18259650 0.07992141 -0.01646472
      vertex 0.16803558 0.10385170 -0.03128689
    endloop
  endfacet
  facet normal 0.922797 0.350587 -0.159793
    outer loop
      vertex 0.19021130 0.05257311 -0.03249197
      vertex 0.17820130 0.07723748 -0.04773539
      vertex 0.18259650 0.07992141 -0.01646472
    endloop
  endfacet
  facet normal 0.884358 0.437842 -0.161879
    outer loop
      vertex 0.16803558 0.10385170 -0.03128689
      vertex 0.18259650 0.07992141 -0.01646472
      vertex 0.17820130 0.07723748 -0.04773539
    endloop
  endfacet
  facet normal 0.851640 0.469405 0.233171
    outer loop
      vertex 0.16180340 0.10000000 0.06180340
      vertex 0.17820130 0.07723748 0.04773539
      vertex 0.16803558 0.10385170 0.03128689
    endloop
  endfacet
  facet normal 0.922797 0.350587 0.159793
    outer loop
      vertex 0.19021130 0.05257311 0.03249197
      vertex 0.18259650 0.07992141 0.01646472
      vertex 0.17820130 0.07723748 0.04773539
    endloop
  endfacet
  facet normal 0.872474 0.482336 0.078367
    outer loop
      vertex 0.17013016 0.10514622 0.00000000
      vertex 0.16803558 0.10385170 0.03128689
      vertex 0.18259650 0.07992141 0.01646472
    endloop
  endfacet
  facet normal 0.884358 0.437842 0.161879
    outer loop
      vertex 0.17820130 0.07723748 0.04773539
      vertex 0.18259650 0.07992141 0.01646472
      vertex 0.16803558 0.10385170 0.03128689
    endloop
  endfacet
  facet normal 0.946807 0.311335 -0.081408
    outer loop
      vertex 0.19021130 0.05257311 -0.03249197
      vertex 0.18259650 0.07992141 -0.01646472
      vertex 0.19277225 0.05328094 0.00000000
    endloop
  endfacet
  facet normal 0.896494 0.443056 0.000000
    outer loop
      vertex 0.17013016 0.10514622 0.00000000
      vertex 0.18259650 0.07992141 0.01646472
      vertex 0.18259650 0.07992141 -0.01646472
    endloop
  endfacet
  facet normal 0.946807 0.311335 0.081408
    outer loop
      vertex 0.19021130 0.05257311 0.03249197
      vertex 0.19277225 0.05328094 0.00000000
      vertex 0.18259650 0.07992141 0.01646472
    endloop
  endfacet
  facet normal 0.934172 0.356822 -0.000000
    outer loop
      vertex 0.18259650 0.07992141 -0.01646472
      vertex 0.18259650 0.07992141 0.01646472
      vertex 0.19277225 0.05328094 0.00000000
    endloop
  endfacet
endsolid sphere
